log_id,principal,action,resource,lab_result,clinical_note,billing_info,purpose,timestamp,label
log_0,bclerk_1,read_phi,phi_rec_1790,0,0,1,billing,2025-01-19T12:16:29,benign
log_1,doc_48,read_phi,phi_rec_1622,0,0,0,marketing,2025-08-21T12:00:19,benign
log_2,bclerk_5,read_phi,phi_rec_52,0,0,1,billing,2025-01-05T22:14:42,benign
log_3,doc_6,read_phi,phi_rec_512,0,0,0,billing,2025-06-30T16:06:14,benign
log_4,doc_17,read_phi,phi_rec_1572,0,0,0,billing,2025-08-07T05:55:18,benign
log_5,doc_46,read_phi,phi_rec_214,1,1,0,diagnosis,2025-08-14T15:29:33,benign
log_6,doc_37,read_phi,phi_rec_139,0,0,0,billing,2025-08-15T22:46:18,benign
log_7,doc_18,read_phi,phi_rec_684,1,1,0,diagnosis,2025-07-23T05:43:26,benign
log_8,doc_27,read_phi,phi_rec_1389,0,0,0,billing,2025-05-04T18:26:07,benign
log_9,doc_27,read_phi,phi_rec_1989,0,0,0,billing,2025-02-14T08:19:05,benign
log_10,doc_45,read_phi,phi_rec_61,1,1,0,research,2025-04-04T14:07:54,benign
log_11,doc_27,read_phi,phi_rec_1107,0,0,0,billing,2025-03-11T18:49:24,benign
log_12,doc_6,read_phi,phi_rec_352,0,0,0,billing,2025-04-25T18:27:30,benign
log_13,bclerk_11,read_phi,phi_rec_699,0,0,1,billing,2025-04-17T11:14:18,benign
log_14,doc_37,read_phi,phi_rec_11,1,0,0,diagnosis,2025-05-09T04:47:34,benign
log_15,bclerk_2,read_phi,phi_rec_39,0,0,1,billing,2025-07-27T07:18:04,benign
log_16,bclerk_9,read_phi,phi_rec_317,0,0,1,billing,2025-02-24T04:41:41,benign
log_17,doc_47,read_phi,phi_rec_382,0,0,0,billing,2025-01-08T06:33:32,benign
log_18,doc_33,read_phi,phi_rec_705,1,0,0,diagnosis,2025-05-23T18:06:29,benign
log_19,doc_22,read_phi,phi_rec_752,0,1,0,diagnosis,2025-05-25T01:34:03,benign
log_20,doc_15,read_phi,phi_rec_838,0,1,0,research,2025-02-28T09:01:09,benign
log_21,doc_3,read_phi,phi_rec_1073,1,0,0,research,2025-02-13T07:43:26,benign
log_22,doc_26,read_phi,phi_rec_1193,1,1,0,diagnosis,2025-07-01T17:44:20,benign
log_23,doc_20,read_phi,phi_rec_378,0,0,0,marketing,2025-05-20T23:02:57,benign
log_24,doc_44,read_phi,phi_rec_306,1,1,0,diagnosis,2025-05-26T07:29:36,benign
log_25,bclerk_12,read_phi,phi_rec_765,1,0,0,billing,2025-05-17T15:13:22,violation_hipaa_min_necessary
log_26,bclerk_6,read_phi,phi_rec_1980,0,0,1,billing,2025-03-19T13:34:53,benign
log_27,doc_16,read_phi,phi_rec_941,0,0,0,billing,2025-08-16T19:42:30,benign
log_28,doc_39,read_phi,phi_rec_1567,1,1,0,research,2025-08-09T10:31:07,benign
log_29,bclerk_1,read_phi,phi_rec_1722,0,0,1,billing,2025-05-31T19:31:01,benign
log_30,doc_29,read_phi,phi_rec_1412,0,0,0,billing,2025-01-02T04:40:30,benign
log_31,bclerk_9,read_phi,phi_rec_469,0,0,1,billing,2025-08-27T15:32:12,benign
log_32,bclerk_13,read_phi,phi_rec_1932,0,0,1,billing,2025-08-21T23:34:19,benign
log_33,doc_8,read_phi,phi_rec_825,0,0,0,billing,2025-01-24T16:59:02,benign
log_34,doc_6,read_phi,phi_rec_342,1,1,0,research,2025-03-03T19:28:29,benign
log_35,doc_6,read_phi,phi_rec_798,0,0,0,marketing,2025-02-18T19:59:50,benign
log_36,doc_1,read_phi,phi_rec_1953,0,0,0,billing,2025-05-02T19:03:12,benign
log_37,doc_49,read_phi,phi_rec_712,1,0,0,diagnosis,2025-07-10T18:06:24,benign
log_38,doc_45,read_phi,phi_rec_555,1,1,0,research,2025-06-17T15:03:42,benign
log_39,bclerk_3,read_phi,phi_rec_1864,0,0,1,billing,2025-03-27T16:51:05,benign
log_40,bclerk_9,read_phi,phi_rec_792,0,0,1,billing,2025-04-09T10:46:49,benign
log_41,doc_44,read_phi,phi_rec_1301,1,1,0,research,2025-06-01T12:51:06,benign
log_42,doc_42,read_phi,phi_rec_1355,0,0,0,marketing,2025-05-21T06:26:14,benign
log_43,bclerk_13,read_phi,phi_rec_1379,0,0,1,billing,2025-08-26T23:15:09,benign
log_44,doc_41,read_phi,phi_rec_276,0,0,0,billing,2025-06-14T11:18:41,benign
log_45,doc_44,read_phi,phi_rec_1633,0,0,0,billing,2025-07-13T16:31:31,benign
log_46,doc_16,read_phi,phi_rec_1453,1,1,0,diagnosis,2025-03-20T11:12:04,benign
log_47,doc_5,read_phi,phi_rec_1017,0,0,0,marketing,2025-01-15T15:57:16,benign
log_48,doc_2,read_phi,phi_rec_1703,0,0,0,billing,2025-03-20T15:22:32,benign
log_49,doc_48,read_phi,phi_rec_1413,0,0,0,marketing,2025-02-10T06:59:01,benign
log_50,doc_0,read_phi,phi_rec_333,0,0,0,billing,2025-04-30T08:30:32,benign
log_51,doc_14,read_phi,phi_rec_710,0,0,0,marketing,2025-08-19T06:54:57,benign
log_52,doc_13,read_phi,phi_rec_122,0,1,0,diagnosis,2025-04-22T07:23:22,benign
log_53,doc_26,read_phi,phi_rec_125,1,1,0,research,2025-08-20T09:00:28,benign
log_54,doc_35,read_phi,phi_rec_1281,0,0,0,diagnosis,2025-01-22T23:20:25,benign
log_55,doc_2,read_phi,phi_rec_1492,0,0,0,marketing,2025-07-07T22:20:09,benign
log_56,doc_1,read_phi,phi_rec_1822,0,0,0,marketing,2025-03-30T21:27:50,benign
log_57,doc_44,read_phi,phi_rec_863,1,0,0,research,2025-04-08T03:04:31,benign
log_58,bclerk_8,read_phi,phi_rec_704,0,0,1,billing,2025-02-28T08:29:39,benign
log_59,doc_8,read_phi,phi_rec_258,0,1,0,research,2025-05-11T01:24:21,benign
log_60,doc_30,read_phi,phi_rec_1998,0,0,0,marketing,2025-07-29T08:31:09,benign
log_61,bclerk_11,read_phi,phi_rec_227,0,0,1,billing,2025-08-28T22:28:07,benign
log_62,doc_4,read_phi,phi_rec_432,0,0,0,marketing,2025-02-26T01:05:37,benign
log_63,doc_22,read_phi,phi_rec_1842,1,1,0,diagnosis,2025-06-09T21:26:23,benign
log_64,doc_29,read_phi,phi_rec_1322,0,0,0,marketing,2025-03-22T11:07:01,benign
log_65,doc_12,read_phi,phi_rec_211,1,1,0,research,2025-04-02T12:23:16,benign
log_66,bclerk_11,read_phi,phi_rec_1994,0,0,1,billing,2025-03-25T15:31:20,benign
log_67,bclerk_6,read_phi,phi_rec_891,0,0,1,billing,2025-03-20T22:47:56,benign
log_68,doc_28,read_phi,phi_rec_1069,0,0,0,marketing,2025-03-25T13:42:24,benign
log_69,bclerk_1,read_phi,phi_rec_1663,0,0,1,billing,2025-08-28T05:19:10,benign
log_70,doc_0,read_phi,phi_rec_1805,0,1,0,research,2025-07-13T16:59:17,benign
log_71,doc_16,read_phi,phi_rec_1159,0,1,0,research,2025-06-17T20:25:43,benign
log_72,doc_20,read_phi,phi_rec_1601,1,1,0,diagnosis,2025-04-20T21:54:56,benign
log_73,doc_37,read_phi,phi_rec_397,1,0,0,research,2025-08-10T13:57:18,violation_gdpr_art18
log_74,doc_19,read_phi,phi_rec_801,0,0,0,billing,2025-05-07T02:05:25,benign
log_75,doc_37,read_phi,phi_rec_487,1,1,0,diagnosis,2025-07-05T02:26:36,benign
log_76,doc_13,read_phi,phi_rec_481,0,0,0,billing,2025-03-26T11:01:14,benign
log_77,doc_19,read_phi,phi_rec_199,0,0,0,billing,2025-04-25T16:59:39,benign
log_78,doc_25,read_phi,phi_rec_923,0,0,0,marketing,2025-07-04T20:35:28,benign
log_79,doc_25,read_phi,phi_rec_980,0,0,0,billing,2025-03-04T00:55:08,benign
log_80,doc_5,read_phi,phi_rec_1704,0,0,0,billing,2025-05-17T05:23:11,benign
log_81,doc_34,read_phi,phi_rec_799,1,1,0,diagnosis,2025-02-12T16:31:32,benign
log_82,doc_32,read_phi,phi_rec_1246,1,1,0,research,2025-01-03T20:59:07,benign
log_83,doc_32,read_phi,phi_rec_1780,0,0,0,billing,2025-06-03T14:03:05,benign
log_84,doc_7,read_phi,phi_rec_1186,1,1,0,diagnosis,2025-01-10T19:44:17,benign
log_85,doc_0,read_phi,phi_rec_1280,1,1,0,diagnosis,2025-04-27T19:18:31,benign
log_86,doc_33,read_phi,phi_rec_1318,0,0,0,marketing,2025-02-11T05:31:05,benign
log_87,doc_43,read_phi,phi_rec_1628,0,1,0,diagnosis,2025-05-16T13:19:26,benign
log_88,doc_2,read_phi,phi_rec_1380,1,1,0,research,2025-01-06T09:43:28,benign
log_89,bclerk_8,read_phi,phi_rec_1291,0,0,1,billing,2025-08-11T11:13:02,benign
log_90,doc_5,read_phi,phi_rec_70,0,0,0,marketing,2025-04-19T14:14:22,benign
log_91,doc_17,read_phi,phi_rec_370,0,0,0,billing,2025-08-04T09:38:08,benign
log_92,doc_30,read_phi,phi_rec_989,0,1,0,research,2025-01-20T20:13:52,benign
log_93,doc_41,read_phi,phi_rec_999,0,1,0,diagnosis,2025-06-27T23:04:24,benign
log_94,doc_14,read_phi,phi_rec_467,1,0,0,diagnosis,2025-07-10T15:15:14,benign
log_95,doc_32,read_phi,phi_rec_1246,0,0,0,billing,2025-08-02T08:46:38,benign
log_96,doc_9,read_phi,phi_rec_1428,0,0,0,billing,2025-03-02T06:18:13,benign
log_97,doc_21,read_phi,phi_rec_1518,0,0,0,billing,2025-01-19T17:30:06,benign
log_98,bclerk_6,read_phi,phi_rec_1193,0,0,1,billing,2025-06-27T03:48:38,benign
log_99,doc_26,read_phi,phi_rec_1644,1,0,0,research,2025-03-31T20:12:29,benign
log_100,bclerk_4,read_phi,phi_rec_1762,0,0,1,billing,2025-07-14T19:03:57,benign
log_101,doc_21,read_phi,phi_rec_1893,1,1,0,research,2025-04-16T18:40:39,benign
log_102,doc_7,read_phi,phi_rec_779,0,0,0,marketing,2025-05-05T06:18:31,benign
log_103,bclerk_13,read_phi,phi_rec_425,0,0,1,billing,2025-02-07T01:47:49,benign
log_104,doc_0,read_phi,phi_rec_399,1,1,0,diagnosis,2025-05-03T14:37:51,benign
log_105,doc_23,read_phi,phi_rec_1625,1,0,0,diagnosis,2025-06-02T09:59:02,benign
log_106,bclerk_9,read_phi,phi_rec_1948,0,0,1,billing,2025-06-20T21:06:35,benign
log_107,doc_39,read_phi,phi_rec_341,0,0,0,diagnosis,2025-04-13T21:30:43,benign
log_108,doc_9,read_phi,phi_rec_804,1,1,0,diagnosis,2025-06-11T12:50:48,benign
log_109,doc_3,read_phi,phi_rec_1833,0,0,0,marketing,2025-05-28T12:09:32,benign
log_110,doc_21,read_phi,phi_rec_1893,0,1,0,diagnosis,2025-08-28T09:14:37,benign
log_111,bclerk_3,read_phi,phi_rec_336,0,0,1,billing,2025-05-10T00:15:15,benign
log_112,doc_48,read_phi,phi_rec_1035,0,0,0,marketing,2025-04-06T20:01:46,benign
log_113,doc_9,read_phi,phi_rec_551,0,0,0,billing,2025-04-06T16:54:28,benign
log_114,doc_41,read_phi,phi_rec_1832,1,1,0,diagnosis,2025-07-24T07:34:06,benign
log_115,doc_8,read_phi,phi_rec_955,0,0,0,billing,2025-01-15T22:38:54,benign
log_116,doc_12,read_phi,phi_rec_1761,0,0,0,marketing,2025-05-18T14:23:36,benign
log_117,doc_33,read_phi,phi_rec_1768,0,0,0,diagnosis,2025-07-17T17:24:24,benign
log_118,doc_44,read_phi,phi_rec_772,0,0,0,billing,2025-06-24T20:27:49,benign
log_119,bclerk_2,read_phi,phi_rec_1709,0,0,1,billing,2025-02-12T17:15:31,benign
log_120,bclerk_8,read_phi,phi_rec_193,0,0,1,billing,2025-03-26T12:15:49,benign
log_121,doc_1,read_phi,phi_rec_1458,0,0,0,marketing,2025-08-06T03:27:16,benign
log_122,bclerk_5,read_phi,phi_rec_567,0,0,1,billing,2025-08-20T23:43:01,benign
log_123,doc_7,read_phi,phi_rec_1960,0,0,0,research,2025-08-22T09:22:35,benign
log_124,doc_48,read_phi,phi_rec_1643,1,1,0,diagnosis,2025-05-18T15:03:34,benign
log_125,doc_16,read_phi,phi_rec_1851,1,1,0,diagnosis,2025-03-04T07:31:29,benign
log_126,doc_2,read_phi,phi_rec_1460,0,0,0,billing,2025-04-27T18:54:09,benign
log_127,doc_39,read_phi,phi_rec_1089,1,1,0,diagnosis,2025-05-24T12:35:18,benign
log_128,bclerk_7,read_phi,phi_rec_1662,0,0,1,billing,2025-08-26T10:27:32,benign
log_129,bclerk_0,read_phi,phi_rec_1114,0,0,1,marketing,2025-05-26T09:46:50,violation_gdpr_art18
log_130,bclerk_1,read_phi,phi_rec_1317,0,0,1,billing,2025-07-28T10:33:41,benign
log_131,doc_1,read_phi,phi_rec_1501,1,1,0,diagnosis,2025-07-29T08:08:23,benign
log_132,doc_19,read_phi,phi_rec_720,1,0,0,research,2025-01-05T05:20:53,benign
log_133,doc_8,read_phi,phi_rec_1825,0,1,0,diagnosis,2025-02-13T03:37:05,benign
log_134,doc_47,read_phi,phi_rec_1455,0,0,0,billing,2025-01-29T18:35:05,benign
log_135,doc_25,read_phi,phi_rec_1478,0,0,0,billing,2025-05-29T07:22:37,benign
log_136,doc_22,read_phi,phi_rec_836,0,1,0,research,2025-04-19T03:03:32,benign
log_137,doc_36,read_phi,phi_rec_171,0,0,0,marketing,2025-08-01T01:48:03,benign
log_138,bclerk_14,read_phi,phi_rec_1639,0,0,1,billing,2025-03-15T05:02:19,benign
log_139,doc_40,read_phi,phi_rec_1630,0,0,0,marketing,2025-01-18T02:49:33,benign
log_140,bclerk_7,read_phi,phi_rec_1510,0,0,1,billing,2025-07-16T21:55:53,benign
log_141,doc_8,read_phi,phi_rec_836,0,1,0,research,2025-07-29T15:56:29,violation_hipaa_auth
log_142,doc_21,read_phi,phi_rec_403,1,1,0,research,2025-07-19T09:45:58,benign
log_143,doc_7,read_phi,phi_rec_1496,0,0,0,marketing,2025-02-21T00:50:54,benign
log_144,doc_8,read_phi,phi_rec_1279,0,0,0,billing,2025-06-24T01:19:21,benign
log_145,doc_35,read_phi,phi_rec_86,0,0,0,marketing,2025-08-02T18:50:10,benign
log_146,doc_34,read_phi,phi_rec_21,0,0,0,billing,2025-02-10T02:22:28,benign
log_147,doc_25,read_phi,phi_rec_472,1,1,0,research,2025-08-08T13:57:37,benign
log_148,doc_46,read_phi,phi_rec_186,1,0,0,diagnosis,2025-05-26T21:43:29,benign
log_149,bclerk_0,read_phi,phi_rec_1106,0,0,1,marketing,2025-08-09T14:05:36,violation_gdpr_art18
log_150,doc_31,read_phi,phi_rec_74,0,0,0,marketing,2025-04-06T21:39:03,benign
log_151,doc_25,read_phi,phi_rec_329,1,1,0,diagnosis,2025-03-31T23:47:18,benign
log_152,doc_44,read_phi,phi_rec_865,1,1,0,diagnosis,2025-04-30T19:25:54,benign
log_153,doc_46,read_phi,phi_rec_1161,1,1,0,research,2025-05-16T10:19:58,benign
log_154,doc_38,read_phi,phi_rec_937,1,1,0,diagnosis,2025-02-09T06:36:47,benign
log_155,doc_21,read_phi,phi_rec_944,0,0,0,billing,2025-05-01T11:50:54,benign
log_156,doc_11,read_phi,phi_rec_202,1,1,0,diagnosis,2025-06-18T23:59:57,benign
log_157,bclerk_7,read_phi,phi_rec_418,0,0,1,billing,2025-08-05T16:40:19,benign
log_158,doc_47,read_phi,phi_rec_830,0,0,0,billing,2025-03-04T12:39:22,benign
log_159,doc_19,read_phi,phi_rec_8,0,0,0,marketing,2025-01-29T17:23:33,benign
log_160,bclerk_10,read_phi,phi_rec_1798,0,0,1,billing,2025-05-05T07:17:58,benign
log_161,bclerk_2,read_phi,phi_rec_164,0,0,1,billing,2025-08-26T19:27:54,benign
log_162,doc_33,read_phi,phi_rec_1268,0,0,0,billing,2025-06-13T01:33:02,benign
log_163,doc_6,read_phi,phi_rec_512,0,1,0,research,2025-08-18T03:49:23,benign
log_164,doc_42,read_phi,phi_rec_1986,1,1,0,diagnosis,2025-08-04T05:48:14,benign
log_165,doc_29,read_phi,phi_rec_982,1,1,0,diagnosis,2025-06-12T12:36:52,benign
log_166,doc_5,read_phi,phi_rec_906,0,0,0,billing,2025-07-07T01:46:46,benign
log_167,bclerk_1,read_phi,phi_rec_526,0,0,1,billing,2025-08-08T14:08:53,benign
log_168,doc_5,read_phi,phi_rec_277,1,1,0,research,2025-01-02T15:33:54,benign
log_169,bclerk_9,read_phi,phi_rec_1494,0,0,1,billing,2025-07-28T21:28:02,benign
log_170,bclerk_12,read_phi,phi_rec_1137,0,0,1,billing,2025-04-18T21:35:06,benign
log_171,doc_29,read_phi,phi_rec_1690,0,0,0,billing,2025-05-17T16:30:11,benign
log_172,doc_11,read_phi,phi_rec_97,1,1,0,diagnosis,2025-02-05T13:49:38,benign
log_173,doc_47,read_phi,phi_rec_768,0,0,0,marketing,2025-03-23T12:12:43,benign
log_174,doc_15,read_phi,phi_rec_1926,0,0,0,billing,2025-07-04T03:18:36,benign
log_175,doc_7,read_phi,phi_rec_137,0,1,0,research,2025-03-03T14:01:44,benign
log_176,bclerk_3,read_phi,phi_rec_489,0,0,1,billing,2025-03-27T00:21:40,benign
log_177,bclerk_10,read_phi,phi_rec_36,0,0,1,billing,2025-06-24T09:35:25,benign
log_178,doc_31,read_phi,phi_rec_310,1,1,0,diagnosis,2025-01-19T14:52:38,benign
log_179,bclerk_10,read_phi,phi_rec_467,0,0,1,billing,2025-06-05T23:00:58,benign
log_180,doc_0,read_phi,phi_rec_540,1,1,0,diagnosis,2025-02-08T23:57:56,benign
log_181,doc_38,read_phi,phi_rec_163,1,0,0,research,2025-03-19T22:04:33,benign
log_182,bclerk_10,read_phi,phi_rec_1255,0,0,1,billing,2025-03-24T02:24:43,benign
log_183,bclerk_8,read_phi,phi_rec_1054,0,1,0,billing,2025-07-23T08:39:35,violation_hipaa_min_necessary
log_184,doc_23,read_phi,phi_rec_379,1,1,0,diagnosis,2025-06-14T10:14:40,benign
log_185,doc_11,read_phi,phi_rec_1085,1,1,0,diagnosis,2025-03-14T08:57:26,benign
log_186,bclerk_6,read_phi,phi_rec_1926,0,0,1,billing,2025-01-13T01:13:44,benign
log_187,doc_10,read_phi,phi_rec_1906,0,0,0,marketing,2025-08-11T09:57:41,benign
log_188,bclerk_5,read_phi,phi_rec_483,0,0,1,billing,2025-01-07T13:44:25,benign
log_189,doc_9,read_phi,phi_rec_67,0,0,0,billing,2025-05-08T04:54:13,benign
log_190,doc_16,read_phi,phi_rec_1505,1,1,0,diagnosis,2025-02-11T09:52:46,benign
log_191,doc_45,read_phi,phi_rec_542,0,0,0,marketing,2025-08-22T05:18:07,benign
log_192,bclerk_10,read_phi,phi_rec_1519,0,0,1,billing,2025-02-22T10:16:28,benign
log_193,doc_4,read_phi,phi_rec_758,0,1,0,research,2025-06-08T17:09:46,benign
log_194,doc_46,read_phi,phi_rec_1636,0,0,0,billing,2025-01-03T18:02:02,benign
log_195,doc_7,read_phi,phi_rec_687,0,0,0,billing,2025-01-30T09:45:36,benign
log_196,doc_48,read_phi,phi_rec_1093,1,1,0,diagnosis,2025-04-01T15:01:07,benign
log_197,bclerk_1,read_phi,phi_rec_586,0,0,1,billing,2025-07-14T11:52:04,benign
log_198,doc_9,read_phi,phi_rec_776,1,1,0,research,2025-03-20T08:48:51,benign
log_199,bclerk_8,read_phi,phi_rec_208,0,0,1,billing,2025-06-21T21:47:18,benign
log_200,bclerk_14,read_phi,phi_rec_402,0,0,1,billing,2025-08-25T01:13:38,benign
log_201,doc_10,read_phi,phi_rec_1471,0,1,0,diagnosis,2025-02-11T10:57:52,benign
log_202,doc_9,read_phi,phi_rec_864,0,0,0,billing,2025-02-21T13:04:58,benign
log_203,bclerk_5,read_phi,phi_rec_1915,0,0,1,billing,2025-05-31T14:36:55,benign
log_204,doc_28,read_phi,phi_rec_1813,1,1,0,diagnosis,2025-05-27T06:51:29,benign
log_205,bclerk_2,read_phi,phi_rec_395,0,0,1,billing,2025-05-11T21:25:18,benign
log_206,bclerk_6,read_phi,phi_rec_1332,0,0,1,billing,2025-02-10T06:53:31,benign
log_207,doc_18,read_phi,phi_rec_1123,1,1,0,diagnosis,2025-06-29T06:41:28,benign
log_208,bclerk_0,read_phi,phi_rec_1631,0,0,1,marketing,2025-05-06T03:37:06,violation_gdpr_art18
log_209,doc_44,read_phi,phi_rec_350,0,0,0,billing,2025-06-30T04:30:54,benign
log_210,doc_47,read_phi,phi_rec_1106,0,0,0,billing,2025-05-04T04:19:26,benign
log_211,bclerk_1,read_phi,phi_rec_61,0,1,0,billing,2025-02-26T06:22:52,violation_hipaa_min_necessary
log_212,doc_49,read_phi,phi_rec_666,0,0,0,billing,2025-02-17T11:50:20,benign
log_213,doc_18,read_phi,phi_rec_592,1,1,0,diagnosis,2025-08-02T19:39:30,benign
log_214,bclerk_9,read_phi,phi_rec_471,0,0,1,billing,2025-06-26T16:32:31,benign
log_215,doc_16,read_phi,phi_rec_486,0,0,0,billing,2025-03-22T09:57:09,benign
log_216,bclerk_12,read_phi,phi_rec_1865,0,0,1,billing,2025-03-18T20:24:54,benign
log_217,doc_8,read_phi,phi_rec_14,0,0,0,billing,2025-01-04T17:52:47,benign
log_218,doc_15,read_phi,phi_rec_121,0,0,0,billing,2025-06-09T12:16:59,benign
log_219,doc_1,read_phi,phi_rec_1365,0,1,0,research,2025-06-26T23:11:21,benign
log_220,bclerk_0,read_phi,phi_rec_1874,0,0,1,marketing,2025-01-09T23:58:39,violation_gdpr_art18
log_221,doc_44,read_phi,phi_rec_995,0,1,0,diagnosis,2025-02-12T06:25:29,benign
log_222,bclerk_1,read_phi,phi_rec_839,0,0,1,billing,2025-07-05T02:32:33,benign
log_223,doc_39,read_phi,phi_rec_1872,1,0,0,research,2025-07-26T07:59:54,benign
log_224,doc_21,read_phi,phi_rec_444,1,1,0,diagnosis,2025-03-11T05:16:04,benign
log_225,doc_45,read_phi,phi_rec_22,0,1,0,diagnosis,2025-07-08T05:55:56,benign
log_226,doc_20,read_phi,phi_rec_1717,0,0,0,marketing,2025-05-12T06:32:22,benign
log_227,doc_13,read_phi,phi_rec_1114,1,1,0,research,2025-01-16T18:23:18,benign
log_228,doc_5,read_phi,phi_rec_1802,1,1,0,research,2025-01-19T03:10:32,benign
log_229,doc_0,read_phi,phi_rec_1903,1,1,0,research,2025-08-17T05:12:05,benign
log_230,doc_37,read_phi,phi_rec_1285,0,0,0,billing,2025-08-09T03:49:42,benign
log_231,doc_49,read_phi,phi_rec_1798,1,1,0,diagnosis,2025-03-12T13:36:30,benign
log_232,doc_16,read_phi,phi_rec_1887,0,1,0,diagnosis,2025-03-26T06:51:28,benign
log_233,doc_9,read_phi,phi_rec_1909,0,0,0,marketing,2025-02-27T23:22:11,benign
log_234,doc_44,read_phi,phi_rec_1581,0,1,0,billing,2025-07-27T20:26:56,violation_hipaa_auth
log_235,doc_22,read_phi,phi_rec_213,0,0,0,billing,2025-05-19T19:07:42,benign
log_236,doc_1,read_phi,phi_rec_751,0,0,0,billing,2025-05-19T03:20:58,benign
log_237,bclerk_12,read_phi,phi_rec_842,0,0,1,billing,2025-04-12T10:10:00,benign
log_238,doc_6,read_phi,phi_rec_1895,1,1,0,research,2025-05-26T17:11:07,benign
log_239,bclerk_6,read_phi,phi_rec_416,0,0,1,billing,2025-06-15T02:20:48,benign
log_240,bclerk_14,read_phi,phi_rec_1332,0,0,1,billing,2025-06-12T20:19:25,benign
log_241,doc_22,read_phi,phi_rec_34,1,1,0,research,2025-02-03T05:57:00,benign
log_242,doc_27,read_phi,phi_rec_482,0,0,0,billing,2025-05-07T08:42:01,benign
log_243,doc_20,read_phi,phi_rec_1669,1,1,0,diagnosis,2025-02-21T00:39:15,benign
log_244,doc_14,read_phi,phi_rec_1272,1,1,0,diagnosis,2025-04-14T22:59:20,benign
log_245,doc_36,read_phi,phi_rec_1938,1,0,0,diagnosis,2025-05-13T08:39:24,benign
log_246,doc_20,read_phi,phi_rec_378,1,1,0,research,2025-05-16T23:06:28,benign
log_247,doc_31,read_phi,phi_rec_923,0,1,0,billing,2025-03-10T22:11:00,violation_hipaa_auth
log_248,doc_19,read_phi,phi_rec_428,0,0,0,marketing,2025-06-19T20:06:18,benign
log_249,doc_2,read_phi,phi_rec_701,0,0,0,billing,2025-05-14T04:48:28,benign
log_250,doc_22,read_phi,phi_rec_662,0,0,0,billing,2025-06-20T09:45:49,benign
log_251,bclerk_1,read_phi,phi_rec_1703,0,0,1,billing,2025-07-27T16:49:15,benign
log_252,doc_3,read_phi,phi_rec_1800,0,0,0,marketing,2025-05-13T13:24:09,benign
log_253,bclerk_10,read_phi,phi_rec_932,0,0,1,billing,2025-05-15T14:06:25,benign
log_254,doc_24,read_phi,phi_rec_1993,0,0,0,marketing,2025-08-01T04:47:30,benign
log_255,doc_29,read_phi,phi_rec_1109,0,0,0,marketing,2025-01-03T12:29:51,benign
log_256,doc_22,read_phi,phi_rec_1842,0,0,0,marketing,2025-07-02T15:55:19,benign
log_257,bclerk_9,read_phi,phi_rec_871,0,0,1,billing,2025-01-23T21:26:19,benign
log_258,bclerk_8,read_phi,phi_rec_1638,0,0,1,billing,2025-03-17T14:50:42,benign
log_259,doc_45,read_phi,phi_rec_1793,0,0,0,marketing,2025-02-14T13:49:32,benign
log_260,doc_41,read_phi,phi_rec_241,1,1,0,diagnosis,2025-06-25T08:31:24,benign
log_261,doc_32,read_phi,phi_rec_1582,0,0,0,marketing,2025-08-17T11:49:52,benign
log_262,doc_20,read_phi,phi_rec_1334,1,1,0,research,2025-04-16T18:47:44,benign
log_263,doc_5,read_phi,phi_rec_1090,0,0,0,marketing,2025-03-28T15:09:09,benign
log_264,doc_25,read_phi,phi_rec_504,0,0,0,billing,2025-07-10T13:36:50,benign
log_265,bclerk_11,read_phi,phi_rec_497,0,1,0,billing,2025-04-16T03:38:18,violation_hipaa_min_necessary
log_266,bclerk_3,read_phi,phi_rec_1886,0,0,1,billing,2025-05-07T14:00:58,benign
log_267,doc_24,read_phi,phi_rec_1614,0,0,0,billing,2025-03-21T19:49:54,benign
log_268,bclerk_9,read_phi,phi_rec_427,0,0,1,billing,2025-05-29T01:31:53,benign
log_269,bclerk_7,read_phi,phi_rec_1412,0,0,1,billing,2025-08-27T21:53:16,benign
log_270,doc_36,read_phi,phi_rec_1523,0,0,0,marketing,2025-04-30T12:13:10,benign
log_271,doc_2,read_phi,phi_rec_111,0,1,0,diagnosis,2025-07-11T05:15:20,benign
log_272,doc_43,read_phi,phi_rec_455,1,1,0,research,2025-05-07T00:28:06,benign
log_273,bclerk_5,read_phi,phi_rec_242,0,0,1,billing,2025-02-26T13:10:14,benign
log_274,doc_7,read_phi,phi_rec_1249,0,0,0,marketing,2025-07-24T14:15:23,benign
log_275,doc_2,read_phi,phi_rec_546,1,0,0,diagnosis,2025-01-30T13:18:36,benign
log_276,doc_27,read_phi,phi_rec_527,0,0,0,billing,2025-07-16T07:49:27,benign
log_277,bclerk_11,read_phi,phi_rec_797,0,0,1,billing,2025-05-16T08:35:34,benign
log_278,bclerk_13,read_phi,phi_rec_1517,1,0,0,billing,2025-07-15T09:31:15,violation_hipaa_min_necessary
log_279,doc_36,read_phi,phi_rec_1488,1,1,0,diagnosis,2025-06-09T11:48:04,benign
log_280,doc_42,read_phi,phi_rec_1362,0,0,0,billing,2025-02-10T21:53:29,benign
log_281,bclerk_13,read_phi,phi_rec_690,0,0,1,billing,2025-07-26T13:36:42,benign
log_282,doc_6,read_phi,phi_rec_439,0,0,0,billing,2025-03-09T00:42:10,benign
log_283,doc_44,read_phi,phi_rec_1834,0,0,0,marketing,2025-08-16T22:55:00,benign
log_284,doc_27,read_phi,phi_rec_1107,0,0,0,billing,2025-02-08T00:55:02,benign
log_285,bclerk_11,read_phi,phi_rec_3,0,0,1,billing,2025-05-15T21:47:25,benign
log_286,doc_39,read_phi,phi_rec_1089,1,1,0,diagnosis,2025-07-11T18:38:46,benign
log_287,bclerk_14,read_phi,phi_rec_617,0,0,1,billing,2025-07-18T02:57:24,benign
log_288,doc_35,read_phi,phi_rec_1213,0,0,0,marketing,2025-04-04T13:39:00,benign
log_289,bclerk_10,read_phi,phi_rec_1454,0,0,1,billing,2025-06-28T17:28:15,benign
log_290,doc_45,read_phi,phi_rec_1653,0,0,0,billing,2025-05-11T09:59:15,benign
log_291,doc_5,read_phi,phi_rec_464,0,1,0,diagnosis,2025-07-08T13:26:13,benign
log_292,doc_46,read_phi,phi_rec_1236,0,1,0,diagnosis,2025-08-19T07:49:19,benign
log_293,doc_41,read_phi,phi_rec_621,0,0,0,billing,2025-07-29T03:02:47,benign
log_294,doc_20,read_phi,phi_rec_1349,0,0,0,research,2025-08-27T09:08:33,benign
log_295,doc_38,read_phi,phi_rec_85,0,0,0,billing,2025-05-01T15:14:27,benign
log_296,doc_2,read_phi,phi_rec_373,0,0,0,marketing,2025-03-29T00:13:23,benign
log_297,doc_25,read_phi,phi_rec_691,0,0,0,marketing,2025-07-28T23:09:20,benign
log_298,bclerk_5,read_phi,phi_rec_1890,0,0,1,billing,2025-08-09T07:49:23,benign
log_299,bclerk_3,read_phi,phi_rec_936,0,0,1,billing,2025-08-08T19:50:19,benign
log_300,doc_37,read_phi,phi_rec_1516,0,1,0,billing,2025-06-17T04:40:41,violation_hipaa_auth
log_301,doc_40,read_phi,phi_rec_390,0,0,0,billing,2025-01-20T18:14:54,benign
log_302,doc_37,read_phi,phi_rec_87,1,1,0,diagnosis,2025-03-24T06:27:19,benign
log_303,doc_7,read_phi,phi_rec_229,0,1,0,diagnosis,2025-01-09T08:14:27,benign
log_304,doc_0,read_phi,phi_rec_328,0,0,0,billing,2025-05-11T06:10:36,benign
log_305,doc_40,read_phi,phi_rec_461,0,0,0,marketing,2025-01-24T04:00:09,benign
log_306,doc_5,read_phi,phi_rec_407,1,1,0,diagnosis,2025-02-03T03:25:44,benign
log_307,doc_39,read_phi,phi_rec_19,1,1,0,diagnosis,2025-07-23T18:29:26,benign
log_308,bclerk_2,read_phi,phi_rec_633,0,0,1,billing,2025-04-25T00:43:03,benign
log_309,bclerk_9,read_phi,phi_rec_1252,0,0,1,billing,2025-05-06T02:10:23,benign
log_310,bclerk_4,read_phi,phi_rec_1561,1,0,0,billing,2025-07-12T08:58:35,violation_hipaa_min_necessary
log_311,doc_2,read_phi,phi_rec_1902,0,0,0,billing,2025-04-03T15:47:34,benign
log_312,doc_48,read_phi,phi_rec_259,0,1,0,research,2025-06-02T21:46:56,violation_hipaa_auth
log_313,doc_43,read_phi,phi_rec_123,1,1,0,diagnosis,2025-02-08T05:10:42,benign
log_314,bclerk_6,read_phi,phi_rec_69,0,0,1,billing,2025-03-24T01:40:58,benign
log_315,bclerk_4,read_phi,phi_rec_156,0,0,1,billing,2025-03-17T01:39:50,benign
log_316,doc_0,read_phi,phi_rec_921,0,0,0,billing,2025-07-03T19:09:09,benign
log_317,doc_45,read_phi,phi_rec_1411,1,1,0,diagnosis,2025-05-09T16:15:05,benign
log_318,doc_27,read_phi,phi_rec_35,0,1,0,diagnosis,2025-07-02T17:48:45,benign
log_319,doc_10,read_phi,phi_rec_1419,0,0,0,marketing,2025-07-15T14:53:35,benign
log_320,doc_31,read_phi,phi_rec_503,0,1,0,diagnosis,2025-05-03T19:49:19,benign
log_321,doc_18,read_phi,phi_rec_1037,0,1,0,diagnosis,2025-03-22T17:50:26,benign
log_322,doc_31,read_phi,phi_rec_386,1,1,0,diagnosis,2025-02-04T08:46:06,benign
log_323,doc_27,read_phi,phi_rec_725,1,1,0,diagnosis,2025-03-19T12:15:30,benign
log_324,bclerk_7,read_phi,phi_rec_924,0,0,1,billing,2025-03-27T00:24:26,benign
log_325,bclerk_9,read_phi,phi_rec_191,0,0,1,billing,2025-07-14T20:20:03,benign
log_326,doc_26,read_phi,phi_rec_1417,0,0,0,billing,2025-08-15T20:28:12,benign
log_327,doc_38,read_phi,phi_rec_1443,0,0,0,marketing,2025-04-28T22:21:30,benign
log_328,bclerk_2,read_phi,phi_rec_1927,0,0,1,billing,2025-04-05T11:37:45,benign
log_329,bclerk_10,read_phi,phi_rec_431,0,0,1,billing,2025-04-09T04:00:35,benign
log_330,doc_28,read_phi,phi_rec_1772,1,1,0,diagnosis,2025-04-13T04:22:12,benign
log_331,doc_36,read_phi,phi_rec_171,0,0,0,billing,2025-08-29T06:59:00,benign
log_332,bclerk_8,read_phi,phi_rec_508,1,0,0,billing,2025-06-25T19:25:09,violation_hipaa_min_necessary
log_333,bclerk_3,read_phi,phi_rec_1017,0,1,0,billing,2025-07-12T11:39:13,violation_hipaa_min_necessary
log_334,doc_20,read_phi,phi_rec_742,0,0,0,billing,2025-01-01T12:43:50,benign
log_335,doc_47,read_phi,phi_rec_1637,0,0,0,billing,2025-08-19T00:30:29,benign
log_336,doc_46,read_phi,phi_rec_1426,0,0,0,billing,2025-07-26T01:49:32,benign
log_337,doc_2,read_phi,phi_rec_1775,0,0,0,billing,2025-05-20T06:30:10,benign
log_338,doc_23,read_phi,phi_rec_1023,0,1,0,research,2025-08-23T20:16:03,benign
log_339,doc_4,read_phi,phi_rec_950,0,0,0,marketing,2025-05-05T17:53:13,benign
log_340,doc_25,read_phi,phi_rec_1720,1,0,0,diagnosis,2025-07-10T13:05:13,benign
log_341,doc_38,read_phi,phi_rec_1140,1,0,0,research,2025-04-30T08:35:10,benign
log_342,doc_41,read_phi,phi_rec_365,1,1,0,diagnosis,2025-03-21T23:56:54,benign
log_343,doc_17,read_phi,phi_rec_1208,0,0,0,billing,2025-01-03T18:46:25,benign
log_344,doc_26,read_phi,phi_rec_718,1,1,0,diagnosis,2025-07-01T20:36:54,benign
log_345,bclerk_0,read_phi,phi_rec_305,0,0,1,billing,2025-01-22T05:52:34,benign
log_346,bclerk_4,read_phi,phi_rec_1494,0,0,1,billing,2025-01-25T06:42:17,benign
log_347,bclerk_3,read_phi,phi_rec_1655,0,0,1,billing,2025-08-25T19:02:02,benign
log_348,doc_25,read_phi,phi_rec_1720,0,0,0,billing,2025-05-10T13:53:16,benign
log_349,doc_29,read_phi,phi_rec_1616,0,0,0,marketing,2025-01-10T06:27:22,benign
log_350,doc_15,read_phi,phi_rec_1379,1,1,0,research,2025-06-06T23:01:47,benign
log_351,doc_17,read_phi,phi_rec_1252,0,0,0,billing,2025-05-19T05:37:02,benign
log_352,bclerk_5,read_phi,phi_rec_1697,1,0,0,billing,2025-06-12T23:19:05,violation_hipaa_min_necessary
log_353,doc_43,read_phi,phi_rec_107,1,0,0,diagnosis,2025-08-24T00:30:44,benign
log_354,doc_25,read_phi,phi_rec_1730,1,1,0,diagnosis,2025-06-06T02:31:14,benign
log_355,bclerk_4,read_phi,phi_rec_507,0,0,1,billing,2025-01-16T11:59:32,benign
log_356,doc_47,read_phi,phi_rec_1535,1,1,0,research,2025-08-27T02:21:47,benign
log_357,doc_29,read_phi,phi_rec_672,0,0,0,marketing,2025-07-14T20:53:47,benign
log_358,doc_2,read_phi,phi_rec_159,0,0,0,billing,2025-03-27T11:24:07,benign
log_359,doc_34,read_phi,phi_rec_68,0,0,0,billing,2025-08-12T21:17:10,benign
log_360,doc_41,read_phi,phi_rec_1832,0,0,0,billing,2025-04-01T15:24:00,benign
log_361,doc_39,read_phi,phi_rec_680,0,0,0,billing,2025-04-17T09:18:45,benign
log_362,bclerk_7,read_phi,phi_rec_229,0,0,1,billing,2025-01-30T21:35:43,benign
log_363,doc_25,read_phi,phi_rec_1999,0,0,0,billing,2025-03-23T02:17:12,benign
log_364,doc_9,read_phi,phi_rec_760,0,0,0,marketing,2025-06-21T06:02:53,benign
log_365,doc_41,read_phi,phi_rec_1889,0,0,0,marketing,2025-03-23T17:08:12,benign
log_366,doc_14,read_phi,phi_rec_910,0,0,0,billing,2025-02-06T17:57:35,benign
log_367,doc_14,read_phi,phi_rec_1257,0,0,0,billing,2025-08-17T05:33:43,benign
log_368,doc_5,read_phi,phi_rec_1704,1,1,0,diagnosis,2025-04-01T20:54:50,benign
log_369,bclerk_6,read_phi,phi_rec_1330,0,0,1,billing,2025-05-05T13:23:28,benign
log_370,doc_46,read_phi,phi_rec_186,0,0,0,billing,2025-07-12T10:21:16,benign
log_371,doc_25,read_phi,phi_rec_1995,0,0,0,billing,2025-07-30T13:55:57,benign
log_372,doc_1,read_phi,phi_rec_1952,0,0,0,billing,2025-05-25T01:54:49,benign
log_373,doc_48,read_phi,phi_rec_260,0,0,0,billing,2025-01-20T05:00:47,benign
log_374,doc_22,read_phi,phi_rec_492,0,1,0,diagnosis,2025-01-14T10:35:38,benign
log_375,doc_18,read_phi,phi_rec_790,0,0,0,marketing,2025-05-15T04:44:44,benign
log_376,doc_1,read_phi,phi_rec_785,0,0,0,billing,2025-06-11T01:46:29,benign
log_377,doc_35,read_phi,phi_rec_77,0,0,0,marketing,2025-06-26T07:09:09,benign
log_378,doc_46,read_phi,phi_rec_1400,0,0,0,billing,2025-04-11T18:55:18,benign
log_379,doc_31,read_phi,phi_rec_1499,0,0,0,billing,2025-01-15T00:49:10,benign
log_380,bclerk_8,read_phi,phi_rec_598,0,0,1,billing,2025-04-03T08:43:32,benign
log_381,doc_42,read_phi,phi_rec_232,0,0,0,marketing,2025-05-05T15:38:31,benign
log_382,bclerk_4,read_phi,phi_rec_1030,0,0,1,billing,2025-01-02T07:28:54,benign
log_383,doc_46,read_phi,phi_rec_743,1,1,0,diagnosis,2025-05-01T09:12:16,benign
log_384,doc_37,read_phi,phi_rec_1311,1,1,0,diagnosis,2025-05-31T10:36:29,benign
log_385,doc_32,read_phi,phi_rec_1282,0,1,0,diagnosis,2025-02-21T10:35:21,benign
log_386,doc_16,read_phi,phi_rec_1147,0,0,0,billing,2025-08-17T09:21:37,benign
log_387,bclerk_4,read_phi,phi_rec_1887,0,0,1,billing,2025-03-08T22:57:19,benign
log_388,doc_32,read_phi,phi_rec_996,0,1,0,diagnosis,2025-05-01T20:50:10,benign
log_389,bclerk_14,read_phi,phi_rec_488,0,0,1,billing,2025-05-19T20:43:22,benign
log_390,doc_33,read_phi,phi_rec_430,1,1,0,diagnosis,2025-07-05T06:11:05,benign
log_391,doc_47,read_phi,phi_rec_604,0,0,0,billing,2025-03-22T03:10:38,benign
log_392,doc_24,read_phi,phi_rec_979,1,1,0,diagnosis,2025-06-01T03:18:27,benign
log_393,doc_30,read_phi,phi_rec_446,0,0,0,marketing,2025-04-30T04:57:41,benign
log_394,doc_45,read_phi,phi_rec_271,0,0,0,billing,2025-05-27T07:55:53,benign
log_395,doc_43,read_phi,phi_rec_1491,1,1,0,diagnosis,2025-01-20T12:01:32,benign
log_396,doc_28,read_phi,phi_rec_1180,1,1,0,diagnosis,2025-03-09T15:19:09,benign
log_397,doc_32,read_phi,phi_rec_1222,0,0,0,billing,2025-01-27T17:44:14,benign
log_398,bclerk_4,read_phi,phi_rec_680,0,0,1,billing,2025-01-09T16:14:07,benign
log_399,doc_8,read_phi,phi_rec_1735,1,1,0,diagnosis,2025-03-21T20:21:00,benign
log_400,doc_42,read_phi,phi_rec_1726,1,1,0,diagnosis,2025-05-30T10:06:47,benign
log_401,doc_37,read_phi,phi_rec_925,0,0,0,marketing,2025-02-27T11:14:35,benign
log_402,bclerk_1,read_phi,phi_rec_1505,0,0,1,billing,2025-04-20T16:47:16,benign
log_403,doc_9,read_phi,phi_rec_1729,1,0,0,diagnosis,2025-04-07T10:23:53,benign
log_404,doc_40,read_phi,phi_rec_698,0,0,0,marketing,2025-08-11T08:56:16,benign
log_405,doc_31,read_phi,phi_rec_138,0,0,0,billing,2025-07-11T08:39:35,benign
log_406,doc_2,read_phi,phi_rec_301,0,0,0,marketing,2025-04-10T09:52:59,benign
log_407,doc_48,read_phi,phi_rec_260,0,0,0,billing,2025-03-04T20:42:48,benign
log_408,doc_21,read_phi,phi_rec_1399,0,1,0,diagnosis,2025-08-18T03:15:48,benign
log_409,doc_25,read_phi,phi_rec_1730,1,1,0,research,2025-05-25T19:51:16,benign
log_410,doc_34,read_phi,phi_rec_960,0,1,0,diagnosis,2025-04-28T07:27:48,benign
log_411,bclerk_1,read_phi,phi_rec_1056,0,0,1,billing,2025-06-29T16:44:46,benign
log_412,doc_14,read_phi,phi_rec_1272,1,1,0,research,2025-02-28T11:16:17,benign
log_413,doc_4,read_phi,phi_rec_463,0,0,0,billing,2025-01-23T19:39:46,benign
log_414,doc_40,read_phi,phi_rec_1077,0,0,0,marketing,2025-02-20T06:49:54,benign
log_415,doc_47,read_phi,phi_rec_382,0,0,0,marketing,2025-01-13T06:37:35,benign
log_416,doc_19,read_phi,phi_rec_1590,0,0,0,billing,2025-05-08T20:28:26,benign
log_417,doc_41,read_phi,phi_rec_661,1,0,0,research,2025-07-10T07:05:19,benign
log_418,bclerk_10,read_phi,phi_rec_651,0,0,1,billing,2025-05-17T03:15:37,benign
log_419,doc_39,read_phi,phi_rec_192,1,1,0,diagnosis,2025-08-08T13:21:27,benign
log_420,doc_7,read_phi,phi_rec_1819,1,1,0,diagnosis,2025-04-30T07:21:09,benign
log_421,doc_26,read_phi,phi_rec_595,1,1,0,research,2025-04-02T13:23:53,benign
log_422,doc_30,read_phi,phi_rec_1998,0,0,0,marketing,2025-05-07T19:07:09,benign
log_423,doc_2,read_phi,phi_rec_159,0,0,0,billing,2025-08-10T06:29:58,benign
log_424,bclerk_11,read_phi,phi_rec_107,0,0,1,billing,2025-04-28T08:47:59,benign
log_425,doc_21,read_phi,phi_rec_541,0,1,0,research,2025-03-28T14:24:42,benign
log_426,doc_47,read_phi,phi_rec_1637,0,0,0,billing,2025-03-22T09:20:40,benign
log_427,doc_1,read_phi,phi_rec_916,0,0,0,marketing,2025-03-02T08:09:22,benign
log_428,doc_37,read_phi,phi_rec_1526,0,0,0,marketing,2025-05-08T08:37:52,benign
log_429,doc_14,read_phi,phi_rec_600,0,0,0,marketing,2025-05-09T13:25:33,benign
log_430,bclerk_0,read_phi,phi_rec_783,0,0,1,marketing,2025-02-26T06:31:23,violation_gdpr_art18
log_431,doc_2,read_phi,phi_rec_1957,1,1,0,diagnosis,2025-08-16T04:28:18,benign
log_432,doc_36,read_phi,phi_rec_1971,0,0,0,billing,2025-07-29T09:55:14,benign
log_433,doc_0,read_phi,phi_rec_1027,0,0,0,billing,2025-02-03T06:14:15,benign
log_434,doc_0,read_phi,phi_rec_1243,0,0,0,billing,2025-06-11T19:42:42,benign
log_435,doc_39,read_phi,phi_rec_670,0,0,0,billing,2025-01-18T02:33:16,benign
log_436,bclerk_0,read_phi,phi_rec_563,0,0,1,billing,2025-06-05T21:28:32,benign
log_437,doc_44,read_phi,phi_rec_448,0,0,0,research,2025-06-11T03:23:10,benign
log_438,bclerk_13,read_phi,phi_rec_1030,0,0,1,billing,2025-03-10T00:04:59,benign
log_439,bclerk_10,read_phi,phi_rec_103,0,0,1,billing,2025-04-04T17:52:35,benign
log_440,bclerk_1,read_phi,phi_rec_1200,0,0,1,billing,2025-04-03T13:55:22,benign
log_441,doc_43,read_phi,phi_rec_1966,1,1,0,research,2025-03-26T09:02:01,benign
log_442,bclerk_5,read_phi,phi_rec_833,0,1,0,billing,2025-06-08T13:59:23,violation_hipaa_min_necessary
log_443,doc_14,read_phi,phi_rec_1206,1,1,0,research,2025-07-18T09:34:20,benign
log_444,doc_27,read_phi,phi_rec_153,1,1,0,research,2025-03-07T22:15:50,benign
log_445,doc_9,read_phi,phi_rec_1951,0,0,0,billing,2025-03-08T15:10:12,benign
log_446,doc_11,read_phi,phi_rec_872,0,0,0,billing,2025-04-05T17:03:12,benign
log_447,doc_20,read_phi,phi_rec_850,0,0,0,billing,2025-08-18T01:59:35,benign
log_448,bclerk_7,read_phi,phi_rec_1798,0,0,1,billing,2025-07-23T21:00:46,benign
log_449,bclerk_12,read_phi,phi_rec_0,0,0,1,billing,2025-02-06T10:20:29,benign
log_450,doc_0,read_phi,phi_rec_314,0,0,0,billing,2025-08-10T15:25:46,benign
log_451,doc_46,read_phi,phi_rec_1032,0,0,0,billing,2025-02-19T20:57:26,benign
log_452,doc_27,read_phi,phi_rec_871,0,0,0,marketing,2025-01-02T15:18:57,benign
log_453,doc_38,read_phi,phi_rec_1131,1,1,0,research,2025-07-12T03:55:39,benign
log_454,doc_41,read_phi,phi_rec_1997,1,1,0,diagnosis,2025-01-13T15:35:13,benign
log_455,doc_5,read_phi,phi_rec_464,1,0,0,research,2025-03-16T00:26:04,benign
log_456,doc_0,read_phi,phi_rec_887,0,0,0,marketing,2025-07-05T17:30:19,benign
log_457,doc_21,read_phi,phi_rec_1524,0,0,0,billing,2025-03-25T00:14:02,benign
log_458,doc_0,read_phi,phi_rec_1708,0,0,0,billing,2025-05-23T04:40:46,benign
log_459,doc_30,read_phi,phi_rec_629,1,1,0,diagnosis,2025-06-08T17:21:31,benign
log_460,doc_19,read_phi,phi_rec_436,0,0,0,billing,2025-02-03T23:02:50,benign
log_461,doc_3,read_phi,phi_rec_265,0,1,0,research,2025-01-20T12:56:03,violation_hipaa_auth
log_462,doc_39,read_phi,phi_rec_136,1,1,0,diagnosis,2025-02-27T00:52:42,benign
log_463,doc_49,read_phi,phi_rec_1942,0,0,0,marketing,2025-04-29T11:28:51,benign
log_464,doc_44,read_phi,phi_rec_209,0,1,0,diagnosis,2025-08-11T09:47:37,benign
log_465,doc_4,read_phi,phi_rec_1784,0,0,0,billing,2025-07-18T06:29:46,benign
log_466,doc_39,read_phi,phi_rec_1849,1,1,0,diagnosis,2025-07-04T00:31:19,benign
log_467,doc_0,read_phi,phi_rec_319,0,1,0,diagnosis,2025-04-26T08:11:34,violation_hipaa_auth
log_468,doc_31,read_phi,phi_rec_532,0,0,0,marketing,2025-07-08T11:44:46,benign
log_469,bclerk_14,read_phi,phi_rec_455,0,0,1,billing,2025-08-23T22:41:14,benign
log_470,doc_4,read_phi,phi_rec_1843,0,0,0,billing,2025-06-22T11:44:23,benign
log_471,doc_45,read_phi,phi_rec_1112,1,1,0,diagnosis,2025-05-22T07:57:00,benign
log_472,bclerk_10,read_phi,phi_rec_1335,0,0,1,billing,2025-04-05T03:04:55,benign
log_473,bclerk_13,read_phi,phi_rec_1504,0,0,1,billing,2025-07-14T08:50:16,benign
log_474,doc_2,read_phi,phi_rec_293,1,0,0,research,2025-05-19T14:56:01,violation_gdpr_art18
log_475,doc_25,read_phi,phi_rec_419,0,0,0,marketing,2025-02-12T07:46:16,benign
log_476,doc_35,read_phi,phi_rec_1483,0,0,0,marketing,2025-06-18T01:51:18,benign
log_477,bclerk_4,read_phi,phi_rec_797,0,0,1,billing,2025-08-25T05:25:28,benign
log_478,bclerk_6,read_phi,phi_rec_1186,0,0,1,billing,2025-02-18T13:42:35,benign
log_479,doc_25,read_phi,phi_rec_354,0,0,0,billing,2025-08-25T00:06:55,benign
log_480,doc_33,read_phi,phi_rec_957,0,0,0,billing,2025-03-20T17:29:33,benign
log_481,doc_26,read_phi,phi_rec_731,1,0,0,research,2025-06-27T21:57:17,benign
log_482,bclerk_9,read_phi,phi_rec_824,0,0,1,billing,2025-04-09T09:18:49,benign
log_483,bclerk_9,read_phi,phi_rec_1205,0,0,1,billing,2025-03-09T12:08:31,benign
log_484,doc_13,read_phi,phi_rec_1302,0,0,0,marketing,2025-04-10T23:58:56,benign
log_485,doc_29,read_phi,phi_rec_1177,1,1,0,research,2025-08-28T17:06:49,benign
log_486,doc_25,read_phi,phi_rec_419,1,1,0,research,2025-08-24T15:08:30,benign
log_487,doc_30,read_phi,phi_rec_629,0,0,0,billing,2025-05-21T16:15:29,benign
log_488,doc_9,read_phi,phi_rec_1898,0,0,0,marketing,2025-08-25T05:51:55,benign
log_489,doc_16,read_phi,phi_rec_783,1,0,0,diagnosis,2025-01-23T18:37:09,benign
log_490,doc_18,read_phi,phi_rec_1031,0,0,0,marketing,2025-02-12T19:56:48,benign
log_491,doc_37,read_phi,phi_rec_1285,1,1,0,research,2025-05-24T11:36:06,benign
log_492,doc_12,read_phi,phi_rec_695,1,0,0,research,2025-04-17T11:49:45,benign
log_493,doc_49,read_phi,phi_rec_1806,0,0,0,billing,2025-08-16T02:23:09,benign
log_494,doc_27,read_phi,phi_rec_1247,0,1,0,diagnosis,2025-02-20T05:55:47,benign
log_495,doc_10,read_phi,phi_rec_1906,0,0,0,billing,2025-01-19T08:27:20,benign
log_496,doc_1,read_phi,phi_rec_740,0,1,0,diagnosis,2025-01-24T02:49:17,benign
log_497,doc_15,read_phi,phi_rec_1926,0,0,0,billing,2025-03-30T12:14:36,benign
log_498,doc_10,read_phi,phi_rec_217,0,0,0,billing,2025-07-01T20:05:03,benign
log_499,bclerk_0,read_phi,phi_rec_1199,0,0,1,marketing,2025-08-14T03:27:06,violation_gdpr_art18
log_500,doc_46,read_phi,phi_rec_186,1,1,0,diagnosis,2025-07-31T00:07:47,benign
log_501,doc_5,read_phi,phi_rec_1757,1,1,0,diagnosis,2025-04-06T11:43:32,benign
log_502,doc_44,read_phi,phi_rec_1880,1,1,0,research,2025-04-24T04:26:32,benign
log_503,doc_38,read_phi,phi_rec_819,0,0,0,billing,2025-02-07T00:35:12,benign
log_504,doc_0,read_phi,phi_rec_1903,0,0,0,billing,2025-03-06T04:21:15,benign
log_505,doc_48,read_phi,phi_rec_1191,0,0,0,billing,2025-01-14T23:13:00,benign
log_506,doc_18,read_phi,phi_rec_15,0,0,0,billing,2025-06-22T13:09:05,benign
log_507,doc_31,read_phi,phi_rec_1547,1,0,0,research,2025-05-08T18:48:04,benign
log_508,doc_9,read_phi,phi_rec_1963,1,1,0,research,2025-06-22T05:46:31,benign
log_509,bclerk_1,read_phi,phi_rec_1829,0,0,1,billing,2025-07-03T15:03:15,benign
log_510,doc_20,read_phi,phi_rec_72,0,0,0,marketing,2025-03-29T11:04:12,benign
log_511,doc_27,read_phi,phi_rec_1211,0,0,0,marketing,2025-02-03T10:40:45,benign
log_512,doc_27,read_phi,phi_rec_723,0,0,0,billing,2025-07-29T19:23:56,benign
log_513,doc_17,read_phi,phi_rec_968,0,0,0,billing,2025-08-09T11:10:55,benign
log_514,bclerk_1,read_phi,phi_rec_235,0,0,1,billing,2025-01-30T11:48:49,benign
log_515,bclerk_11,read_phi,phi_rec_869,0,0,1,billing,2025-01-27T12:44:06,benign
log_516,bclerk_7,read_phi,phi_rec_1716,0,0,1,billing,2025-01-09T19:07:13,benign
log_517,bclerk_2,read_phi,phi_rec_290,0,0,1,billing,2025-06-09T16:34:28,benign
log_518,bclerk_10,read_phi,phi_rec_677,0,0,1,billing,2025-05-11T07:25:55,benign
log_519,doc_35,read_phi,phi_rec_984,0,0,0,billing,2025-02-07T14:32:35,benign
log_520,doc_11,read_phi,phi_rec_748,0,1,0,billing,2025-02-07T15:05:51,violation_hipaa_auth
log_521,bclerk_2,read_phi,phi_rec_680,0,0,1,billing,2025-01-15T12:17:38,benign
log_522,bclerk_1,read_phi,phi_rec_612,0,0,1,billing,2025-04-17T13:36:27,benign
log_523,bclerk_9,read_phi,phi_rec_1366,0,0,1,billing,2025-03-22T12:40:57,benign
log_524,doc_40,read_phi,phi_rec_1459,1,1,0,diagnosis,2025-06-05T08:19:03,benign
log_525,doc_36,read_phi,phi_rec_608,0,0,0,billing,2025-04-23T01:56:06,benign
log_526,doc_42,read_phi,phi_rec_919,1,1,0,diagnosis,2025-01-08T00:08:21,benign
log_527,doc_43,read_phi,phi_rec_686,1,1,0,diagnosis,2025-02-08T02:19:30,benign
log_528,bclerk_7,read_phi,phi_rec_1684,0,0,1,billing,2025-02-24T10:17:52,benign
log_529,doc_35,read_phi,phi_rec_1570,0,0,0,billing,2025-06-12T14:29:38,benign
log_530,bclerk_6,read_phi,phi_rec_1184,0,1,0,billing,2025-05-02T00:26:18,violation_hipaa_min_necessary
log_531,doc_40,read_phi,phi_rec_988,1,1,0,diagnosis,2025-06-26T13:50:39,benign
log_532,doc_19,read_phi,phi_rec_199,0,0,0,billing,2025-02-20T04:12:21,benign
log_533,doc_33,read_phi,phi_rec_1599,0,0,0,billing,2025-04-18T13:50:14,benign
log_534,doc_16,read_phi,phi_rec_228,0,0,0,billing,2025-01-26T10:02:38,benign
log_535,doc_1,read_phi,phi_rec_651,1,1,0,diagnosis,2025-06-16T00:04:57,benign
log_536,bclerk_0,read_phi,phi_rec_489,0,0,1,marketing,2025-03-31T23:44:17,violation_gdpr_art18
log_537,doc_43,read_phi,phi_rec_1947,0,1,0,diagnosis,2025-02-06T18:55:30,benign
log_538,doc_39,read_phi,phi_rec_101,0,0,0,billing,2025-02-05T13:17:30,benign
log_539,doc_14,read_phi,phi_rec_1033,0,0,0,billing,2025-03-04T01:48:49,benign
log_540,bclerk_3,read_phi,phi_rec_1840,0,0,1,billing,2025-07-15T03:30:21,benign
log_541,bclerk_8,read_phi,phi_rec_1191,0,0,1,billing,2025-03-06T11:54:50,benign
log_542,doc_2,read_phi,phi_rec_412,1,1,0,diagnosis,2025-06-15T22:26:08,benign
log_543,doc_1,read_phi,phi_rec_1009,0,0,0,billing,2025-06-08T01:33:29,benign
log_544,doc_14,read_phi,phi_rec_1933,1,0,0,diagnosis,2025-03-07T18:02:20,benign
log_545,doc_14,read_phi,phi_rec_1272,1,0,0,research,2025-05-21T01:26:02,benign
log_546,doc_44,read_phi,phi_rec_865,0,0,0,billing,2025-04-23T17:54:04,benign
log_547,doc_19,read_phi,phi_rec_834,0,0,0,billing,2025-07-14T10:31:22,benign
log_548,doc_36,read_phi,phi_rec_459,0,0,0,billing,2025-02-03T07:38:04,benign
log_549,doc_0,read_phi,phi_rec_47,0,1,0,research,2025-05-07T02:17:14,violation_gdpr_art18
log_550,doc_33,read_phi,phi_rec_1599,0,0,0,billing,2025-07-07T20:28:25,benign
log_551,doc_10,read_phi,phi_rec_1120,0,1,0,research,2025-04-25T19:02:41,violation_gdpr_art18
log_552,bclerk_14,read_phi,phi_rec_559,0,0,1,billing,2025-04-05T14:04:57,benign
log_553,doc_16,read_phi,phi_rec_194,0,0,0,marketing,2025-03-15T18:57:19,benign
log_554,doc_19,read_phi,phi_rec_894,1,0,0,diagnosis,2025-01-08T08:06:36,benign
log_555,doc_19,read_phi,phi_rec_1364,1,1,0,diagnosis,2025-08-19T03:53:03,benign
log_556,doc_16,read_phi,phi_rec_1860,1,1,0,research,2025-03-30T22:23:37,benign
log_557,doc_43,read_phi,phi_rec_1160,0,1,0,diagnosis,2025-07-17T13:44:50,benign
log_558,doc_35,read_phi,phi_rec_323,1,1,0,research,2025-04-29T16:13:28,benign
log_559,doc_46,read_phi,phi_rec_1032,0,0,0,marketing,2025-01-23T22:02:57,benign
log_560,doc_42,read_phi,phi_rec_1577,1,0,0,research,2025-08-17T04:53:33,violation_gdpr_art18
log_561,doc_3,read_phi,phi_rec_1538,0,0,0,billing,2025-01-16T04:14:25,benign
log_562,doc_31,read_phi,phi_rec_6,0,0,0,billing,2025-07-27T17:08:54,benign
log_563,doc_12,read_phi,phi_rec_63,1,1,0,diagnosis,2025-03-05T22:12:37,benign
log_564,doc_7,read_phi,phi_rec_423,0,0,0,billing,2025-03-19T07:24:10,benign
log_565,doc_25,read_phi,phi_rec_294,1,1,0,diagnosis,2025-05-18T02:23:08,benign
log_566,doc_12,read_phi,phi_rec_1710,0,0,0,billing,2025-04-26T07:54:54,benign
log_567,doc_18,read_phi,phi_rec_813,0,0,0,billing,2025-04-05T13:03:26,benign
log_568,doc_26,read_phi,phi_rec_846,0,0,0,billing,2025-06-07T06:03:08,benign
log_569,bclerk_12,read_phi,phi_rec_1868,0,0,1,billing,2025-03-22T02:10:11,benign
log_570,doc_38,read_phi,phi_rec_85,0,1,0,research,2025-01-14T11:55:00,benign
log_571,doc_2,read_phi,phi_rec_1688,1,1,0,diagnosis,2025-03-06T08:04:41,benign
log_572,doc_19,read_phi,phi_rec_428,0,0,0,marketing,2025-06-14T13:21:39,benign
log_573,doc_22,read_phi,phi_rec_262,0,0,0,billing,2025-07-07T07:57:57,benign
log_574,doc_27,read_phi,phi_rec_1664,1,1,0,diagnosis,2025-01-25T01:59:28,benign
log_575,bclerk_13,read_phi,phi_rec_414,0,0,1,billing,2025-08-10T02:07:42,benign
log_576,doc_44,read_phi,phi_rec_977,0,0,0,billing,2025-07-24T14:15:18,benign
log_577,doc_31,read_phi,phi_rec_533,0,1,0,diagnosis,2025-01-22T01:58:37,benign
log_578,doc_29,read_phi,phi_rec_1790,0,0,0,billing,2025-08-28T02:05:10,benign
log_579,bclerk_7,read_phi,phi_rec_670,0,0,1,billing,2025-01-24T13:15:26,benign
log_580,doc_15,read_phi,phi_rec_1204,1,1,0,diagnosis,2025-04-16T11:11:00,benign
log_581,doc_25,read_phi,phi_rec_691,0,0,0,billing,2025-07-05T16:19:30,benign
log_582,doc_22,read_phi,phi_rec_1121,0,0,0,billing,2025-06-02T00:50:58,benign
log_583,bclerk_7,read_phi,phi_rec_992,0,0,1,billing,2025-01-07T16:14:57,benign
log_584,doc_2,read_phi,phi_rec_3,1,1,0,diagnosis,2025-02-05T13:25:30,benign
log_585,doc_29,read_phi,phi_rec_1224,0,0,0,billing,2025-03-09T10:24:40,benign
log_586,doc_37,read_phi,phi_rec_126,1,1,0,diagnosis,2025-03-21T14:52:47,benign
log_587,doc_2,read_phi,phi_rec_561,1,1,0,research,2025-07-05T01:46:44,benign
log_588,doc_16,read_phi,phi_rec_1520,0,0,0,marketing,2025-05-07T17:58:47,benign
log_589,doc_46,read_phi,phi_rec_1350,0,0,0,billing,2025-04-11T17:54:13,benign
log_590,doc_13,read_phi,phi_rec_122,1,1,0,diagnosis,2025-08-08T18:52:43,benign
log_591,doc_26,read_phi,phi_rec_1856,1,0,0,diagnosis,2025-07-17T10:04:51,benign
log_592,bclerk_9,read_phi,phi_rec_337,0,0,1,billing,2025-04-17T21:02:03,benign
log_593,bclerk_10,read_phi,phi_rec_898,0,1,0,billing,2025-02-23T09:22:44,violation_hipaa_min_necessary
log_594,doc_16,read_phi,phi_rec_1676,1,1,0,diagnosis,2025-04-15T16:25:13,benign
log_595,doc_42,read_phi,phi_rec_706,1,1,0,diagnosis,2025-04-06T19:11:29,benign
log_596,doc_40,read_phi,phi_rec_38,0,0,0,billing,2025-08-12T00:20:15,benign
log_597,doc_31,read_phi,phi_rec_532,1,0,0,diagnosis,2025-04-16T00:16:23,benign
log_598,doc_40,read_phi,phi_rec_698,0,1,0,research,2025-04-29T01:15:41,benign
log_599,doc_28,read_phi,phi_rec_1001,0,0,0,marketing,2025-03-18T09:32:32,benign
log_600,doc_21,read_phi,phi_rec_570,0,1,0,research,2025-08-15T01:34:11,benign
log_601,doc_0,read_phi,phi_rec_1956,0,0,0,billing,2025-04-06T12:13:41,benign
log_602,bclerk_14,read_phi,phi_rec_50,0,0,1,billing,2025-02-28T06:59:56,benign
log_603,bclerk_8,read_phi,phi_rec_559,0,0,1,billing,2025-06-07T14:41:54,benign
log_604,bclerk_4,read_phi,phi_rec_1255,0,0,1,billing,2025-04-13T11:45:50,benign
log_605,doc_30,read_phi,phi_rec_1896,0,0,0,billing,2025-02-12T09:09:55,benign
log_606,doc_47,read_phi,phi_rec_1401,1,1,0,research,2025-07-16T22:31:14,benign
log_607,doc_39,read_phi,phi_rec_37,1,1,0,diagnosis,2025-03-22T23:52:37,benign
log_608,doc_1,read_phi,phi_rec_704,0,0,0,marketing,2025-05-14T19:53:17,benign
log_609,bclerk_6,read_phi,phi_rec_1787,0,0,1,billing,2025-05-09T08:38:00,benign
log_610,doc_35,read_phi,phi_rec_828,1,1,0,diagnosis,2025-04-19T06:00:56,benign
log_611,bclerk_5,read_phi,phi_rec_1713,0,0,1,billing,2025-02-27T08:34:15,benign
log_612,bclerk_8,read_phi,phi_rec_999,0,0,1,billing,2025-02-02T08:13:48,benign
log_613,doc_13,read_phi,phi_rec_334,1,1,0,research,2025-07-17T04:20:59,benign
log_614,bclerk_2,read_phi,phi_rec_736,0,0,1,billing,2025-02-09T15:56:08,benign
log_615,bclerk_9,read_phi,phi_rec_498,1,0,0,billing,2025-03-31T15:48:28,violation_hipaa_min_necessary
log_616,doc_37,read_phi,phi_rec_11,1,0,0,research,2025-04-15T07:06:33,benign
log_617,bclerk_14,read_phi,phi_rec_63,0,0,1,billing,2025-07-17T03:13:51,benign
log_618,doc_34,read_phi,phi_rec_1245,0,0,0,marketing,2025-04-04T08:04:11,benign
log_619,doc_22,read_phi,phi_rec_1373,0,0,0,marketing,2025-04-24T08:50:28,benign
log_620,bclerk_6,read_phi,phi_rec_55,0,0,1,billing,2025-03-30T10:12:38,benign
log_621,doc_49,read_phi,phi_rec_865,0,1,0,research,2025-01-26T01:10:06,violation_hipaa_auth
log_622,bclerk_10,read_phi,phi_rec_636,0,0,1,billing,2025-05-12T04:24:30,benign
log_623,doc_45,read_phi,phi_rec_271,1,1,0,diagnosis,2025-03-17T00:25:15,benign
log_624,bclerk_8,read_phi,phi_rec_754,0,0,1,billing,2025-01-31T09:46:36,benign
log_625,doc_3,read_phi,phi_rec_1346,1,1,0,research,2025-07-14T07:44:55,benign
log_626,doc_12,read_phi,phi_rec_1629,1,0,0,diagnosis,2025-08-28T15:50:16,benign
log_627,doc_46,read_phi,phi_rec_1426,0,0,0,billing,2025-04-03T09:48:25,benign
log_628,doc_36,read_phi,phi_rec_708,1,1,0,diagnosis,2025-03-08T21:00:20,benign
log_629,bclerk_0,read_phi,phi_rec_1093,0,0,1,billing,2025-07-01T16:53:54,benign
log_630,doc_40,read_phi,phi_rec_1446,0,0,0,marketing,2025-07-24T12:59:44,benign
log_631,bclerk_9,read_phi,phi_rec_1680,0,0,1,billing,2025-03-29T23:28:16,benign
log_632,doc_14,read_phi,phi_rec_285,1,1,0,research,2025-03-04T05:01:10,benign
log_633,doc_15,read_phi,phi_rec_426,0,0,0,billing,2025-07-03T06:29:12,benign
log_634,bclerk_0,read_phi,phi_rec_1636,0,0,1,marketing,2025-07-10T00:22:26,violation_gdpr_art18
log_635,doc_21,read_phi,phi_rec_82,1,0,0,diagnosis,2025-07-07T13:37:30,benign
log_636,bclerk_13,read_phi,phi_rec_1919,0,0,1,billing,2025-07-08T23:16:08,benign
log_637,doc_2,read_phi,phi_rec_412,1,0,0,diagnosis,2025-05-14T17:59:42,benign
log_638,doc_48,read_phi,phi_rec_694,1,1,0,diagnosis,2025-05-19T14:09:50,benign
log_639,doc_12,read_phi,phi_rec_1861,0,0,0,marketing,2025-02-10T09:37:31,benign
log_640,bclerk_9,read_phi,phi_rec_289,0,0,1,billing,2025-06-01T08:02:22,benign
log_641,doc_35,read_phi,phi_rec_1907,1,1,0,research,2025-01-22T23:28:39,benign
log_642,doc_18,read_phi,phi_rec_969,0,1,0,research,2025-06-22T00:48:05,benign
log_643,doc_0,read_phi,phi_rec_1280,0,0,0,marketing,2025-03-14T16:02:17,benign
log_644,doc_37,read_phi,phi_rec_267,0,0,0,billing,2025-08-05T17:28:30,benign
log_645,doc_28,read_phi,phi_rec_736,1,1,0,diagnosis,2025-05-03T01:56:10,benign
log_646,doc_18,read_phi,phi_rec_813,0,0,0,marketing,2025-01-14T22:04:06,benign
log_647,doc_9,read_phi,phi_rec_650,0,0,0,billing,2025-04-12T20:01:45,benign
log_648,doc_0,read_phi,phi_rec_333,0,0,0,billing,2025-06-29T06:14:01,benign
log_649,doc_32,read_phi,phi_rec_204,0,0,0,marketing,2025-05-17T10:07:04,benign
log_650,bclerk_13,read_phi,phi_rec_1822,0,0,1,billing,2025-03-29T00:34:37,benign
log_651,doc_3,read_phi,phi_rec_1248,0,0,0,billing,2025-02-23T02:58:48,benign
log_652,doc_2,read_phi,phi_rec_1617,0,0,0,billing,2025-07-24T13:24:16,benign
log_653,doc_1,read_phi,phi_rec_1718,0,0,0,billing,2025-05-09T23:19:17,benign
log_654,doc_2,read_phi,phi_rec_1348,0,0,0,marketing,2025-05-04T21:31:53,benign
log_655,doc_10,read_phi,phi_rec_217,1,1,0,diagnosis,2025-03-25T05:07:38,benign
log_656,bclerk_11,read_phi,phi_rec_353,0,1,0,billing,2025-05-16T05:17:21,violation_hipaa_min_necessary
log_657,doc_30,read_phi,phi_rec_1700,0,0,0,billing,2025-08-16T04:09:26,benign
log_658,doc_5,read_phi,phi_rec_906,0,0,0,billing,2025-08-05T04:59:02,benign
log_659,doc_31,read_phi,phi_rec_1298,0,0,0,diagnosis,2025-07-25T13:44:22,benign
log_660,doc_2,read_phi,phi_rec_1024,1,1,0,diagnosis,2025-04-08T12:18:07,benign
log_661,doc_48,read_phi,phi_rec_1678,0,0,0,billing,2025-07-07T02:58:34,benign
log_662,doc_12,read_phi,phi_rec_689,1,0,0,research,2025-04-18T00:30:46,benign
log_663,doc_10,read_phi,phi_rec_1792,1,1,0,diagnosis,2025-04-17T08:55:17,benign
log_664,doc_22,read_phi,phi_rec_1320,1,1,0,research,2025-06-07T08:22:10,benign
log_665,doc_16,read_phi,phi_rec_467,0,1,0,diagnosis,2025-01-09T21:25:56,violation_hipaa_auth
log_666,doc_6,read_phi,phi_rec_26,1,1,0,research,2025-05-22T12:00:42,benign
log_667,bclerk_9,read_phi,phi_rec_252,0,0,1,billing,2025-02-26T12:58:28,benign
log_668,doc_3,read_phi,phi_rec_1369,0,0,0,billing,2025-07-09T06:54:08,benign
log_669,doc_17,read_phi,phi_rec_1476,0,0,0,marketing,2025-03-07T21:26:06,benign
log_670,doc_1,read_phi,phi_rec_704,1,1,0,research,2025-06-07T20:30:33,benign
log_671,doc_24,read_phi,phi_rec_683,0,0,0,billing,2025-07-30T19:20:27,benign
log_672,bclerk_2,read_phi,phi_rec_907,0,0,1,billing,2025-01-31T21:53:21,benign
log_673,doc_8,read_phi,phi_rec_622,0,0,0,billing,2025-01-10T18:07:46,benign
log_674,bclerk_8,read_phi,phi_rec_1568,0,0,1,billing,2025-03-27T21:50:25,benign
log_675,doc_15,read_phi,phi_rec_1352,0,1,0,diagnosis,2025-01-01T05:44:08,benign
log_676,bclerk_9,read_phi,phi_rec_1994,0,0,1,billing,2025-07-19T22:08:58,benign
log_677,doc_15,read_phi,phi_rec_1789,1,0,0,diagnosis,2025-08-14T22:03:36,benign
log_678,bclerk_0,read_phi,phi_rec_1998,0,0,1,billing,2025-01-24T00:50:55,benign
log_679,doc_1,read_phi,phi_rec_1953,0,0,0,marketing,2025-05-10T16:44:19,benign
log_680,bclerk_12,read_phi,phi_rec_1208,0,0,1,billing,2025-04-15T07:07:04,benign
log_681,bclerk_5,read_phi,phi_rec_1608,0,0,1,billing,2025-08-14T12:23:58,benign
log_682,bclerk_3,read_phi,phi_rec_1216,0,0,1,billing,2025-06-19T21:38:47,benign
log_683,doc_33,read_phi,phi_rec_876,0,0,0,billing,2025-05-30T09:30:11,benign
log_684,doc_32,read_phi,phi_rec_239,1,1,0,diagnosis,2025-05-20T09:54:21,benign
log_685,doc_25,read_phi,phi_rec_1923,0,0,0,marketing,2025-05-28T02:31:54,benign
log_686,doc_10,read_phi,phi_rec_1278,0,0,0,billing,2025-06-09T14:18:15,benign
log_687,bclerk_13,read_phi,phi_rec_1875,0,0,1,billing,2025-05-15T01:08:07,benign
log_688,bclerk_0,read_phi,phi_rec_1519,0,0,1,billing,2025-03-03T14:39:30,benign
log_689,doc_35,read_phi,phi_rec_1618,0,0,0,marketing,2025-04-23T21:59:23,benign
log_690,bclerk_7,read_phi,phi_rec_1336,0,0,1,billing,2025-05-02T10:55:46,benign
log_691,bclerk_12,read_phi,phi_rec_611,0,1,0,billing,2025-05-22T02:23:02,violation_hipaa_min_necessary
log_692,bclerk_7,read_phi,phi_rec_75,0,0,1,billing,2025-06-27T19:07:39,benign
log_693,doc_9,read_phi,phi_rec_548,0,0,0,billing,2025-01-03T17:55:20,benign
log_694,doc_3,read_phi,phi_rec_1248,0,0,0,marketing,2025-02-14T20:31:30,benign
log_695,doc_48,read_phi,phi_rec_1622,0,0,0,billing,2025-03-08T03:01:53,benign
log_696,doc_44,read_phi,phi_rec_1612,1,1,0,research,2025-06-07T21:35:55,benign
log_697,doc_20,read_phi,phi_rec_1669,0,0,0,marketing,2025-04-14T22:21:38,benign
log_698,doc_0,read_phi,phi_rec_1243,0,0,0,billing,2025-08-22T08:10:04,benign
log_699,doc_12,read_phi,phi_rec_1603,0,1,0,research,2025-02-13T21:03:35,benign
log_700,doc_35,read_phi,phi_rec_420,0,0,0,billing,2025-07-10T12:01:22,benign
log_701,doc_37,read_phi,phi_rec_1508,0,0,0,billing,2025-07-17T04:37:28,benign
log_702,doc_10,read_phi,phi_rec_1532,0,0,0,marketing,2025-07-05T03:34:14,benign
log_703,bclerk_12,read_phi,phi_rec_224,0,0,1,billing,2025-02-28T04:38:33,benign
log_704,doc_32,read_phi,phi_rec_1582,0,0,0,billing,2025-02-19T23:49:10,benign
log_705,doc_12,read_phi,phi_rec_1677,1,1,0,research,2025-05-26T18:51:04,benign
log_706,doc_26,read_phi,phi_rec_951,1,1,0,diagnosis,2025-04-29T17:37:56,benign
log_707,bclerk_14,read_phi,phi_rec_1253,0,0,1,billing,2025-07-22T19:36:57,benign
log_708,doc_17,read_phi,phi_rec_859,1,1,0,research,2025-08-25T08:35:35,benign
log_709,bclerk_14,read_phi,phi_rec_1172,0,0,1,billing,2025-07-07T08:50:07,benign
log_710,bclerk_10,read_phi,phi_rec_679,0,0,1,billing,2025-05-16T22:48:00,benign
log_711,doc_30,read_phi,phi_rec_261,0,0,0,billing,2025-08-12T20:11:54,benign
log_712,doc_28,read_phi,phi_rec_1060,0,0,0,billing,2025-04-30T06:51:58,benign
log_713,doc_40,read_phi,phi_rec_286,1,0,0,diagnosis,2025-07-05T09:52:20,benign
log_714,bclerk_0,read_phi,phi_rec_1131,0,0,1,billing,2025-08-21T21:02:50,benign
log_715,doc_20,read_phi,phi_rec_1384,0,0,0,marketing,2025-03-20T01:32:30,benign
log_716,doc_44,read_phi,phi_rec_1834,0,0,0,marketing,2025-05-17T03:05:13,benign
log_717,doc_22,read_phi,phi_rec_1309,1,1,0,research,2025-07-31T05:34:11,benign
log_718,doc_16,read_phi,phi_rec_1520,1,0,0,research,2025-08-13T12:12:50,violation_gdpr_art18
log_719,doc_8,read_phi,phi_rec_258,1,1,0,diagnosis,2025-03-15T12:42:45,benign
log_720,doc_43,read_phi,phi_rec_1527,0,0,0,marketing,2025-03-04T22:08:31,benign
log_721,doc_49,read_phi,phi_rec_1297,1,1,0,research,2025-06-25T13:40:25,benign
log_722,doc_27,read_phi,phi_rec_1593,1,1,0,research,2025-01-13T15:45:25,benign
log_723,doc_21,read_phi,phi_rec_403,1,1,0,diagnosis,2025-07-18T12:03:52,benign
log_724,doc_29,read_phi,phi_rec_1855,1,1,0,research,2025-05-03T14:40:51,benign
log_725,doc_22,read_phi,phi_rec_367,0,0,0,billing,2025-07-08T16:21:21,benign
log_726,doc_6,read_phi,phi_rec_1234,0,0,0,marketing,2025-08-08T09:04:31,benign
log_727,doc_45,read_phi,phi_rec_1042,0,1,0,research,2025-06-22T09:36:20,benign
log_728,doc_24,read_phi,phi_rec_0,0,0,0,billing,2025-02-01T08:24:15,benign
log_729,bclerk_5,read_phi,phi_rec_1629,1,0,0,billing,2025-01-23T09:14:25,violation_hipaa_min_necessary
log_730,bclerk_0,read_phi,phi_rec_761,0,0,1,billing,2025-02-08T09:08:45,benign
log_731,doc_27,read_phi,phi_rec_1063,1,1,0,diagnosis,2025-04-02T16:44:15,benign
log_732,doc_49,read_phi,phi_rec_649,1,1,0,research,2025-05-05T18:09:01,benign
log_733,doc_40,read_phi,phi_rec_1286,0,0,0,marketing,2025-07-13T05:59:56,benign
log_734,doc_32,read_phi,phi_rec_1292,1,1,0,diagnosis,2025-02-23T00:37:32,benign
log_735,doc_36,read_phi,phi_rec_64,0,0,0,marketing,2025-08-26T06:56:11,benign
log_736,doc_8,read_phi,phi_rec_955,0,0,0,marketing,2025-04-03T23:22:51,benign
log_737,doc_40,read_phi,phi_rec_1274,1,1,0,diagnosis,2025-07-31T04:38:28,benign
log_738,doc_0,read_phi,phi_rec_314,0,1,0,research,2025-08-24T21:28:28,violation_gdpr_art18
log_739,doc_45,read_phi,phi_rec_903,0,1,0,research,2025-02-11T20:12:06,benign
log_740,doc_23,read_phi,phi_rec_1625,1,1,0,diagnosis,2025-01-21T06:36:50,benign
log_741,doc_25,read_phi,phi_rec_980,1,1,0,diagnosis,2025-01-16T09:12:46,benign
log_742,doc_20,read_phi,phi_rec_1146,1,1,0,diagnosis,2025-03-01T20:37:41,benign
log_743,doc_30,read_phi,phi_rec_9,0,0,0,billing,2025-08-03T13:26:13,benign
log_744,bclerk_12,read_phi,phi_rec_1473,0,0,1,billing,2025-07-05T10:39:22,benign
log_745,doc_39,read_phi,phi_rec_19,0,0,0,billing,2025-07-23T00:32:29,benign
log_746,doc_21,read_phi,phi_rec_1602,0,0,0,marketing,2025-03-09T20:05:14,benign
log_747,doc_23,read_phi,phi_rec_405,0,0,0,billing,2025-06-30T08:28:25,benign
log_748,doc_27,read_phi,phi_rec_1605,0,0,0,marketing,2025-02-15T16:06:39,benign
log_749,bclerk_6,read_phi,phi_rec_372,0,0,1,billing,2025-08-25T16:44:15,benign
log_750,doc_48,read_phi,phi_rec_1515,1,0,0,research,2025-08-03T07:24:06,benign
log_751,doc_8,read_phi,phi_rec_1338,0,1,0,diagnosis,2025-02-04T03:11:31,benign
log_752,doc_8,read_phi,phi_rec_1305,0,0,0,marketing,2025-04-26T05:16:11,benign
log_753,doc_19,read_phi,phi_rec_1164,0,0,0,billing,2025-05-19T03:32:19,benign
log_754,bclerk_7,read_phi,phi_rec_1035,0,0,1,billing,2025-04-05T20:30:09,benign
log_755,doc_20,read_phi,phi_rec_742,0,0,0,billing,2025-04-30T13:22:54,benign
log_756,bclerk_4,read_phi,phi_rec_882,0,0,1,billing,2025-04-18T21:11:24,benign
log_757,bclerk_4,read_phi,phi_rec_259,1,0,0,billing,2025-02-22T12:44:02,violation_hipaa_min_necessary
log_758,doc_23,read_phi,phi_rec_418,0,0,0,marketing,2025-07-14T04:10:14,benign
log_759,doc_13,read_phi,phi_rec_1347,0,0,0,marketing,2025-01-18T05:33:54,benign
log_760,doc_0,read_phi,phi_rec_1479,1,1,0,diagnosis,2025-01-30T23:25:43,benign
log_761,doc_31,read_phi,phi_rec_310,0,0,0,marketing,2025-04-29T03:45:52,benign
log_762,doc_43,read_phi,phi_rec_290,0,0,0,marketing,2025-03-25T02:44:08,benign
log_763,doc_14,read_phi,phi_rec_1257,1,1,0,research,2025-04-10T01:24:31,benign
log_764,doc_46,read_phi,phi_rec_1456,0,0,0,billing,2025-04-06T06:56:40,benign
log_765,bclerk_0,read_phi,phi_rec_1040,0,0,1,billing,2025-02-22T18:49:25,benign
log_766,bclerk_9,read_phi,phi_rec_737,0,0,1,billing,2025-04-13T13:48:03,benign
log_767,bclerk_12,read_phi,phi_rec_448,0,0,1,billing,2025-01-08T01:53:34,benign
log_768,doc_16,read_phi,phi_rec_1453,0,0,0,billing,2025-04-15T13:10:02,benign
log_769,doc_21,read_phi,phi_rec_444,0,0,0,billing,2025-05-28T02:58:45,benign
log_770,doc_21,read_phi,phi_rec_1137,0,0,0,marketing,2025-04-12T03:31:44,benign
log_771,doc_26,read_phi,phi_rec_595,1,1,0,research,2025-01-02T06:51:57,benign
log_772,doc_47,read_phi,phi_rec_254,0,0,0,billing,2025-08-20T10:13:08,benign
log_773,doc_29,read_phi,phi_rec_982,0,0,0,billing,2025-08-04T17:20:03,benign
log_774,doc_35,read_phi,phi_rec_323,0,0,0,billing,2025-08-18T09:46:12,benign
log_775,doc_10,read_phi,phi_rec_217,0,1,0,diagnosis,2025-03-19T23:35:29,benign
log_776,doc_18,read_phi,phi_rec_952,0,0,0,billing,2025-03-29T20:54:37,benign
log_777,doc_27,read_phi,phi_rec_1063,0,0,0,billing,2025-08-21T14:54:10,benign
log_778,doc_19,read_phi,phi_rec_1853,0,0,0,billing,2025-07-07T16:52:47,benign
log_779,doc_47,read_phi,phi_rec_1019,0,0,0,billing,2025-06-03T03:29:02,benign
log_780,doc_40,read_phi,phi_rec_1921,1,1,0,diagnosis,2025-03-22T11:08:49,benign
log_781,doc_3,read_phi,phi_rec_669,0,1,0,diagnosis,2025-06-28T09:25:05,benign
log_782,doc_43,read_phi,phi_rec_1947,1,0,0,diagnosis,2025-07-10T13:18:24,benign
log_783,doc_22,read_phi,phi_rec_1754,1,1,0,diagnosis,2025-01-01T23:58:03,benign
log_784,bclerk_5,read_phi,phi_rec_1358,0,0,1,billing,2025-05-21T13:05:12,benign
log_785,doc_26,read_phi,phi_rec_962,1,1,0,diagnosis,2025-05-01T01:41:08,benign
log_786,doc_47,read_phi,phi_rec_454,0,0,0,marketing,2025-03-11T08:24:22,benign
log_787,doc_30,read_phi,phi_rec_1896,0,0,0,billing,2025-01-21T19:57:50,benign
log_788,doc_44,read_phi,phi_rec_1764,0,0,0,marketing,2025-05-04T01:12:35,benign
log_789,bclerk_6,read_phi,phi_rec_95,0,0,1,billing,2025-07-20T07:13:49,benign
log_790,doc_20,read_phi,phi_rec_378,1,1,0,diagnosis,2025-08-04T02:56:03,benign
log_791,bclerk_8,read_phi,phi_rec_489,0,0,1,billing,2025-03-27T14:52:43,benign
log_792,doc_34,read_phi,phi_rec_256,0,1,0,diagnosis,2025-04-02T20:36:44,benign
log_793,bclerk_1,read_phi,phi_rec_1996,0,0,1,billing,2025-05-05T03:24:01,benign
log_794,doc_40,read_phi,phi_rec_880,0,0,0,marketing,2025-08-10T08:11:33,benign
log_795,doc_7,read_phi,phi_rec_137,0,0,0,marketing,2025-07-07T18:33:50,benign
log_796,doc_9,read_phi,phi_rec_369,1,0,0,research,2025-04-12T16:34:43,benign
log_797,doc_20,read_phi,phi_rec_1669,1,1,0,diagnosis,2025-06-04T01:29:07,benign
log_798,doc_37,read_phi,phi_rec_139,1,1,0,diagnosis,2025-07-12T08:09:01,benign
log_799,doc_33,read_phi,phi_rec_1155,0,0,0,billing,2025-03-20T13:44:22,benign
log_800,doc_1,read_phi,phi_rec_1230,1,1,0,research,2025-02-10T23:39:19,benign
log_801,bclerk_6,read_phi,phi_rec_1082,0,0,1,billing,2025-01-25T13:47:35,benign
log_802,doc_22,read_phi,phi_rec_1580,0,1,0,research,2025-04-13T18:36:58,violation_hipaa_auth
log_803,doc_17,read_phi,phi_rec_918,0,0,0,marketing,2025-06-12T07:03:52,benign
log_804,doc_0,read_phi,phi_rec_1607,0,0,0,diagnosis,2025-07-29T14:07:12,benign
log_805,doc_38,read_phi,phi_rec_1138,0,0,0,marketing,2025-06-12T17:13:06,benign
log_806,bclerk_0,read_phi,phi_rec_91,0,0,1,marketing,2025-07-24T05:54:17,violation_gdpr_art18
log_807,doc_20,read_phi,phi_rec_72,1,0,0,research,2025-01-12T16:20:14,benign
log_808,doc_44,read_phi,phi_rec_750,1,1,0,diagnosis,2025-08-20T03:44:11,benign
log_809,doc_36,read_phi,phi_rec_380,1,1,0,research,2025-07-11T13:50:59,benign
log_810,bclerk_2,read_phi,phi_rec_1806,0,0,1,billing,2025-08-22T15:12:14,benign
log_811,doc_0,read_phi,phi_rec_1956,0,0,0,marketing,2025-07-05T19:07:38,benign
log_812,doc_48,read_phi,phi_rec_1,0,0,0,billing,2025-07-24T08:12:53,benign
log_813,doc_9,read_phi,phi_rec_1540,0,0,0,marketing,2025-08-24T16:55:35,benign
log_814,doc_41,read_phi,phi_rec_1739,0,0,0,billing,2025-03-28T13:51:20,benign
log_815,doc_30,read_phi,phi_rec_1882,0,0,0,billing,2025-08-01T03:46:02,benign
log_816,doc_47,read_phi,phi_rec_604,0,0,0,billing,2025-04-08T14:20:11,benign
log_817,doc_46,read_phi,phi_rec_1236,1,1,0,diagnosis,2025-07-23T06:19:20,benign
log_818,doc_8,read_phi,phi_rec_805,1,0,0,diagnosis,2025-01-09T09:45:58,benign
log_819,doc_49,read_phi,phi_rec_665,1,1,0,diagnosis,2025-08-18T05:10:31,benign
log_820,doc_2,read_phi,phi_rec_1452,0,0,0,billing,2025-06-21T09:19:24,benign
log_821,bclerk_7,read_phi,phi_rec_1488,0,0,1,billing,2025-04-20T17:26:43,benign
log_822,doc_38,read_phi,phi_rec_178,0,1,0,diagnosis,2025-02-11T01:07:55,benign
log_823,doc_5,read_phi,phi_rec_1757,0,0,0,billing,2025-03-31T05:24:27,benign
log_824,doc_48,read_phi,phi_rec_1622,0,0,0,diagnosis,2025-01-19T06:18:21,benign
log_825,doc_12,read_phi,phi_rec_1785,0,1,0,diagnosis,2025-05-29T23:07:13,benign
log_826,doc_1,read_phi,phi_rec_357,0,0,0,marketing,2025-01-10T13:35:51,benign
log_827,doc_16,read_phi,phi_rec_1453,0,0,0,billing,2025-05-09T03:36:01,benign
log_828,doc_1,read_phi,phi_rec_1672,1,1,0,diagnosis,2025-04-25T22:58:18,benign
log_829,doc_11,read_phi,phi_rec_1759,0,0,0,marketing,2025-05-14T23:40:39,benign
log_830,doc_25,read_phi,phi_rec_1699,0,0,0,billing,2025-05-26T06:34:39,benign
log_831,doc_41,read_phi,phi_rec_1398,0,0,0,marketing,2025-05-15T13:32:47,benign
log_832,doc_32,read_phi,phi_rec_1282,0,0,0,billing,2025-01-10T22:27:15,benign
log_833,doc_48,read_phi,phi_rec_1722,0,1,0,research,2025-04-08T21:55:42,benign
log_834,doc_34,read_phi,phi_rec_517,1,1,0,diagnosis,2025-03-23T09:11:19,benign
log_835,doc_43,read_phi,phi_rec_765,1,1,0,diagnosis,2025-07-29T16:13:20,benign
log_836,doc_27,read_phi,phi_rec_1605,0,0,0,billing,2025-07-21T11:52:08,benign
log_837,bclerk_7,read_phi,phi_rec_430,0,0,1,billing,2025-05-02T11:11:01,benign
log_838,bclerk_2,read_phi,phi_rec_1226,0,0,1,billing,2025-04-27T08:14:54,benign
log_839,doc_9,read_phi,phi_rec_1727,1,1,0,diagnosis,2025-07-12T14:17:40,benign
log_840,bclerk_2,read_phi,phi_rec_1899,0,0,1,billing,2025-03-31T07:01:37,benign
log_841,doc_26,read_phi,phi_rec_1644,0,0,0,marketing,2025-01-05T21:27:00,benign
log_842,doc_48,read_phi,phi_rec_1782,0,1,0,diagnosis,2025-02-04T11:20:02,benign
log_843,doc_21,read_phi,phi_rec_1918,0,1,0,diagnosis,2025-05-21T20:43:03,benign
log_844,bclerk_3,read_phi,phi_rec_1159,0,0,1,billing,2025-01-12T09:14:43,benign
log_845,doc_35,read_phi,phi_rec_77,1,1,0,diagnosis,2025-05-23T17:49:08,benign
log_846,doc_23,read_phi,phi_rec_1273,1,1,0,diagnosis,2025-02-01T13:53:51,benign
log_847,bclerk_10,read_phi,phi_rec_853,0,0,1,billing,2025-04-23T22:01:39,benign
log_848,doc_29,read_phi,phi_rec_643,1,1,0,research,2025-04-04T02:39:35,benign
log_849,doc_9,read_phi,phi_rec_831,0,0,0,billing,2025-08-20T22:53:24,benign
log_850,bclerk_11,read_phi,phi_rec_490,0,0,1,billing,2025-04-24T15:34:17,benign
log_851,bclerk_11,read_phi,phi_rec_891,0,0,1,billing,2025-06-09T04:10:36,benign
log_852,doc_23,read_phi,phi_rec_1284,0,0,0,billing,2025-06-02T02:49:04,benign
log_853,doc_35,read_phi,phi_rec_1907,1,1,0,diagnosis,2025-02-13T20:26:56,benign
log_854,doc_33,read_phi,phi_rec_584,0,0,0,diagnosis,2025-08-29T22:17:38,benign
log_855,doc_2,read_phi,phi_rec_293,1,1,0,diagnosis,2025-01-20T02:52:47,benign
log_856,bclerk_3,read_phi,phi_rec_506,0,0,1,billing,2025-01-01T01:01:45,benign
log_857,doc_2,read_phi,phi_rec_1348,1,1,0,diagnosis,2025-03-23T11:38:49,benign
log_858,bclerk_13,read_phi,phi_rec_761,0,0,1,billing,2025-05-12T18:33:00,benign
log_859,doc_40,read_phi,phi_rec_713,1,1,0,diagnosis,2025-07-07T19:09:22,benign
log_860,doc_3,read_phi,phi_rec_669,0,0,0,billing,2025-01-03T19:21:11,benign
log_861,doc_19,read_phi,phi_rec_428,0,0,0,marketing,2025-02-20T14:38:24,benign
log_862,doc_38,read_phi,phi_rec_1585,0,0,0,billing,2025-08-07T03:04:51,benign
log_863,doc_38,read_phi,phi_rec_91,0,0,0,billing,2025-03-15T08:23:37,benign
log_864,bclerk_6,read_phi,phi_rec_660,0,0,1,billing,2025-02-15T02:12:22,benign
log_865,doc_36,read_phi,phi_rec_1523,0,0,0,billing,2025-05-04T15:26:29,benign
log_866,doc_0,read_phi,phi_rec_399,1,1,0,research,2025-05-30T18:11:33,benign
log_867,doc_44,read_phi,phi_rec_1750,0,1,0,research,2025-04-07T04:50:04,benign
log_868,doc_16,read_phi,phi_rec_613,0,0,0,billing,2025-08-17T05:15:57,benign
log_869,doc_35,read_phi,phi_rec_660,0,1,0,research,2025-06-21T14:36:53,benign
log_870,bclerk_5,read_phi,phi_rec_175,0,0,1,billing,2025-05-22T21:46:59,benign
log_871,doc_49,read_phi,phi_rec_409,1,0,0,diagnosis,2025-02-06T14:01:39,benign
log_872,doc_29,read_phi,phi_rec_514,1,0,0,diagnosis,2025-02-22T13:45:42,benign
log_873,doc_2,read_phi,phi_rec_565,0,0,0,billing,2025-01-29T10:49:11,benign
log_874,doc_12,read_phi,phi_rec_1217,0,1,0,diagnosis,2025-08-20T08:03:29,benign
log_875,doc_2,read_phi,phi_rec_1150,0,0,0,billing,2025-02-07T08:00:31,benign
log_876,doc_28,read_phi,phi_rec_287,0,0,0,research,2025-05-16T20:29:45,benign
log_877,doc_3,read_phi,phi_rec_1081,1,1,0,research,2025-07-28T22:49:45,benign
log_878,doc_0,read_phi,phi_rec_603,0,0,0,billing,2025-03-17T21:22:30,benign
log_879,doc_39,read_phi,phi_rec_670,1,1,0,diagnosis,2025-03-31T11:57:33,benign
log_880,doc_19,read_phi,phi_rec_614,1,1,0,diagnosis,2025-02-11T16:26:05,benign
log_881,doc_48,read_phi,phi_rec_1665,0,1,0,diagnosis,2025-04-25T05:36:40,benign
log_882,doc_8,read_phi,phi_rec_564,0,1,0,diagnosis,2025-05-04T11:52:36,benign
log_883,doc_20,read_phi,phi_rec_1669,0,1,0,research,2025-08-19T16:27:12,violation_gdpr_art18
log_884,bclerk_7,read_phi,phi_rec_732,0,0,1,billing,2025-08-10T13:31:19,benign
log_885,doc_24,read_phi,phi_rec_1815,0,0,0,marketing,2025-02-13T16:49:43,benign
log_886,bclerk_1,read_phi,phi_rec_625,0,0,1,billing,2025-04-14T01:52:06,benign
log_887,doc_11,read_phi,phi_rec_1235,0,0,0,marketing,2025-03-16T08:01:45,benign
log_888,doc_11,read_phi,phi_rec_1059,1,1,0,diagnosis,2025-04-26T16:14:25,benign
log_889,doc_10,read_phi,phi_rec_1627,0,0,0,billing,2025-07-14T23:29:02,benign
log_890,doc_2,read_phi,phi_rec_700,1,1,0,research,2025-08-16T23:04:24,benign
log_891,doc_11,read_phi,phi_rec_872,0,0,0,billing,2025-01-31T13:39:27,benign
log_892,doc_19,read_phi,phi_rec_1323,0,0,0,billing,2025-01-10T01:58:39,benign
log_893,bclerk_14,read_phi,phi_rec_172,0,0,1,billing,2025-07-26T04:30:37,benign
log_894,doc_12,read_phi,phi_rec_169,1,1,0,diagnosis,2025-05-27T10:07:33,benign
log_895,bclerk_7,read_phi,phi_rec_177,0,0,1,billing,2025-04-15T12:54:06,benign
log_896,doc_0,read_phi,phi_rec_333,0,0,0,marketing,2025-04-02T15:54:03,benign
log_897,doc_7,read_phi,phi_rec_721,0,0,0,billing,2025-02-27T12:58:37,benign
log_898,doc_21,read_phi,phi_rec_435,1,1,0,diagnosis,2025-01-07T01:15:45,benign
log_899,doc_16,read_phi,phi_rec_1676,1,1,0,diagnosis,2025-04-04T23:39:37,benign
log_900,doc_37,read_phi,phi_rec_1526,0,0,0,marketing,2025-07-29T01:29:38,benign
log_901,doc_11,read_phi,phi_rec_754,0,0,0,marketing,2025-04-18T17:07:19,benign
log_902,doc_20,read_phi,phi_rec_135,1,1,0,research,2025-03-13T18:58:05,benign
log_903,doc_28,read_phi,phi_rec_889,0,0,0,billing,2025-08-19T04:58:53,benign
log_904,doc_47,read_phi,phi_rec_1401,0,1,0,research,2025-02-13T18:58:32,benign
log_905,bclerk_2,read_phi,phi_rec_703,0,0,1,billing,2025-03-14T05:58:16,benign
log_906,bclerk_2,read_phi,phi_rec_86,0,0,1,billing,2025-04-29T15:34:26,benign
log_907,doc_9,read_phi,phi_rec_511,0,0,0,billing,2025-06-20T02:37:01,benign
log_908,doc_23,read_phi,phi_rec_516,1,1,0,diagnosis,2025-03-22T09:43:51,benign
log_909,bclerk_0,read_phi,phi_rec_744,0,0,1,marketing,2025-06-25T08:52:18,violation_gdpr_art18
log_910,doc_5,read_phi,phi_rec_906,0,0,0,marketing,2025-05-04T22:14:31,benign
log_911,doc_24,read_phi,phi_rec_1993,0,0,0,marketing,2025-07-07T16:34:05,benign
log_912,doc_44,read_phi,phi_rec_132,0,0,0,billing,2025-01-31T20:20:19,benign
log_913,doc_20,read_phi,phi_rec_1783,0,0,0,marketing,2025-06-02T14:07:27,benign
log_914,bclerk_6,read_phi,phi_rec_386,0,0,1,billing,2025-07-11T12:16:17,benign
log_915,doc_17,read_phi,phi_rec_1028,1,1,0,research,2025-01-04T16:21:29,benign
log_916,bclerk_0,read_phi,phi_rec_1744,0,0,1,billing,2025-08-03T02:52:30,benign
log_917,doc_8,read_phi,phi_rec_825,0,0,0,billing,2025-06-06T23:43:32,benign
log_918,doc_9,read_phi,phi_rec_401,0,0,0,billing,2025-05-06T13:11:44,benign
log_919,doc_11,read_phi,phi_rec_1778,1,1,0,research,2025-07-19T07:36:25,benign
log_920,doc_21,read_phi,phi_rec_1353,0,0,0,billing,2025-02-17T18:11:39,benign
log_921,doc_16,read_phi,phi_rec_941,0,0,0,billing,2025-06-10T18:45:17,benign
log_922,doc_8,read_phi,phi_rec_16,1,1,0,research,2025-02-21T06:57:40,benign
log_923,doc_1,read_phi,phi_rec_773,1,0,0,diagnosis,2025-07-25T14:51:01,benign
log_924,bclerk_14,read_phi,phi_rec_365,0,0,1,billing,2025-01-13T14:29:17,benign
log_925,doc_19,read_phi,phi_rec_272,1,1,0,research,2025-06-08T13:14:15,benign
log_926,doc_38,read_phi,phi_rec_170,0,0,0,billing,2025-03-26T21:54:31,benign
log_927,doc_34,read_phi,phi_rec_1368,0,0,0,marketing,2025-05-07T11:49:51,benign
log_928,doc_3,read_phi,phi_rec_1081,1,1,0,research,2025-01-28T21:02:18,benign
log_929,doc_37,read_phi,phi_rec_981,1,1,0,research,2025-06-20T02:47:01,benign
log_930,doc_48,read_phi,phi_rec_948,0,0,0,marketing,2025-02-11T20:50:03,benign
log_931,doc_0,read_phi,phi_rec_1122,1,1,0,diagnosis,2025-06-08T22:33:11,benign
log_932,bclerk_7,read_phi,phi_rec_423,0,0,1,billing,2025-05-06T05:49:18,benign
log_933,doc_41,read_phi,phi_rec_1398,0,1,0,diagnosis,2025-02-05T03:57:50,benign
log_934,doc_48,read_phi,phi_rec_568,1,1,0,research,2025-03-16T00:46:21,benign
log_935,doc_4,read_phi,phi_rec_62,0,0,0,marketing,2025-03-12T10:24:33,benign
log_936,bclerk_8,read_phi,phi_rec_448,0,0,1,billing,2025-05-26T12:15:23,benign
log_937,doc_3,read_phi,phi_rec_1369,0,0,0,billing,2025-06-27T04:16:14,benign
log_938,doc_1,read_phi,phi_rec_785,1,1,0,research,2025-05-28T19:08:24,benign
log_939,doc_42,read_phi,phi_rec_1355,1,1,0,research,2025-05-22T21:28:43,benign
log_940,doc_26,read_phi,phi_rec_846,0,0,0,billing,2025-01-29T13:40:31,benign
log_941,doc_20,read_phi,phi_rec_332,0,0,0,marketing,2025-07-30T08:31:54,benign
log_942,doc_30,read_phi,phi_rec_1113,0,1,0,diagnosis,2025-07-02T03:26:56,benign
log_943,doc_0,read_phi,phi_rec_328,0,0,0,marketing,2025-03-11T05:55:17,benign
log_944,bclerk_3,read_phi,phi_rec_1433,0,0,1,billing,2025-02-21T12:30:40,benign
log_945,doc_49,read_phi,phi_rec_1839,0,1,0,diagnosis,2025-03-15T07:09:31,benign
log_946,bclerk_7,read_phi,phi_rec_146,0,0,1,billing,2025-05-30T16:46:04,benign
log_947,doc_16,read_phi,phi_rec_1851,0,0,0,billing,2025-06-08T16:14:04,benign
log_948,doc_16,read_phi,phi_rec_613,1,1,0,research,2025-06-20T01:43:25,benign
log_949,doc_43,read_phi,phi_rec_1527,0,0,0,marketing,2025-03-15T20:22:57,benign
log_950,doc_18,read_phi,phi_rec_1901,1,1,0,diagnosis,2025-05-03T07:49:03,benign
log_951,doc_26,read_phi,phi_rec_297,0,0,0,marketing,2025-03-27T05:00:21,benign
log_952,doc_8,read_phi,phi_rec_109,0,0,0,billing,2025-01-03T23:20:22,benign
log_953,doc_23,read_phi,phi_rec_150,0,0,0,marketing,2025-08-19T15:46:00,benign
log_954,doc_5,read_phi,phi_rec_1078,0,1,0,diagnosis,2025-02-14T14:24:52,benign
log_955,doc_24,read_phi,phi_rec_1418,0,1,0,diagnosis,2025-06-01T13:05:53,benign
log_956,doc_31,read_phi,phi_rec_1005,1,1,0,research,2025-04-08T10:33:19,benign
log_957,bclerk_0,read_phi,phi_rec_607,0,0,1,billing,2025-04-07T09:52:18,benign
log_958,doc_4,read_phi,phi_rec_611,0,0,0,billing,2025-08-06T02:43:57,benign
log_959,bclerk_10,read_phi,phi_rec_1808,0,0,1,billing,2025-04-01T22:10:37,benign
log_960,doc_28,read_phi,phi_rec_851,0,1,0,diagnosis,2025-03-08T08:42:10,benign
log_961,doc_36,read_phi,phi_rec_1613,0,0,0,marketing,2025-08-02T05:47:34,benign
log_962,bclerk_10,read_phi,phi_rec_403,0,0,1,billing,2025-07-05T12:11:51,benign
log_963,doc_20,read_phi,phi_rec_135,1,1,0,diagnosis,2025-01-22T18:21:14,benign
log_964,doc_16,read_phi,phi_rec_1766,0,0,0,marketing,2025-08-06T17:33:59,benign
log_965,bclerk_8,read_phi,phi_rec_1264,0,0,1,billing,2025-07-03T02:36:44,benign
log_966,doc_38,read_phi,phi_rec_520,1,0,0,research,2025-01-30T13:07:57,benign
log_967,doc_36,read_phi,phi_rec_1705,0,0,0,marketing,2025-01-27T05:55:01,benign
log_968,doc_1,read_phi,phi_rec_751,0,0,0,billing,2025-04-18T13:36:58,benign
log_969,doc_7,read_phi,phi_rec_368,1,1,0,research,2025-04-29T21:09:18,benign
log_970,doc_10,read_phi,phi_rec_975,0,0,0,billing,2025-01-17T01:39:57,benign
log_971,bclerk_11,read_phi,phi_rec_427,0,0,1,billing,2025-08-15T14:27:54,benign
log_972,bclerk_14,read_phi,phi_rec_147,0,0,1,billing,2025-08-12T23:42:07,benign
log_973,doc_26,read_phi,phi_rec_331,0,0,0,marketing,2025-04-18T00:30:10,benign
log_974,doc_33,read_phi,phi_rec_118,1,0,0,diagnosis,2025-01-05T01:43:03,benign
log_975,doc_30,read_phi,phi_rec_1332,1,1,0,research,2025-06-15T22:41:48,benign
log_976,doc_15,read_phi,phi_rec_1433,1,1,0,research,2025-02-26T17:47:43,benign
log_977,doc_40,read_phi,phi_rec_1578,0,0,0,marketing,2025-02-21T09:52:20,benign
log_978,bclerk_7,read_phi,phi_rec_775,0,0,1,billing,2025-08-05T17:01:13,benign
log_979,doc_17,read_phi,phi_rec_1502,1,0,0,research,2025-06-14T04:28:12,benign
log_980,doc_20,read_phi,phi_rec_997,0,0,0,billing,2025-02-27T11:54:36,benign
log_981,doc_2,read_phi,phi_rec_1703,0,0,0,billing,2025-03-24T20:09:46,benign
log_982,doc_48,read_phi,phi_rec_260,0,0,0,marketing,2025-01-16T09:04:37,benign
log_983,doc_17,read_phi,phi_rec_1502,1,1,0,research,2025-07-07T22:07:27,benign
log_984,bclerk_0,read_phi,phi_rec_1578,0,0,1,billing,2025-05-25T09:32:59,benign
log_985,doc_38,read_phi,phi_rec_862,1,1,0,diagnosis,2025-01-27T07:25:52,benign
log_986,doc_34,read_phi,phi_rec_1333,0,0,0,diagnosis,2025-05-26T12:58:27,benign
log_987,doc_26,read_phi,phi_rec_739,0,1,0,diagnosis,2025-08-06T16:18:41,benign
log_988,doc_18,read_phi,phi_rec_681,0,0,0,billing,2025-02-06T13:30:41,benign
log_989,doc_48,read_phi,phi_rec_909,0,0,0,billing,2025-03-15T20:08:41,benign
log_990,doc_1,read_phi,phi_rec_1434,1,1,0,diagnosis,2025-01-22T08:49:23,benign
log_991,doc_5,read_phi,phi_rec_483,1,1,0,diagnosis,2025-08-28T02:49:37,benign
log_992,doc_4,read_phi,phi_rec_1197,1,1,0,diagnosis,2025-02-14T10:16:57,benign
log_993,doc_20,read_phi,phi_rec_850,0,0,0,billing,2025-08-13T05:34:52,benign
log_994,doc_39,read_phi,phi_rec_1232,0,1,0,research,2025-04-16T06:06:57,benign
log_995,doc_28,read_phi,phi_rec_1354,1,1,0,diagnosis,2025-01-03T00:04:57,benign
log_996,doc_33,read_phi,phi_rec_118,0,1,0,research,2025-05-21T08:35:18,violation_gdpr_art18
log_997,doc_12,read_phi,phi_rec_1655,1,1,0,diagnosis,2025-08-02T13:27:51,benign
log_998,doc_27,read_phi,phi_rec_1970,0,0,0,marketing,2025-06-29T13:31:23,benign
log_999,doc_32,read_phi,phi_rec_1732,0,0,0,billing,2025-03-05T08:02:26,benign
log_1000,doc_2,read_phi,phi_rec_1775,1,0,0,diagnosis,2025-01-31T09:08:05,benign
log_1001,bclerk_12,read_phi,phi_rec_947,0,0,1,billing,2025-08-15T16:20:50,benign
log_1002,bclerk_1,read_phi,phi_rec_1170,0,0,1,billing,2025-06-20T16:14:21,benign
log_1003,doc_47,read_phi,phi_rec_1162,1,1,0,diagnosis,2025-02-17T10:54:59,benign
log_1004,doc_43,read_phi,phi_rec_1018,1,1,0,diagnosis,2025-03-10T19:18:29,benign
log_1005,doc_30,read_phi,phi_rec_1011,1,1,0,research,2025-02-24T08:58:49,benign
log_1006,doc_49,read_phi,phi_rec_1486,0,0,0,marketing,2025-02-12T13:04:08,benign
log_1007,doc_49,read_phi,phi_rec_1095,0,0,0,billing,2025-08-20T20:36:13,benign
log_1008,doc_22,read_phi,phi_rec_1361,0,1,0,diagnosis,2025-08-27T00:47:59,benign
log_1009,doc_27,read_phi,phi_rec_391,1,1,0,diagnosis,2025-08-17T08:44:31,benign
log_1010,bclerk_10,read_phi,phi_rec_1074,0,0,1,billing,2025-07-10T07:23:35,benign
log_1011,doc_40,read_phi,phi_rec_268,1,1,0,research,2025-07-05T14:25:23,benign
log_1012,doc_41,read_phi,phi_rec_366,0,0,0,marketing,2025-05-15T22:35:37,benign
log_1013,doc_40,read_phi,phi_rec_1914,0,0,0,billing,2025-04-19T05:32:12,benign
log_1014,doc_48,read_phi,phi_rec_1741,1,1,0,research,2025-04-22T17:04:04,benign
log_1015,doc_1,read_phi,phi_rec_651,1,0,0,diagnosis,2025-04-25T00:46:12,benign
log_1016,bclerk_2,read_phi,phi_rec_1393,0,0,1,billing,2025-03-17T19:39:46,benign
log_1017,bclerk_13,read_phi,phi_rec_33,0,1,0,billing,2025-04-30T14:20:12,violation_hipaa_min_necessary
log_1018,doc_44,read_phi,phi_rec_1750,0,0,0,billing,2025-01-04T03:41:48,benign
log_1019,doc_35,read_phi,phi_rec_1489,0,1,0,diagnosis,2025-04-04T03:54:52,benign
log_1020,doc_12,read_phi,phi_rec_1342,0,0,0,billing,2025-02-07T07:49:06,benign
log_1021,doc_9,read_phi,phi_rec_522,1,1,0,diagnosis,2025-02-22T05:48:10,benign
log_1022,doc_35,read_phi,phi_rec_1773,0,0,0,marketing,2025-05-29T18:53:02,benign
log_1023,doc_33,read_phi,phi_rec_474,0,0,0,research,2025-02-06T04:35:29,benign
log_1024,bclerk_5,read_phi,phi_rec_629,0,0,1,billing,2025-07-13T12:10:01,benign
log_1025,doc_23,read_phi,phi_rec_1542,0,0,0,billing,2025-06-06T10:48:22,benign
log_1026,bclerk_0,read_phi,phi_rec_1854,0,0,1,marketing,2025-02-15T12:06:02,violation_gdpr_art18
log_1027,doc_45,read_phi,phi_rec_1072,0,0,0,billing,2025-04-28T14:03:42,benign
log_1028,doc_14,read_phi,phi_rec_158,1,1,0,research,2025-02-10T14:10:08,benign
log_1029,doc_16,read_phi,phi_rec_4,1,1,0,diagnosis,2025-06-12T21:20:06,benign
log_1030,doc_17,read_phi,phi_rec_1596,1,0,0,diagnosis,2025-01-10T00:53:04,benign
log_1031,bclerk_0,read_phi,phi_rec_298,0,0,1,marketing,2025-03-29T12:13:56,violation_gdpr_art18
log_1032,doc_38,read_phi,phi_rec_586,1,0,0,diagnosis,2025-06-30T03:20:34,benign
log_1033,doc_3,read_phi,phi_rec_1006,0,0,0,billing,2025-05-18T12:44:22,benign
log_1034,bclerk_12,read_phi,phi_rec_1775,0,0,1,billing,2025-05-29T13:34:48,benign
log_1035,doc_21,read_phi,phi_rec_1794,0,0,0,billing,2025-02-22T18:24:20,benign
log_1036,doc_34,read_phi,phi_rec_1245,0,0,0,billing,2025-06-19T00:44:55,benign
log_1037,doc_43,read_phi,phi_rec_1966,0,1,0,diagnosis,2025-02-15T02:11:12,benign
log_1038,doc_36,read_phi,phi_rec_1854,0,0,0,billing,2025-03-17T12:45:11,benign
log_1039,doc_44,read_phi,phi_rec_209,0,0,0,marketing,2025-01-21T17:54:23,benign
log_1040,doc_39,read_phi,phi_rec_654,0,0,0,billing,2025-03-06T04:25:19,benign
log_1041,bclerk_9,read_phi,phi_rec_58,0,0,1,billing,2025-02-05T03:45:46,benign
log_1042,doc_32,read_phi,phi_rec_73,1,0,0,diagnosis,2025-08-11T20:49:49,benign
log_1043,doc_34,read_phi,phi_rec_1407,0,0,0,billing,2025-02-15T16:05:44,benign
log_1044,doc_25,read_phi,phi_rec_1886,1,1,0,diagnosis,2025-08-24T01:17:07,benign
log_1045,doc_34,read_phi,phi_rec_1885,0,1,0,diagnosis,2025-06-09T07:00:33,benign
log_1046,doc_12,read_phi,phi_rec_536,1,1,0,research,2025-02-08T13:57:16,benign
log_1047,doc_13,read_phi,phi_rec_1296,0,0,0,billing,2025-03-05T16:16:48,benign
log_1048,bclerk_14,read_phi,phi_rec_1732,0,0,1,billing,2025-02-19T03:42:13,benign
log_1049,doc_45,read_phi,phi_rec_479,1,1,0,diagnosis,2025-07-08T23:30:07,benign
log_1050,doc_33,read_phi,phi_rec_1165,1,1,0,diagnosis,2025-05-30T18:26:04,benign
log_1051,doc_40,read_phi,phi_rec_835,1,1,0,research,2025-07-18T14:35:36,benign
log_1052,bclerk_8,read_phi,phi_rec_181,0,0,1,billing,2025-05-18T05:23:29,benign
log_1053,doc_16,read_phi,phi_rec_1360,0,0,0,billing,2025-01-13T14:51:49,benign
log_1054,bclerk_0,read_phi,phi_rec_983,0,0,1,marketing,2025-08-24T03:34:44,violation_gdpr_art18
log_1055,doc_26,read_phi,phi_rec_1047,0,0,0,marketing,2025-04-29T11:24:11,benign
log_1056,doc_31,read_phi,phi_rec_56,1,0,0,research,2025-05-15T10:15:14,benign
log_1057,bclerk_12,read_phi,phi_rec_438,0,0,1,billing,2025-07-12T01:56:01,benign
log_1058,doc_40,read_phi,phi_rec_1630,1,1,0,diagnosis,2025-08-05T20:02:00,benign
log_1059,doc_40,read_phi,phi_rec_897,0,0,0,billing,2025-06-02T23:17:41,benign
log_1060,doc_18,read_phi,phi_rec_554,0,0,0,billing,2025-06-10T19:21:44,benign
log_1061,bclerk_10,read_phi,phi_rec_1338,0,0,1,billing,2025-08-06T15:52:39,benign
log_1062,bclerk_14,read_phi,phi_rec_779,0,0,1,billing,2025-08-26T20:03:50,benign
log_1063,doc_26,read_phi,phi_rec_297,0,0,0,marketing,2025-04-24T06:21:21,benign
log_1064,doc_48,read_phi,phi_rec_904,0,0,0,marketing,2025-03-16T17:42:41,benign
log_1065,doc_45,read_phi,phi_rec_387,0,0,0,billing,2025-03-18T09:21:06,benign
log_1066,doc_23,read_phi,phi_rec_516,0,0,0,billing,2025-04-10T04:26:31,benign
log_1067,doc_14,read_phi,phi_rec_1272,1,1,0,diagnosis,2025-07-08T23:31:36,benign
log_1068,doc_38,read_phi,phi_rec_1319,1,1,0,diagnosis,2025-06-07T09:52:00,benign
log_1069,doc_36,read_phi,phi_rec_64,0,0,0,marketing,2025-03-28T03:28:18,benign
log_1070,doc_10,read_phi,phi_rec_1278,0,0,0,billing,2025-06-07T13:20:06,benign
log_1071,doc_38,read_phi,phi_rec_1319,0,0,0,marketing,2025-03-25T23:13:58,benign
log_1072,doc_37,read_phi,phi_rec_1108,1,1,0,research,2025-05-17T22:48:17,benign
log_1073,doc_26,read_phi,phi_rec_1831,1,1,0,diagnosis,2025-04-06T17:39:19,benign
log_1074,doc_22,read_phi,phi_rec_242,0,0,0,marketing,2025-07-01T21:01:37,benign
log_1075,doc_10,read_phi,phi_rec_1363,0,1,0,diagnosis,2025-04-20T02:10:54,benign
log_1076,doc_42,read_phi,phi_rec_1329,1,1,0,diagnosis,2025-07-23T12:18:46,benign
log_1077,doc_36,read_phi,phi_rec_1255,0,0,0,billing,2025-01-29T08:08:15,benign
log_1078,doc_17,read_phi,phi_rec_968,1,1,0,diagnosis,2025-07-18T23:14:44,benign
log_1079,doc_39,read_phi,phi_rec_1196,1,1,0,research,2025-06-27T04:01:39,benign
log_1080,bclerk_4,read_phi,phi_rec_814,0,0,1,billing,2025-07-07T21:45:38,benign
log_1081,doc_34,read_phi,phi_rec_162,1,1,0,research,2025-02-19T16:36:32,benign
log_1082,doc_7,read_phi,phi_rec_748,1,0,0,research,2025-05-20T05:11:44,benign
log_1083,doc_11,read_phi,phi_rec_1857,1,0,0,research,2025-05-08T08:23:22,benign
log_1084,doc_38,read_phi,phi_rec_1223,0,0,0,billing,2025-01-07T17:55:25,benign
log_1085,doc_7,read_phi,phi_rec_445,0,0,0,billing,2025-06-15T16:59:47,benign
log_1086,doc_34,read_phi,phi_rec_393,0,0,0,marketing,2025-08-12T12:30:18,benign
log_1087,doc_31,read_phi,phi_rec_1178,0,1,0,diagnosis,2025-01-01T17:29:56,benign
log_1088,doc_26,read_phi,phi_rec_1725,1,1,0,diagnosis,2025-07-02T06:57:07,benign
log_1089,doc_5,read_phi,phi_rec_464,1,0,0,diagnosis,2025-05-14T00:25:46,benign
log_1090,doc_22,read_phi,phi_rec_1879,0,1,0,billing,2025-08-03T12:37:16,violation_hipaa_auth
log_1091,bclerk_5,read_phi,phi_rec_1620,0,0,1,billing,2025-03-31T07:29:24,benign
log_1092,doc_45,read_phi,phi_rec_634,0,0,0,marketing,2025-02-21T06:54:35,benign
log_1093,doc_19,read_phi,phi_rec_1671,0,0,0,billing,2025-04-21T12:05:20,benign
log_1094,doc_44,read_phi,phi_rec_281,0,0,0,billing,2025-02-17T19:20:19,benign
log_1095,doc_29,read_phi,phi_rec_1041,0,0,0,marketing,2025-08-12T05:16:04,benign
log_1096,bclerk_12,read_phi,phi_rec_178,0,0,1,billing,2025-05-30T17:06:40,benign
log_1097,doc_13,read_phi,phi_rec_84,1,1,0,research,2025-08-05T09:28:35,benign
log_1098,doc_34,read_phi,phi_rec_1261,0,0,0,billing,2025-07-20T10:19:04,benign
log_1099,bclerk_12,read_phi,phi_rec_587,0,0,1,billing,2025-08-27T07:08:23,benign
log_1100,bclerk_6,read_phi,phi_rec_1072,0,0,1,billing,2025-06-16T06:16:25,benign
log_1101,doc_48,read_phi,phi_rec_1608,1,1,0,research,2025-04-22T12:22:42,benign
log_1102,doc_45,read_phi,phi_rec_1411,0,0,0,billing,2025-02-21T08:57:34,benign
log_1103,bclerk_11,read_phi,phi_rec_503,0,0,1,billing,2025-06-04T17:06:58,benign
log_1104,doc_31,read_phi,phi_rec_529,0,0,0,marketing,2025-03-15T17:00:50,benign
log_1105,doc_15,read_phi,phi_rec_426,1,1,0,diagnosis,2025-04-02T09:06:25,benign
log_1106,doc_14,read_phi,phi_rec_1257,0,0,0,billing,2025-08-21T12:56:22,benign
log_1107,doc_19,read_phi,phi_rec_606,0,0,0,billing,2025-06-12T13:01:09,benign
log_1108,doc_48,read_phi,phi_rec_1,0,0,0,billing,2025-05-14T19:02:01,benign
log_1109,bclerk_10,read_phi,phi_rec_1672,0,0,1,billing,2025-03-26T11:49:04,benign
log_1110,doc_18,read_phi,phi_rec_886,0,0,0,marketing,2025-01-15T17:26:27,benign
log_1111,doc_15,read_phi,phi_rec_838,1,1,0,diagnosis,2025-04-21T13:30:25,benign
log_1112,doc_48,read_phi,phi_rec_948,0,0,0,billing,2025-01-06T08:31:06,benign
log_1113,doc_2,read_phi,phi_rec_1688,0,1,0,diagnosis,2025-04-23T14:01:46,benign
log_1114,doc_16,read_phi,phi_rec_1762,0,0,0,billing,2025-08-24T02:43:28,benign
log_1115,doc_33,read_phi,phi_rec_688,1,1,0,diagnosis,2025-06-19T20:39:17,benign
log_1116,doc_31,read_phi,phi_rec_1499,0,0,0,billing,2025-02-24T14:36:25,benign
log_1117,bclerk_10,read_phi,phi_rec_1063,0,0,1,billing,2025-08-14T15:37:01,benign
log_1118,doc_21,read_phi,phi_rec_403,1,1,0,research,2025-07-27T17:26:05,benign
log_1119,doc_34,read_phi,phi_rec_1714,0,0,0,marketing,2025-04-01T13:19:29,benign
log_1120,doc_41,read_phi,phi_rec_276,1,1,0,diagnosis,2025-04-11T00:17:25,benign
log_1121,doc_29,read_phi,phi_rec_205,0,0,0,billing,2025-04-21T03:00:19,benign
log_1122,doc_44,read_phi,phi_rec_1612,1,1,0,diagnosis,2025-07-27T21:50:05,benign
log_1123,doc_46,read_phi,phi_rec_1356,0,0,0,marketing,2025-07-07T21:03:44,benign
log_1124,doc_16,read_phi,phi_rec_376,0,0,0,billing,2025-06-14T00:35:39,benign
log_1125,doc_44,read_phi,phi_rec_1633,0,0,0,billing,2025-07-09T01:34:33,benign
log_1126,doc_2,read_phi,phi_rec_580,1,1,0,diagnosis,2025-04-21T12:22:41,benign
log_1127,doc_36,read_phi,phi_rec_1938,0,0,0,marketing,2025-05-07T04:11:18,benign
log_1128,doc_10,read_phi,phi_rec_1627,1,0,0,diagnosis,2025-06-19T14:24:24,benign
log_1129,doc_2,read_phi,phi_rec_411,0,1,0,research,2025-07-12T17:00:42,violation_gdpr_art18
log_1130,doc_35,read_phi,phi_rec_970,0,1,0,research,2025-05-24T21:42:00,violation_hipaa_auth
log_1131,doc_25,read_phi,phi_rec_1289,0,0,0,marketing,2025-08-14T06:09:58,benign
log_1132,doc_0,read_phi,phi_rec_1592,1,1,0,research,2025-07-26T18:56:03,benign
log_1133,bclerk_5,read_phi,phi_rec_190,0,0,1,billing,2025-03-05T04:22:30,benign
log_1134,doc_0,read_phi,phi_rec_278,1,1,0,research,2025-02-01T07:39:51,benign
log_1135,doc_47,read_phi,phi_rec_966,0,1,0,diagnosis,2025-07-01T00:32:33,benign
log_1136,doc_13,read_phi,phi_rec_1114,1,0,0,research,2025-04-20T09:16:46,benign
log_1137,doc_24,read_phi,phi_rec_1166,0,1,0,research,2025-01-04T02:45:35,benign
log_1138,doc_44,read_phi,phi_rec_1750,1,0,0,research,2025-06-24T03:57:04,benign
log_1139,doc_43,read_phi,phi_rec_1016,1,1,0,diagnosis,2025-02-15T03:55:36,benign
log_1140,doc_13,read_phi,phi_rec_509,1,1,0,diagnosis,2025-01-30T22:22:03,benign
log_1141,doc_48,read_phi,phi_rec_590,0,0,0,billing,2025-08-28T03:13:11,benign
log_1142,doc_27,read_phi,phi_rec_1659,0,0,0,billing,2025-02-01T23:35:56,benign
log_1143,doc_42,read_phi,phi_rec_244,0,0,0,marketing,2025-08-14T22:21:58,benign
log_1144,doc_22,read_phi,phi_rec_639,1,0,0,diagnosis,2025-06-28T11:31:03,benign
log_1145,doc_0,read_phi,phi_rec_1013,0,0,0,marketing,2025-01-23T08:25:50,benign
log_1146,doc_6,read_phi,phi_rec_1039,0,1,0,diagnosis,2025-03-17T06:37:59,benign
log_1147,doc_38,read_phi,phi_rec_1443,0,0,0,billing,2025-04-16T03:50:58,benign
log_1148,doc_6,read_phi,phi_rec_208,0,0,0,billing,2025-02-15T17:03:03,benign
log_1149,bclerk_12,read_phi,phi_rec_60,0,0,1,billing,2025-01-05T06:16:27,benign
log_1150,doc_40,read_phi,phi_rec_1226,0,0,0,billing,2025-04-17T03:28:21,benign
log_1151,doc_15,read_phi,phi_rec_1789,0,0,0,billing,2025-02-25T12:33:13,benign
log_1152,doc_24,read_phi,phi_rec_1967,0,0,0,billing,2025-03-23T01:43:03,benign
log_1153,doc_36,read_phi,phi_rec_380,1,1,0,research,2025-08-27T21:36:46,benign
log_1154,doc_22,read_phi,phi_rec_1706,0,0,0,billing,2025-05-29T04:52:14,benign
log_1155,doc_27,read_phi,phi_rec_1040,0,1,0,research,2025-01-14T10:14:15,violation_gdpr_art18
log_1156,doc_21,read_phi,phi_rec_1804,0,0,0,marketing,2025-01-11T05:01:28,benign
log_1157,doc_38,read_phi,phi_rec_937,0,0,0,billing,2025-02-12T14:45:02,benign
log_1158,bclerk_14,read_phi,phi_rec_1144,0,0,1,billing,2025-01-18T01:33:05,benign
log_1159,doc_8,read_phi,phi_rec_1976,1,1,0,diagnosis,2025-02-28T01:39:47,benign
log_1160,doc_48,read_phi,phi_rec_934,1,0,0,research,2025-08-20T09:34:01,benign
log_1161,doc_45,read_phi,phi_rec_1218,0,0,0,billing,2025-05-18T23:45:09,benign
log_1162,doc_40,read_phi,phi_rec_840,1,0,0,diagnosis,2025-05-24T05:03:55,benign
log_1163,doc_11,read_phi,phi_rec_812,1,1,0,diagnosis,2025-04-30T18:20:17,benign
log_1164,doc_43,read_phi,phi_rec_123,0,0,0,marketing,2025-07-01T07:22:32,benign
log_1165,doc_2,read_phi,phi_rec_700,1,1,0,diagnosis,2025-03-15T06:49:38,benign
log_1166,bclerk_1,read_phi,phi_rec_1333,0,0,1,billing,2025-07-28T08:14:40,benign
log_1167,bclerk_12,read_phi,phi_rec_1735,0,0,1,billing,2025-01-24T00:03:38,benign
log_1168,doc_23,read_phi,phi_rec_814,1,1,0,diagnosis,2025-01-19T00:05:56,benign
log_1169,doc_24,read_phi,phi_rec_1065,1,1,0,research,2025-03-14T12:02:31,benign
log_1170,doc_20,read_phi,phi_rec_60,1,1,0,research,2025-01-24T08:38:12,benign
log_1171,doc_29,read_phi,phi_rec_672,1,1,0,research,2025-04-16T16:56:39,benign
log_1172,bclerk_3,read_phi,phi_rec_1959,0,0,1,billing,2025-01-04T06:44:14,benign
log_1173,doc_42,read_phi,phi_rec_1355,0,0,0,research,2025-04-27T07:38:38,benign
log_1174,doc_10,read_phi,phi_rec_571,1,1,0,research,2025-01-28T03:28:09,benign
log_1175,bclerk_0,read_phi,phi_rec_1377,0,0,1,billing,2025-05-26T09:19:58,benign
log_1176,doc_44,read_phi,phi_rec_448,0,0,0,billing,2025-07-31T21:52:42,benign
log_1177,doc_39,read_phi,phi_rec_1232,1,0,0,diagnosis,2025-05-12T02:44:41,benign
log_1178,doc_8,read_phi,phi_rec_983,1,1,0,diagnosis,2025-06-12T09:00:54,benign
log_1179,doc_16,read_phi,phi_rec_305,0,0,0,billing,2025-01-12T16:47:51,benign
log_1180,doc_8,read_phi,phi_rec_1939,0,0,0,billing,2025-08-23T05:34:08,benign
log_1181,doc_23,read_phi,phi_rec_1625,1,1,0,diagnosis,2025-07-17T05:31:27,benign
log_1182,doc_30,read_phi,phi_rec_596,0,0,0,marketing,2025-02-15T16:39:55,benign
log_1183,doc_35,read_phi,phi_rec_32,0,0,0,billing,2025-08-25T02:02:21,benign
log_1184,doc_34,read_phi,phi_rec_114,0,0,0,marketing,2025-08-20T20:59:23,benign
log_1185,doc_46,read_phi,phi_rec_1066,0,0,0,billing,2025-07-14T12:54:59,benign
log_1186,doc_43,read_phi,phi_rec_1458,0,1,0,billing,2025-05-13T18:05:39,violation_hipaa_auth
log_1187,bclerk_4,read_phi,phi_rec_1232,0,0,1,billing,2025-06-20T22:27:36,benign
log_1188,bclerk_3,read_phi,phi_rec_1795,0,0,1,billing,2025-06-19T09:46:29,benign
log_1189,doc_7,read_phi,phi_rec_748,0,0,0,billing,2025-02-06T17:34:37,benign
log_1190,doc_42,read_phi,phi_rec_1337,0,1,0,marketing,2025-03-18T09:01:15,violation_hipaa_auth
log_1191,doc_19,read_phi,phi_rec_986,0,0,0,marketing,2025-04-28T03:16:28,benign
log_1192,doc_36,read_phi,phi_rec_724,1,0,0,diagnosis,2025-04-22T06:04:11,benign
log_1193,doc_12,read_phi,phi_rec_689,0,0,0,billing,2025-02-22T22:27:25,benign
log_1194,bclerk_12,read_phi,phi_rec_1031,0,0,1,billing,2025-03-16T19:18:09,benign
log_1195,bclerk_1,read_phi,phi_rec_1972,0,1,0,billing,2025-01-28T15:09:14,violation_hipaa_min_necessary
log_1196,doc_33,read_phi,phi_rec_1574,1,1,0,diagnosis,2025-02-18T08:43:31,benign
log_1197,doc_9,read_phi,phi_rec_1192,1,1,0,diagnosis,2025-03-01T09:42:24,benign
log_1198,doc_44,read_phi,phi_rec_383,1,1,0,diagnosis,2025-05-07T19:54:36,benign
log_1199,doc_20,read_phi,phi_rec_1783,0,0,0,billing,2025-08-09T10:11:32,benign
log_1200,bclerk_5,read_phi,phi_rec_1058,0,1,0,billing,2025-02-26T05:36:40,violation_hipaa_min_necessary
log_1201,doc_43,read_phi,phi_rec_935,0,1,0,diagnosis,2025-03-03T02:07:07,benign
log_1202,doc_46,read_phi,phi_rec_1304,0,0,0,marketing,2025-04-29T20:49:56,benign
log_1203,doc_2,read_phi,phi_rec_490,0,1,0,billing,2025-06-01T11:18:49,violation_hipaa_auth
log_1204,bclerk_13,read_phi,phi_rec_1290,0,0,1,billing,2025-04-30T11:34:13,benign
log_1205,doc_14,read_phi,phi_rec_1325,0,0,0,billing,2025-05-17T09:54:26,benign
log_1206,doc_2,read_phi,phi_rec_373,1,0,0,diagnosis,2025-08-15T06:26:45,benign
log_1207,doc_18,read_phi,phi_rec_1214,1,1,0,diagnosis,2025-08-06T09:29:19,benign
log_1208,doc_0,read_phi,phi_rec_1176,0,0,0,billing,2025-04-07T11:44:51,benign
log_1209,doc_36,read_phi,phi_rec_1367,1,1,0,diagnosis,2025-05-09T19:02:48,benign
log_1210,doc_28,read_phi,phi_rec_1221,0,0,0,marketing,2025-03-31T01:42:38,benign
log_1211,bclerk_7,read_phi,phi_rec_91,1,0,0,billing,2025-01-31T02:25:03,violation_hipaa_min_necessary
log_1212,doc_3,read_phi,phi_rec_1733,1,1,0,research,2025-04-21T10:26:06,benign
log_1213,doc_3,read_phi,phi_rec_468,0,1,0,research,2025-03-28T15:44:09,violation_gdpr_art18
log_1214,bclerk_8,read_phi,phi_rec_81,0,1,0,billing,2025-07-09T14:06:54,violation_hipaa_min_necessary
log_1215,doc_4,read_phi,phi_rec_1658,0,0,0,billing,2025-06-26T08:03:56,benign
log_1216,doc_26,read_phi,phi_rec_297,0,0,0,marketing,2025-03-26T12:24:41,benign
log_1217,doc_0,read_phi,phi_rec_399,0,1,0,diagnosis,2025-03-03T07:33:16,benign
log_1218,doc_40,read_phi,phi_rec_1371,0,0,0,billing,2025-06-28T17:15:28,benign
log_1219,doc_2,read_phi,phi_rec_301,1,1,0,diagnosis,2025-04-26T01:49:11,benign
log_1220,doc_33,read_phi,phi_rec_1768,0,0,0,billing,2025-03-11T19:58:02,benign
log_1221,doc_37,read_phi,phi_rec_925,0,0,0,billing,2025-02-19T04:25:00,benign
log_1222,doc_38,read_phi,phi_rec_759,1,1,0,diagnosis,2025-08-04T01:07:14,benign
log_1223,doc_17,read_phi,phi_rec_146,0,0,0,marketing,2025-07-01T01:45:37,benign
log_1224,doc_14,read_phi,phi_rec_65,0,0,0,billing,2025-01-11T15:23:55,benign
log_1225,doc_43,read_phi,phi_rec_455,0,1,0,diagnosis,2025-06-24T19:20:39,benign
log_1226,doc_38,read_phi,phi_rec_1223,0,0,0,billing,2025-04-29T04:05:54,benign
log_1227,doc_42,read_phi,phi_rec_535,1,1,0,research,2025-07-11T22:57:21,benign
log_1228,doc_39,read_phi,phi_rec_1007,0,0,0,billing,2025-03-30T18:42:10,benign
log_1229,doc_34,read_phi,phi_rec_114,1,1,0,research,2025-06-17T06:43:30,benign
log_1230,doc_24,read_phi,phi_rec_979,0,0,0,billing,2025-03-10T16:54:49,benign
log_1231,bclerk_0,read_phi,phi_rec_1477,0,0,1,billing,2025-04-01T11:16:46,benign
log_1232,bclerk_2,read_phi,phi_rec_160,0,0,1,billing,2025-06-09T03:10:29,benign
log_1233,doc_42,read_phi,phi_rec_1357,1,1,0,diagnosis,2025-04-01T21:41:29,benign
log_1234,doc_11,read_phi,phi_rec_1573,0,1,0,research,2025-02-06T01:50:08,benign
log_1235,doc_16,read_phi,phi_rec_361,1,1,0,research,2025-06-09T23:37:05,benign
log_1236,bclerk_4,read_phi,phi_rec_666,0,0,1,billing,2025-08-20T21:35:33,benign
log_1237,doc_47,read_phi,phi_rec_382,1,1,0,diagnosis,2025-08-05T08:01:24,benign
log_1238,doc_46,read_phi,phi_rec_1456,1,1,0,diagnosis,2025-01-14T21:53:38,benign
log_1239,bclerk_14,read_phi,phi_rec_1628,0,0,1,billing,2025-07-05T07:47:56,benign
log_1240,doc_9,read_phi,phi_rec_804,1,1,0,research,2025-08-26T01:06:40,benign
log_1241,doc_28,read_phi,phi_rec_851,1,1,0,research,2025-03-04T07:54:44,benign
log_1242,doc_5,read_phi,phi_rec_1500,0,1,0,research,2025-08-23T17:38:32,violation_hipaa_auth
log_1243,doc_36,read_phi,phi_rec_1941,0,0,0,billing,2025-01-18T10:58:51,benign
log_1244,bclerk_14,read_phi,phi_rec_1457,0,0,1,billing,2025-02-26T05:49:07,benign
log_1245,doc_26,read_phi,phi_rec_437,0,0,0,marketing,2025-04-03T16:19:11,benign
log_1246,doc_2,read_phi,phi_rec_373,0,0,0,marketing,2025-07-15T21:43:18,benign
log_1247,doc_11,read_phi,phi_rec_1291,1,1,0,diagnosis,2025-08-12T20:26:38,benign
log_1248,bclerk_11,read_phi,phi_rec_1944,0,0,1,billing,2025-06-30T10:07:23,benign
log_1249,doc_36,read_phi,phi_rec_380,0,0,0,marketing,2025-07-17T08:13:27,benign
log_1250,bclerk_4,read_phi,phi_rec_1075,0,1,0,billing,2025-05-17T17:38:21,violation_hipaa_min_necessary
log_1251,doc_23,read_phi,phi_rec_853,1,1,0,diagnosis,2025-02-02T02:00:21,benign
log_1252,doc_9,read_phi,phi_rec_760,0,0,0,billing,2025-01-23T12:05:22,benign
log_1253,doc_40,read_phi,phi_rec_793,0,0,0,marketing,2025-07-19T04:07:08,benign
log_1254,bclerk_13,read_phi,phi_rec_1786,0,0,1,billing,2025-04-26T16:47:23,benign
log_1255,doc_45,read_phi,phi_rec_1595,0,0,0,marketing,2025-01-14T01:57:43,benign
log_1256,doc_17,read_phi,phi_rec_1596,0,0,0,billing,2025-04-26T01:00:40,benign
log_1257,doc_19,read_phi,phi_rec_1163,0,0,0,marketing,2025-03-05T00:54:32,benign
log_1258,doc_48,read_phi,phi_rec_884,1,0,0,research,2025-07-04T07:21:45,benign
log_1259,doc_40,read_phi,phi_rec_1313,1,0,0,research,2025-02-25T13:02:15,benign
log_1260,doc_32,read_phi,phi_rec_996,0,0,0,billing,2025-01-01T13:54:40,benign
log_1261,doc_30,read_phi,phi_rec_648,0,0,0,billing,2025-07-31T17:26:24,benign
log_1262,bclerk_9,read_phi,phi_rec_1026,0,0,1,billing,2025-08-24T08:35:11,benign
log_1263,doc_30,read_phi,phi_rec_424,0,0,0,billing,2025-02-19T06:20:08,benign
log_1264,bclerk_14,read_phi,phi_rec_1118,0,0,1,billing,2025-04-12T00:52:55,benign
log_1265,doc_48,read_phi,phi_rec_884,1,1,0,research,2025-03-18T13:22:02,benign
log_1266,bclerk_0,read_phi,phi_rec_1037,0,0,1,billing,2025-04-12T12:23:12,benign
log_1267,doc_49,read_phi,phi_rec_615,0,0,0,marketing,2025-01-03T22:05:15,benign
log_1268,doc_37,read_phi,phi_rec_800,1,1,0,diagnosis,2025-05-03T20:18:59,benign
log_1269,doc_33,read_phi,phi_rec_474,0,0,0,billing,2025-06-16T15:37:54,benign
log_1270,doc_16,read_phi,phi_rec_505,0,0,0,billing,2025-04-24T16:39:05,benign
log_1271,doc_21,read_phi,phi_rec_57,1,1,0,diagnosis,2025-05-12T16:56:15,benign
log_1272,doc_4,read_phi,phi_rec_304,0,0,0,billing,2025-05-21T12:23:24,benign
log_1273,bclerk_10,read_phi,phi_rec_1199,0,0,1,billing,2025-06-07T05:18:45,benign
log_1274,doc_22,read_phi,phi_rec_492,1,1,0,diagnosis,2025-07-15T03:20:35,benign
log_1275,bclerk_0,read_phi,phi_rec_1539,0,0,1,billing,2025-02-08T20:14:01,benign
log_1276,doc_46,read_phi,phi_rec_1304,1,1,0,diagnosis,2025-04-24T03:46:35,benign
log_1277,doc_22,read_phi,phi_rec_932,1,0,0,diagnosis,2025-08-01T23:34:12,benign
log_1278,bclerk_1,read_phi,phi_rec_236,0,0,1,billing,2025-02-06T05:17:45,benign
log_1279,bclerk_2,read_phi,phi_rec_1151,0,0,1,billing,2025-05-29T09:34:44,benign
log_1280,bclerk_10,read_phi,phi_rec_444,0,0,1,billing,2025-04-14T10:21:18,benign
log_1281,bclerk_9,read_phi,phi_rec_281,0,0,1,billing,2025-04-15T14:04:58,benign
log_1282,doc_21,read_phi,phi_rec_1905,1,1,0,diagnosis,2025-05-29T19:09:30,benign
log_1283,bclerk_7,read_phi,phi_rec_43,0,0,1,billing,2025-05-28T19:48:30,benign
log_1284,doc_13,read_phi,phi_rec_539,0,1,0,diagnosis,2025-08-11T00:01:45,violation_hipaa_auth
log_1285,doc_26,read_phi,phi_rec_1097,1,1,0,research,2025-03-22T18:28:52,benign
log_1286,doc_40,read_phi,phi_rec_674,0,0,0,marketing,2025-01-03T00:49:52,benign
log_1287,doc_29,read_phi,phi_rec_1041,0,0,0,marketing,2025-01-04T19:58:00,benign
log_1288,doc_6,read_phi,phi_rec_471,0,0,0,billing,2025-01-07T14:27:04,benign
log_1289,bclerk_0,read_phi,phi_rec_1225,0,0,1,marketing,2025-06-15T06:35:09,violation_gdpr_art18
log_1290,doc_7,read_phi,phi_rec_502,0,0,0,marketing,2025-05-23T16:25:41,benign
log_1291,doc_32,read_phi,phi_rec_808,1,1,0,research,2025-01-28T14:01:22,benign
log_1292,doc_45,read_phi,phi_rec_1053,0,1,0,research,2025-06-22T23:05:01,violation_gdpr_art18
log_1293,doc_49,read_phi,phi_rec_1912,1,0,0,research,2025-05-23T09:28:30,benign
log_1294,doc_41,read_phi,phi_rec_676,0,0,0,billing,2025-05-19T00:47:29,benign
log_1295,doc_0,read_phi,phi_rec_1404,1,1,0,diagnosis,2025-05-15T23:22:33,benign
log_1296,doc_11,read_phi,phi_rec_604,0,1,0,diagnosis,2025-08-12T06:40:42,violation_hipaa_auth
log_1297,doc_25,read_phi,phi_rec_354,0,0,0,billing,2025-01-07T14:21:46,benign
log_1298,doc_37,read_phi,phi_rec_11,0,0,0,billing,2025-04-05T15:23:54,benign
log_1299,doc_0,read_phi,phi_rec_921,0,0,0,marketing,2025-08-23T15:07:46,benign
log_1300,doc_34,read_phi,phi_rec_1408,1,1,0,diagnosis,2025-04-09T17:48:41,benign
log_1301,doc_33,read_phi,phi_rec_1062,0,1,0,research,2025-03-04T14:22:14,violation_hipaa_auth
log_1302,doc_13,read_phi,phi_rec_509,1,1,0,diagnosis,2025-02-07T18:41:07,benign
log_1303,bclerk_5,read_phi,phi_rec_1697,0,0,1,billing,2025-05-04T05:26:27,benign
log_1304,doc_46,read_phi,phi_rec_214,0,0,0,billing,2025-02-05T07:41:44,benign
log_1305,doc_29,read_phi,phi_rec_874,0,0,0,marketing,2025-05-28T15:14:02,benign
log_1306,doc_9,read_phi,phi_rec_156,1,0,0,research,2025-05-04T01:01:12,benign
log_1307,doc_48,read_phi,phi_rec_1035,0,0,0,billing,2025-02-06T10:10:15,benign
log_1308,bclerk_3,read_phi,phi_rec_651,0,0,1,billing,2025-07-10T08:39:56,benign
log_1309,doc_6,read_phi,phi_rec_858,0,0,0,marketing,2025-07-18T00:58:53,benign
log_1310,doc_30,read_phi,phi_rec_261,0,0,0,billing,2025-04-14T04:12:31,benign
log_1311,bclerk_2,read_phi,phi_rec_1391,0,0,1,billing,2025-08-02T09:06:33,benign
log_1312,doc_48,read_phi,phi_rec_1675,0,0,0,billing,2025-01-30T02:05:53,benign
log_1313,doc_15,read_phi,phi_rec_1996,0,0,0,billing,2025-03-21T10:26:04,benign
log_1314,bclerk_11,read_phi,phi_rec_1355,0,0,1,billing,2025-03-01T15:48:47,benign
log_1315,doc_26,read_phi,phi_rec_1619,0,0,0,billing,2025-03-20T13:10:16,benign
log_1316,doc_39,read_phi,phi_rec_1872,0,0,0,billing,2025-07-01T15:30:21,benign
log_1317,doc_4,read_phi,phi_rec_165,0,0,0,marketing,2025-03-21T13:49:44,benign
log_1318,doc_4,read_phi,phi_rec_1843,1,1,0,diagnosis,2025-02-10T16:14:23,benign
log_1319,doc_3,read_phi,phi_rec_1000,0,0,0,billing,2025-01-12T12:21:21,benign
log_1320,doc_5,read_phi,phi_rec_837,0,0,0,research,2025-02-14T14:37:16,benign
log_1321,bclerk_8,read_phi,phi_rec_1610,0,0,1,billing,2025-04-09T13:51:21,benign
log_1322,doc_11,read_phi,phi_rec_868,0,0,0,billing,2025-02-23T21:25:38,benign
log_1323,doc_44,read_phi,phi_rec_823,1,0,0,diagnosis,2025-01-14T17:26:41,benign
log_1324,doc_21,read_phi,phi_rec_1046,1,0,0,diagnosis,2025-08-01T06:53:43,benign
log_1325,doc_27,read_phi,phi_rec_1211,1,1,0,research,2025-08-12T05:39:53,benign
log_1326,doc_27,read_phi,phi_rec_450,0,0,0,billing,2025-05-05T09:06:11,benign
log_1327,bclerk_0,read_phi,phi_rec_497,0,0,1,billing,2025-07-21T12:20:29,benign
log_1328,doc_37,read_phi,phi_rec_1945,1,1,0,diagnosis,2025-05-03T08:28:20,benign
log_1329,doc_0,read_phi,phi_rec_1324,1,1,0,research,2025-07-26T08:17:05,benign
log_1330,bclerk_0,read_phi,phi_rec_1293,0,0,1,marketing,2025-07-01T13:03:42,violation_gdpr_art18
log_1331,doc_11,read_phi,phi_rec_1778,0,0,0,marketing,2025-07-04T07:10:06,benign
log_1332,doc_15,read_phi,phi_rec_284,0,0,0,billing,2025-02-13T22:59:04,benign
log_1333,doc_15,read_phi,phi_rec_810,0,0,0,marketing,2025-07-26T13:13:20,benign
log_1334,doc_4,read_phi,phi_rec_1569,1,1,0,research,2025-07-14T21:35:13,benign
log_1335,doc_24,read_phi,phi_rec_288,0,0,0,marketing,2025-01-24T12:44:48,benign
log_1336,bclerk_0,read_phi,phi_rec_861,0,0,1,marketing,2025-03-12T10:50:16,violation_gdpr_art18
log_1337,bclerk_11,read_phi,phi_rec_982,0,0,1,billing,2025-06-29T19:45:46,benign
log_1338,doc_46,read_phi,phi_rec_186,1,1,0,diagnosis,2025-03-04T09:00:56,benign
log_1339,doc_45,read_phi,phi_rec_679,0,0,0,billing,2025-05-23T16:42:00,benign
log_1340,doc_35,read_phi,phi_rec_1600,0,0,0,marketing,2025-02-27T05:16:19,benign
log_1341,doc_20,read_phi,phi_rec_1821,1,1,0,research,2025-08-17T15:01:30,benign
log_1342,doc_9,read_phi,phi_rec_1394,0,0,0,marketing,2025-08-02T06:32:08,benign
log_1343,doc_1,read_phi,phi_rec_1698,0,0,0,diagnosis,2025-05-17T09:23:47,benign
log_1344,doc_34,read_phi,phi_rec_899,0,1,0,research,2025-02-10T05:52:18,violation_gdpr_art18
log_1345,doc_19,read_phi,phi_rec_1088,1,1,0,research,2025-06-14T08:11:59,benign
log_1346,doc_18,read_phi,phi_rec_1219,0,0,0,marketing,2025-02-08T08:18:14,benign
log_1347,doc_49,read_phi,phi_rec_1912,0,1,0,research,2025-02-14T13:32:33,benign
log_1348,doc_38,read_phi,phi_rec_1138,0,0,0,marketing,2025-01-29T02:02:14,benign
log_1349,bclerk_4,read_phi,phi_rec_1989,0,0,1,billing,2025-03-08T05:24:36,benign
log_1350,doc_12,read_phi,phi_rec_1710,1,1,0,diagnosis,2025-02-17T02:33:16,benign
log_1351,doc_41,read_phi,phi_rec_621,1,1,0,research,2025-06-16T04:11:29,benign
log_1352,doc_45,read_phi,phi_rec_1738,1,1,0,diagnosis,2025-02-24T22:54:38,benign
log_1353,doc_30,read_phi,phi_rec_1011,0,0,0,billing,2025-08-05T06:24:57,benign
log_1354,doc_45,read_phi,phi_rec_926,0,0,0,billing,2025-01-08T21:04:32,benign
log_1355,doc_44,read_phi,phi_rec_995,1,1,0,research,2025-05-22T13:51:24,benign
log_1356,bclerk_10,read_phi,phi_rec_459,0,0,1,billing,2025-04-22T00:59:03,benign
log_1357,doc_12,read_phi,phi_rec_1217,1,1,0,diagnosis,2025-05-05T16:56:35,benign
log_1358,doc_39,read_phi,phi_rec_538,0,0,0,billing,2025-06-04T04:50:20,benign
log_1359,doc_49,read_phi,phi_rec_1912,0,1,0,research,2025-07-24T03:57:45,benign
log_1360,bclerk_10,read_phi,phi_rec_980,0,0,1,billing,2025-05-12T09:03:38,benign
log_1361,doc_36,read_phi,phi_rec_216,0,1,0,diagnosis,2025-03-31T03:09:09,benign
log_1362,doc_12,read_phi,phi_rec_1151,1,1,0,diagnosis,2025-06-09T17:31:22,benign
log_1363,doc_6,read_phi,phi_rec_727,0,0,0,billing,2025-06-28T07:02:20,benign
log_1364,doc_2,read_phi,phi_rec_1485,1,1,0,diagnosis,2025-05-07T10:54:03,benign
log_1365,doc_18,read_phi,phi_rec_1344,0,1,0,diagnosis,2025-03-01T08:21:37,benign
log_1366,doc_18,read_phi,phi_rec_1344,1,1,0,diagnosis,2025-03-17T13:50:49,benign
log_1367,doc_0,read_phi,phi_rec_1956,0,0,0,marketing,2025-07-28T04:23:17,benign
log_1368,doc_1,read_phi,phi_rec_1698,1,1,0,diagnosis,2025-04-22T19:00:46,benign
log_1369,bclerk_3,read_phi,phi_rec_327,1,0,0,billing,2025-01-17T13:35:37,violation_hipaa_min_necessary
log_1370,doc_38,read_phi,phi_rec_633,0,0,0,billing,2025-01-26T06:54:49,benign
log_1371,doc_16,read_phi,phi_rec_228,1,1,0,diagnosis,2025-02-19T08:37:17,benign
log_1372,doc_36,read_phi,phi_rec_171,0,0,0,billing,2025-06-08T06:06:21,benign
log_1373,doc_26,read_phi,phi_rec_1619,0,0,0,billing,2025-03-07T17:23:32,benign
log_1374,doc_43,read_phi,phi_rec_290,0,0,0,billing,2025-06-19T13:39:47,benign
log_1375,doc_48,read_phi,phi_rec_1413,0,0,0,marketing,2025-05-07T00:56:15,benign
log_1376,doc_8,read_phi,phi_rec_682,0,1,0,diagnosis,2025-07-22T15:03:04,benign
log_1377,doc_23,read_phi,phi_rec_787,1,1,0,diagnosis,2025-08-08T20:30:31,benign
log_1378,doc_15,read_phi,phi_rec_947,1,1,0,research,2025-01-23T03:02:43,benign
log_1379,doc_27,read_phi,phi_rec_833,1,1,0,diagnosis,2025-01-31T16:30:04,benign
log_1380,bclerk_1,read_phi,phi_rec_1514,0,0,1,billing,2025-05-19T06:29:48,benign
log_1381,doc_22,read_phi,phi_rec_1932,1,1,0,diagnosis,2025-07-04T02:43:57,benign
log_1382,doc_3,read_phi,phi_rec_1377,0,0,0,billing,2025-08-24T06:34:05,benign
log_1383,doc_24,read_phi,phi_rec_1457,0,0,0,billing,2025-08-10T02:09:46,benign
log_1384,doc_7,read_phi,phi_rec_229,1,0,0,diagnosis,2025-07-20T16:45:55,benign
log_1385,doc_17,read_phi,phi_rec_968,1,1,0,diagnosis,2025-06-20T17:40:50,benign
log_1386,doc_31,read_phi,phi_rec_6,0,0,0,billing,2025-05-22T20:05:34,benign
log_1387,doc_17,read_phi,phi_rec_1252,1,1,0,diagnosis,2025-08-29T16:59:57,benign
log_1388,doc_6,read_phi,phi_rec_352,0,0,0,billing,2025-04-20T09:52:52,benign
log_1389,bclerk_1,read_phi,phi_rec_1716,0,0,1,billing,2025-06-26T18:01:02,benign
log_1390,bclerk_11,read_phi,phi_rec_116,0,0,1,billing,2025-02-03T12:13:22,benign
log_1391,doc_9,read_phi,phi_rec_24,0,0,0,billing,2025-08-17T04:51:44,benign
log_1392,bclerk_5,read_phi,phi_rec_1348,0,0,1,billing,2025-03-08T09:54:31,benign
log_1393,doc_45,read_phi,phi_rec_1170,0,0,0,diagnosis,2025-07-24T06:19:42,benign
log_1394,doc_7,read_phi,phi_rec_687,0,0,0,billing,2025-01-17T02:28:03,benign
log_1395,doc_12,read_phi,phi_rec_1861,1,1,0,diagnosis,2025-01-16T09:16:12,benign
log_1396,bclerk_8,read_phi,phi_rec_737,0,0,1,billing,2025-06-09T01:43:57,benign
log_1397,bclerk_10,read_phi,phi_rec_359,0,0,1,billing,2025-03-20T17:45:04,benign
log_1398,bclerk_0,read_phi,phi_rec_876,0,0,1,marketing,2025-07-29T12:45:05,violation_gdpr_art18
log_1399,bclerk_1,read_phi,phi_rec_1803,0,0,1,billing,2025-06-19T22:14:02,benign
log_1400,bclerk_0,read_phi,phi_rec_1192,0,0,1,billing,2025-03-19T06:10:29,benign
log_1401,bclerk_11,read_phi,phi_rec_637,0,0,1,billing,2025-07-04T01:28:52,benign
log_1402,doc_41,read_phi,phi_rec_661,0,0,0,billing,2025-01-28T19:37:57,benign
log_1403,doc_45,read_phi,phi_rec_22,0,0,0,marketing,2025-04-01T12:47:21,benign
log_1404,doc_21,read_phi,phi_rec_82,0,0,0,marketing,2025-02-06T00:46:07,benign
log_1405,doc_20,read_phi,phi_rec_1876,0,1,0,research,2025-06-29T16:22:45,benign
log_1406,doc_18,read_phi,phi_rec_422,1,1,0,diagnosis,2025-05-09T18:49:01,benign
log_1407,doc_1,read_phi,phi_rec_1365,1,1,0,research,2025-02-28T11:50:17,benign
log_1408,doc_31,read_phi,phi_rec_310,0,0,0,billing,2025-03-26T01:09:18,benign
log_1409,bclerk_12,read_phi,phi_rec_1877,0,0,1,billing,2025-06-16T02:39:40,benign
log_1410,doc_49,read_phi,phi_rec_1300,0,0,0,billing,2025-05-11T03:22:03,benign
log_1411,doc_7,read_phi,phi_rec_80,0,0,0,marketing,2025-07-18T16:49:36,benign
log_1412,doc_30,read_phi,phi_rec_1715,1,0,0,research,2025-03-05T09:49:21,benign
log_1413,doc_2,read_phi,phi_rec_1414,0,0,0,billing,2025-02-16T01:00:53,benign
log_1414,bclerk_12,read_phi,phi_rec_23,0,0,1,billing,2025-06-30T07:11:44,benign
log_1415,doc_43,read_phi,phi_rec_1972,1,1,0,research,2025-02-05T21:24:42,benign
log_1416,bclerk_0,read_phi,phi_rec_541,0,0,1,billing,2025-02-06T04:52:37,benign
log_1417,doc_28,read_phi,phi_rec_866,0,0,0,marketing,2025-05-16T15:33:09,benign
log_1418,doc_17,read_phi,phi_rec_1116,1,0,0,research,2025-08-07T14:41:54,benign
log_1419,doc_34,read_phi,phi_rec_964,0,1,0,diagnosis,2025-03-06T04:30:14,benign
log_1420,doc_29,read_phi,phi_rec_645,0,1,0,research,2025-08-24T09:12:25,benign
log_1421,doc_35,read_phi,phi_rec_1213,1,1,0,diagnosis,2025-01-02T21:49:18,benign
log_1422,doc_44,read_phi,phi_rec_143,0,1,0,diagnosis,2025-02-01T01:26:00,violation_hipaa_auth
log_1423,doc_47,read_phi,phi_rec_1436,0,0,0,billing,2025-01-18T21:30:53,benign
log_1424,bclerk_9,read_phi,phi_rec_257,0,0,1,billing,2025-02-20T07:58:59,benign
log_1425,doc_25,read_phi,phi_rec_1679,0,0,0,marketing,2025-04-29T03:47:49,benign
log_1426,doc_15,read_phi,phi_rec_1204,0,0,0,billing,2025-02-02T19:50:43,benign
log_1427,bclerk_1,read_phi,phi_rec_1476,0,0,1,billing,2025-02-07T18:29:24,benign
log_1428,doc_2,read_phi,phi_rec_1117,0,0,0,marketing,2025-04-06T07:27:59,benign
log_1429,doc_33,read_phi,phi_rec_1165,0,0,0,marketing,2025-08-15T15:18:40,benign
log_1430,bclerk_3,read_phi,phi_rec_1248,0,1,0,billing,2025-08-06T14:28:44,violation_hipaa_min_necessary
log_1431,doc_46,read_phi,phi_rec_145,0,0,0,marketing,2025-08-14T21:10:48,benign
log_1432,doc_45,read_phi,phi_rec_182,0,1,0,diagnosis,2025-03-05T04:24:52,benign
log_1433,bclerk_10,read_phi,phi_rec_1728,0,0,1,billing,2025-02-01T03:49:27,benign
log_1434,doc_0,read_phi,phi_rec_47,0,0,0,billing,2025-06-12T01:56:12,benign
log_1435,bclerk_8,read_phi,phi_rec_652,0,0,1,billing,2025-02-28T04:36:04,benign
log_1436,doc_27,read_phi,phi_rec_191,0,0,0,marketing,2025-08-08T00:58:48,benign
log_1437,doc_2,read_phi,phi_rec_1555,0,0,0,billing,2025-02-16T20:29:41,benign
log_1438,bclerk_9,read_phi,phi_rec_1258,0,0,1,billing,2025-05-21T18:17:52,benign
log_1439,doc_47,read_phi,phi_rec_254,0,1,0,diagnosis,2025-05-05T13:12:11,benign
log_1440,doc_0,read_phi,phi_rec_1559,1,0,0,diagnosis,2025-07-02T15:41:30,benign
log_1441,bclerk_3,read_phi,phi_rec_8,0,0,1,billing,2025-08-01T01:52:48,benign
log_1442,doc_2,read_phi,phi_rec_700,0,0,0,billing,2025-05-10T02:19:57,benign
log_1443,bclerk_1,read_phi,phi_rec_410,0,0,1,billing,2025-07-23T01:20:24,benign
log_1444,doc_15,read_phi,phi_rec_1638,0,0,0,marketing,2025-08-16T02:57:54,benign
log_1445,doc_47,read_phi,phi_rec_930,1,1,0,diagnosis,2025-07-14T06:40:37,benign
log_1446,doc_24,read_phi,phi_rec_1166,0,0,0,marketing,2025-04-10T17:56:13,benign
log_1447,bclerk_13,read_phi,phi_rec_1593,0,0,1,billing,2025-01-09T10:28:15,benign
log_1448,doc_24,read_phi,phi_rec_845,0,0,0,billing,2025-04-23T18:58:53,benign
log_1449,doc_20,read_phi,phi_rec_1697,0,0,0,billing,2025-07-21T15:59:40,benign
log_1450,doc_29,read_phi,phi_rec_891,0,0,0,marketing,2025-04-13T08:27:02,benign
log_1451,doc_21,read_phi,phi_rec_1430,1,1,0,research,2025-04-01T00:08:00,benign
log_1452,bclerk_7,read_phi,phi_rec_309,0,0,1,billing,2025-03-29T14:49:47,benign
log_1453,doc_38,read_phi,phi_rec_862,1,0,0,diagnosis,2025-06-11T02:06:00,benign
log_1454,doc_0,read_phi,phi_rec_338,1,0,0,research,2025-02-25T22:25:31,benign
log_1455,doc_16,read_phi,phi_rec_361,1,1,0,diagnosis,2025-08-04T03:09:04,benign
log_1456,doc_37,read_phi,phi_rec_599,0,0,0,marketing,2025-04-17T00:13:55,benign
log_1457,bclerk_11,read_phi,phi_rec_1393,0,0,1,billing,2025-01-08T13:07:13,benign
log_1458,doc_40,read_phi,phi_rec_1751,1,1,0,diagnosis,2025-06-18T20:20:02,benign
log_1459,doc_34,read_phi,phi_rec_537,0,0,0,billing,2025-03-31T17:46:34,benign
log_1460,bclerk_2,read_phi,phi_rec_1313,0,0,1,billing,2025-01-16T02:39:43,benign
log_1461,doc_14,read_phi,phi_rec_1359,1,1,0,diagnosis,2025-04-27T21:31:26,benign
log_1462,bclerk_9,read_phi,phi_rec_1577,0,0,1,billing,2025-01-11T23:57:55,benign
log_1463,doc_35,read_phi,phi_rec_420,0,0,0,billing,2025-02-19T18:34:53,benign
log_1464,doc_10,read_phi,phi_rec_1934,0,0,0,marketing,2025-01-21T16:08:12,benign
log_1465,doc_11,read_phi,phi_rec_1911,0,1,0,diagnosis,2025-07-25T21:34:49,benign
log_1466,doc_48,read_phi,phi_rec_1200,0,0,0,billing,2025-05-22T17:54:24,benign
log_1467,bclerk_8,read_phi,phi_rec_1049,0,0,1,billing,2025-03-11T02:15:45,benign
log_1468,bclerk_6,read_phi,phi_rec_359,0,0,1,billing,2025-06-21T09:53:44,benign
log_1469,doc_4,read_phi,phi_rec_699,0,0,0,billing,2025-08-06T22:43:54,benign
log_1470,doc_44,read_phi,phi_rec_1750,0,0,0,billing,2025-05-20T18:54:47,benign
log_1471,doc_8,read_phi,phi_rec_1288,0,0,0,billing,2025-08-08T00:22:14,benign
log_1472,doc_24,read_phi,phi_rec_0,0,0,0,marketing,2025-06-02T15:57:00,benign
log_1473,bclerk_0,read_phi,phi_rec_901,0,0,1,billing,2025-04-01T18:14:37,benign
log_1474,doc_20,read_phi,phi_rec_1821,0,0,0,marketing,2025-04-24T02:03:11,benign
log_1475,doc_15,read_phi,phi_rec_1189,0,0,0,billing,2025-01-09T03:25:57,benign
log_1476,doc_19,read_phi,phi_rec_1853,1,1,0,diagnosis,2025-06-02T21:27:04,benign
log_1477,doc_39,read_phi,phi_rec_654,0,0,0,billing,2025-01-08T19:56:50,benign
log_1478,doc_25,read_phi,phi_rec_1340,0,0,0,marketing,2025-06-01T21:04:05,benign
log_1479,doc_40,read_phi,phi_rec_1914,0,0,0,marketing,2025-05-09T16:42:37,benign
log_1480,doc_0,read_phi,phi_rec_328,0,1,0,research,2025-08-07T07:04:46,violation_gdpr_art18
log_1481,doc_17,read_phi,phi_rec_1662,1,1,0,research,2025-06-21T04:25:36,benign
log_1482,doc_46,read_phi,phi_rec_27,0,1,0,research,2025-07-23T03:23:05,benign
log_1483,doc_44,read_phi,phi_rec_1612,1,1,0,research,2025-05-18T23:17:46,benign
log_1484,doc_22,read_phi,phi_rec_1366,0,0,0,billing,2025-05-11T21:48:50,benign
log_1485,doc_34,read_phi,phi_rec_1529,0,1,0,diagnosis,2025-06-24T16:15:18,benign
log_1486,doc_2,read_phi,phi_rec_206,0,0,0,billing,2025-02-24T14:49:31,benign
log_1487,doc_34,read_phi,phi_rec_1598,0,0,0,marketing,2025-08-03T07:37:08,benign
log_1488,doc_9,read_phi,phi_rec_24,0,0,0,billing,2025-07-01T04:17:43,benign
log_1489,doc_13,read_phi,phi_rec_959,0,0,0,marketing,2025-06-21T22:25:22,benign
log_1490,doc_11,read_phi,phi_rec_1753,0,0,0,marketing,2025-08-21T09:23:18,benign
log_1491,doc_47,read_phi,phi_rec_1749,0,0,0,marketing,2025-02-22T23:26:07,benign
log_1492,doc_44,read_phi,phi_rec_350,1,0,0,research,2025-03-22T05:22:04,benign
log_1493,doc_5,read_phi,phi_rec_837,1,1,0,research,2025-01-11T18:42:04,benign
log_1494,bclerk_13,read_phi,phi_rec_1663,0,0,1,billing,2025-02-06T10:36:43,benign
log_1495,doc_5,read_phi,phi_rec_726,0,0,0,marketing,2025-08-21T06:35:50,benign
log_1496,doc_39,read_phi,phi_rec_670,1,1,0,diagnosis,2025-08-15T23:58:43,benign
log_1497,doc_37,read_phi,phi_rec_126,0,0,0,billing,2025-01-20T19:04:35,benign
log_1498,bclerk_13,read_phi,phi_rec_1797,0,0,1,billing,2025-04-11T20:09:21,benign
log_1499,doc_2,read_phi,phi_rec_315,1,0,0,research,2025-07-29T14:57:20,violation_gdpr_art18
log_1500,doc_22,read_phi,phi_rec_753,1,1,0,research,2025-08-17T08:22:12,benign
log_1501,doc_30,read_phi,phi_rec_629,1,1,0,research,2025-03-03T07:25:18,benign
log_1502,doc_28,read_phi,phi_rec_1651,0,0,0,marketing,2025-04-03T01:25:50,benign
log_1503,doc_2,read_phi,phi_rec_1957,1,1,0,diagnosis,2025-06-22T00:49:14,benign
log_1504,doc_35,read_phi,phi_rec_1105,1,1,0,research,2025-01-25T00:04:52,benign
log_1505,doc_27,read_phi,phi_rec_1247,0,0,0,billing,2025-06-08T12:28:41,benign
log_1506,doc_24,read_phi,phi_rec_1519,0,0,0,marketing,2025-06-21T09:57:30,benign
log_1507,doc_36,read_phi,phi_rec_734,0,1,0,diagnosis,2025-05-14T00:11:28,violation_hipaa_auth
log_1508,doc_21,read_phi,phi_rec_403,1,1,0,research,2025-08-12T20:18:38,benign
log_1509,doc_6,read_phi,phi_rec_1039,1,1,0,diagnosis,2025-07-26T07:55:51,benign
log_1510,doc_21,read_phi,phi_rec_1893,0,0,0,marketing,2025-03-14T22:18:10,benign
log_1511,doc_22,read_phi,phi_rec_1811,0,0,0,billing,2025-06-09T04:48:35,benign
log_1512,doc_10,read_phi,phi_rec_1575,0,0,0,billing,2025-01-16T15:09:30,benign
log_1513,bclerk_2,read_phi,phi_rec_1865,0,0,1,billing,2025-06-10T15:40:11,benign
log_1514,bclerk_1,read_phi,phi_rec_1167,0,0,1,billing,2025-06-11T09:16:36,benign
log_1515,bclerk_9,read_phi,phi_rec_453,0,0,1,billing,2025-06-03T12:00:25,benign
log_1516,doc_42,read_phi,phi_rec_1465,1,1,0,diagnosis,2025-01-29T03:53:24,benign
log_1517,doc_21,read_phi,phi_rec_453,1,1,0,research,2025-06-17T02:13:19,benign
log_1518,bclerk_9,read_phi,phi_rec_736,0,0,1,billing,2025-01-26T12:44:06,benign
log_1519,doc_30,read_phi,phi_rec_184,0,0,0,marketing,2025-01-16T01:17:04,benign
log_1520,doc_35,read_phi,phi_rec_792,0,0,0,marketing,2025-06-25T18:07:28,benign
log_1521,doc_25,read_phi,phi_rec_434,1,1,0,research,2025-06-03T00:46:37,benign
log_1522,doc_34,read_phi,phi_rec_1408,0,0,0,marketing,2025-07-18T14:41:50,benign
log_1523,doc_23,read_phi,phi_rec_787,1,1,0,diagnosis,2025-04-22T06:56:43,benign
log_1524,doc_7,read_phi,phi_rec_945,0,0,0,billing,2025-05-29T13:41:28,benign
log_1525,doc_40,read_phi,phi_rec_840,0,0,0,billing,2025-07-02T09:08:32,benign
log_1526,bclerk_12,read_phi,phi_rec_431,0,0,1,billing,2025-08-08T15:31:22,benign
log_1527,bclerk_12,read_phi,phi_rec_561,0,0,1,billing,2025-07-28T10:56:10,benign
log_1528,doc_33,read_phi,phi_rec_876,0,0,0,billing,2025-06-07T08:16:02,benign
log_1529,bclerk_14,read_phi,phi_rec_1142,0,0,1,billing,2025-06-01T21:16:02,benign
log_1530,doc_45,read_phi,phi_rec_479,1,1,0,diagnosis,2025-07-29T09:25:48,benign
log_1531,doc_44,read_phi,phi_rec_495,1,1,0,diagnosis,2025-07-03T02:54:59,benign
log_1532,doc_6,read_phi,phi_rec_193,0,0,0,marketing,2025-08-03T13:37:31,benign
log_1533,doc_9,read_phi,phi_rec_760,0,0,0,marketing,2025-07-30T00:16:51,benign
log_1534,doc_44,read_phi,phi_rec_637,1,0,0,research,2025-08-07T02:48:00,benign
log_1535,doc_38,read_phi,phi_rec_819,0,0,0,billing,2025-07-01T03:18:02,benign
log_1536,doc_28,read_phi,phi_rec_866,1,1,0,research,2025-06-05T19:15:56,benign
log_1537,doc_44,read_phi,phi_rec_248,0,0,0,billing,2025-01-17T23:35:57,benign
log_1538,doc_14,read_phi,phi_rec_563,0,1,0,diagnosis,2025-02-21T12:53:12,benign
log_1539,doc_10,read_phi,phi_rec_414,0,0,0,billing,2025-04-12T10:08:47,benign
log_1540,doc_16,read_phi,phi_rec_1597,0,0,0,billing,2025-03-06T12:32:53,benign
log_1541,doc_18,read_phi,phi_rec_1904,0,1,0,billing,2025-01-10T01:07:49,violation_hipaa_auth
log_1542,doc_14,read_phi,phi_rec_775,0,0,0,billing,2025-01-16T03:16:00,benign
log_1543,bclerk_6,read_phi,phi_rec_802,0,0,1,billing,2025-01-08T08:08:22,benign
log_1544,bclerk_3,read_phi,phi_rec_686,0,1,0,billing,2025-06-01T00:58:39,violation_hipaa_min_necessary
log_1545,doc_20,read_phi,phi_rec_657,0,0,0,billing,2025-07-10T20:56:38,benign
log_1546,doc_19,read_phi,phi_rec_614,0,0,0,billing,2025-03-13T00:38:42,benign
log_1547,bclerk_0,read_phi,phi_rec_9,0,0,1,billing,2025-04-09T23:49:05,benign
log_1548,bclerk_0,read_phi,phi_rec_242,0,0,1,billing,2025-05-28T14:51:45,benign
log_1549,doc_39,read_phi,phi_rec_1962,1,1,0,diagnosis,2025-07-09T10:19:29,benign
log_1550,doc_48,read_phi,phi_rec_590,0,1,0,research,2025-05-19T21:14:34,benign
log_1551,doc_22,read_phi,phi_rec_266,1,1,0,research,2025-05-28T14:21:49,benign
log_1552,bclerk_4,read_phi,phi_rec_1649,0,0,1,billing,2025-08-14T14:02:51,benign
log_1553,doc_30,read_phi,phi_rec_915,0,1,0,billing,2025-05-25T19:40:29,violation_hipaa_auth
log_1554,bclerk_11,read_phi,phi_rec_981,0,0,1,billing,2025-08-02T11:31:03,benign
log_1555,doc_33,read_phi,phi_rec_1626,1,1,0,diagnosis,2025-02-15T05:06:47,benign
log_1556,doc_22,read_phi,phi_rec_1842,1,1,0,diagnosis,2025-01-26T02:09:38,benign
log_1557,doc_37,read_phi,phi_rec_981,1,1,0,research,2025-08-12T09:18:37,benign
log_1558,doc_36,read_phi,phi_rec_1985,0,0,0,billing,2025-01-19T11:14:58,benign
log_1559,bclerk_11,read_phi,phi_rec_1607,0,0,1,billing,2025-08-15T01:20:17,benign
log_1560,doc_35,read_phi,phi_rec_1773,1,1,0,research,2025-08-29T11:58:06,benign
log_1561,doc_1,read_phi,phi_rec_1867,0,0,0,billing,2025-06-11T02:43:13,benign
log_1562,doc_19,read_phi,phi_rec_1731,1,1,0,diagnosis,2025-07-29T10:36:15,benign
log_1563,doc_28,read_phi,phi_rec_128,1,1,0,diagnosis,2025-02-15T22:03:33,benign
log_1564,bclerk_9,read_phi,phi_rec_1325,0,0,1,billing,2025-06-28T16:25:32,benign
log_1565,doc_36,read_phi,phi_rec_1646,1,1,0,diagnosis,2025-04-28T21:37:00,benign
log_1566,doc_34,read_phi,phi_rec_1980,0,0,0,billing,2025-01-02T05:20:14,benign
log_1567,doc_8,read_phi,phi_rec_818,1,0,0,diagnosis,2025-05-19T20:38:59,benign
log_1568,doc_19,read_phi,phi_rec_898,1,1,0,diagnosis,2025-02-01T15:43:51,benign
log_1569,doc_9,read_phi,phi_rec_1898,0,0,0,billing,2025-05-29T16:47:40,benign
log_1570,bclerk_7,read_phi,phi_rec_1622,0,0,1,billing,2025-07-31T01:29:46,benign
log_1571,doc_19,read_phi,phi_rec_318,1,1,0,diagnosis,2025-05-11T18:22:13,benign
log_1572,doc_32,read_phi,phi_rec_1652,0,0,0,billing,2025-07-19T07:26:26,benign
log_1573,bclerk_9,read_phi,phi_rec_906,0,0,1,billing,2025-03-11T23:40:28,benign
log_1574,doc_46,read_phi,phi_rec_1824,0,0,0,billing,2025-05-06T04:09:09,benign
log_1575,bclerk_3,read_phi,phi_rec_980,1,0,0,billing,2025-08-08T09:03:50,violation_hipaa_min_necessary
log_1576,bclerk_0,read_phi,phi_rec_1685,0,0,1,billing,2025-08-15T19:53:10,benign
log_1577,doc_6,read_phi,phi_rec_512,1,1,0,research,2025-05-06T20:43:51,benign
log_1578,doc_21,read_phi,phi_rec_1524,1,1,0,diagnosis,2025-08-12T01:22:00,benign
log_1579,doc_47,read_phi,phi_rec_966,1,1,0,diagnosis,2025-05-09T12:23:25,benign
log_1580,doc_2,read_phi,phi_rec_1688,0,0,0,billing,2025-05-29T06:58:37,benign
log_1581,doc_34,read_phi,phi_rec_190,1,0,0,research,2025-01-14T01:03:43,benign
log_1582,bclerk_8,read_phi,phi_rec_1363,0,1,0,billing,2025-03-09T02:07:00,violation_hipaa_min_necessary
log_1583,doc_48,read_phi,phi_rec_1093,0,0,0,marketing,2025-03-20T09:48:05,benign
log_1584,doc_26,read_phi,phi_rec_846,0,0,0,billing,2025-03-03T16:27:04,benign
log_1585,bclerk_4,read_phi,phi_rec_231,0,0,1,billing,2025-08-03T04:52:59,benign
log_1586,doc_39,read_phi,phi_rec_55,1,1,0,diagnosis,2025-01-24T22:50:13,benign
log_1587,doc_39,read_phi,phi_rec_1026,0,0,0,marketing,2025-01-08T12:02:51,benign
log_1588,doc_8,read_phi,phi_rec_1312,1,1,0,research,2025-03-02T16:46:04,benign
log_1589,doc_2,read_phi,phi_rec_159,0,0,0,research,2025-01-17T22:14:28,benign
log_1590,bclerk_5,read_phi,phi_rec_1333,1,0,0,billing,2025-03-02T07:03:37,violation_hipaa_min_necessary
log_1591,bclerk_3,read_phi,phi_rec_1772,0,0,1,billing,2025-07-06T19:18:31,benign
log_1592,bclerk_8,read_phi,phi_rec_632,0,0,1,billing,2025-07-16T23:27:35,benign
log_1593,doc_43,read_phi,phi_rec_1947,0,0,0,marketing,2025-07-24T08:16:47,benign
log_1594,doc_42,read_phi,phi_rec_602,1,0,0,diagnosis,2025-08-21T14:29:17,benign
log_1595,doc_11,read_phi,phi_rec_795,0,1,0,diagnosis,2025-02-10T02:23:37,benign
log_1596,doc_35,read_phi,phi_rec_1747,1,1,0,diagnosis,2025-03-28T12:07:09,benign
log_1597,doc_44,read_phi,phi_rec_295,0,0,0,billing,2025-01-23T11:29:08,benign
log_1598,bclerk_5,read_phi,phi_rec_1689,0,0,1,billing,2025-04-29T08:19:16,benign
log_1599,doc_20,read_phi,phi_rec_1954,0,1,0,research,2025-05-07T19:04:17,benign
log_1600,doc_37,read_phi,phi_rec_1311,0,1,0,research,2025-01-16T22:39:17,benign
log_1601,bclerk_4,read_phi,phi_rec_1469,0,0,1,billing,2025-06-02T15:18:10,benign
log_1602,bclerk_5,read_phi,phi_rec_1983,0,0,1,billing,2025-06-07T05:07:16,benign
log_1603,doc_7,read_phi,phi_rec_767,0,1,0,research,2025-08-11T02:35:02,benign
log_1604,doc_41,read_phi,phi_rec_65,0,1,0,diagnosis,2025-03-27T20:45:56,violation_hipaa_auth
log_1605,doc_32,read_phi,phi_rec_13,0,0,0,billing,2025-03-31T11:51:09,benign
log_1606,bclerk_4,read_phi,phi_rec_732,0,0,1,billing,2025-05-07T20:55:56,benign
log_1607,doc_46,read_phi,phi_rec_734,1,0,0,diagnosis,2025-03-25T02:25:16,benign
log_1608,doc_44,read_phi,phi_rec_637,1,1,0,diagnosis,2025-08-27T09:37:42,benign
log_1609,bclerk_1,read_phi,phi_rec_1147,0,0,1,billing,2025-04-18T20:19:30,benign
log_1610,doc_42,read_phi,phi_rec_1103,0,0,0,billing,2025-04-08T23:24:26,benign
log_1611,bclerk_9,read_phi,phi_rec_501,0,0,1,billing,2025-06-28T02:55:15,benign
log_1612,doc_43,read_phi,phi_rec_678,0,0,0,marketing,2025-03-06T08:40:01,benign
log_1613,bclerk_12,read_phi,phi_rec_1131,0,0,1,billing,2025-04-04T05:08:37,benign
log_1614,doc_2,read_phi,phi_rec_1781,0,0,0,billing,2025-05-25T19:20:58,benign
log_1615,doc_6,read_phi,phi_rec_1212,0,0,0,marketing,2025-05-12T08:22:54,benign
log_1616,doc_17,read_phi,phi_rec_1116,1,1,0,diagnosis,2025-05-23T05:55:26,benign
log_1617,doc_36,read_phi,phi_rec_1539,0,0,0,marketing,2025-02-23T20:32:16,benign
log_1618,doc_41,read_phi,phi_rec_573,0,1,0,diagnosis,2025-07-29T04:45:52,benign
log_1619,doc_4,read_phi,phi_rec_950,1,1,0,diagnosis,2025-06-10T05:42:10,benign
log_1620,doc_14,read_phi,phi_rec_1076,1,1,0,diagnosis,2025-07-26T09:12:31,benign
log_1621,doc_11,read_phi,phi_rec_394,0,0,0,billing,2025-03-04T13:47:32,benign
log_1622,doc_36,read_phi,phi_rec_296,0,0,0,marketing,2025-05-29T10:23:02,benign
log_1623,bclerk_7,read_phi,phi_rec_240,0,0,1,billing,2025-08-09T22:10:01,benign
log_1624,doc_49,read_phi,phi_rec_665,1,1,0,diagnosis,2025-07-23T11:16:30,benign
log_1625,doc_15,read_phi,phi_rec_1266,0,0,0,billing,2025-03-19T01:05:43,benign
log_1626,doc_27,read_phi,phi_rec_1247,1,1,0,diagnosis,2025-02-13T00:11:11,benign
log_1627,doc_5,read_phi,phi_rec_1188,1,1,0,research,2025-05-07T21:27:22,benign
log_1628,doc_33,read_phi,phi_rec_1318,0,0,0,marketing,2025-05-24T09:21:45,benign
log_1629,doc_17,read_phi,phi_rec_1028,1,1,0,research,2025-07-18T20:02:55,benign
log_1630,doc_20,read_phi,phi_rec_1719,1,0,0,diagnosis,2025-03-18T18:46:44,benign
log_1631,doc_9,read_phi,phi_rec_511,0,0,0,marketing,2025-06-08T02:51:36,benign
log_1632,doc_3,read_phi,phi_rec_627,1,1,0,diagnosis,2025-06-29T18:03:13,benign
log_1633,doc_12,read_phi,phi_rec_280,1,0,0,research,2025-03-03T22:10:39,benign
log_1634,doc_5,read_phi,phi_rec_112,0,0,0,billing,2025-05-05T19:20:03,benign
log_1635,doc_31,read_phi,phi_rec_316,0,0,0,billing,2025-03-06T01:15:02,benign
log_1636,doc_35,read_phi,phi_rec_1387,0,1,0,marketing,2025-05-15T02:19:51,violation_hipaa_auth
log_1637,doc_39,read_phi,phi_rec_1316,0,0,0,billing,2025-03-30T09:02:07,benign
log_1638,doc_45,read_phi,phi_rec_61,1,1,0,diagnosis,2025-06-06T08:22:01,benign
log_1639,doc_45,read_phi,phi_rec_1053,0,0,0,billing,2025-01-29T18:48:39,benign
log_1640,doc_10,read_phi,phi_rec_802,0,1,0,diagnosis,2025-06-11T10:56:43,benign
log_1641,doc_21,read_phi,phi_rec_1399,0,0,0,marketing,2025-07-14T04:11:12,benign
log_1642,bclerk_11,read_phi,phi_rec_1475,0,0,1,billing,2025-03-11T00:07:48,benign
log_1643,doc_45,read_phi,phi_rec_1653,0,0,0,billing,2025-07-15T13:33:05,benign
log_1644,doc_23,read_phi,phi_rec_405,1,1,0,diagnosis,2025-06-19T02:44:33,benign
log_1645,bclerk_1,read_phi,phi_rec_1943,0,0,1,billing,2025-07-28T17:17:55,benign
log_1646,doc_27,read_phi,phi_rec_1970,0,0,0,billing,2025-07-01T11:19:08,benign
log_1647,doc_13,read_phi,phi_rec_1008,1,1,0,diagnosis,2025-05-30T20:28:22,benign
log_1648,doc_11,read_phi,phi_rec_1059,1,0,0,diagnosis,2025-05-30T22:24:45,benign
log_1649,doc_47,read_phi,phi_rec_1254,0,0,0,billing,2025-07-17T02:28:07,benign
log_1650,doc_31,read_phi,phi_rec_1881,1,0,0,research,2025-05-19T04:24:06,benign
log_1651,doc_30,read_phi,phi_rec_1992,1,0,0,research,2025-06-13T06:40:38,benign
log_1652,doc_33,read_phi,phi_rec_717,0,0,0,marketing,2025-03-09T11:30:47,benign
log_1653,doc_24,read_phi,phi_rec_552,1,1,0,diagnosis,2025-06-07T08:59:14,benign
log_1654,doc_5,read_phi,phi_rec_483,0,0,0,billing,2025-06-29T18:27:38,benign
log_1655,doc_3,read_phi,phi_rec_1733,0,0,0,billing,2025-02-24T23:09:19,benign
log_1656,doc_23,read_phi,phi_rec_787,0,0,0,marketing,2025-05-14T17:59:28,benign
log_1657,doc_2,read_phi,phi_rec_641,1,1,0,diagnosis,2025-06-27T12:43:19,benign
log_1658,bclerk_10,read_phi,phi_rec_380,0,0,1,billing,2025-01-19T05:43:46,benign
log_1659,bclerk_0,read_phi,phi_rec_170,0,0,1,marketing,2025-02-17T20:03:08,violation_gdpr_art18
log_1660,doc_36,read_phi,phi_rec_972,0,0,0,billing,2025-03-30T14:06:56,benign
log_1661,bclerk_9,read_phi,phi_rec_267,0,0,1,billing,2025-08-10T00:43:36,benign
log_1662,doc_42,read_phi,phi_rec_1358,0,0,0,marketing,2025-08-05T13:31:06,benign
log_1663,doc_6,read_phi,phi_rec_1895,0,0,0,marketing,2025-06-09T12:39:08,benign
log_1664,doc_38,read_phi,phi_rec_178,0,0,0,marketing,2025-05-15T08:57:34,benign
log_1665,doc_39,read_phi,phi_rec_510,1,1,0,diagnosis,2025-02-10T22:40:09,benign
log_1666,doc_38,read_phi,phi_rec_1140,0,0,0,billing,2025-07-22T21:10:39,benign
log_1667,doc_11,read_phi,phi_rec_1753,0,0,0,marketing,2025-02-25T04:58:02,benign
log_1668,doc_30,read_phi,phi_rec_1715,0,1,0,research,2025-02-28T14:12:05,benign
log_1669,bclerk_13,read_phi,phi_rec_278,0,0,1,billing,2025-08-21T08:50:31,benign
log_1670,bclerk_10,read_phi,phi_rec_584,0,0,1,billing,2025-05-31T18:05:30,benign
log_1671,doc_49,read_phi,phi_rec_649,0,0,0,billing,2025-07-30T00:57:32,benign
log_1672,doc_41,read_phi,phi_rec_1874,0,0,0,billing,2025-03-09T04:20:48,benign
log_1673,doc_2,read_phi,phi_rec_1202,1,1,0,diagnosis,2025-08-24T20:58:10,benign
log_1674,bclerk_10,read_phi,phi_rec_45,0,0,1,billing,2025-03-21T14:28:50,benign
log_1675,doc_49,read_phi,phi_rec_1666,0,0,0,marketing,2025-08-04T20:17:35,benign
log_1676,doc_45,read_phi,phi_rec_1053,1,1,0,diagnosis,2025-06-08T18:02:15,benign
log_1677,bclerk_10,read_phi,phi_rec_786,0,0,1,billing,2025-03-15T03:09:36,benign
log_1678,bclerk_8,read_phi,phi_rec_834,0,0,1,billing,2025-02-06T22:37:26,benign
log_1679,doc_22,read_phi,phi_rec_753,1,1,0,research,2025-01-02T09:48:20,benign
log_1680,doc_8,read_phi,phi_rec_974,0,0,0,billing,2025-05-15T17:53:03,benign
log_1681,bclerk_14,read_phi,phi_rec_308,0,0,1,billing,2025-04-16T17:18:05,benign
log_1682,doc_45,read_phi,phi_rec_336,0,0,0,billing,2025-08-27T12:48:31,benign
log_1683,bclerk_0,read_phi,phi_rec_953,0,0,1,billing,2025-03-30T18:35:27,benign
log_1684,bclerk_4,read_phi,phi_rec_1554,0,0,1,billing,2025-04-27T01:52:23,benign
log_1685,doc_13,read_phi,phi_rec_264,0,1,0,diagnosis,2025-06-04T19:25:54,violation_hipaa_auth
log_1686,doc_32,read_phi,phi_rec_1582,0,0,0,billing,2025-04-19T21:35:56,benign
log_1687,doc_27,read_phi,phi_rec_450,0,0,0,billing,2025-03-13T09:14:26,benign
log_1688,doc_39,read_phi,phi_rec_1026,0,0,0,marketing,2025-02-04T15:10:08,benign
log_1689,doc_41,read_phi,phi_rec_1383,1,1,0,diagnosis,2025-07-29T04:25:38,benign
log_1690,doc_24,read_phi,phi_rec_1752,1,1,0,research,2025-05-03T12:35:06,benign
log_1691,doc_21,read_phi,phi_rec_1814,0,0,0,billing,2025-04-11T18:36:49,benign
log_1692,bclerk_4,read_phi,phi_rec_326,0,0,1,billing,2025-08-15T14:01:08,benign
log_1693,doc_33,read_phi,phi_rec_1803,0,0,0,billing,2025-07-14T04:10:43,benign
log_1694,doc_38,read_phi,phi_rec_312,0,0,0,marketing,2025-05-24T14:16:02,benign
log_1695,bclerk_5,read_phi,phi_rec_205,0,0,1,billing,2025-08-28T21:10:14,benign
log_1696,doc_48,read_phi,phi_rec_1722,0,0,0,billing,2025-04-27T04:54:08,benign
log_1697,doc_33,read_phi,phi_rec_118,0,0,0,marketing,2025-08-22T02:21:59,benign
log_1698,doc_44,read_phi,phi_rec_11,0,1,0,diagnosis,2025-01-24T23:07:05,violation_hipaa_auth
log_1699,doc_16,read_phi,phi_rec_20,0,0,0,marketing,2025-03-09T19:12:40,benign
log_1700,doc_36,read_phi,phi_rec_608,0,0,0,billing,2025-07-16T22:01:56,benign
log_1701,doc_42,read_phi,phi_rec_1986,1,1,0,diagnosis,2025-01-09T02:07:57,benign
log_1702,doc_25,read_phi,phi_rec_524,0,0,0,marketing,2025-03-10T22:25:42,benign
log_1703,bclerk_8,read_phi,phi_rec_1422,0,0,1,billing,2025-06-23T23:04:47,benign
log_1704,doc_21,read_phi,phi_rec_152,1,1,0,research,2025-05-12T14:31:33,benign
log_1705,bclerk_4,read_phi,phi_rec_1709,0,0,1,billing,2025-05-11T19:14:41,benign
log_1706,doc_43,read_phi,phi_rec_107,0,0,0,billing,2025-08-09T00:59:12,benign
log_1707,doc_5,read_phi,phi_rec_582,1,1,0,diagnosis,2025-04-12T10:57:55,benign
log_1708,doc_18,read_phi,phi_rec_1928,1,1,0,diagnosis,2025-05-03T11:58:53,benign
log_1709,bclerk_14,read_phi,phi_rec_97,0,0,1,billing,2025-03-30T06:35:44,benign
log_1710,doc_38,read_phi,phi_rec_1585,0,0,0,billing,2025-04-05T03:48:08,benign
log_1711,doc_42,read_phi,phi_rec_1563,0,0,0,billing,2025-08-09T11:10:33,benign
log_1712,bclerk_13,read_phi,phi_rec_1994,0,0,1,billing,2025-05-27T01:43:36,benign
log_1713,bclerk_2,read_phi,phi_rec_238,0,0,1,billing,2025-06-15T03:01:23,benign
log_1714,doc_30,read_phi,phi_rec_629,1,0,0,diagnosis,2025-08-17T00:44:13,benign
log_1715,doc_40,read_phi,phi_rec_674,1,1,0,research,2025-01-01T05:52:58,benign
log_1716,doc_22,read_phi,phi_rec_1498,1,1,0,research,2025-03-30T07:25:09,benign
log_1717,doc_22,read_phi,phi_rec_492,1,1,0,diagnosis,2025-05-24T10:33:55,benign
log_1718,doc_10,read_phi,phi_rec_1419,1,0,0,research,2025-07-03T23:30:53,benign
log_1719,doc_22,read_phi,phi_rec_1169,0,0,0,research,2025-07-29T22:05:32,benign
log_1720,doc_34,read_phi,phi_rec_911,0,0,0,billing,2025-07-24T03:29:01,benign
log_1721,bclerk_11,read_phi,phi_rec_766,0,0,1,billing,2025-07-16T15:23:58,benign
log_1722,doc_12,read_phi,phi_rec_1157,0,0,0,billing,2025-02-16T10:47:33,benign
log_1723,bclerk_2,read_phi,phi_rec_721,0,0,1,billing,2025-04-05T03:15:18,benign
log_1724,doc_0,read_phi,phi_rec_1404,1,1,0,diagnosis,2025-01-13T22:37:05,benign
log_1725,doc_11,read_phi,phi_rec_857,0,0,0,marketing,2025-03-05T20:02:55,benign
log_1726,doc_42,read_phi,phi_rec_130,1,1,0,diagnosis,2025-06-27T02:25:02,benign
log_1727,doc_22,read_phi,phi_rec_1387,1,1,0,diagnosis,2025-01-14T04:46:15,benign
log_1728,doc_35,read_phi,phi_rec_1133,1,1,0,research,2025-06-23T06:02:11,benign
log_1729,doc_26,read_phi,phi_rec_1417,0,0,0,billing,2025-04-20T15:19:28,benign
log_1730,doc_41,read_phi,phi_rec_346,0,0,0,billing,2025-05-18T23:30:55,benign
log_1731,bclerk_9,read_phi,phi_rec_1728,0,0,1,billing,2025-05-01T02:32:46,benign
log_1732,bclerk_2,read_phi,phi_rec_1604,0,0,1,billing,2025-08-13T03:06:56,benign
log_1733,bclerk_11,read_phi,phi_rec_1326,0,0,1,billing,2025-07-27T08:40:16,benign
log_1734,doc_44,read_phi,phi_rec_865,0,0,0,billing,2025-01-22T13:41:52,benign
log_1735,bclerk_4,read_phi,phi_rec_814,0,0,1,billing,2025-03-15T00:29:57,benign
log_1736,doc_30,read_phi,phi_rec_215,0,0,0,billing,2025-08-03T19:31:32,benign
log_1737,doc_39,read_phi,phi_rec_1196,0,0,0,billing,2025-06-23T03:47:31,benign
log_1738,bclerk_1,read_phi,phi_rec_1388,0,0,1,billing,2025-08-10T13:24:05,benign
log_1739,doc_47,read_phi,phi_rec_1162,0,0,0,billing,2025-05-28T23:15:05,benign
log_1740,doc_35,read_phi,phi_rec_1326,1,0,0,research,2025-02-23T07:34:03,violation_gdpr_art18
log_1741,doc_9,read_phi,phi_rec_804,0,0,0,billing,2025-04-06T06:39:02,benign
log_1742,doc_48,read_phi,phi_rec_1513,0,0,0,billing,2025-01-15T01:26:13,benign
log_1743,doc_20,read_phi,phi_rec_36,0,0,0,billing,2025-08-03T00:06:20,benign
log_1744,doc_35,read_phi,phi_rec_440,0,0,0,marketing,2025-03-15T06:32:10,benign
log_1745,doc_41,read_phi,phi_rec_198,1,1,0,diagnosis,2025-08-20T10:34:52,benign
log_1746,doc_40,read_phi,phi_rec_286,1,1,0,diagnosis,2025-07-02T05:34:45,benign
log_1747,doc_1,read_phi,phi_rec_916,0,0,0,marketing,2025-05-25T08:27:53,benign
log_1748,doc_43,read_phi,phi_rec_583,0,0,0,billing,2025-07-15T17:33:31,benign
log_1749,doc_8,read_phi,phi_rec_1312,0,0,0,billing,2025-03-25T23:43:24,benign
log_1750,doc_19,read_phi,phi_rec_827,1,0,0,diagnosis,2025-02-09T13:12:33,benign
log_1751,doc_40,read_phi,phi_rec_698,1,1,0,research,2025-03-06T13:03:09,benign
log_1752,bclerk_13,read_phi,phi_rec_1014,0,0,1,billing,2025-03-22T17:15:58,benign
log_1753,doc_22,read_phi,phi_rec_1842,0,0,0,marketing,2025-02-17T18:04:17,benign
log_1754,bclerk_9,read_phi,phi_rec_894,0,0,1,billing,2025-02-13T08:12:27,benign
log_1755,doc_1,read_phi,phi_rec_1434,1,1,0,research,2025-03-07T08:47:17,benign
log_1756,doc_9,read_phi,phi_rec_551,1,1,0,research,2025-07-30T19:36:53,benign
log_1757,doc_5,read_phi,phi_rec_559,0,0,0,marketing,2025-03-18T14:43:47,benign
log_1758,doc_19,read_phi,phi_rec_1164,0,0,0,billing,2025-01-28T12:06:28,benign
log_1759,doc_12,read_phi,phi_rec_501,0,0,0,marketing,2025-07-06T21:33:16,benign
log_1760,doc_39,read_phi,phi_rec_510,0,0,0,marketing,2025-05-07T10:48:03,benign
log_1761,doc_44,read_phi,phi_rec_281,0,0,0,billing,2025-07-12T04:51:42,benign
log_1762,doc_26,read_phi,phi_rec_437,1,1,0,diagnosis,2025-02-26T18:10:32,benign
log_1763,doc_31,read_phi,phi_rec_532,1,0,0,diagnosis,2025-04-05T11:07:43,benign
log_1764,doc_49,read_phi,phi_rec_666,0,0,0,billing,2025-03-16T01:04:23,benign
log_1765,doc_26,read_phi,phi_rec_595,0,0,0,marketing,2025-04-03T14:26:19,benign
log_1766,bclerk_14,read_phi,phi_rec_625,0,0,1,billing,2025-05-26T19:39:37,benign
log_1767,doc_27,read_phi,phi_rec_1588,0,0,0,marketing,2025-05-13T19:30:38,benign
log_1768,doc_0,read_phi,phi_rec_164,0,1,0,marketing,2025-01-13T01:01:23,violation_hipaa_auth
log_1769,bclerk_12,read_phi,phi_rec_1732,0,0,1,billing,2025-04-23T05:47:32,benign
log_1770,doc_30,read_phi,phi_rec_1896,1,1,0,research,2025-07-29T04:52:39,benign
log_1771,doc_49,read_phi,phi_rec_732,0,1,0,research,2025-01-15T21:02:09,benign
log_1772,doc_12,read_phi,phi_rec_347,0,0,0,billing,2025-06-27T05:45:41,benign
log_1773,doc_30,read_phi,phi_rec_855,0,0,0,billing,2025-02-02T20:38:32,benign
log_1774,doc_14,read_phi,phi_rec_600,0,0,0,billing,2025-03-07T20:40:27,benign
log_1775,bclerk_0,read_phi,phi_rec_862,0,0,1,billing,2025-08-14T20:18:43,benign
log_1776,bclerk_1,read_phi,phi_rec_825,0,0,1,billing,2025-07-30T15:42:23,benign
log_1777,doc_27,read_phi,phi_rec_1989,1,1,0,research,2025-01-06T17:49:35,benign
log_1778,doc_17,read_phi,phi_rec_1596,1,1,0,research,2025-01-09T12:50:34,benign
log_1779,doc_16,read_phi,phi_rec_1860,1,1,0,diagnosis,2025-04-06T23:51:31,benign
log_1780,doc_42,read_phi,phi_rec_1020,0,1,0,diagnosis,2025-06-22T18:15:49,benign
log_1781,bclerk_1,read_phi,phi_rec_209,0,0,1,billing,2025-03-11T08:00:48,benign
log_1782,bclerk_14,read_phi,phi_rec_1281,0,0,1,billing,2025-02-23T16:47:35,benign
log_1783,bclerk_6,read_phi,phi_rec_1835,0,0,1,billing,2025-04-07T03:28:59,benign
log_1784,doc_16,read_phi,phi_rec_744,1,1,0,diagnosis,2025-02-26T02:49:17,benign
log_1785,doc_6,read_phi,phi_rec_471,0,0,0,billing,2025-04-08T20:19:15,benign
log_1786,bclerk_0,read_phi,phi_rec_4,0,0,1,billing,2025-02-11T12:56:28,benign
log_1787,doc_12,read_phi,phi_rec_695,0,0,0,billing,2025-01-24T06:18:37,benign
log_1788,doc_24,read_phi,phi_rec_577,1,1,0,diagnosis,2025-03-19T15:54:27,benign
log_1789,doc_36,read_phi,phi_rec_1646,0,0,0,marketing,2025-04-06T03:44:41,benign
log_1790,doc_39,read_phi,phi_rec_1668,0,0,0,marketing,2025-06-30T15:35:46,benign
log_1791,bclerk_9,read_phi,phi_rec_1116,0,0,1,billing,2025-05-24T02:25:10,benign
log_1792,doc_22,read_phi,phi_rec_1706,0,0,0,billing,2025-01-19T18:18:08,benign
log_1793,doc_7,read_phi,phi_rec_1712,1,0,0,diagnosis,2025-07-06T10:45:17,benign
log_1794,doc_32,read_phi,phi_rec_1609,1,1,0,diagnosis,2025-01-19T10:06:22,benign
log_1795,doc_37,read_phi,phi_rec_1945,0,0,0,billing,2025-06-12T13:13:36,benign
log_1796,doc_12,read_phi,phi_rec_1342,1,1,0,diagnosis,2025-08-04T16:59:45,benign
log_1797,doc_35,read_phi,phi_rec_1903,0,1,0,diagnosis,2025-01-12T15:50:30,violation_hipaa_auth
log_1798,doc_8,read_phi,phi_rec_1288,0,0,0,marketing,2025-02-07T04:38:16,benign
log_1799,doc_16,read_phi,phi_rec_1851,0,0,0,billing,2025-01-23T08:06:02,benign
log_1800,doc_21,read_phi,phi_rec_1804,1,1,0,diagnosis,2025-06-06T13:48:40,benign
log_1801,doc_20,read_phi,phi_rec_378,0,0,0,billing,2025-08-10T11:21:05,benign
log_1802,doc_38,read_phi,phi_rec_900,0,0,0,marketing,2025-07-24T13:14:23,benign
log_1803,doc_29,read_phi,phi_rec_1877,0,1,0,diagnosis,2025-01-11T10:35:34,benign
log_1804,doc_7,read_phi,phi_rec_779,0,0,0,marketing,2025-02-18T19:24:24,benign
log_1805,doc_23,read_phi,phi_rec_379,0,1,0,research,2025-07-07T12:41:11,benign
log_1806,doc_33,read_phi,phi_rec_946,0,0,0,billing,2025-07-18T12:41:38,benign
log_1807,doc_7,read_phi,phi_rec_677,0,0,0,billing,2025-05-20T22:42:16,benign
log_1808,doc_11,read_phi,phi_rec_202,1,1,0,diagnosis,2025-02-16T17:08:55,benign
log_1809,bclerk_3,read_phi,phi_rec_1996,0,0,1,billing,2025-03-13T05:13:27,benign
log_1810,doc_37,read_phi,phi_rec_1537,1,0,0,research,2025-05-19T09:21:34,benign
log_1811,doc_16,read_phi,phi_rec_1159,1,1,0,research,2025-05-15T01:46:37,benign
log_1812,doc_26,read_phi,phi_rec_951,0,0,0,billing,2025-03-09T18:41:23,benign
log_1813,doc_35,read_phi,phi_rec_1878,0,0,0,billing,2025-06-14T09:33:00,benign
log_1814,doc_43,read_phi,phi_rec_500,1,1,0,diagnosis,2025-04-15T18:49:41,benign
log_1815,doc_1,read_phi,phi_rec_1826,1,1,0,diagnosis,2025-03-13T17:47:07,benign
log_1816,bclerk_13,read_phi,phi_rec_1601,0,0,1,billing,2025-08-11T04:07:29,benign
log_1817,bclerk_5,read_phi,phi_rec_1725,0,0,1,billing,2025-01-20T18:58:50,benign
log_1818,doc_13,read_phi,phi_rec_893,0,0,0,marketing,2025-01-13T02:20:36,benign
log_1819,doc_35,read_phi,phi_rec_1174,1,0,0,diagnosis,2025-05-21T02:43:55,benign
log_1820,doc_45,read_phi,phi_rec_1711,0,1,0,diagnosis,2025-08-06T11:12:09,benign
log_1821,doc_10,read_phi,phi_rec_1532,0,0,0,billing,2025-04-10T22:46:50,benign
log_1822,doc_47,read_phi,phi_rec_274,0,0,0,billing,2025-03-28T02:52:44,benign
log_1823,doc_39,read_phi,phi_rec_19,0,0,0,marketing,2025-04-10T20:39:49,benign
log_1824,doc_8,read_phi,phi_rec_1825,0,0,0,marketing,2025-06-10T23:01:21,benign
log_1825,doc_20,read_phi,phi_rec_1954,1,1,0,diagnosis,2025-06-21T00:41:32,benign
log_1826,doc_48,read_phi,phi_rec_499,1,1,0,diagnosis,2025-01-06T15:04:59,benign
log_1827,doc_5,read_phi,phi_rec_1017,1,1,0,research,2025-03-08T04:23:14,benign
log_1828,doc_10,read_phi,phi_rec_1328,0,0,0,marketing,2025-01-02T08:08:28,benign
log_1829,doc_0,read_phi,phi_rec_1243,0,0,0,billing,2025-07-22T00:31:08,benign
log_1830,doc_47,read_phi,phi_rec_830,0,1,0,diagnosis,2025-08-09T20:35:59,benign
log_1831,doc_47,read_phi,phi_rec_1637,0,0,0,marketing,2025-08-28T19:43:45,benign
log_1832,doc_21,read_phi,phi_rec_875,0,0,0,billing,2025-08-15T12:02:02,benign
log_1833,doc_5,read_phi,phi_rec_48,0,0,0,marketing,2025-05-27T17:45:20,benign
log_1834,bclerk_2,read_phi,phi_rec_1292,0,0,1,billing,2025-02-14T20:29:47,benign
log_1835,doc_46,read_phi,phi_rec_425,0,0,0,billing,2025-02-22T22:43:01,benign
log_1836,bclerk_2,read_phi,phi_rec_239,0,0,1,billing,2025-07-07T02:26:33,benign
log_1837,doc_45,read_phi,phi_rec_148,0,1,0,diagnosis,2025-02-11T20:54:37,benign
log_1838,doc_32,read_phi,phi_rec_204,0,0,0,marketing,2025-07-21T16:03:59,benign
log_1839,doc_44,read_phi,phi_rec_1834,0,0,0,marketing,2025-04-28T21:33:55,benign
log_1840,doc_26,read_phi,phi_rec_1417,1,1,0,diagnosis,2025-05-08T08:24:16,benign
log_1841,doc_10,read_phi,phi_rec_1934,0,0,0,billing,2025-02-01T12:19:21,benign
log_1842,bclerk_5,read_phi,phi_rec_335,0,0,1,billing,2025-08-04T08:53:08,benign
log_1843,doc_18,read_phi,phi_rec_1344,0,0,0,billing,2025-01-25T06:44:04,benign
log_1844,bclerk_11,read_phi,phi_rec_1417,0,0,1,billing,2025-07-21T23:49:23,benign
log_1845,doc_48,read_phi,phi_rec_17,0,0,0,billing,2025-08-02T13:40:50,benign
log_1846,doc_40,read_phi,phi_rec_1544,1,1,0,diagnosis,2025-07-04T23:41:42,benign
log_1847,bclerk_6,read_phi,phi_rec_65,0,0,1,billing,2025-05-28T01:40:49,benign
log_1848,doc_27,read_phi,phi_rec_482,0,0,0,billing,2025-07-25T02:11:36,benign
log_1849,bclerk_12,read_phi,phi_rec_1783,0,0,1,billing,2025-04-22T06:57:56,benign
log_1850,bclerk_3,read_phi,phi_rec_1325,0,0,1,billing,2025-02-16T19:40:44,benign
log_1851,doc_40,read_phi,phi_rec_1459,1,1,0,research,2025-05-03T21:09:45,benign
log_1852,bclerk_12,read_phi,phi_rec_1833,1,0,0,billing,2025-07-25T17:28:05,violation_hipaa_min_necessary
log_1853,doc_31,read_phi,phi_rec_503,1,1,0,diagnosis,2025-07-05T09:47:45,benign
log_1854,doc_10,read_phi,phi_rec_620,0,0,0,billing,2025-02-12T16:42:16,benign
log_1855,doc_31,read_phi,phi_rec_1005,1,1,0,research,2025-02-06T20:00:45,benign
log_1856,bclerk_0,read_phi,phi_rec_89,0,0,1,marketing,2025-06-08T18:36:58,violation_gdpr_art18
log_1857,doc_17,read_phi,phi_rec_1724,1,1,0,diagnosis,2025-07-07T00:01:17,benign
log_1858,doc_21,read_phi,phi_rec_675,0,0,0,billing,2025-05-06T23:52:03,benign
log_1859,doc_43,read_phi,phi_rec_115,1,1,0,research,2025-08-08T20:25:10,benign
log_1860,doc_35,read_phi,phi_rec_1758,0,1,0,diagnosis,2025-01-12T01:42:24,benign
log_1861,doc_43,read_phi,phi_rec_678,1,1,0,diagnosis,2025-07-29T16:03:38,benign
log_1862,bclerk_6,read_phi,phi_rec_1032,0,0,1,billing,2025-04-25T15:17:17,benign
log_1863,doc_45,read_phi,phi_rec_1440,1,1,0,diagnosis,2025-01-07T18:41:15,benign
log_1864,bclerk_4,read_phi,phi_rec_1728,0,0,1,billing,2025-01-06T13:28:49,benign
log_1865,bclerk_0,read_phi,phi_rec_1771,0,0,1,billing,2025-01-10T17:48:57,benign
log_1866,bclerk_10,read_phi,phi_rec_538,0,0,1,billing,2025-08-25T22:27:47,benign
log_1867,doc_28,read_phi,phi_rec_839,1,0,0,research,2025-07-08T04:32:42,benign
log_1868,doc_11,read_phi,phi_rec_1950,0,0,0,marketing,2025-07-12T14:56:27,benign
log_1869,doc_0,read_phi,phi_rec_1027,1,0,0,research,2025-05-19T13:27:04,benign
log_1870,doc_11,read_phi,phi_rec_1870,0,0,0,billing,2025-08-09T23:58:29,benign
log_1871,doc_30,read_phi,phi_rec_1920,1,1,0,diagnosis,2025-05-21T00:22:22,benign
log_1872,doc_36,read_phi,phi_rec_1941,1,1,0,research,2025-06-28T10:57:55,benign
log_1873,doc_0,read_phi,phi_rec_54,0,1,0,diagnosis,2025-08-15T23:56:56,benign
log_1874,doc_3,read_phi,phi_rec_627,0,0,0,marketing,2025-01-22T15:20:52,benign
log_1875,doc_21,read_phi,phi_rec_1454,0,0,0,billing,2025-04-18T19:49:00,benign
log_1876,bclerk_7,read_phi,phi_rec_1722,0,0,1,billing,2025-05-11T12:40:47,benign
log_1877,doc_24,read_phi,phi_rec_1752,0,0,0,billing,2025-08-11T19:55:04,benign
log_1878,doc_6,read_phi,phi_rec_26,1,1,0,research,2025-08-02T12:11:33,benign
log_1879,doc_13,read_phi,phi_rec_852,0,0,0,billing,2025-03-02T03:48:19,benign
log_1880,doc_37,read_phi,phi_rec_1689,0,0,0,billing,2025-01-02T21:36:14,benign
log_1881,doc_5,read_phi,phi_rec_1802,0,0,0,billing,2025-04-05T04:14:16,benign
log_1882,doc_22,read_phi,phi_rec_1476,0,1,0,marketing,2025-07-09T19:49:25,violation_hipaa_auth
log_1883,doc_18,read_phi,phi_rec_1123,0,0,0,billing,2025-07-28T00:03:54,benign
log_1884,doc_26,read_phi,phi_rec_991,0,0,0,billing,2025-04-23T09:37:30,benign
log_1885,doc_24,read_phi,phi_rec_1345,1,1,0,research,2025-06-29T12:33:48,benign
log_1886,doc_21,read_phi,phi_rec_670,0,1,0,diagnosis,2025-07-13T19:51:52,violation_hipaa_auth
log_1887,doc_10,read_phi,phi_rec_1910,1,1,0,diagnosis,2025-06-05T00:00:36,benign
log_1888,doc_44,read_phi,phi_rec_1509,0,0,0,billing,2025-03-21T05:45:22,benign
log_1889,doc_29,read_phi,phi_rec_672,0,0,0,billing,2025-08-26T13:45:00,benign
log_1890,doc_14,read_phi,phi_rec_1134,1,1,0,diagnosis,2025-06-19T06:58:44,benign
log_1891,doc_49,read_phi,phi_rec_488,1,1,0,diagnosis,2025-06-20T00:26:51,benign
log_1892,doc_43,read_phi,phi_rec_1049,0,0,0,billing,2025-06-28T11:47:33,benign
log_1893,doc_28,read_phi,phi_rec_866,1,0,0,diagnosis,2025-05-04T10:32:05,benign
log_1894,doc_9,read_phi,phi_rec_962,0,1,0,marketing,2025-07-09T06:02:54,violation_hipaa_auth
log_1895,bclerk_1,read_phi,phi_rec_250,0,0,1,billing,2025-03-23T08:18:43,benign
log_1896,doc_26,read_phi,phi_rec_1047,1,1,0,diagnosis,2025-04-04T22:37:47,benign
log_1897,doc_38,read_phi,phi_rec_178,0,1,0,diagnosis,2025-05-02T01:14:13,benign
log_1898,bclerk_12,read_phi,phi_rec_1156,0,0,1,billing,2025-07-12T13:35:46,benign
log_1899,doc_18,read_phi,phi_rec_1263,0,0,0,billing,2025-03-14T12:00:18,benign
log_1900,doc_11,read_phi,phi_rec_1432,0,0,0,billing,2025-06-29T11:12:39,benign
log_1901,doc_36,read_phi,phi_rec_972,0,0,0,billing,2025-01-14T07:42:30,benign
log_1902,doc_1,read_phi,phi_rec_144,0,0,0,marketing,2025-03-03T07:17:52,benign
log_1903,doc_16,read_phi,phi_rec_1453,0,0,0,marketing,2025-01-10T18:13:16,benign
log_1904,doc_19,read_phi,phi_rec_25,1,1,0,diagnosis,2025-02-24T15:50:33,benign
log_1905,doc_1,read_phi,phi_rec_1869,0,0,0,billing,2025-01-15T11:46:27,benign
log_1906,doc_31,read_phi,phi_rec_1673,0,0,0,billing,2025-04-11T23:29:39,benign
log_1907,doc_45,read_phi,phi_rec_1695,1,1,0,research,2025-07-27T11:52:51,benign
log_1908,doc_24,read_phi,phi_rec_243,1,1,0,research,2025-03-02T04:56:03,benign
log_1909,doc_42,read_phi,phi_rec_1713,0,0,0,marketing,2025-05-20T09:53:05,benign
log_1910,doc_29,read_phi,phi_rec_1322,0,0,0,billing,2025-05-22T04:04:27,benign
log_1911,doc_16,read_phi,phi_rec_1860,1,1,0,research,2025-01-06T15:32:58,benign
log_1912,doc_18,read_phi,phi_rec_1464,1,1,0,research,2025-04-21T05:31:31,benign
log_1913,doc_36,read_phi,phi_rec_216,0,0,0,billing,2025-03-11T14:01:37,benign
log_1914,doc_47,read_phi,phi_rec_1244,1,1,0,diagnosis,2025-02-22T10:13:19,benign
log_1915,doc_40,read_phi,phi_rec_1446,0,0,0,marketing,2025-07-26T09:46:13,benign
log_1916,doc_49,read_phi,phi_rec_1300,0,0,0,marketing,2025-08-26T01:29:53,benign
log_1917,doc_11,read_phi,phi_rec_1059,0,0,0,billing,2025-03-01T19:35:34,benign
log_1918,doc_18,read_phi,phi_rec_1901,1,1,0,research,2025-08-08T11:39:13,benign
log_1919,doc_26,read_phi,phi_rec_297,0,0,0,billing,2025-02-16T01:34:02,benign
log_1920,doc_41,read_phi,phi_rec_1779,1,0,0,diagnosis,2025-02-21T10:35:22,benign
log_1921,doc_7,read_phi,phi_rec_1416,0,1,0,research,2025-02-26T18:52:46,benign
log_1922,doc_19,read_phi,phi_rec_1671,0,0,0,billing,2025-05-12T14:22:01,benign
log_1923,doc_23,read_phi,phi_rec_1707,1,1,0,research,2025-07-17T02:56:12,benign
log_1924,doc_4,read_phi,phi_rec_940,0,0,0,billing,2025-08-19T17:24:44,benign
log_1925,doc_0,read_phi,phi_rec_249,0,0,0,billing,2025-06-30T18:35:15,benign
log_1926,bclerk_9,read_phi,phi_rec_507,0,0,1,billing,2025-08-25T19:56:42,benign
log_1927,doc_12,read_phi,phi_rec_1136,0,0,0,billing,2025-08-10T16:59:30,benign
log_1928,doc_19,read_phi,phi_rec_566,1,1,0,diagnosis,2025-03-09T23:38:25,benign
log_1929,bclerk_1,read_phi,phi_rec_481,0,0,1,billing,2025-07-30T20:40:30,benign
log_1930,doc_21,read_phi,phi_rec_1524,0,1,0,research,2025-02-08T19:52:03,benign
log_1931,doc_45,read_phi,phi_rec_679,0,0,0,billing,2025-02-04T22:11:27,benign
log_1932,doc_36,read_phi,phi_rec_1299,0,0,0,billing,2025-02-26T17:28:36,benign
log_1933,bclerk_4,read_phi,phi_rec_1538,0,0,1,billing,2025-06-25T05:27:15,benign
log_1934,doc_13,read_phi,phi_rec_1239,1,1,0,research,2025-08-18T09:12:28,benign
log_1935,doc_48,read_phi,phi_rec_1513,1,1,0,diagnosis,2025-07-06T22:46:48,benign
log_1936,bclerk_7,read_phi,phi_rec_1060,0,0,1,billing,2025-03-20T10:03:17,benign
log_1937,bclerk_11,read_phi,phi_rec_777,0,0,1,billing,2025-06-15T12:56:17,benign
log_1938,bclerk_9,read_phi,phi_rec_283,0,0,1,billing,2025-08-16T06:24:30,benign
log_1939,bclerk_10,read_phi,phi_rec_871,0,0,1,billing,2025-03-22T07:47:33,benign
log_1940,doc_35,read_phi,phi_rec_323,0,0,0,billing,2025-02-11T12:39:00,benign
log_1941,bclerk_5,read_phi,phi_rec_1989,0,0,1,billing,2025-08-02T08:04:36,benign
log_1942,doc_26,read_phi,phi_rec_1969,0,1,0,diagnosis,2025-03-14T03:44:26,benign
log_1943,doc_43,read_phi,phi_rec_526,1,1,0,research,2025-05-21T02:47:01,benign
log_1944,bclerk_10,read_phi,phi_rec_48,0,0,1,billing,2025-07-02T21:23:13,benign
log_1945,doc_16,read_phi,phi_rec_1227,0,0,0,billing,2025-08-27T06:40:33,benign
log_1946,doc_3,read_phi,phi_rec_1369,1,1,0,diagnosis,2025-07-13T15:04:25,benign
log_1947,doc_6,read_phi,phi_rec_730,0,0,0,billing,2025-01-26T09:15:03,benign
log_1948,bclerk_1,read_phi,phi_rec_1436,0,0,1,billing,2025-04-02T07:32:11,benign
log_1949,doc_27,read_phi,phi_rec_391,0,1,0,research,2025-03-15T16:23:20,violation_gdpr_art18
log_1950,doc_41,read_phi,phi_rec_1795,1,0,0,diagnosis,2025-01-05T21:23:01,benign
log_1951,bclerk_6,read_phi,phi_rec_335,0,0,1,billing,2025-08-05T23:26:27,benign
log_1952,doc_12,read_phi,phi_rec_142,0,0,0,marketing,2025-01-06T07:59:24,benign
log_1953,doc_22,read_phi,phi_rec_1667,0,1,0,research,2025-06-14T23:56:41,benign
log_1954,doc_30,read_phi,phi_rec_883,1,1,0,research,2025-08-06T05:26:36,benign
log_1955,doc_34,read_phi,phi_rec_1261,0,0,0,marketing,2025-02-01T21:05:26,benign
log_1956,doc_21,read_phi,phi_rec_626,1,1,0,research,2025-02-23T06:41:59,benign
log_1957,doc_0,read_phi,phi_rec_572,0,1,0,marketing,2025-04-29T10:22:25,violation_hipaa_auth
log_1958,doc_16,read_phi,phi_rec_1767,1,1,0,diagnosis,2025-02-05T20:12:14,benign
log_1959,doc_1,read_phi,phi_rec_496,0,0,0,billing,2025-08-16T21:16:48,benign
log_1960,doc_47,read_phi,phi_rec_1351,0,1,0,diagnosis,2025-02-10T00:42:18,benign
log_1961,doc_1,read_phi,phi_rec_1317,0,0,0,marketing,2025-07-02T18:44:36,benign
log_1962,doc_0,read_phi,phi_rec_1674,0,0,0,marketing,2025-02-12T02:40:09,benign
log_1963,doc_22,read_phi,phi_rec_1373,1,0,0,diagnosis,2025-05-07T02:47:12,benign
log_1964,bclerk_8,read_phi,phi_rec_587,0,0,1,billing,2025-07-07T15:14:32,benign
log_1965,bclerk_0,read_phi,phi_rec_1706,0,0,1,billing,2025-08-09T16:11:55,benign
log_1966,doc_4,read_phi,phi_rec_758,0,0,0,billing,2025-03-01T17:03:14,benign
log_1967,bclerk_7,read_phi,phi_rec_1520,0,0,1,billing,2025-08-05T14:13:00,benign
log_1968,bclerk_4,read_phi,phi_rec_1688,0,0,1,billing,2025-01-10T17:40:23,benign
log_1969,bclerk_8,read_phi,phi_rec_282,0,0,1,billing,2025-01-31T10:36:36,benign
log_1970,bclerk_10,read_phi,phi_rec_1149,0,0,1,billing,2025-06-11T17:48:51,benign
log_1971,bclerk_0,read_phi,phi_rec_1306,0,0,1,marketing,2025-04-13T22:04:35,violation_gdpr_art18
log_1972,doc_45,read_phi,phi_rec_336,0,1,0,research,2025-02-21T01:12:01,violation_gdpr_art18
log_1973,doc_25,read_phi,phi_rec_1201,0,0,0,billing,2025-04-08T04:48:43,benign
log_1974,bclerk_4,read_phi,phi_rec_1481,0,0,1,billing,2025-06-05T13:54:10,benign
log_1975,bclerk_2,read_phi,phi_rec_217,0,0,1,billing,2025-07-01T21:18:59,benign
log_1976,doc_21,read_phi,phi_rec_944,0,0,0,billing,2025-04-22T07:42:20,benign
log_1977,doc_37,read_phi,phi_rec_124,1,1,0,research,2025-01-11T23:00:15,benign
log_1978,doc_43,read_phi,phi_rec_1922,0,0,0,marketing,2025-05-08T05:59:07,benign
log_1979,bclerk_8,read_phi,phi_rec_924,0,0,1,billing,2025-05-14T17:32:15,benign
log_1980,doc_44,read_phi,phi_rec_218,0,0,0,marketing,2025-04-24T16:20:22,benign
log_1981,doc_8,read_phi,phi_rec_1702,1,1,0,diagnosis,2025-04-06T23:21:50,benign
log_1982,doc_18,read_phi,phi_rec_1219,0,0,0,billing,2025-03-09T21:29:58,benign
log_1983,doc_12,read_phi,phi_rec_1157,0,0,0,marketing,2025-02-22T10:59:00,benign
log_1984,bclerk_11,read_phi,phi_rec_1834,0,0,1,billing,2025-04-07T00:18:16,benign
log_1985,doc_25,read_phi,phi_rec_1730,1,1,0,research,2025-08-11T06:11:22,benign
log_1986,doc_25,read_phi,phi_rec_210,0,0,0,marketing,2025-02-15T00:09:57,benign
log_1987,doc_16,read_phi,phi_rec_931,0,0,0,billing,2025-07-11T15:19:12,benign
log_1988,doc_45,read_phi,phi_rec_271,0,0,0,marketing,2025-08-17T01:18:51,benign
log_1989,doc_40,read_phi,phi_rec_355,0,1,0,research,2025-08-24T20:14:52,benign
log_1990,doc_16,read_phi,phi_rec_703,0,1,0,diagnosis,2025-04-07T15:26:47,benign
log_1991,doc_18,read_phi,phi_rec_554,0,0,0,billing,2025-03-03T17:16:49,benign
log_1992,doc_9,read_phi,phi_rec_901,1,1,0,diagnosis,2025-08-18T18:30:53,benign
log_1993,doc_11,read_phi,phi_rec_394,0,0,0,billing,2025-03-27T10:49:39,benign
log_1994,doc_22,read_phi,phi_rec_1868,1,1,0,research,2025-05-07T14:59:55,benign
log_1995,doc_12,read_phi,phi_rec_343,0,0,0,billing,2025-01-08T11:01:15,benign
log_1996,doc_43,read_phi,phi_rec_686,0,0,0,billing,2025-02-22T14:28:22,benign
log_1997,bclerk_12,read_phi,phi_rec_640,0,0,1,billing,2025-04-30T22:11:08,benign
log_1998,doc_38,read_phi,phi_rec_178,0,0,0,marketing,2025-07-09T01:05:21,benign
log_1999,doc_12,read_phi,phi_rec_1157,0,0,0,diagnosis,2025-06-05T01:19:14,benign
log_2000,doc_39,read_phi,phi_rec_1215,0,0,0,billing,2025-02-10T02:24:21,benign
log_2001,doc_44,read_phi,phi_rec_306,0,0,0,billing,2025-04-15T09:56:46,benign
log_2002,doc_20,read_phi,phi_rec_36,0,0,0,billing,2025-05-08T18:06:31,benign
log_2003,doc_0,read_phi,phi_rec_1404,0,0,0,billing,2025-07-17T10:30:09,benign
log_2004,doc_23,read_phi,phi_rec_1625,1,1,0,diagnosis,2025-01-11T00:39:42,benign
log_2005,doc_31,read_phi,phi_rec_129,0,0,0,marketing,2025-08-06T22:39:09,benign
log_2006,bclerk_3,read_phi,phi_rec_1284,0,0,1,billing,2025-02-05T09:51:58,benign
log_2007,doc_3,read_phi,phi_rec_1006,1,1,0,diagnosis,2025-07-23T19:49:00,benign
log_2008,bclerk_9,read_phi,phi_rec_758,0,0,1,billing,2025-05-10T20:40:40,benign
log_2009,doc_4,read_phi,phi_rec_1784,0,1,0,research,2025-08-23T12:58:08,benign
log_2010,doc_39,read_phi,phi_rec_654,1,1,0,diagnosis,2025-05-30T00:04:34,benign
log_2011,doc_16,read_phi,phi_rec_305,0,0,0,billing,2025-05-30T16:21:57,benign
log_2012,doc_48,read_phi,phi_rec_1093,0,0,0,diagnosis,2025-02-19T09:56:01,benign
log_2013,bclerk_11,read_phi,phi_rec_1643,0,0,1,billing,2025-01-06T01:22:10,benign
log_2014,doc_31,read_phi,phi_rec_908,1,1,0,diagnosis,2025-03-08T04:29:11,benign
log_2015,doc_29,read_phi,phi_rec_1098,0,1,0,research,2025-03-16T01:35:25,benign
log_2016,doc_18,read_phi,phi_rec_969,0,0,0,marketing,2025-07-27T03:46:45,benign
log_2017,doc_12,read_phi,phi_rec_1861,0,0,0,marketing,2025-01-26T13:14:13,benign
log_2018,doc_32,read_phi,phi_rec_1732,0,0,0,billing,2025-06-23T01:00:03,benign
log_2019,bclerk_9,read_phi,phi_rec_1686,0,0,1,billing,2025-06-06T17:40:47,benign
log_2020,bclerk_9,read_phi,phi_rec_285,0,0,1,billing,2025-06-01T23:17:50,benign
log_2021,doc_34,read_phi,phi_rec_68,0,0,0,billing,2025-01-14T18:02:17,benign
log_2022,bclerk_14,read_phi,phi_rec_1649,0,0,1,billing,2025-03-21T07:10:30,benign
log_2023,doc_5,read_phi,phi_rec_635,0,0,0,billing,2025-05-12T19:00:08,benign
log_2024,bclerk_3,read_phi,phi_rec_506,0,0,1,billing,2025-04-14T20:19:22,benign
log_2025,doc_44,read_phi,phi_rec_863,1,1,0,diagnosis,2025-04-14T03:42:13,benign
log_2026,doc_32,read_phi,phi_rec_73,0,0,0,billing,2025-01-05T10:50:51,benign
log_2027,doc_14,read_phi,phi_rec_1623,1,1,0,research,2025-04-11T04:31:28,benign
log_2028,bclerk_1,read_phi,phi_rec_556,0,0,1,billing,2025-04-13T22:10:28,benign
log_2029,doc_3,read_phi,phi_rec_1369,0,0,0,billing,2025-02-25T15:03:05,benign
log_2030,doc_44,read_phi,phi_rec_295,0,0,0,marketing,2025-07-20T09:44:31,benign
log_2031,doc_24,read_phi,phi_rec_1586,0,0,0,billing,2025-04-15T17:20:22,benign
log_2032,doc_33,read_phi,phi_rec_1701,1,1,0,diagnosis,2025-02-05T05:10:11,benign
log_2033,doc_47,read_phi,phi_rec_254,0,0,0,billing,2025-08-11T02:44:56,benign
log_2034,bclerk_0,read_phi,phi_rec_836,0,0,1,marketing,2025-05-13T01:04:01,violation_gdpr_art18
log_2035,bclerk_13,read_phi,phi_rec_1862,0,0,1,billing,2025-08-16T15:28:09,benign
log_2036,doc_2,read_phi,phi_rec_1414,0,1,0,diagnosis,2025-02-10T11:11:31,benign
log_2037,doc_43,read_phi,phi_rec_164,0,1,0,diagnosis,2025-01-05T08:49:10,benign
log_2038,doc_23,read_phi,phi_rec_853,0,0,0,marketing,2025-06-21T22:58:34,benign
log_2039,bclerk_1,read_phi,phi_rec_816,1,0,0,billing,2025-06-21T19:23:09,violation_hipaa_min_necessary
log_2040,doc_37,read_phi,phi_rec_1285,0,0,0,marketing,2025-05-08T09:06:25,benign
log_2041,bclerk_7,read_phi,phi_rec_1024,0,0,1,billing,2025-08-16T09:35:31,benign
log_2042,doc_8,read_phi,phi_rec_974,0,1,0,diagnosis,2025-02-02T01:06:26,benign
log_2043,doc_35,read_phi,phi_rec_81,1,1,0,diagnosis,2025-07-22T01:29:20,benign
log_2044,doc_13,read_phi,phi_rec_1302,0,0,0,billing,2025-07-28T22:19:53,benign
log_2045,doc_27,read_phi,phi_rec_1393,0,0,0,billing,2025-05-18T13:15:06,benign
log_2046,doc_2,read_phi,phi_rec_451,1,1,0,diagnosis,2025-08-27T21:25:37,benign
log_2047,doc_20,read_phi,phi_rec_317,0,0,0,marketing,2025-03-23T16:47:36,benign
log_2048,doc_29,read_phi,phi_rec_879,0,1,0,research,2025-07-08T05:25:53,benign
log_2049,bclerk_5,read_phi,phi_rec_1396,0,0,1,billing,2025-06-12T23:48:33,benign
log_2050,doc_31,read_phi,phi_rec_1110,1,0,0,diagnosis,2025-05-07T02:02:34,benign
log_2051,doc_27,read_phi,phi_rec_1063,0,0,0,billing,2025-02-07T18:14:53,benign
log_2052,doc_21,read_phi,phi_rec_1794,0,0,0,billing,2025-06-09T15:07:11,benign
log_2053,bclerk_1,read_phi,phi_rec_1726,0,0,1,billing,2025-01-10T00:02:10,benign
log_2054,doc_7,read_phi,phi_rec_1712,1,0,0,research,2025-08-22T21:58:40,benign
log_2055,doc_23,read_phi,phi_rec_516,0,1,0,diagnosis,2025-08-09T14:04:07,benign
log_2056,doc_40,read_phi,phi_rec_1077,0,0,0,marketing,2025-07-24T00:36:11,benign
log_2057,doc_30,read_phi,phi_rec_629,1,1,0,diagnosis,2025-08-08T00:00:24,benign
log_2058,doc_20,read_phi,phi_rec_1876,0,0,0,marketing,2025-01-26T22:31:52,benign
log_2059,doc_32,read_phi,phi_rec_715,1,1,0,research,2025-04-17T14:53:37,benign
log_2060,doc_31,read_phi,phi_rec_529,0,0,0,diagnosis,2025-05-25T17:35:34,benign
log_2061,doc_46,read_phi,phi_rec_743,0,0,0,marketing,2025-03-25T11:48:04,benign
log_2062,bclerk_11,read_phi,phi_rec_289,0,1,0,billing,2025-06-17T14:40:53,violation_hipaa_min_necessary
log_2063,doc_33,read_phi,phi_rec_957,0,0,0,billing,2025-07-14T07:55:41,benign
log_2064,doc_47,read_phi,phi_rec_1566,0,0,0,billing,2025-08-24T23:11:14,benign
log_2065,bclerk_13,read_phi,phi_rec_377,0,0,1,billing,2025-02-24T22:16:01,benign
log_2066,doc_22,read_phi,phi_rec_1691,1,0,0,research,2025-08-17T15:26:13,benign
log_2067,doc_30,read_phi,phi_rec_1998,0,0,0,billing,2025-04-29T18:25:58,benign
log_2068,doc_13,read_phi,phi_rec_1302,0,0,0,billing,2025-07-10T05:55:52,benign
log_2069,doc_40,read_phi,phi_rec_656,0,1,0,diagnosis,2025-02-21T18:17:49,benign
log_2070,doc_33,read_phi,phi_rec_1516,1,1,0,diagnosis,2025-03-12T18:19:40,benign
log_2071,bclerk_0,read_phi,phi_rec_1429,0,0,1,billing,2025-01-17T14:45:05,benign
log_2072,doc_37,read_phi,phi_rec_87,1,1,0,research,2025-03-05T03:35:01,benign
log_2073,doc_22,read_phi,phi_rec_781,1,1,0,research,2025-07-01T18:16:49,benign
log_2074,bclerk_13,read_phi,phi_rec_343,0,0,1,billing,2025-04-04T12:18:00,benign
log_2075,bclerk_4,read_phi,phi_rec_1662,0,0,1,billing,2025-06-30T05:58:42,benign
log_2076,doc_26,read_phi,phi_rec_829,1,1,0,research,2025-03-19T12:18:40,benign
log_2077,bclerk_10,read_phi,phi_rec_760,0,0,1,billing,2025-07-02T17:03:47,benign
log_2078,doc_9,read_phi,phi_rec_548,1,0,0,diagnosis,2025-04-12T22:11:26,benign
log_2079,doc_8,read_phi,phi_rec_1820,0,0,0,marketing,2025-06-12T05:46:24,benign
log_2080,doc_18,read_phi,phi_rec_1591,1,1,0,diagnosis,2025-07-08T10:02:18,benign
log_2081,doc_48,read_phi,phi_rec_811,0,0,0,billing,2025-03-23T22:07:05,benign
log_2082,doc_18,read_phi,phi_rec_88,0,0,0,marketing,2025-04-01T14:53:00,benign
log_2083,doc_10,read_phi,phi_rec_571,0,0,0,research,2025-07-15T03:16:37,benign
log_2084,bclerk_7,read_phi,phi_rec_367,0,0,1,billing,2025-02-05T20:12:36,benign
log_2085,doc_45,read_phi,phi_rec_1233,0,0,0,billing,2025-05-20T18:13:21,benign
log_2086,doc_41,read_phi,phi_rec_1383,1,1,0,diagnosis,2025-05-16T14:45:52,benign
log_2087,doc_26,read_phi,phi_rec_321,1,1,0,diagnosis,2025-01-17T03:59:15,benign
log_2088,bclerk_6,read_phi,phi_rec_1091,0,0,1,billing,2025-05-25T22:46:47,benign
log_2089,bclerk_2,read_phi,phi_rec_355,0,0,1,billing,2025-08-18T15:09:57,benign
log_2090,doc_44,read_phi,phi_rec_863,1,0,0,diagnosis,2025-06-30T21:49:39,benign
log_2091,doc_49,read_phi,phi_rec_1942,0,0,0,billing,2025-03-11T01:21:08,benign
log_2092,doc_45,read_phi,phi_rec_289,1,1,0,diagnosis,2025-01-27T22:08:38,benign
log_2093,doc_16,read_phi,phi_rec_941,0,0,0,marketing,2025-02-11T06:58:57,benign
log_2094,doc_36,read_phi,phi_rec_171,0,0,0,marketing,2025-06-16T02:27:18,benign
log_2095,doc_16,read_phi,phi_rec_376,1,1,0,diagnosis,2025-08-03T22:03:02,benign
log_2096,doc_8,read_phi,phi_rec_16,0,0,0,marketing,2025-06-26T17:21:31,benign
log_2097,doc_6,read_phi,phi_rec_727,1,1,0,research,2025-02-04T14:42:48,benign
log_2098,doc_27,read_phi,phi_rec_1605,1,1,0,diagnosis,2025-05-20T05:32:56,benign
log_2099,bclerk_2,read_phi,phi_rec_134,0,0,1,billing,2025-05-22T19:42:06,benign
log_2100,bclerk_9,read_phi,phi_rec_1379,0,0,1,billing,2025-06-15T19:04:56,benign
log_2101,doc_11,read_phi,phi_rec_1870,0,0,0,marketing,2025-03-11T00:25:08,benign
log_2102,doc_9,read_phi,phi_rec_522,0,1,0,research,2025-08-26T21:43:01,benign
log_2103,doc_27,read_phi,phi_rec_1040,1,1,0,diagnosis,2025-08-03T13:41:20,benign
log_2104,doc_26,read_phi,phi_rec_275,0,0,0,billing,2025-06-08T10:58:11,benign
log_2105,bclerk_9,read_phi,phi_rec_227,0,0,1,billing,2025-07-26T10:47:21,benign
log_2106,doc_25,read_phi,phi_rec_524,1,1,0,diagnosis,2025-06-23T01:18:23,benign
log_2107,doc_44,read_phi,phi_rec_281,0,0,0,billing,2025-01-31T12:13:43,benign
log_2108,doc_45,read_phi,phi_rec_117,1,1,0,diagnosis,2025-01-28T18:30:55,benign
log_2109,doc_31,read_phi,phi_rec_521,1,1,0,diagnosis,2025-05-25T03:43:59,benign
log_2110,doc_11,read_phi,phi_rec_795,1,1,0,diagnosis,2025-07-23T23:50:04,benign
log_2111,doc_28,read_phi,phi_rec_1392,0,0,0,billing,2025-02-10T16:57:12,benign
log_2112,doc_4,read_phi,phi_rec_1293,0,0,0,billing,2025-04-27T14:33:34,benign
log_2113,bclerk_13,read_phi,phi_rec_881,0,0,1,billing,2025-08-10T05:06:21,benign
log_2114,doc_19,read_phi,phi_rec_614,1,1,0,research,2025-07-26T18:13:35,benign
log_2115,doc_37,read_phi,phi_rec_478,0,0,0,marketing,2025-06-12T06:20:52,benign
log_2116,bclerk_14,read_phi,phi_rec_1032,0,1,0,billing,2025-04-16T11:45:14,violation_hipaa_min_necessary
log_2117,doc_31,read_phi,phi_rec_1330,1,1,0,diagnosis,2025-05-12T18:52:52,benign
log_2118,doc_6,read_phi,phi_rec_512,0,0,0,billing,2025-03-10T04:46:37,benign
log_2119,doc_12,read_phi,phi_rec_1151,1,0,0,diagnosis,2025-01-08T04:22:11,benign
log_2120,doc_35,read_phi,phi_rec_861,1,1,0,diagnosis,2025-02-18T19:39:57,benign
log_2121,bclerk_13,read_phi,phi_rec_1657,0,0,1,billing,2025-04-19T07:23:18,benign
log_2122,bclerk_6,read_phi,phi_rec_1569,0,0,1,billing,2025-07-08T05:35:46,benign
log_2123,doc_4,read_phi,phi_rec_1843,1,0,0,diagnosis,2025-05-04T15:02:32,benign
log_2124,doc_21,read_phi,phi_rec_30,0,0,0,marketing,2025-07-05T00:14:37,benign
log_2125,bclerk_9,read_phi,phi_rec_581,0,0,1,billing,2025-04-06T12:54:46,benign
log_2126,bclerk_7,read_phi,phi_rec_1434,0,0,1,billing,2025-08-23T11:16:46,benign
log_2127,doc_47,read_phi,phi_rec_454,0,1,0,research,2025-05-07T17:00:07,benign
log_2128,doc_22,read_phi,phi_rec_697,0,0,0,billing,2025-08-17T17:39:39,benign
log_2129,bclerk_5,read_phi,phi_rec_53,0,0,1,billing,2025-01-28T03:54:06,benign
log_2130,bclerk_10,read_phi,phi_rec_1660,0,0,1,billing,2025-03-19T01:49:50,benign
log_2131,doc_2,read_phi,phi_rec_1775,0,0,0,marketing,2025-08-26T19:38:15,benign
log_2132,doc_9,read_phi,phi_rec_1034,0,0,0,billing,2025-07-22T06:35:04,benign
log_2133,doc_29,read_phi,phi_rec_891,0,0,0,marketing,2025-08-29T10:45:06,benign
log_2134,doc_2,read_phi,phi_rec_1460,1,0,0,diagnosis,2025-05-21T15:52:42,benign
log_2135,doc_15,read_phi,phi_rec_1189,0,0,0,billing,2025-05-06T09:21:27,benign
log_2136,doc_30,read_phi,phi_rec_1998,0,1,0,diagnosis,2025-07-30T09:28:05,benign
log_2137,doc_15,read_phi,phi_rec_1789,1,1,0,diagnosis,2025-06-17T10:21:22,benign
log_2138,doc_35,read_phi,phi_rec_377,1,1,0,diagnosis,2025-04-18T08:37:55,benign
log_2139,bclerk_0,read_phi,phi_rec_1373,0,0,1,billing,2025-01-08T11:56:50,benign
log_2140,doc_2,read_phi,phi_rec_1775,1,1,0,diagnosis,2025-06-07T19:35:56,benign
log_2141,bclerk_7,read_phi,phi_rec_573,0,0,1,billing,2025-04-29T20:31:27,benign
log_2142,doc_49,read_phi,phi_rec_896,0,0,0,marketing,2025-03-16T19:48:27,benign
log_2143,doc_14,read_phi,phi_rec_1067,0,0,0,billing,2025-03-23T18:02:04,benign
log_2144,doc_2,read_phi,phi_rec_255,0,0,0,billing,2025-08-14T11:03:33,benign
log_2145,bclerk_6,read_phi,phi_rec_1555,0,0,1,billing,2025-08-12T08:17:09,benign
log_2146,doc_37,read_phi,phi_rec_832,1,1,0,research,2025-01-07T10:24:03,benign
log_2147,doc_8,read_phi,phi_rec_682,1,1,0,research,2025-08-24T14:43:21,benign
log_2148,bclerk_13,read_phi,phi_rec_1917,0,0,1,billing,2025-05-10T16:34:49,benign
log_2149,doc_26,read_phi,phi_rec_848,0,0,0,marketing,2025-02-02T06:14:00,benign
log_2150,doc_6,read_phi,phi_rec_1444,0,0,0,marketing,2025-04-07T08:52:49,benign
log_2151,bclerk_11,read_phi,phi_rec_1141,0,0,1,billing,2025-05-01T20:03:08,benign
log_2152,bclerk_0,read_phi,phi_rec_983,0,0,1,marketing,2025-01-05T06:06:59,violation_gdpr_art18
log_2153,doc_20,read_phi,phi_rec_332,0,0,0,billing,2025-07-26T20:36:40,benign
log_2154,bclerk_14,read_phi,phi_rec_216,0,0,1,billing,2025-06-05T19:41:30,benign
log_2155,doc_5,read_phi,phi_rec_464,0,0,0,billing,2025-05-24T15:58:15,benign
log_2156,doc_45,read_phi,phi_rec_634,1,1,0,diagnosis,2025-03-14T03:45:14,benign
log_2157,doc_40,read_phi,phi_rec_1921,1,0,0,research,2025-04-13T02:42:02,benign
log_2158,doc_25,read_phi,phi_rec_1999,1,1,0,diagnosis,2025-04-17T08:58:25,benign
log_2159,doc_7,read_phi,phi_rec_502,1,1,0,diagnosis,2025-01-20T22:51:58,benign
log_2160,doc_48,read_phi,phi_rec_585,0,0,0,marketing,2025-01-03T11:54:14,benign
log_2161,doc_1,read_phi,phi_rec_651,1,1,0,diagnosis,2025-05-26T18:05:20,benign
log_2162,bclerk_10,read_phi,phi_rec_256,0,0,1,billing,2025-04-23T08:11:46,benign
log_2163,doc_10,read_phi,phi_rec_620,0,0,0,marketing,2025-03-14T00:42:09,benign
log_2164,bclerk_4,read_phi,phi_rec_1237,0,0,1,billing,2025-07-23T13:57:43,benign
log_2165,doc_0,read_phi,phi_rec_1674,0,1,0,research,2025-04-03T00:13:30,benign
log_2166,doc_8,read_phi,phi_rec_1294,0,0,0,marketing,2025-08-11T12:46:40,benign
log_2167,doc_44,read_phi,phi_rec_1301,1,1,0,diagnosis,2025-07-24T23:02:19,benign
log_2168,doc_24,read_phi,phi_rec_1815,1,1,0,research,2025-01-09T08:57:35,benign
log_2169,bclerk_13,read_phi,phi_rec_1301,0,0,1,billing,2025-07-03T17:22:58,benign
log_2170,bclerk_3,read_phi,phi_rec_619,0,0,1,billing,2025-04-20T22:56:21,benign
log_2171,doc_8,read_phi,phi_rec_327,0,1,0,diagnosis,2025-08-20T15:21:45,benign
log_2172,bclerk_3,read_phi,phi_rec_637,0,0,1,billing,2025-01-18T20:35:23,benign
log_2173,doc_36,read_phi,phi_rec_291,0,0,0,billing,2025-08-11T22:03:09,benign
log_2174,bclerk_0,read_phi,phi_rec_1473,0,1,0,billing,2025-02-27T17:22:34,violation_hipaa_min_necessary
log_2175,doc_14,read_phi,phi_rec_1994,0,0,0,marketing,2025-08-26T07:12:50,benign
log_2176,bclerk_3,read_phi,phi_rec_1800,0,0,1,billing,2025-05-02T20:52:43,benign
log_2177,doc_24,read_phi,phi_rec_597,0,0,0,billing,2025-08-01T14:37:27,benign
log_2178,bclerk_3,read_phi,phi_rec_1572,0,0,1,billing,2025-05-04T00:07:15,benign
log_2179,doc_15,read_phi,phi_rec_284,1,1,0,diagnosis,2025-01-06T04:50:07,benign
log_2180,doc_26,read_phi,phi_rec_848,1,0,0,diagnosis,2025-03-12T00:41:08,benign
log_2181,bclerk_10,read_phi,phi_rec_160,0,0,1,billing,2025-05-14T15:22:14,benign
log_2182,doc_26,read_phi,phi_rec_728,0,0,0,billing,2025-02-10T02:09:07,benign
log_2183,doc_14,read_phi,phi_rec_1076,1,0,0,research,2025-02-05T14:50:14,benign
log_2184,doc_27,read_phi,phi_rec_1970,0,0,0,marketing,2025-08-19T02:41:58,benign
log_2185,doc_20,read_phi,phi_rec_545,0,0,0,billing,2025-02-26T10:44:05,benign
log_2186,doc_3,read_phi,phi_rec_1006,0,0,0,marketing,2025-05-26T15:17:45,benign
log_2187,bclerk_9,read_phi,phi_rec_699,0,0,1,billing,2025-07-19T13:28:43,benign
log_2188,doc_6,read_phi,phi_rec_155,0,0,0,billing,2025-05-04T06:12:55,benign
log_2189,doc_1,read_phi,phi_rec_1317,0,0,0,billing,2025-01-27T23:05:38,benign
log_2190,bclerk_12,read_phi,phi_rec_1874,0,0,1,billing,2025-03-08T17:15:28,benign
log_2191,doc_34,read_phi,phi_rec_1333,0,0,0,marketing,2025-01-30T19:02:33,benign
log_2192,bclerk_0,read_phi,phi_rec_1507,0,0,1,marketing,2025-03-06T01:52:15,violation_gdpr_art18
log_2193,doc_37,read_phi,phi_rec_124,1,1,0,research,2025-07-21T10:40:17,benign
log_2194,doc_26,read_phi,phi_rec_739,0,0,0,billing,2025-02-02T07:20:11,benign
log_2195,bclerk_9,read_phi,phi_rec_1148,0,0,1,billing,2025-06-20T05:34:54,benign
log_2196,bclerk_8,read_phi,phi_rec_1236,0,0,1,billing,2025-02-11T15:18:36,benign
log_2197,doc_41,read_phi,phi_rec_1327,1,0,0,diagnosis,2025-05-07T18:52:11,benign
log_2198,doc_33,read_phi,phi_rec_717,1,0,0,diagnosis,2025-05-28T02:20:02,benign
log_2199,doc_47,read_phi,phi_rec_768,0,0,0,marketing,2025-07-26T01:18:28,benign
log_2200,bclerk_1,read_phi,phi_rec_125,0,0,1,billing,2025-08-24T01:45:04,benign
log_2201,doc_48,read_phi,phi_rec_1413,1,1,0,diagnosis,2025-08-25T22:05:20,benign
log_2202,doc_9,read_phi,phi_rec_1051,0,1,0,diagnosis,2025-08-29T17:31:58,benign
log_2203,doc_41,read_phi,phi_rec_1398,1,1,0,diagnosis,2025-05-06T11:35:26,benign
log_2204,doc_24,read_phi,phi_rec_1418,1,1,0,diagnosis,2025-07-19T23:01:33,benign
log_2205,doc_22,read_phi,phi_rec_878,1,1,0,research,2025-07-01T07:02:38,benign
log_2206,doc_5,read_phi,phi_rec_1141,1,1,0,research,2025-08-28T18:59:21,benign
log_2207,bclerk_14,read_phi,phi_rec_308,0,0,1,billing,2025-04-19T13:50:55,benign
log_2208,doc_45,read_phi,phi_rec_271,0,0,0,billing,2025-02-09T12:17:00,benign
log_2209,doc_26,read_phi,phi_rec_1725,1,0,0,diagnosis,2025-07-25T07:56:11,benign
log_2210,doc_21,read_phi,phi_rec_403,0,0,0,marketing,2025-06-01T16:58:25,benign
log_2211,bclerk_3,read_phi,phi_rec_1402,0,0,1,billing,2025-05-08T18:53:18,benign
log_2212,doc_45,read_phi,phi_rec_1233,0,0,0,marketing,2025-08-13T01:21:51,benign
log_2213,doc_43,read_phi,phi_rec_1972,0,0,0,billing,2025-05-05T05:18:47,benign
log_2214,doc_16,read_phi,phi_rec_486,1,0,0,diagnosis,2025-07-19T13:08:05,benign
log_2215,doc_43,read_phi,phi_rec_1506,0,0,0,marketing,2025-08-13T16:19:11,benign
log_2216,doc_11,read_phi,phi_rec_1950,0,0,0,billing,2025-03-06T12:10:59,benign
log_2217,doc_47,read_phi,phi_rec_1331,1,1,0,research,2025-03-31T19:41:11,benign
log_2218,doc_32,read_phi,phi_rec_1469,0,0,0,billing,2025-01-25T15:51:16,benign
log_2219,doc_39,read_phi,phi_rec_1007,0,0,0,billing,2025-02-08T20:58:15,benign
log_2220,doc_45,read_phi,phi_rec_1218,1,0,0,diagnosis,2025-08-26T16:20:26,benign
log_2221,doc_17,read_phi,phi_rec_1662,1,1,0,diagnosis,2025-02-05T14:49:18,benign
log_2222,doc_24,read_phi,phi_rec_243,0,0,0,billing,2025-01-27T06:10:22,benign
log_2223,doc_20,read_phi,phi_rec_1546,0,0,0,billing,2025-07-19T12:29:03,benign
log_2224,doc_7,read_phi,phi_rec_1960,1,1,0,diagnosis,2025-04-25T09:29:49,benign
log_2225,bclerk_5,read_phi,phi_rec_1295,0,0,1,billing,2025-08-17T13:03:31,benign
log_2226,doc_10,read_phi,phi_rec_1930,1,0,0,diagnosis,2025-04-18T18:03:52,benign
log_2227,doc_4,read_phi,phi_rec_940,0,0,0,marketing,2025-01-27T06:42:40,benign
log_2228,doc_41,read_phi,phi_rec_1124,1,1,0,diagnosis,2025-08-22T09:08:48,benign
log_2229,bclerk_1,read_phi,phi_rec_856,0,0,1,billing,2025-02-10T06:49:15,benign
log_2230,bclerk_7,read_phi,phi_rec_1247,0,0,1,billing,2025-07-03T13:43:24,benign
log_2231,bclerk_11,read_phi,phi_rec_1087,0,0,1,billing,2025-01-15T05:17:24,benign
log_2232,doc_33,read_phi,phi_rec_1745,0,0,0,marketing,2025-03-23T22:55:50,benign
log_2233,doc_5,read_phi,phi_rec_1336,0,0,0,marketing,2025-05-24T01:57:35,benign
log_2234,doc_47,read_phi,phi_rec_454,1,1,0,research,2025-05-28T01:57:04,benign
log_2235,doc_8,read_phi,phi_rec_1976,1,1,0,diagnosis,2025-05-23T06:32:29,benign
log_2236,bclerk_12,read_phi,phi_rec_951,0,0,1,billing,2025-04-07T06:48:07,benign
log_2237,doc_49,read_phi,phi_rec_869,1,1,0,diagnosis,2025-07-29T00:29:47,benign
log_2238,doc_0,read_phi,phi_rec_567,0,0,0,billing,2025-08-12T00:59:21,benign
log_2239,doc_13,read_phi,phi_rec_334,0,0,0,billing,2025-06-25T03:57:52,benign
log_2240,bclerk_11,read_phi,phi_rec_1709,0,0,1,billing,2025-02-10T06:19:19,benign
log_2241,doc_45,read_phi,phi_rec_61,0,0,0,research,2025-07-04T04:08:05,benign
log_2242,doc_2,read_phi,phi_rec_1348,1,0,0,research,2025-01-06T15:01:53,violation_gdpr_art18
log_2243,doc_23,read_phi,phi_rec_150,1,0,0,research,2025-07-26T17:58:47,benign
log_2244,doc_18,read_phi,phi_rec_1464,1,0,0,diagnosis,2025-03-02T11:27:54,benign
log_2245,doc_27,read_phi,phi_rec_1128,1,1,0,research,2025-01-21T16:28:58,benign
log_2246,doc_11,read_phi,phi_rec_1432,1,1,0,diagnosis,2025-08-21T00:13:53,benign
log_2247,doc_13,read_phi,phi_rec_481,0,0,0,billing,2025-06-13T08:12:58,benign
log_2248,bclerk_12,read_phi,phi_rec_818,0,0,1,billing,2025-04-18T23:28:42,benign
log_2249,doc_7,read_phi,phi_rec_668,0,0,0,marketing,2025-05-25T08:53:48,benign
log_2250,doc_29,read_phi,phi_rec_1145,1,1,0,research,2025-06-19T15:08:22,benign
log_2251,doc_31,read_phi,phi_rec_741,1,1,0,research,2025-05-02T22:35:21,benign
log_2252,doc_43,read_phi,phi_rec_375,1,1,0,research,2025-06-12T21:50:27,benign
log_2253,doc_22,read_phi,phi_rec_133,0,0,0,billing,2025-06-10T07:46:44,benign
log_2254,doc_47,read_phi,phi_rec_1436,1,1,0,research,2025-01-14T20:18:26,benign
log_2255,bclerk_4,read_phi,phi_rec_1711,1,0,0,billing,2025-02-19T19:57:42,violation_hipaa_min_necessary
log_2256,doc_34,read_phi,phi_rec_1801,0,0,0,billing,2025-08-03T18:10:59,benign
log_2257,doc_7,read_phi,phi_rec_721,1,0,0,diagnosis,2025-08-05T20:06:39,benign
log_2258,doc_40,read_phi,phi_rec_1620,1,1,0,diagnosis,2025-06-18T03:14:46,benign
log_2259,doc_36,read_phi,phi_rec_1397,0,1,0,diagnosis,2025-05-08T22:28:42,violation_hipaa_auth
log_2260,doc_22,read_phi,phi_rec_133,1,1,0,diagnosis,2025-01-13T14:28:02,benign
log_2261,doc_22,read_phi,phi_rec_878,0,0,0,billing,2025-01-09T12:39:31,benign
log_2262,doc_4,read_phi,phi_rec_1709,0,0,0,billing,2025-04-17T18:49:34,benign
log_2263,doc_45,read_phi,phi_rec_1218,1,1,0,research,2025-08-16T02:25:42,benign
log_2264,doc_42,read_phi,phi_rec_1020,1,1,0,diagnosis,2025-04-30T23:23:10,benign
log_2265,doc_0,read_phi,phi_rec_1027,1,1,0,research,2025-08-06T10:07:16,benign
log_2266,doc_3,read_phi,phi_rec_1081,0,1,0,research,2025-02-15T00:34:35,benign
log_2267,doc_39,read_phi,phi_rec_890,1,1,0,diagnosis,2025-03-20T06:34:53,benign
log_2268,doc_25,read_phi,phi_rec_1886,1,1,0,diagnosis,2025-06-25T05:53:26,benign
log_2269,doc_7,read_phi,phi_rec_502,0,0,0,marketing,2025-08-25T03:31:29,benign
log_2270,doc_24,read_phi,phi_rec_1074,1,1,0,research,2025-03-15T23:42:34,benign
log_2271,doc_41,read_phi,phi_rec_1889,1,0,0,research,2025-06-06T09:00:28,benign
log_2272,doc_42,read_phi,phi_rec_919,0,0,0,marketing,2025-01-20T06:27:35,benign
log_2273,doc_40,read_phi,phi_rec_534,0,0,0,marketing,2025-01-04T03:04:24,benign
log_2274,doc_2,read_phi,phi_rec_920,0,0,0,billing,2025-04-03T13:25:02,benign
log_2275,doc_26,read_phi,phi_rec_630,0,0,0,marketing,2025-03-27T20:12:36,benign
log_2276,doc_7,read_phi,phi_rec_167,1,1,0,diagnosis,2025-06-13T06:14:35,benign
log_2277,doc_43,read_phi,phi_rec_164,1,1,0,diagnosis,2025-08-29T19:58:52,benign
log_2278,doc_29,read_phi,phi_rec_1936,1,1,0,diagnosis,2025-05-15T02:02:17,benign
log_2279,doc_43,read_phi,phi_rec_1491,1,1,0,diagnosis,2025-04-06T07:04:31,benign
log_2280,doc_2,read_phi,phi_rec_293,0,0,0,billing,2025-01-04T20:28:46,benign
log_2281,bclerk_7,read_phi,phi_rec_176,0,0,1,billing,2025-08-15T09:19:21,benign
log_2282,doc_19,read_phi,phi_rec_834,1,0,0,research,2025-01-17T06:49:47,benign
log_2283,doc_27,read_phi,phi_rec_1107,1,1,0,diagnosis,2025-01-02T10:36:04,benign
log_2284,doc_21,read_phi,phi_rec_610,1,1,0,research,2025-02-12T22:30:14,benign
log_2285,bclerk_5,read_phi,phi_rec_23,0,1,0,billing,2025-08-03T15:53:22,violation_hipaa_min_necessary
log_2286,doc_21,read_phi,phi_rec_541,1,1,0,diagnosis,2025-05-21T07:40:26,benign
log_2287,bclerk_0,read_phi,phi_rec_1782,0,0,1,billing,2025-06-15T12:57:25,benign
log_2288,bclerk_2,read_phi,phi_rec_31,0,0,1,billing,2025-05-09T22:46:12,benign
log_2289,doc_10,read_phi,phi_rec_1120,0,0,0,marketing,2025-04-08T07:34:08,benign
log_2290,doc_19,read_phi,phi_rec_1164,0,1,0,diagnosis,2025-01-27T16:56:46,benign
log_2291,doc_17,read_phi,phi_rec_1589,1,1,0,research,2025-05-08T00:53:00,benign
log_2292,doc_44,read_phi,phi_rec_306,0,0,0,billing,2025-08-20T10:54:34,benign
log_2293,doc_13,read_phi,phi_rec_1514,1,0,0,research,2025-06-26T07:18:30,benign
log_2294,bclerk_6,read_phi,phi_rec_1458,0,0,1,billing,2025-06-12T16:00:59,benign
log_2295,doc_34,read_phi,phi_rec_1216,0,0,0,marketing,2025-03-20T17:15:23,benign
log_2296,doc_10,read_phi,phi_rec_1627,0,0,0,marketing,2025-03-10T12:35:08,benign
log_2297,bclerk_0,read_phi,phi_rec_799,0,0,1,billing,2025-04-09T15:32:23,benign
log_2298,bclerk_3,read_phi,phi_rec_1841,0,0,1,billing,2025-07-04T09:54:56,benign
log_2299,doc_30,read_phi,phi_rec_31,1,1,0,research,2025-06-09T12:02:25,benign
log_2300,bclerk_0,read_phi,phi_rec_115,0,0,1,marketing,2025-03-25T11:42:32,violation_gdpr_art18
log_2301,doc_23,read_phi,phi_rec_1080,0,0,0,marketing,2025-07-04T03:01:06,benign
log_2302,doc_3,read_phi,phi_rec_1958,1,0,0,diagnosis,2025-01-16T07:27:57,benign
log_2303,doc_24,read_phi,phi_rec_1074,0,0,0,marketing,2025-05-01T20:46:04,benign
log_2304,bclerk_10,read_phi,phi_rec_779,0,0,1,billing,2025-05-17T04:07:15,benign
log_2305,doc_8,read_phi,phi_rec_564,0,0,0,marketing,2025-04-06T17:06:39,benign
log_2306,bclerk_3,read_phi,phi_rec_1220,0,0,1,billing,2025-04-21T23:41:20,benign
log_2307,doc_0,read_phi,phi_rec_1875,0,0,0,marketing,2025-06-09T21:21:35,benign
log_2308,doc_22,read_phi,phi_rec_1811,1,1,0,diagnosis,2025-07-16T20:15:34,benign
log_2309,doc_37,read_phi,phi_rec_1277,1,0,0,research,2025-08-16T05:45:32,benign
log_2310,doc_39,read_phi,phi_rec_136,0,1,0,research,2025-02-17T06:00:54,benign
log_2311,doc_2,read_phi,phi_rec_1617,1,0,0,research,2025-01-11T21:35:48,benign
log_2312,doc_9,read_phi,phi_rec_369,0,0,0,billing,2025-08-25T11:16:01,benign
log_2313,doc_20,read_phi,phi_rec_807,0,0,0,marketing,2025-08-18T10:58:12,benign
log_2314,doc_9,read_phi,phi_rec_659,0,1,0,research,2025-03-12T16:12:46,violation_hipaa_auth
log_2315,doc_20,read_phi,phi_rec_1546,0,1,0,research,2025-04-21T13:15:02,benign
log_2316,doc_31,read_phi,phi_rec_316,0,0,0,billing,2025-03-28T23:34:57,benign
log_2317,doc_47,read_phi,phi_rec_1455,1,1,0,diagnosis,2025-03-03T20:06:52,benign
log_2318,bclerk_5,read_phi,phi_rec_101,0,0,1,billing,2025-07-29T11:54:12,benign
log_2319,doc_42,read_phi,phi_rec_816,1,1,0,research,2025-03-04T06:14:18,benign
log_2320,doc_49,read_phi,phi_rec_665,0,0,0,billing,2025-03-27T22:49:23,benign
log_2321,bclerk_9,read_phi,phi_rec_360,0,0,1,billing,2025-07-15T02:03:34,benign
log_2322,doc_0,read_phi,phi_rec_470,0,0,0,billing,2025-08-03T03:20:48,benign
log_2323,doc_8,read_phi,phi_rec_564,0,0,0,marketing,2025-03-07T01:07:51,benign
log_2324,doc_12,read_phi,phi_rec_1342,0,0,0,billing,2025-05-22T15:56:27,benign
log_2325,doc_46,read_phi,phi_rec_145,0,0,0,billing,2025-03-14T04:28:37,benign
log_2326,bclerk_9,read_phi,phi_rec_798,0,0,1,billing,2025-08-15T05:13:10,benign
log_2327,bclerk_8,read_phi,phi_rec_927,0,0,1,billing,2025-03-10T03:43:14,benign
log_2328,doc_22,read_phi,phi_rec_781,1,0,0,research,2025-08-07T00:32:12,benign
log_2329,doc_49,read_phi,phi_rec_1095,1,1,0,research,2025-04-18T17:14:42,benign
log_2330,doc_15,read_phi,phi_rec_284,1,1,0,research,2025-05-13T10:36:57,benign
log_2331,bclerk_6,read_phi,phi_rec_1428,0,0,1,billing,2025-01-16T19:15:03,benign
log_2332,doc_5,read_phi,phi_rec_1883,0,1,0,diagnosis,2025-08-27T13:53:08,benign
log_2333,doc_20,read_phi,phi_rec_332,0,0,0,billing,2025-03-04T02:52:07,benign
log_2334,doc_8,read_phi,phi_rec_1312,1,1,0,research,2025-03-15T23:13:32,benign
log_2335,bclerk_6,read_phi,phi_rec_99,0,0,1,billing,2025-01-12T11:31:29,benign
log_2336,doc_14,read_phi,phi_rec_485,1,1,0,diagnosis,2025-07-25T00:07:09,benign
log_2337,doc_1,read_phi,phi_rec_166,0,1,0,research,2025-03-27T09:11:34,benign
log_2338,doc_47,read_phi,phi_rec_1879,1,1,0,diagnosis,2025-02-08T20:38:04,benign
log_2339,doc_39,read_phi,phi_rec_19,1,1,0,diagnosis,2025-06-10T23:37:15,benign
log_2340,doc_11,read_phi,phi_rec_1573,0,0,0,billing,2025-04-13T05:52:17,benign
log_2341,doc_15,read_phi,phi_rec_1975,0,0,0,marketing,2025-02-08T00:28:48,benign
log_2342,bclerk_0,read_phi,phi_rec_1805,0,0,1,billing,2025-05-14T13:48:22,benign
log_2343,doc_0,read_phi,phi_rec_249,0,0,0,billing,2025-01-15T16:04:45,benign
log_2344,doc_45,read_phi,phi_rec_1112,1,0,0,research,2025-03-31T12:24:07,benign
log_2345,doc_26,read_phi,phi_rec_331,1,0,0,diagnosis,2025-03-31T18:27:14,benign
log_2346,bclerk_14,read_phi,phi_rec_438,0,0,1,billing,2025-02-22T02:13:22,benign
log_2347,doc_11,read_phi,phi_rec_1573,1,1,0,diagnosis,2025-08-14T00:24:17,benign
log_2348,doc_28,read_phi,phi_rec_1651,0,0,0,billing,2025-08-04T06:54:17,benign
log_2349,bclerk_4,read_phi,phi_rec_1944,0,0,1,billing,2025-01-03T18:40:01,benign
log_2350,bclerk_9,read_phi,phi_rec_884,0,0,1,billing,2025-01-25T17:50:23,benign
log_2351,bclerk_1,read_phi,phi_rec_1179,0,0,1,billing,2025-01-08T11:40:41,benign
log_2352,bclerk_13,read_phi,phi_rec_1758,0,0,1,billing,2025-08-12T10:13:12,benign
log_2353,doc_43,read_phi,phi_rec_500,0,0,0,billing,2025-07-09T00:19:53,benign
log_2354,bclerk_1,read_phi,phi_rec_1629,0,0,1,billing,2025-03-13T16:35:20,benign
log_2355,doc_40,read_phi,phi_rec_963,0,0,0,marketing,2025-07-02T15:22:01,benign
log_2356,doc_30,read_phi,phi_rec_235,0,0,0,marketing,2025-04-23T21:26:57,benign
log_2357,doc_31,read_phi,phi_rec_386,0,0,0,billing,2025-04-21T15:07:50,benign
log_2358,bclerk_12,read_phi,phi_rec_1190,0,0,1,billing,2025-05-04T19:25:58,benign
log_2359,doc_42,read_phi,phi_rec_919,0,0,0,billing,2025-04-24T06:06:07,benign
log_2360,doc_15,read_phi,phi_rec_1975,1,1,0,research,2025-08-28T08:37:48,benign
log_2361,doc_1,read_phi,phi_rec_1501,0,0,0,marketing,2025-06-22T12:49:56,benign
log_2362,bclerk_5,read_phi,phi_rec_532,0,0,1,billing,2025-04-10T00:35:56,benign
log_2363,doc_7,read_phi,phi_rec_147,0,0,0,billing,2025-01-22T19:07:06,benign
log_2364,doc_21,read_phi,phi_rec_1929,1,0,0,diagnosis,2025-05-12T15:13:58,benign
log_2365,doc_3,read_phi,phi_rec_1081,1,0,0,research,2025-05-18T22:53:31,benign
log_2366,doc_24,read_phi,phi_rec_460,0,0,0,billing,2025-05-11T20:59:49,benign
log_2367,doc_21,read_phi,phi_rec_1814,1,0,0,diagnosis,2025-07-22T20:44:14,benign
log_2368,doc_7,read_phi,phi_rec_1819,0,0,0,billing,2025-06-22T13:38:40,benign
log_2369,doc_27,read_phi,phi_rec_1063,1,1,0,diagnosis,2025-04-12T13:16:55,benign
log_2370,bclerk_8,read_phi,phi_rec_1189,0,0,1,billing,2025-07-07T14:17:27,benign
log_2371,doc_7,read_phi,phi_rec_976,0,0,0,billing,2025-08-01T14:08:44,benign
log_2372,doc_2,read_phi,phi_rec_1334,0,1,0,billing,2025-07-23T19:19:31,violation_hipaa_auth
log_2373,doc_44,read_phi,phi_rec_248,1,0,0,diagnosis,2025-02-12T11:09:22,benign
log_2374,doc_11,read_phi,phi_rec_1085,0,0,0,marketing,2025-04-12T13:56:19,benign
log_2375,doc_4,read_phi,phi_rec_1267,1,0,0,research,2025-07-10T00:28:09,benign
log_2376,doc_13,read_phi,phi_rec_1058,0,0,0,billing,2025-04-23T15:10:33,benign
log_2377,doc_36,read_phi,phi_rec_238,1,1,0,diagnosis,2025-08-08T11:10:52,benign
log_2378,doc_21,read_phi,phi_rec_1399,0,0,0,billing,2025-04-03T12:25:33,benign
log_2379,doc_9,read_phi,phi_rec_110,1,1,0,diagnosis,2025-07-30T11:46:22,benign
log_2380,bclerk_0,read_phi,phi_rec_886,0,0,1,billing,2025-03-07T21:43:40,benign
log_2381,doc_21,read_phi,phi_rec_57,0,0,0,billing,2025-02-13T23:19:07,benign
log_2382,doc_38,read_phi,phi_rec_653,0,1,0,research,2025-01-09T10:21:55,benign
log_2383,doc_48,read_phi,phi_rec_499,0,0,0,billing,2025-05-03T09:34:45,benign
log_2384,doc_5,read_phi,phi_rec_582,0,0,0,billing,2025-03-25T00:37:24,benign
log_2385,doc_44,read_phi,phi_rec_1633,1,1,0,research,2025-08-01T16:55:00,benign
log_2386,doc_47,read_phi,phi_rec_966,1,0,0,diagnosis,2025-08-07T21:05:10,benign
log_2387,doc_31,read_phi,phi_rec_449,1,0,0,diagnosis,2025-05-06T14:17:46,benign
log_2388,doc_47,read_phi,phi_rec_588,1,0,0,research,2025-03-04T03:07:16,violation_gdpr_art18
log_2389,doc_10,read_phi,phi_rec_1575,1,1,0,diagnosis,2025-08-27T01:05:14,benign
log_2390,doc_2,read_phi,phi_rec_177,0,1,0,research,2025-03-23T16:42:16,benign
log_2391,doc_40,read_phi,phi_rec_793,0,1,0,diagnosis,2025-05-18T18:47:49,benign
log_2392,doc_22,read_phi,phi_rec_1932,0,0,0,marketing,2025-03-14T18:17:01,benign
log_2393,doc_19,read_phi,phi_rec_428,1,1,0,diagnosis,2025-08-15T05:15:48,benign
log_2394,doc_7,read_phi,phi_rec_767,1,1,0,research,2025-07-16T17:11:16,benign
log_2395,bclerk_14,read_phi,phi_rec_546,1,0,0,billing,2025-05-05T18:49:34,violation_hipaa_min_necessary
log_2396,bclerk_0,read_phi,phi_rec_961,0,0,1,marketing,2025-07-14T17:20:58,violation_gdpr_art18
log_2397,bclerk_0,read_phi,phi_rec_1879,0,0,1,marketing,2025-03-21T20:16:15,violation_gdpr_art18
log_2398,doc_34,read_phi,phi_rec_1225,1,1,0,research,2025-03-14T00:38:52,benign
log_2399,doc_10,read_phi,phi_rec_949,0,0,0,billing,2025-08-08T02:16:18,benign
log_2400,bclerk_2,read_phi,phi_rec_694,0,0,1,billing,2025-08-05T15:55:59,benign
log_2401,doc_49,read_phi,phi_rec_649,1,1,0,research,2025-04-21T20:29:47,benign
log_2402,bclerk_11,read_phi,phi_rec_1634,0,0,1,billing,2025-06-30T10:42:31,benign
log_2403,bclerk_1,read_phi,phi_rec_1474,0,0,1,billing,2025-07-25T01:26:18,benign
log_2404,doc_12,read_phi,phi_rec_1655,0,0,0,marketing,2025-04-25T14:13:12,benign
log_2405,doc_18,read_phi,phi_rec_681,1,1,0,research,2025-05-14T17:27:09,benign
log_2406,doc_15,read_phi,phi_rec_1638,0,0,0,marketing,2025-07-01T11:31:48,benign
log_2407,doc_26,read_phi,phi_rec_718,0,0,0,billing,2025-03-02T23:56:06,benign
log_2408,doc_47,read_phi,phi_rec_1019,0,0,0,marketing,2025-05-09T15:53:03,benign
log_2409,doc_5,read_phi,phi_rec_1892,1,1,0,diagnosis,2025-05-31T05:29:31,benign
log_2410,doc_1,read_phi,phi_rec_820,1,1,0,diagnosis,2025-04-09T10:50:08,benign
log_2411,doc_45,read_phi,phi_rec_148,1,1,0,diagnosis,2025-03-19T17:22:04,benign
log_2412,doc_1,read_phi,phi_rec_751,1,0,0,diagnosis,2025-02-14T06:51:31,benign
log_2413,bclerk_9,read_phi,phi_rec_222,0,0,1,billing,2025-06-26T07:25:29,benign
log_2414,bclerk_3,read_phi,phi_rec_416,0,0,1,billing,2025-06-20T23:50:35,benign
log_2415,doc_42,read_phi,phi_rec_102,0,1,0,diagnosis,2025-01-07T21:02:12,benign
log_2416,doc_33,read_phi,phi_rec_1481,1,1,0,research,2025-07-22T08:53:30,benign
log_2417,bclerk_14,read_phi,phi_rec_100,0,0,1,billing,2025-08-10T09:49:12,benign
log_2418,bclerk_12,read_phi,phi_rec_1216,0,0,1,billing,2025-06-23T11:54:36,benign
log_2419,doc_22,read_phi,phi_rec_1498,1,0,0,diagnosis,2025-07-09T16:19:51,benign
log_2420,doc_36,read_phi,phi_rec_171,0,0,0,billing,2025-01-01T03:12:36,benign
log_2421,doc_5,read_phi,phi_rec_1187,0,0,0,billing,2025-08-05T15:53:05,benign
log_2422,doc_22,read_phi,phi_rec_662,1,1,0,research,2025-02-02T23:47:22,benign
log_2423,doc_22,read_phi,phi_rec_266,0,0,0,billing,2025-06-18T22:29:05,benign
log_2424,doc_31,read_phi,phi_rec_741,1,1,0,diagnosis,2025-01-19T02:33:19,benign
log_2425,doc_25,read_phi,phi_rec_1132,1,1,0,diagnosis,2025-02-18T15:20:31,benign
log_2426,doc_40,read_phi,phi_rec_973,0,0,0,billing,2025-05-31T10:56:45,benign
log_2427,doc_21,read_phi,phi_rec_610,1,1,0,diagnosis,2025-03-13T04:54:19,benign
log_2428,bclerk_8,read_phi,phi_rec_1894,0,0,1,billing,2025-08-07T06:42:33,benign
log_2429,doc_25,read_phi,phi_rec_116,0,0,0,marketing,2025-04-01T16:30:02,benign
log_2430,doc_49,read_phi,phi_rec_1297,0,0,0,marketing,2025-05-14T01:15:06,benign
log_2431,doc_21,read_phi,phi_rec_453,1,1,0,diagnosis,2025-06-09T23:07:23,benign
log_2432,doc_5,read_phi,phi_rec_325,0,0,0,marketing,2025-05-05T13:35:47,benign
log_2433,bclerk_9,read_phi,phi_rec_1380,0,0,1,billing,2025-01-28T16:18:25,benign
log_2434,doc_17,read_phi,phi_rec_918,1,1,0,research,2025-04-07T23:17:16,benign
log_2435,doc_1,read_phi,phi_rec_1822,0,0,0,marketing,2025-08-28T00:01:06,benign
log_2436,doc_45,read_phi,phi_rec_1259,0,1,0,diagnosis,2025-06-25T16:47:36,benign
log_2437,doc_26,read_phi,phi_rec_321,0,0,0,marketing,2025-02-07T21:36:54,benign
log_2438,doc_19,read_phi,phi_rec_894,1,1,0,research,2025-07-11T20:16:20,benign
log_2439,doc_8,read_phi,phi_rec_1294,0,1,0,diagnosis,2025-06-16T04:16:28,benign
log_2440,bclerk_14,read_phi,phi_rec_375,0,0,1,billing,2025-04-05T21:46:30,benign
log_2441,bclerk_6,read_phi,phi_rec_913,0,1,0,billing,2025-03-28T12:24:09,violation_hipaa_min_necessary
log_2442,doc_8,read_phi,phi_rec_1207,0,0,0,billing,2025-05-06T10:44:56,benign
log_2443,bclerk_2,read_phi,phi_rec_941,0,0,1,billing,2025-04-02T14:31:17,benign
log_2444,doc_44,read_phi,phi_rec_383,0,0,0,billing,2025-01-25T11:38:39,benign
log_2445,bclerk_8,read_phi,phi_rec_343,0,0,1,billing,2025-06-01T05:35:42,benign
log_2446,doc_41,read_phi,phi_rec_999,1,1,0,diagnosis,2025-06-04T19:10:19,benign
log_2447,doc_1,read_phi,phi_rec_1287,0,0,0,billing,2025-05-26T21:42:56,benign
log_2448,doc_7,read_phi,phi_rec_172,1,1,0,diagnosis,2025-05-12T13:23:08,benign
log_2449,doc_21,read_phi,phi_rec_1353,0,0,0,marketing,2025-03-14T22:36:56,benign
log_2450,doc_17,read_phi,phi_rec_413,0,1,0,diagnosis,2025-04-05T08:18:44,benign
log_2451,bclerk_6,read_phi,phi_rec_1290,0,0,1,billing,2025-05-29T15:41:16,benign
log_2452,doc_2,read_phi,phi_rec_412,0,1,0,diagnosis,2025-05-25T20:31:26,benign
log_2453,doc_20,read_phi,phi_rec_1783,1,0,0,diagnosis,2025-02-14T01:16:32,benign
log_2454,bclerk_0,read_phi,phi_rec_828,0,0,1,billing,2025-07-27T16:06:59,benign
log_2455,doc_39,read_phi,phi_rec_1215,1,1,0,research,2025-05-04T08:30:28,benign
log_2456,doc_11,read_phi,phi_rec_1857,0,0,0,billing,2025-03-29T07:35:23,benign
log_2457,bclerk_4,read_phi,phi_rec_602,0,0,1,billing,2025-08-19T23:19:22,benign
log_2458,doc_40,read_phi,phi_rec_793,1,1,0,diagnosis,2025-05-28T09:42:20,benign
log_2459,doc_41,read_phi,phi_rec_385,0,0,0,billing,2025-03-06T21:49:46,benign
log_2460,doc_36,read_phi,phi_rec_1613,1,1,0,research,2025-04-30T22:56:08,benign
log_2461,doc_10,read_phi,phi_rec_151,1,1,0,diagnosis,2025-03-02T11:58:46,benign
log_2462,bclerk_11,read_phi,phi_rec_1932,1,0,0,billing,2025-08-07T01:14:47,violation_hipaa_min_necessary
log_2463,doc_10,read_phi,phi_rec_949,1,1,0,diagnosis,2025-08-26T11:37:44,benign
log_2464,doc_5,read_phi,phi_rec_1090,0,0,0,marketing,2025-04-17T23:56:45,benign
log_2465,doc_47,read_phi,phi_rec_1649,0,0,0,marketing,2025-07-25T00:51:47,benign
log_2466,doc_22,read_phi,phi_rec_1010,1,1,0,diagnosis,2025-05-01T10:42:35,benign
log_2467,bclerk_14,read_phi,phi_rec_918,0,0,1,billing,2025-01-15T02:38:48,benign
log_2468,doc_11,read_phi,phi_rec_1857,1,0,0,research,2025-03-14T19:53:59,benign
log_2469,bclerk_0,read_phi,phi_rec_1516,0,0,1,billing,2025-03-03T23:30:22,benign
log_2470,doc_10,read_phi,phi_rec_1439,0,0,0,marketing,2025-07-28T06:11:13,benign
log_2471,doc_17,read_phi,phi_rec_1502,1,0,0,research,2025-02-20T22:25:03,benign
log_2472,doc_35,read_phi,phi_rec_247,1,1,0,research,2025-04-02T08:27:41,benign
log_2473,doc_47,read_phi,phi_rec_990,1,1,0,diagnosis,2025-08-29T13:56:01,benign
log_2474,doc_7,read_phi,phi_rec_677,1,0,0,research,2025-04-02T12:50:32,benign
log_2475,doc_16,read_phi,phi_rec_1337,0,0,0,billing,2025-03-08T02:46:38,benign
log_2476,doc_45,read_phi,phi_rec_22,1,0,0,diagnosis,2025-01-24T10:49:59,benign
log_2477,doc_18,read_phi,phi_rec_933,1,1,0,research,2025-03-21T13:42:54,benign
log_2478,doc_5,read_phi,phi_rec_635,0,0,0,billing,2025-01-05T19:39:28,benign
log_2479,doc_48,read_phi,phi_rec_17,0,0,0,billing,2025-06-05T08:13:07,benign
log_2480,bclerk_13,read_phi,phi_rec_1817,0,0,1,billing,2025-01-02T04:48:41,benign
log_2481,bclerk_9,read_phi,phi_rec_1792,0,0,1,billing,2025-03-08T00:55:23,benign
log_2482,doc_5,read_phi,phi_rec_106,0,0,0,billing,2025-02-22T14:20:57,benign
log_2483,doc_27,read_phi,phi_rec_153,0,0,0,marketing,2025-07-21T09:51:55,benign
log_2484,doc_3,read_phi,phi_rec_320,0,0,0,marketing,2025-03-28T20:16:21,benign
log_2485,doc_0,read_phi,phi_rec_314,0,0,0,marketing,2025-05-25T04:29:24,benign
log_2486,doc_1,read_phi,phi_rec_189,0,0,0,billing,2025-01-22T01:26:53,benign
log_2487,doc_16,read_phi,phi_rec_941,1,1,0,diagnosis,2025-04-10T18:36:50,benign
log_2488,doc_13,read_phi,phi_rec_885,0,0,0,marketing,2025-08-19T15:06:29,benign
log_2489,doc_20,read_phi,phi_rec_72,1,1,0,diagnosis,2025-02-03T20:15:32,benign
log_2490,doc_40,read_phi,phi_rec_1274,0,1,0,diagnosis,2025-05-25T22:20:29,benign
log_2491,doc_14,read_phi,phi_rec_806,0,0,0,billing,2025-02-27T13:50:49,benign
log_2492,doc_22,read_phi,phi_rec_1631,1,1,0,research,2025-01-05T11:56:15,benign
log_2493,doc_0,read_phi,phi_rec_47,0,0,0,billing,2025-05-31T19:12:35,benign
log_2494,bclerk_6,read_phi,phi_rec_804,0,0,1,billing,2025-05-07T13:56:33,benign
log_2495,doc_39,read_phi,phi_rec_1450,1,1,0,research,2025-08-01T09:58:24,benign
log_2496,bclerk_7,read_phi,phi_rec_1983,0,0,1,billing,2025-02-13T05:25:59,benign
log_2497,doc_0,read_phi,phi_rec_1536,1,1,0,diagnosis,2025-05-02T20:29:19,benign
log_2498,doc_0,read_phi,phi_rec_603,0,0,0,billing,2025-04-20T14:17:26,benign
log_2499,doc_29,read_phi,phi_rec_1177,0,0,0,billing,2025-07-27T00:27:56,benign
log_2500,doc_27,read_phi,phi_rec_871,0,0,0,marketing,2025-07-22T05:10:58,benign
log_2501,doc_2,read_phi,phi_rec_1380,1,1,0,diagnosis,2025-07-19T17:22:06,benign
log_2502,doc_0,read_phi,phi_rec_1875,0,0,0,billing,2025-01-03T11:14:29,benign
log_2503,doc_28,read_phi,phi_rec_308,1,1,0,diagnosis,2025-04-16T00:22:45,benign
log_2504,bclerk_3,read_phi,phi_rec_355,0,0,1,billing,2025-04-29T21:59:47,benign
log_2505,doc_47,read_phi,phi_rec_1566,0,0,0,marketing,2025-07-17T08:35:34,benign
log_2506,doc_46,read_phi,phi_rec_1179,0,0,0,billing,2025-02-21T03:46:22,benign
log_2507,bclerk_6,read_phi,phi_rec_1855,0,0,1,billing,2025-06-11T01:16:07,benign
log_2508,doc_2,read_phi,phi_rec_1172,0,0,0,marketing,2025-03-09T16:15:55,benign
log_2509,doc_40,read_phi,phi_rec_656,1,1,0,diagnosis,2025-02-16T09:42:47,benign
log_2510,doc_7,read_phi,phi_rec_860,1,1,0,research,2025-07-08T17:43:13,benign
log_2511,doc_10,read_phi,phi_rec_457,1,1,0,diagnosis,2025-05-30T13:34:31,benign
log_2512,doc_33,read_phi,phi_rec_954,0,0,0,marketing,2025-08-20T04:38:04,benign
log_2513,doc_45,read_phi,phi_rec_1738,0,0,0,marketing,2025-07-25T08:24:06,benign
log_2514,doc_36,read_phi,phi_rec_1694,0,0,0,marketing,2025-08-12T11:34:42,benign
log_2515,bclerk_12,read_phi,phi_rec_1982,0,0,1,billing,2025-05-07T23:20:41,benign
log_2516,doc_13,read_phi,phi_rec_220,1,1,0,diagnosis,2025-01-30T09:41:45,benign
log_2517,bclerk_0,read_phi,phi_rec_1359,0,0,1,billing,2025-03-26T04:09:11,benign
log_2518,doc_48,read_phi,phi_rec_260,0,0,0,billing,2025-05-18T03:20:22,benign
log_2519,doc_38,read_phi,phi_rec_1728,0,0,0,billing,2025-07-08T03:49:49,benign
log_2520,doc_30,read_phi,phi_rec_1275,1,1,0,research,2025-03-08T21:03:02,benign
log_2521,doc_26,read_phi,phi_rec_962,0,1,0,diagnosis,2025-04-14T07:11:30,benign
log_2522,bclerk_0,read_phi,phi_rec_1976,0,0,1,marketing,2025-03-26T01:41:27,violation_gdpr_art18
log_2523,doc_21,read_phi,phi_rec_541,0,0,0,billing,2025-04-21T12:24:15,benign
log_2524,doc_0,read_phi,phi_rec_328,0,0,0,billing,2025-08-10T19:17:16,benign
log_2525,doc_16,read_phi,phi_rec_376,1,0,0,diagnosis,2025-07-20T10:53:15,benign
log_2526,bclerk_9,read_phi,phi_rec_84,0,1,0,billing,2025-02-24T02:58:52,violation_hipaa_min_necessary
log_2527,doc_27,read_phi,phi_rec_1970,0,0,0,billing,2025-04-23T03:57:26,benign
log_2528,bclerk_10,read_phi,phi_rec_787,0,0,1,billing,2025-04-10T03:44:04,benign
log_2529,doc_33,read_phi,phi_rec_1791,1,1,0,diagnosis,2025-01-10T09:48:30,benign
log_2530,doc_36,read_phi,phi_rec_216,1,1,0,diagnosis,2025-03-20T01:55:56,benign
log_2531,doc_36,read_phi,phi_rec_523,0,0,0,billing,2025-01-16T21:14:03,benign
log_2532,doc_46,read_phi,phi_rec_1456,1,1,0,diagnosis,2025-02-12T06:15:44,benign
log_2533,doc_4,read_phi,phi_rec_822,1,0,0,research,2025-04-21T00:37:31,benign
log_2534,bclerk_11,read_phi,phi_rec_1120,0,0,1,billing,2025-07-23T01:14:34,benign
log_2535,doc_33,read_phi,phi_rec_1574,1,1,0,diagnosis,2025-03-30T10:06:00,benign
log_2536,doc_33,read_phi,phi_rec_120,0,0,0,billing,2025-01-13T23:20:30,benign
log_2537,doc_30,read_phi,phi_rec_9,0,0,0,billing,2025-01-03T00:00:28,benign
log_2538,bclerk_1,read_phi,phi_rec_1764,0,0,1,billing,2025-06-25T23:13:49,benign
log_2539,bclerk_4,read_phi,phi_rec_352,0,0,1,billing,2025-06-18T13:56:55,benign
log_2540,bclerk_8,read_phi,phi_rec_1408,0,1,0,billing,2025-01-25T20:21:34,violation_hipaa_min_necessary
log_2541,doc_36,read_phi,phi_rec_1854,0,0,0,billing,2025-08-17T11:11:59,benign
log_2542,bclerk_0,read_phi,phi_rec_1193,0,0,1,billing,2025-08-20T10:57:08,benign
log_2543,doc_45,read_phi,phi_rec_1053,0,0,0,billing,2025-06-03T15:19:13,benign
log_2544,doc_6,read_phi,phi_rec_1865,0,0,0,marketing,2025-02-21T16:36:39,benign
log_2545,doc_0,read_phi,phi_rec_1805,1,0,0,diagnosis,2025-06-05T07:17:12,benign
log_2546,doc_10,read_phi,phi_rec_571,1,1,0,diagnosis,2025-01-06T04:44:17,benign
log_2547,doc_0,read_phi,phi_rec_278,0,0,0,billing,2025-07-22T18:14:41,benign
log_2548,doc_1,read_phi,phi_rec_651,0,0,0,marketing,2025-02-17T13:39:47,benign
log_2549,doc_17,read_phi,phi_rec_1116,0,0,0,marketing,2025-07-05T22:24:43,benign
log_2550,doc_16,read_phi,phi_rec_1851,1,1,0,research,2025-07-11T09:40:19,benign
log_2551,doc_48,read_phi,phi_rec_568,1,1,0,diagnosis,2025-04-09T12:14:13,benign
log_2552,doc_47,read_phi,phi_rec_251,0,0,0,marketing,2025-01-13T12:51:02,benign
log_2553,doc_2,read_phi,phi_rec_561,1,0,0,research,2025-01-30T04:44:17,benign
log_2554,doc_10,read_phi,phi_rec_1930,0,0,0,marketing,2025-04-27T15:52:29,benign
log_2555,bclerk_4,read_phi,phi_rec_1110,0,0,1,billing,2025-07-19T05:17:54,benign
log_2556,doc_4,read_phi,phi_rec_432,1,1,0,diagnosis,2025-01-23T23:58:14,benign
log_2557,bclerk_1,read_phi,phi_rec_1996,0,0,1,billing,2025-01-09T06:31:39,benign
log_2558,doc_35,read_phi,phi_rec_1326,0,0,0,billing,2025-08-16T05:53:00,benign
log_2559,bclerk_11,read_phi,phi_rec_887,0,0,1,billing,2025-03-13T16:00:40,benign
log_2560,doc_12,read_phi,phi_rec_491,1,1,0,research,2025-04-28T19:10:16,benign
log_2561,doc_37,read_phi,phi_rec_800,1,1,0,diagnosis,2025-03-09T01:41:04,benign
log_2562,doc_43,read_phi,phi_rec_164,1,1,0,diagnosis,2025-07-09T07:26:10,benign
log_2563,doc_43,read_phi,phi_rec_738,1,1,0,research,2025-07-19T21:46:03,benign
log_2564,doc_20,read_phi,phi_rec_1142,0,0,0,billing,2025-08-10T08:08:02,benign
log_2565,doc_43,read_phi,phi_rec_526,1,0,0,diagnosis,2025-04-13T09:32:48,benign
log_2566,bclerk_14,read_phi,phi_rec_979,0,0,1,billing,2025-08-01T00:16:11,benign
log_2567,doc_29,read_phi,phi_rec_1855,0,0,0,billing,2025-01-01T12:43:44,benign
log_2568,doc_23,read_phi,phi_rec_1542,1,1,0,diagnosis,2025-04-20T01:46:50,benign
log_2569,doc_27,read_phi,phi_rec_1659,0,0,0,marketing,2025-01-26T23:54:28,benign
log_2570,doc_30,read_phi,phi_rec_104,1,1,0,diagnosis,2025-06-08T05:48:44,benign
log_2571,doc_1,read_phi,phi_rec_1952,1,1,0,research,2025-04-15T23:36:39,benign
log_2572,bclerk_11,read_phi,phi_rec_1936,0,0,1,billing,2025-01-03T13:40:33,benign
log_2573,doc_8,read_phi,phi_rec_818,0,0,0,billing,2025-08-25T06:24:33,benign
log_2574,doc_42,read_phi,phi_rec_535,0,0,0,billing,2025-01-20T21:01:22,benign
log_2575,doc_37,read_phi,phi_rec_397,1,1,0,diagnosis,2025-05-17T19:41:25,benign
log_2576,doc_26,read_phi,phi_rec_846,0,0,0,marketing,2025-01-24T00:25:56,benign
log_2577,doc_40,read_phi,phi_rec_842,0,0,0,billing,2025-08-17T22:13:27,benign
log_2578,doc_0,read_phi,phi_rec_278,0,0,0,billing,2025-01-08T14:33:32,benign
log_2579,doc_36,read_phi,phi_rec_1705,1,1,0,diagnosis,2025-02-17T21:01:22,benign
log_2580,doc_25,read_phi,phi_rec_1478,0,0,0,marketing,2025-06-12T07:52:10,benign
log_2581,doc_16,read_phi,phi_rec_1227,1,1,0,research,2025-07-09T07:22:44,benign
log_2582,doc_35,read_phi,phi_rec_247,1,1,0,research,2025-03-07T02:03:51,benign
log_2583,bclerk_3,read_phi,phi_rec_678,0,0,1,billing,2025-01-29T06:26:22,benign
log_2584,doc_2,read_phi,phi_rec_700,0,0,0,marketing,2025-04-30T14:34:55,benign
log_2585,doc_40,read_phi,phi_rec_1914,0,1,0,research,2025-07-29T09:26:58,benign
log_2586,doc_32,read_phi,phi_rec_996,1,1,0,diagnosis,2025-08-28T02:59:15,benign
log_2587,bclerk_0,read_phi,phi_rec_1884,0,0,1,marketing,2025-04-11T22:24:31,violation_gdpr_art18
log_2588,doc_18,read_phi,phi_rec_1037,1,0,0,research,2025-03-05T06:24:12,benign
log_2589,bclerk_10,read_phi,phi_rec_1593,0,0,1,billing,2025-03-11T02:52:21,benign
log_2590,doc_8,read_phi,phi_rec_983,0,0,0,billing,2025-07-18T12:02:11,benign
log_2591,doc_11,read_phi,phi_rec_1823,1,1,0,diagnosis,2025-06-06T19:03:06,benign
log_2592,bclerk_12,read_phi,phi_rec_213,0,0,1,billing,2025-07-16T03:49:53,benign
log_2593,bclerk_13,read_phi,phi_rec_634,0,0,1,billing,2025-08-24T14:11:45,benign
log_2594,doc_8,read_phi,phi_rec_682,0,0,0,billing,2025-04-03T04:16:21,benign
log_2595,bclerk_4,read_phi,phi_rec_1317,1,0,0,billing,2025-08-10T09:30:40,violation_hipaa_min_necessary
log_2596,doc_31,read_phi,phi_rec_1298,0,0,0,marketing,2025-01-20T15:10:52,benign
log_2597,bclerk_7,read_phi,phi_rec_1948,0,0,1,billing,2025-07-20T04:20:35,benign
log_2598,doc_37,read_phi,phi_rec_1311,0,0,0,billing,2025-08-02T16:50:02,benign
log_2599,doc_42,read_phi,phi_rec_602,0,0,0,billing,2025-02-08T01:00:17,benign
log_2600,bclerk_10,read_phi,phi_rec_684,0,0,1,billing,2025-08-04T14:43:33,benign
log_2601,doc_18,read_phi,phi_rec_813,0,0,0,marketing,2025-02-06T18:48:10,benign
log_2602,doc_4,read_phi,phi_rec_587,1,1,0,research,2025-03-16T01:58:58,benign
log_2603,doc_9,read_phi,phi_rec_511,0,1,0,diagnosis,2025-02-02T00:22:36,benign
log_2604,doc_7,read_phi,phi_rec_687,0,0,0,billing,2025-03-13T18:17:10,benign
log_2605,bclerk_2,read_phi,phi_rec_337,0,0,1,billing,2025-04-07T19:27:25,benign
log_2606,doc_22,read_phi,phi_rec_492,1,0,0,diagnosis,2025-02-22T15:48:54,benign
log_2607,bclerk_13,read_phi,phi_rec_119,0,0,1,billing,2025-07-01T19:15:48,benign
log_2608,bclerk_10,read_phi,phi_rec_1057,0,0,1,billing,2025-08-24T10:33:06,benign
log_2609,doc_46,read_phi,phi_rec_1636,1,1,0,research,2025-08-05T17:43:09,benign
log_2610,doc_19,read_phi,phi_rec_433,0,0,0,marketing,2025-05-06T17:38:24,benign
log_2611,bclerk_14,read_phi,phi_rec_430,0,0,1,billing,2025-02-23T15:18:02,benign
log_2612,doc_48,read_phi,phi_rec_499,1,1,0,diagnosis,2025-05-05T12:25:18,benign
log_2613,doc_3,read_phi,phi_rec_1386,1,1,0,diagnosis,2025-02-05T00:05:14,benign
log_2614,doc_2,read_phi,phi_rec_561,0,1,0,research,2025-05-12T06:48:37,benign
log_2615,doc_45,read_phi,phi_rec_1949,0,1,0,diagnosis,2025-05-24T12:22:18,benign
log_2616,doc_40,read_phi,phi_rec_352,0,1,0,diagnosis,2025-06-26T20:41:13,violation_hipaa_auth
log_2617,bclerk_14,read_phi,phi_rec_425,0,0,1,billing,2025-01-04T05:23:47,benign
log_2618,doc_17,read_phi,phi_rec_413,1,0,0,diagnosis,2025-07-15T00:06:11,benign
log_2619,doc_32,read_phi,phi_rec_607,0,0,0,billing,2025-03-20T16:23:30,benign
log_2620,doc_15,read_phi,phi_rec_1431,0,0,0,billing,2025-05-22T21:08:40,benign
log_2621,doc_10,read_phi,phi_rec_1934,1,1,0,research,2025-05-11T06:38:01,benign
log_2622,doc_18,read_phi,phi_rec_1591,1,0,0,diagnosis,2025-02-10T01:00:44,benign
log_2623,doc_32,read_phi,phi_rec_1609,0,1,0,research,2025-01-12T09:17:35,benign
log_2624,doc_26,read_phi,phi_rec_962,0,1,0,research,2025-02-21T04:28:55,benign
log_2625,doc_45,read_phi,phi_rec_1653,0,0,0,billing,2025-06-13T04:01:33,benign
log_2626,doc_25,read_phi,phi_rec_524,1,1,0,research,2025-07-29T17:53:15,benign
log_2627,doc_40,read_phi,phi_rec_324,1,1,0,diagnosis,2025-02-16T11:09:30,benign
log_2628,doc_39,read_phi,phi_rec_101,0,0,0,billing,2025-03-04T06:47:58,benign
log_2629,doc_43,read_phi,phi_rec_1270,1,1,0,research,2025-03-20T01:56:15,benign
log_2630,doc_38,read_phi,phi_rec_1728,1,1,0,diagnosis,2025-06-04T20:53:27,benign
log_2631,doc_43,read_phi,phi_rec_188,0,0,0,diagnosis,2025-04-10T22:28:11,benign
log_2632,doc_20,read_phi,phi_rec_1669,1,1,0,diagnosis,2025-07-03T16:40:08,benign
log_2633,doc_0,read_phi,phi_rec_1013,0,0,0,billing,2025-07-03T09:00:00,benign
log_2634,doc_46,read_phi,phi_rec_186,0,0,0,marketing,2025-08-02T21:11:46,benign
log_2635,bclerk_5,read_phi,phi_rec_309,0,0,1,billing,2025-03-25T04:12:32,benign
log_2636,doc_16,read_phi,phi_rec_744,1,1,0,diagnosis,2025-06-22T11:38:11,benign
log_2637,bclerk_7,read_phi,phi_rec_1690,0,0,1,billing,2025-05-31T15:31:55,benign
log_2638,bclerk_10,read_phi,phi_rec_477,0,0,1,billing,2025-01-16T08:16:58,benign
log_2639,doc_25,read_phi,phi_rec_329,0,0,0,diagnosis,2025-01-12T06:54:28,benign
log_2640,doc_12,read_phi,phi_rec_1655,0,0,0,marketing,2025-08-06T20:09:51,benign
log_2641,doc_10,read_phi,phi_rec_1934,0,0,0,marketing,2025-07-06T14:44:20,benign
log_2642,bclerk_8,read_phi,phi_rec_478,0,0,1,billing,2025-02-05T00:46:30,benign
log_2643,doc_35,read_phi,phi_rec_81,0,0,0,marketing,2025-07-02T18:32:51,benign
log_2644,doc_45,read_phi,phi_rec_61,1,1,0,research,2025-03-11T08:55:08,benign
log_2645,doc_32,read_phi,phi_rec_465,0,1,0,research,2025-08-22T01:50:29,violation_hipaa_auth
log_2646,doc_13,read_phi,phi_rec_1239,0,0,0,marketing,2025-02-07T03:21:59,benign
log_2647,bclerk_2,read_phi,phi_rec_1455,0,0,1,billing,2025-03-04T16:50:20,benign
log_2648,doc_30,read_phi,phi_rec_446,0,0,0,marketing,2025-03-08T01:29:36,benign
log_2649,bclerk_12,read_phi,phi_rec_1146,0,0,1,billing,2025-07-01T07:02:13,benign
log_2650,doc_5,read_phi,phi_rec_1847,0,1,0,marketing,2025-07-10T01:31:42,violation_hipaa_auth
log_2651,doc_31,read_phi,phi_rec_449,0,0,0,billing,2025-04-09T08:12:11,benign
log_2652,doc_32,read_phi,phi_rec_1282,1,1,0,diagnosis,2025-04-22T21:51:26,benign
log_2653,doc_48,read_phi,phi_rec_17,0,0,0,marketing,2025-03-20T17:40:04,benign
log_2654,doc_41,read_phi,phi_rec_1124,0,0,0,billing,2025-05-27T08:42:38,benign
log_2655,doc_39,read_phi,phi_rec_1215,1,1,0,diagnosis,2025-07-05T01:31:58,benign
log_2656,doc_44,read_phi,phi_rec_1509,0,0,0,marketing,2025-04-14T12:16:52,benign
log_2657,doc_42,read_phi,phi_rec_1577,0,0,0,billing,2025-04-15T21:57:21,benign
log_2658,doc_35,read_phi,phi_rec_32,0,0,0,billing,2025-03-15T17:54:38,benign
log_2659,doc_14,read_phi,phi_rec_65,0,0,0,billing,2025-07-02T04:03:34,benign
log_2660,doc_43,read_phi,phi_rec_236,1,1,0,diagnosis,2025-04-11T01:32:31,benign
log_2661,doc_38,read_phi,phi_rec_1828,1,1,0,diagnosis,2025-05-29T18:01:16,benign
log_2662,doc_2,read_phi,phi_rec_1830,1,1,0,diagnosis,2025-06-02T18:14:56,benign
log_2663,doc_30,read_phi,phi_rec_1896,1,1,0,research,2025-07-31T04:24:14,benign
log_2664,doc_49,read_phi,phi_rec_714,1,1,0,research,2025-03-13T17:17:20,benign
log_2665,doc_1,read_phi,phi_rec_357,0,0,0,marketing,2025-02-08T04:43:30,benign
log_2666,doc_44,read_phi,phi_rec_306,0,0,0,billing,2025-03-18T16:17:21,benign
log_2667,doc_49,read_phi,phi_rec_1297,1,0,0,research,2025-04-27T06:26:36,benign
log_2668,doc_47,read_phi,phi_rec_1436,0,1,0,diagnosis,2025-04-03T13:02:10,benign
log_2669,bclerk_0,read_phi,phi_rec_332,0,0,1,billing,2025-03-21T12:18:18,benign
log_2670,doc_37,read_phi,phi_rec_1285,0,0,0,billing,2025-05-14T14:44:34,benign
log_2671,doc_48,read_phi,phi_rec_1191,1,1,0,diagnosis,2025-01-27T18:36:46,benign
log_2672,doc_44,read_phi,phi_rec_863,0,1,0,diagnosis,2025-05-05T18:59:34,benign
log_2673,doc_27,read_phi,phi_rec_35,0,0,0,marketing,2025-04-15T23:27:00,benign
log_2674,doc_0,read_phi,phi_rec_603,1,1,0,diagnosis,2025-08-03T08:40:00,benign
log_2675,doc_36,read_phi,phi_rec_1415,0,0,0,billing,2025-05-02T16:36:12,benign
log_2676,doc_33,read_phi,phi_rec_1791,0,1,0,diagnosis,2025-01-02T23:29:04,benign
log_2677,bclerk_3,read_phi,phi_rec_1485,0,0,1,billing,2025-01-20T22:18:14,benign
log_2678,doc_44,read_phi,phi_rec_888,1,1,0,research,2025-03-14T03:52:29,benign
log_2679,doc_16,read_phi,phi_rec_1147,1,1,0,research,2025-06-12T09:25:15,benign
log_2680,doc_27,read_phi,phi_rec_1605,0,0,0,marketing,2025-04-14T10:31:58,benign
log_2681,doc_44,read_phi,phi_rec_888,1,1,0,diagnosis,2025-02-25T20:34:38,benign
log_2682,doc_27,read_phi,phi_rec_902,0,0,0,marketing,2025-07-21T07:22:35,benign
log_2683,doc_18,read_phi,phi_rec_1037,0,0,0,billing,2025-04-30T07:30:48,benign
log_2684,doc_38,read_phi,phi_rec_1443,1,1,0,research,2025-03-05T23:47:44,benign
log_2685,doc_14,read_phi,phi_rec_1306,1,0,0,research,2025-02-01T18:15:17,benign
log_2686,doc_0,read_phi,phi_rec_1176,1,1,0,diagnosis,2025-04-09T09:44:55,benign
log_2687,doc_45,read_phi,phi_rec_1604,0,0,0,marketing,2025-03-09T13:03:13,benign
log_2688,doc_1,read_phi,phi_rec_1624,1,1,0,diagnosis,2025-03-22T19:53:00,benign
log_2689,bclerk_0,read_phi,phi_rec_1775,0,0,1,billing,2025-01-18T10:28:09,benign
log_2690,doc_1,read_phi,phi_rec_751,1,0,0,research,2025-04-16T10:43:14,benign
log_2691,doc_43,read_phi,phi_rec_1507,1,1,0,research,2025-03-11T09:12:25,benign
log_2692,doc_33,read_phi,phi_rec_118,0,0,0,marketing,2025-01-28T09:47:22,benign
log_2693,doc_43,read_phi,phi_rec_1947,0,0,0,billing,2025-07-14T03:37:20,benign
log_2694,doc_7,read_phi,phi_rec_137,0,0,0,billing,2025-05-14T10:15:01,benign
log_2695,doc_10,read_phi,phi_rec_1120,0,0,0,billing,2025-01-31T23:34:04,benign
log_2696,doc_4,read_phi,phi_rec_28,1,0,0,research,2025-07-10T09:42:49,benign
log_2697,doc_17,read_phi,phi_rec_1028,0,0,0,billing,2025-02-10T15:19:13,benign
log_2698,doc_34,read_phi,phi_rec_943,1,0,0,diagnosis,2025-08-25T13:37:41,benign
log_2699,doc_30,read_phi,phi_rec_1168,0,0,0,marketing,2025-01-29T18:36:33,benign
log_2700,doc_35,read_phi,phi_rec_861,1,1,0,research,2025-08-25T20:01:03,benign
log_2701,bclerk_0,read_phi,phi_rec_713,0,0,1,billing,2025-08-10T14:26:59,benign
log_2702,doc_37,read_phi,phi_rec_124,0,1,0,diagnosis,2025-08-28T08:49:07,benign
log_2703,bclerk_5,read_phi,phi_rec_837,1,0,0,billing,2025-02-02T13:04:46,violation_hipaa_min_necessary
log_2704,doc_28,read_phi,phi_rec_569,0,0,0,billing,2025-07-03T02:54:50,benign
log_2705,doc_40,read_phi,phi_rec_674,0,0,0,marketing,2025-07-17T13:19:43,benign
log_2706,doc_0,read_phi,phi_rec_1607,0,0,0,billing,2025-05-18T00:00:59,benign
log_2707,bclerk_13,read_phi,phi_rec_1416,0,0,1,billing,2025-05-04T10:38:23,benign
log_2708,bclerk_3,read_phi,phi_rec_297,0,0,1,billing,2025-07-15T01:30:54,benign
log_2709,doc_39,read_phi,phi_rec_1196,0,1,0,diagnosis,2025-01-23T05:31:11,benign
log_2710,doc_34,read_phi,phi_rec_1333,0,0,0,billing,2025-03-27T18:41:54,benign
log_2711,doc_39,read_phi,phi_rec_1567,1,0,0,research,2025-03-17T14:51:47,benign
log_2712,doc_40,read_phi,phi_rec_881,0,0,0,research,2025-04-23T17:31:36,benign
log_2713,doc_38,read_phi,phi_rec_279,0,0,0,research,2025-07-30T05:35:04,benign
log_2714,doc_26,read_phi,phi_rec_1969,0,0,0,billing,2025-04-03T22:31:12,benign
log_2715,doc_44,read_phi,phi_rec_113,1,0,0,diagnosis,2025-06-26T01:15:58,benign
log_2716,doc_7,read_phi,phi_rec_1186,1,1,0,diagnosis,2025-01-09T06:09:07,benign
log_2717,bclerk_2,read_phi,phi_rec_1785,0,0,1,billing,2025-06-30T13:58:18,benign
log_2718,doc_11,read_phi,phi_rec_1573,0,0,0,billing,2025-05-17T10:26:24,benign
log_2719,bclerk_6,read_phi,phi_rec_263,0,0,1,billing,2025-03-07T01:12:25,benign
log_2720,doc_21,read_phi,phi_rec_82,0,0,0,billing,2025-01-13T07:29:28,benign
log_2721,bclerk_10,read_phi,phi_rec_27,0,0,1,billing,2025-02-23T00:21:48,benign
log_2722,doc_13,read_phi,phi_rec_1846,0,1,0,diagnosis,2025-08-28T01:47:30,violation_hipaa_auth
log_2723,bclerk_3,read_phi,phi_rec_1128,0,0,1,billing,2025-03-22T20:50:12,benign
log_2724,doc_28,read_phi,phi_rec_1772,0,0,0,marketing,2025-01-28T05:12:29,benign
log_2725,doc_39,read_phi,phi_rec_192,0,1,0,diagnosis,2025-01-14T20:37:58,benign
log_2726,doc_22,read_phi,phi_rec_753,0,0,0,billing,2025-04-15T07:46:10,benign
log_2727,doc_18,read_phi,phi_rec_1123,1,0,0,diagnosis,2025-06-02T21:17:57,benign
log_2728,doc_9,read_phi,phi_rec_1540,1,0,0,diagnosis,2025-02-13T02:51:45,benign
log_2729,doc_16,read_phi,phi_rec_744,0,0,0,billing,2025-04-22T23:47:19,benign
log_2730,doc_19,read_phi,phi_rec_1323,0,1,0,research,2025-06-29T12:20:41,benign
log_2731,doc_27,read_phi,phi_rec_450,0,1,0,diagnosis,2025-08-24T03:26:12,benign
log_2732,doc_31,read_phi,phi_rec_702,0,0,0,marketing,2025-07-06T02:24:54,benign
log_2733,doc_46,read_phi,phi_rec_1066,1,0,0,diagnosis,2025-08-22T12:05:23,benign
log_2734,doc_7,read_phi,phi_rec_1416,1,0,0,research,2025-03-30T11:50:15,benign
log_2735,doc_33,read_phi,phi_rec_364,1,0,0,research,2025-02-26T17:24:40,benign
log_2736,doc_44,read_phi,phi_rec_350,0,0,0,marketing,2025-08-04T16:25:22,benign
log_2737,doc_13,read_phi,phi_rec_709,0,0,0,billing,2025-03-12T18:40:31,benign
log_2738,doc_15,read_phi,phi_rec_121,0,0,0,billing,2025-08-29T04:23:34,benign
log_2739,doc_25,read_phi,phi_rec_1720,0,0,0,billing,2025-05-07T01:05:58,benign
log_2740,bclerk_5,read_phi,phi_rec_158,1,0,0,billing,2025-02-28T05:37:05,violation_hipaa_min_necessary
log_2741,doc_6,read_phi,phi_rec_961,1,1,0,research,2025-06-19T13:55:26,benign
log_2742,doc_38,read_phi,phi_rec_862,0,0,0,billing,2025-05-08T21:59:39,benign
log_2743,bclerk_2,read_phi,phi_rec_1059,0,0,1,billing,2025-02-16T14:40:39,benign
log_2744,doc_31,read_phi,phi_rec_386,1,1,0,diagnosis,2025-03-23T00:41:01,benign
log_2745,doc_10,read_phi,phi_rec_1575,0,0,0,billing,2025-07-31T11:17:31,benign
log_2746,bclerk_6,read_phi,phi_rec_1909,0,0,1,billing,2025-07-09T15:29:39,benign
log_2747,doc_49,read_phi,phi_rec_1830,0,1,0,diagnosis,2025-02-09T10:26:34,violation_hipaa_auth
log_2748,doc_46,read_phi,phi_rec_766,0,0,0,billing,2025-03-04T19:34:49,benign
log_2749,bclerk_4,read_phi,phi_rec_1908,0,0,1,billing,2025-06-15T15:43:56,benign
log_2750,bclerk_8,read_phi,phi_rec_1852,0,0,1,billing,2025-01-30T00:02:14,benign
log_2751,doc_12,read_phi,phi_rec_1151,0,0,0,billing,2025-04-29T07:29:02,benign
log_2752,doc_28,read_phi,phi_rec_476,0,0,0,billing,2025-08-08T11:02:20,benign
log_2753,doc_28,read_phi,phi_rec_1651,1,1,0,diagnosis,2025-07-13T23:05:19,benign
log_2754,bclerk_12,read_phi,phi_rec_1027,0,0,1,billing,2025-04-12T09:22:39,benign
log_2755,doc_29,read_phi,phi_rec_1877,1,1,0,research,2025-03-03T00:21:53,benign
log_2756,doc_48,read_phi,phi_rec_694,1,1,0,research,2025-01-19T07:56:05,benign
log_2757,bclerk_5,read_phi,phi_rec_401,0,0,1,billing,2025-05-29T23:06:44,benign
log_2758,doc_48,read_phi,phi_rec_1665,1,1,0,research,2025-01-06T23:39:38,benign
log_2759,doc_8,read_phi,phi_rec_1338,1,1,0,diagnosis,2025-08-24T01:39:12,benign
log_2760,bclerk_2,read_phi,phi_rec_1489,0,0,1,billing,2025-05-16T17:08:49,benign
log_2761,doc_19,read_phi,phi_rec_25,0,0,0,marketing,2025-02-03T13:41:15,benign
log_2762,doc_36,read_phi,phi_rec_1554,0,0,0,billing,2025-05-10T03:24:10,benign
log_2763,doc_9,read_phi,phi_rec_1951,0,0,0,marketing,2025-02-14T01:57:16,benign
log_2764,doc_25,read_phi,phi_rec_1886,0,0,0,billing,2025-02-23T11:00:42,benign
log_2765,doc_9,read_phi,phi_rec_1051,1,1,0,diagnosis,2025-01-07T22:24:24,benign
log_2766,doc_9,read_phi,phi_rec_456,1,0,0,research,2025-07-19T18:13:25,benign
log_2767,bclerk_8,read_phi,phi_rec_1337,0,0,1,billing,2025-03-08T08:56:45,benign
log_2768,bclerk_3,read_phi,phi_rec_332,0,0,1,billing,2025-08-11T05:36:41,benign
log_2769,doc_37,read_phi,phi_rec_478,0,0,0,billing,2025-05-23T11:43:07,benign
log_2770,doc_45,read_phi,phi_rec_1653,0,1,0,diagnosis,2025-03-06T18:39:42,benign
log_2771,doc_17,read_phi,phi_rec_1596,1,1,0,research,2025-08-26T12:35:59,benign
log_2772,doc_18,read_phi,phi_rec_1545,1,1,0,research,2025-07-20T07:43:40,benign
log_2773,doc_0,read_phi,phi_rec_234,0,0,0,billing,2025-07-02T15:49:15,benign
log_2774,doc_13,read_phi,phi_rec_122,0,1,0,research,2025-03-31T13:18:56,benign
log_2775,doc_47,read_phi,phi_rec_466,1,1,0,diagnosis,2025-03-03T22:03:18,benign
log_2776,bclerk_13,read_phi,phi_rec_1444,0,0,1,billing,2025-07-24T18:38:15,benign
log_2777,doc_31,read_phi,phi_rec_1634,1,1,0,research,2025-01-05T10:14:01,benign
log_2778,doc_27,read_phi,phi_rec_1990,1,1,0,diagnosis,2025-06-23T06:06:11,benign
log_2779,doc_13,read_phi,phi_rec_992,0,0,0,marketing,2025-08-16T15:10:17,benign
log_2780,doc_15,read_phi,phi_rec_1468,0,0,0,billing,2025-06-01T23:55:01,benign
log_2781,doc_33,read_phi,phi_rec_1890,0,0,0,billing,2025-07-25T11:28:01,benign
log_2782,doc_11,read_phi,phi_rec_1870,0,0,0,diagnosis,2025-02-09T05:34:57,benign
log_2783,doc_40,read_phi,phi_rec_53,1,1,0,research,2025-08-02T06:36:18,benign
log_2784,bclerk_13,read_phi,phi_rec_1875,0,0,1,billing,2025-06-12T07:57:09,benign
log_2785,doc_23,read_phi,phi_rec_1817,0,0,0,marketing,2025-07-28T19:06:08,benign
log_2786,doc_41,read_phi,phi_rec_621,0,0,0,billing,2025-03-15T08:29:27,benign
log_2787,doc_2,read_phi,phi_rec_700,1,1,0,diagnosis,2025-03-30T01:46:37,benign
log_2788,doc_17,read_phi,phi_rec_918,0,0,0,billing,2025-06-15T18:18:23,benign
log_2789,doc_12,read_phi,phi_rec_347,1,1,0,diagnosis,2025-03-16T23:01:52,benign
log_2790,doc_25,read_phi,phi_rec_1999,1,1,0,diagnosis,2025-07-08T06:18:08,benign
log_2791,doc_31,read_phi,phi_rec_1183,1,0,0,diagnosis,2025-06-28T07:07:33,benign
log_2792,doc_43,read_phi,phi_rec_290,1,1,0,diagnosis,2025-04-25T16:34:57,benign
log_2793,doc_22,read_phi,phi_rec_1531,1,0,0,research,2025-02-24T12:56:30,benign
log_2794,doc_47,read_phi,phi_rec_466,1,1,0,research,2025-03-17T08:20:43,benign
log_2795,doc_1,read_phi,phi_rec_1458,0,0,0,billing,2025-02-12T16:12:15,benign
log_2796,doc_26,read_phi,phi_rec_1097,1,0,0,research,2025-06-04T21:02:38,benign
log_2797,bclerk_10,read_phi,phi_rec_954,0,0,1,billing,2025-07-29T23:01:11,benign
log_2798,doc_46,read_phi,phi_rec_1636,1,1,0,diagnosis,2025-08-26T21:59:47,benign
log_2799,doc_15,read_phi,phi_rec_1789,0,0,0,billing,2025-04-01T17:25:13,benign
log_2800,doc_21,read_phi,phi_rec_282,1,1,0,diagnosis,2025-07-03T09:13:45,benign
log_2801,doc_47,read_phi,phi_rec_966,0,0,0,billing,2025-02-07T13:32:49,benign
log_2802,doc_18,read_phi,phi_rec_1928,1,1,0,research,2025-05-29T06:05:49,benign
log_2803,doc_30,read_phi,phi_rec_235,0,0,0,billing,2025-06-25T16:28:54,benign
log_2804,doc_46,read_phi,phi_rec_1350,0,1,0,diagnosis,2025-06-12T05:49:04,benign
log_2805,doc_33,read_phi,phi_rec_364,0,0,0,billing,2025-05-15T21:34:39,benign
log_2806,doc_12,read_phi,phi_rec_322,0,1,0,research,2025-05-08T04:31:07,benign
log_2807,doc_8,read_phi,phi_rec_1983,1,1,0,research,2025-04-20T17:37:34,benign
log_2808,doc_12,read_phi,phi_rec_1677,0,0,0,billing,2025-01-04T20:44:58,benign
log_2809,doc_23,read_phi,phi_rec_1615,0,0,0,billing,2025-05-30T03:44:23,benign
log_2810,doc_48,read_phi,phi_rec_884,0,0,0,research,2025-01-22T18:33:54,benign
log_2811,bclerk_1,read_phi,phi_rec_656,0,1,0,billing,2025-04-25T05:53:08,violation_hipaa_min_necessary
log_2812,doc_36,read_phi,phi_rec_160,0,0,0,marketing,2025-08-15T03:45:26,benign
log_2813,doc_3,read_phi,phi_rec_1027,0,1,0,billing,2025-07-30T05:42:41,violation_hipaa_auth
log_2814,bclerk_2,read_phi,phi_rec_292,0,0,1,billing,2025-05-31T06:00:34,benign
log_2815,bclerk_8,read_phi,phi_rec_610,0,0,1,billing,2025-04-17T01:30:27,benign
log_2816,doc_2,read_phi,phi_rec_1775,0,0,0,marketing,2025-02-26T05:55:02,benign
log_2817,doc_7,read_phi,phi_rec_1025,0,0,0,billing,2025-04-18T15:34:31,benign
log_2818,doc_21,read_phi,phi_rec_1043,0,0,0,billing,2025-05-19T03:34:43,benign
log_2819,doc_38,read_phi,phi_rec_1310,1,0,0,diagnosis,2025-08-11T04:16:28,benign
log_2820,bclerk_4,read_phi,phi_rec_1665,0,0,1,billing,2025-07-07T07:06:22,benign
log_2821,doc_1,read_phi,phi_rec_916,1,0,0,diagnosis,2025-08-25T18:30:03,benign
log_2822,doc_36,read_phi,phi_rec_1985,1,1,0,diagnosis,2025-01-15T04:14:43,benign
log_2823,doc_5,read_phi,phi_rec_856,0,0,0,billing,2025-02-06T20:55:23,benign
log_2824,doc_5,read_phi,phi_rec_106,1,0,0,research,2025-04-25T07:11:26,benign
log_2825,bclerk_1,read_phi,phi_rec_1964,0,0,1,billing,2025-01-13T01:29:48,benign
log_2826,doc_42,read_phi,phi_rec_1465,1,1,0,research,2025-08-05T00:49:56,benign
log_2827,doc_14,read_phi,phi_rec_1359,0,0,0,billing,2025-06-14T11:59:25,benign
log_2828,doc_42,read_phi,phi_rec_244,0,0,0,billing,2025-05-06T08:13:36,benign
log_2829,doc_47,read_phi,phi_rec_274,1,1,0,research,2025-01-13T07:18:55,benign
log_2830,doc_1,read_phi,phi_rec_1867,0,0,0,billing,2025-04-01T18:47:08,benign
log_2831,doc_44,read_phi,phi_rec_1764,0,1,0,diagnosis,2025-06-07T07:41:52,benign
log_2832,doc_14,read_phi,phi_rec_910,0,0,0,billing,2025-04-25T01:47:44,benign
log_2833,bclerk_11,read_phi,phi_rec_994,0,0,1,billing,2025-03-04T05:23:39,benign
log_2834,bclerk_11,read_phi,phi_rec_504,0,0,1,billing,2025-02-22T02:32:42,benign
log_2835,doc_2,read_phi,phi_rec_1075,1,1,0,diagnosis,2025-08-28T02:20:48,benign
log_2836,bclerk_9,read_phi,phi_rec_1868,0,0,1,billing,2025-02-13T01:36:30,benign
log_2837,doc_39,read_phi,phi_rec_1215,0,0,0,billing,2025-02-28T00:52:37,benign
log_2838,doc_44,read_phi,phi_rec_637,0,1,0,diagnosis,2025-02-24T17:12:09,benign
log_2839,doc_37,read_phi,phi_rec_1945,1,1,0,diagnosis,2025-01-14T00:15:19,benign
log_2840,doc_18,read_phi,phi_rec_684,0,0,0,billing,2025-04-25T01:12:56,benign
log_2841,doc_12,read_phi,phi_rec_1158,1,1,0,diagnosis,2025-03-01T22:32:23,benign
log_2842,doc_28,read_phi,phi_rec_42,1,1,0,diagnosis,2025-03-26T21:45:58,benign
log_2843,doc_33,read_phi,phi_rec_560,0,0,0,billing,2025-01-08T21:00:08,benign
log_2844,doc_44,read_phi,phi_rec_863,0,0,0,diagnosis,2025-03-26T23:32:36,benign
log_2845,bclerk_13,read_phi,phi_rec_1181,0,0,1,billing,2025-06-22T08:46:55,benign
log_2846,bclerk_2,read_phi,phi_rec_1109,0,0,1,billing,2025-01-15T03:29:26,benign
log_2847,doc_28,read_phi,phi_rec_736,0,0,0,billing,2025-07-08T07:39:51,benign
log_2848,doc_23,read_phi,phi_rec_175,0,0,0,billing,2025-01-18T18:10:19,benign
log_2849,doc_48,read_phi,phi_rec_912,0,0,0,billing,2025-08-27T13:10:04,benign
log_2850,doc_40,read_phi,phi_rec_534,0,0,0,marketing,2025-03-17T19:23:43,benign
log_2851,doc_38,read_phi,phi_rec_1810,1,1,0,research,2025-06-25T15:53:07,benign
log_2852,doc_0,read_phi,phi_rec_1552,0,0,0,billing,2025-07-03T05:15:17,benign
log_2853,bclerk_12,read_phi,phi_rec_410,0,0,1,billing,2025-04-22T07:36:20,benign
log_2854,doc_14,read_phi,phi_rec_1325,1,0,0,diagnosis,2025-06-26T21:04:24,benign
log_2855,bclerk_8,read_phi,phi_rec_337,0,0,1,billing,2025-06-21T01:22:12,benign
log_2856,doc_26,read_phi,phi_rec_1984,0,0,0,billing,2025-03-22T15:31:50,benign
log_2857,doc_25,read_phi,phi_rec_923,1,1,0,diagnosis,2025-05-22T14:18:52,benign
log_2858,doc_40,read_phi,phi_rec_1029,1,1,0,research,2025-07-28T09:34:24,benign
log_2859,bclerk_3,read_phi,phi_rec_1272,0,0,1,billing,2025-04-25T06:39:06,benign
log_2860,bclerk_11,read_phi,phi_rec_1055,0,0,1,billing,2025-08-14T23:24:36,benign
log_2861,bclerk_0,read_phi,phi_rec_1619,0,0,1,billing,2025-01-01T21:24:05,benign
log_2862,doc_29,read_phi,phi_rec_645,1,1,0,diagnosis,2025-02-22T02:47:47,benign
log_2863,bclerk_9,read_phi,phi_rec_1298,0,1,0,billing,2025-04-11T14:13:17,violation_hipaa_min_necessary
log_2864,doc_14,read_phi,phi_rec_806,0,0,0,billing,2025-04-09T02:22:41,benign
log_2865,bclerk_7,read_phi,phi_rec_41,0,0,1,billing,2025-07-17T15:08:18,benign
log_2866,doc_12,read_phi,phi_rec_322,0,0,0,billing,2025-05-25T16:34:42,benign
log_2867,doc_35,read_phi,phi_rec_1600,0,0,0,billing,2025-01-16T01:37:47,benign
log_2868,doc_40,read_phi,phi_rec_525,1,1,0,diagnosis,2025-05-09T07:50:03,benign
log_2869,doc_6,read_phi,phi_rec_342,1,0,0,research,2025-01-20T00:03:06,benign
log_2870,doc_39,read_phi,phi_rec_1872,1,1,0,diagnosis,2025-01-25T21:42:46,benign
log_2871,bclerk_0,read_phi,phi_rec_689,0,0,1,marketing,2025-05-20T12:05:32,violation_gdpr_art18
log_2872,doc_14,read_phi,phi_rec_539,0,1,0,research,2025-03-18T22:55:21,benign
log_2873,doc_43,read_phi,phi_rec_115,1,0,0,research,2025-08-28T18:02:25,benign
log_2874,bclerk_8,read_phi,phi_rec_525,0,0,1,billing,2025-08-14T11:18:42,benign
log_2875,bclerk_6,read_phi,phi_rec_850,0,0,1,billing,2025-05-18T17:18:27,benign
log_2876,doc_1,read_phi,phi_rec_1378,1,1,0,research,2025-05-04T18:37:18,benign
log_2877,doc_38,read_phi,phi_rec_598,0,1,0,research,2025-07-30T21:41:21,benign
log_2878,doc_26,read_phi,phi_rec_275,1,0,0,diagnosis,2025-02-18T10:05:57,benign
log_2879,doc_46,read_phi,phi_rec_326,1,1,0,research,2025-02-08T12:13:46,benign
log_2880,doc_3,read_phi,phi_rec_1181,0,0,0,billing,2025-02-14T20:07:55,benign
log_2881,doc_19,read_phi,phi_rec_76,0,0,0,billing,2025-08-17T16:55:38,benign
log_2882,bclerk_14,read_phi,phi_rec_1186,0,0,1,billing,2025-06-20T01:29:13,benign
log_2883,doc_38,read_phi,phi_rec_230,0,0,0,billing,2025-07-02T08:28:58,benign
log_2884,doc_43,read_phi,phi_rec_500,0,0,0,diagnosis,2025-06-29T10:18:57,benign
log_2885,bclerk_8,read_phi,phi_rec_214,0,0,1,billing,2025-01-11T02:30:30,benign
log_2886,doc_35,read_phi,phi_rec_77,1,1,0,research,2025-08-17T00:50:27,benign
log_2887,doc_46,read_phi,phi_rec_743,0,0,0,marketing,2025-04-25T07:27:47,benign
log_2888,doc_8,read_phi,phi_rec_400,1,0,0,diagnosis,2025-04-10T05:37:01,benign
log_2889,doc_38,read_phi,phi_rec_1451,0,0,0,billing,2025-08-23T03:44:02,benign
log_2890,bclerk_13,read_phi,phi_rec_141,0,0,1,billing,2025-04-10T23:49:31,benign
log_2891,bclerk_1,read_phi,phi_rec_1875,0,0,1,billing,2025-07-10T15:12:38,benign
log_2892,doc_7,read_phi,phi_rec_344,0,0,0,billing,2025-01-11T09:40:23,benign
log_2893,bclerk_3,read_phi,phi_rec_1047,0,1,0,billing,2025-02-01T13:31:55,violation_hipaa_min_necessary
log_2894,doc_4,read_phi,phi_rec_824,1,1,0,diagnosis,2025-01-17T18:15:49,benign
log_2895,bclerk_0,read_phi,phi_rec_1265,0,0,1,billing,2025-01-01T04:03:42,benign
log_2896,doc_14,read_phi,phi_rec_563,0,0,0,marketing,2025-07-29T20:40:37,benign
log_2897,doc_47,read_phi,phi_rec_1566,0,0,0,marketing,2025-01-14T16:34:05,benign
log_2898,doc_2,read_phi,phi_rec_206,0,0,0,marketing,2025-02-25T04:46:10,benign
log_2899,doc_4,read_phi,phi_rec_699,1,0,0,diagnosis,2025-04-19T19:54:05,benign
log_2900,bclerk_3,read_phi,phi_rec_1210,0,0,1,billing,2025-02-08T16:24:21,benign
log_2901,doc_34,read_phi,phi_rec_1714,1,1,0,research,2025-01-05T12:25:42,benign
log_2902,bclerk_0,read_phi,phi_rec_1590,0,0,1,marketing,2025-06-11T20:58:20,violation_gdpr_art18
log_2903,doc_8,read_phi,phi_rec_270,0,0,0,marketing,2025-06-06T17:34:33,benign
log_2904,doc_6,read_phi,phi_rec_1444,0,0,0,marketing,2025-07-08T12:42:25,benign
log_2905,bclerk_2,read_phi,phi_rec_718,0,1,0,billing,2025-03-07T09:10:23,violation_hipaa_min_necessary
log_2906,doc_28,read_phi,phi_rec_1392,0,0,0,billing,2025-05-05T11:14:51,benign
log_2907,bclerk_0,read_phi,phi_rec_972,0,0,1,billing,2025-01-26T06:20:09,benign
log_2908,doc_37,read_phi,phi_rec_1755,0,0,0,marketing,2025-02-01T01:53:07,benign
log_2909,doc_9,read_phi,phi_rec_1034,1,1,0,diagnosis,2025-07-15T13:31:23,benign
log_2910,doc_33,read_phi,phi_rec_688,1,1,0,diagnosis,2025-02-03T01:37:28,benign
log_2911,bclerk_9,read_phi,phi_rec_630,0,0,1,billing,2025-01-20T23:40:56,benign
log_2912,doc_12,read_phi,phi_rec_901,0,1,0,diagnosis,2025-05-07T21:50:07,violation_hipaa_auth
log_2913,doc_1,read_phi,phi_rec_651,1,1,0,diagnosis,2025-04-22T01:58:41,benign
log_2914,doc_23,read_phi,phi_rec_150,0,0,0,billing,2025-01-22T22:25:04,benign
log_2915,doc_6,read_phi,phi_rec_208,0,0,0,billing,2025-07-21T00:49:23,benign
log_2916,doc_0,read_phi,phi_rec_1122,0,0,0,billing,2025-08-09T16:35:11,benign
log_2917,bclerk_1,read_phi,phi_rec_944,0,0,1,billing,2025-06-23T00:04:03,benign
log_2918,bclerk_5,read_phi,phi_rec_678,0,0,1,billing,2025-02-19T14:15:01,benign
log_2919,bclerk_1,read_phi,phi_rec_1594,0,0,1,billing,2025-04-23T11:51:12,benign
log_2920,doc_33,read_phi,phi_rec_1014,1,0,0,research,2025-01-04T23:30:31,benign
log_2921,doc_17,read_phi,phi_rec_1208,0,1,0,diagnosis,2025-06-20T13:22:03,benign
log_2922,doc_16,read_phi,phi_rec_1311,0,1,0,billing,2025-05-01T01:12:42,violation_hipaa_auth
log_2923,doc_12,read_phi,phi_rec_663,1,1,0,diagnosis,2025-01-17T22:31:09,benign
log_2924,doc_48,read_phi,phi_rec_585,1,1,0,research,2025-02-26T12:30:47,benign
log_2925,doc_43,read_phi,phi_rec_1966,0,0,0,billing,2025-06-17T20:09:07,benign
log_2926,bclerk_8,read_phi,phi_rec_745,0,0,1,billing,2025-01-09T04:53:18,benign
log_2927,doc_30,read_phi,phi_rec_1882,0,0,0,billing,2025-05-01T18:18:23,benign
log_2928,bclerk_0,read_phi,phi_rec_480,0,0,1,billing,2025-05-20T15:37:18,benign
log_2929,doc_7,read_phi,phi_rec_183,0,0,0,marketing,2025-03-24T14:34:14,benign
log_2930,doc_22,read_phi,phi_rec_1847,0,0,0,marketing,2025-04-09T18:00:03,benign
log_2931,doc_15,read_phi,phi_rec_1789,1,1,0,research,2025-08-12T12:43:42,benign
log_2932,doc_40,read_phi,phi_rec_168,1,1,0,diagnosis,2025-04-26T01:13:35,benign
log_2933,doc_27,read_phi,phi_rec_1389,1,1,0,research,2025-07-03T23:25:28,benign
log_2934,doc_2,read_phi,phi_rec_1743,0,0,0,diagnosis,2025-07-25T22:29:50,benign
log_2935,doc_36,read_phi,phi_rec_64,1,1,0,research,2025-02-28T07:26:48,benign
log_2936,bclerk_14,read_phi,phi_rec_1168,0,0,1,billing,2025-05-04T20:27:20,benign
log_2937,doc_47,read_phi,phi_rec_1401,1,1,0,diagnosis,2025-01-02T15:39:18,benign
log_2938,doc_49,read_phi,phi_rec_1964,0,0,0,billing,2025-08-22T04:39:53,benign
log_2939,doc_40,read_phi,phi_rec_793,1,1,0,research,2025-07-20T03:21:26,benign
log_2940,bclerk_0,read_phi,phi_rec_1563,0,0,1,marketing,2025-01-29T15:55:28,violation_gdpr_art18
log_2941,doc_21,read_phi,phi_rec_1929,0,0,0,marketing,2025-01-23T12:07:24,benign
log_2942,doc_16,read_phi,phi_rec_1406,1,1,0,diagnosis,2025-08-06T10:52:45,benign
log_2943,bclerk_10,read_phi,phi_rec_1192,0,0,1,billing,2025-02-17T10:20:21,benign
log_2944,doc_8,read_phi,phi_rec_109,1,1,0,diagnosis,2025-06-27T03:20:47,benign
log_2945,doc_0,read_phi,phi_rec_335,0,0,0,billing,2025-01-03T16:42:12,benign
log_2946,doc_26,read_phi,phi_rec_331,0,0,0,marketing,2025-03-22T01:57:24,benign
log_2947,doc_11,read_phi,phi_rec_868,0,1,0,diagnosis,2025-05-26T16:20:58,benign
log_2948,doc_28,read_phi,phi_rec_1069,0,0,0,marketing,2025-03-19T14:32:06,benign
log_2949,doc_9,read_phi,phi_rec_1372,0,0,0,billing,2025-08-02T23:37:57,benign
log_2950,bclerk_3,read_phi,phi_rec_1511,0,0,1,billing,2025-08-15T11:17:21,benign
log_2951,doc_9,read_phi,phi_rec_877,0,0,0,billing,2025-04-06T11:16:44,benign
log_2952,doc_19,read_phi,phi_rec_819,0,1,0,research,2025-03-12T04:23:36,violation_hipaa_auth
log_2953,doc_41,read_phi,phi_rec_592,0,1,0,diagnosis,2025-08-26T01:06:37,violation_hipaa_auth
log_2954,bclerk_5,read_phi,phi_rec_1171,0,0,1,billing,2025-06-30T11:32:40,benign
log_2955,doc_36,read_phi,phi_rec_94,0,0,0,billing,2025-02-11T07:53:23,benign
log_2956,doc_41,read_phi,phi_rec_507,1,1,0,research,2025-08-20T20:42:10,benign
log_2957,doc_24,read_phi,phi_rec_1065,0,1,0,research,2025-06-12T08:53:48,benign
log_2958,bclerk_14,read_phi,phi_rec_1893,0,0,1,billing,2025-05-12T08:01:09,benign
log_2959,doc_35,read_phi,phi_rec_1438,0,0,0,marketing,2025-05-14T14:12:24,benign
log_2960,doc_10,read_phi,phi_rec_1734,0,0,0,billing,2025-04-27T07:06:51,benign
log_2961,doc_24,read_phi,phi_rec_273,1,1,0,diagnosis,2025-07-13T11:26:30,benign
log_2962,doc_2,read_phi,phi_rec_1504,1,1,0,research,2025-07-26T06:14:06,benign
log_2963,bclerk_4,read_phi,phi_rec_1873,0,0,1,billing,2025-02-06T00:33:05,benign
log_2964,bclerk_3,read_phi,phi_rec_939,0,0,1,billing,2025-01-15T01:41:36,benign
log_2965,bclerk_11,read_phi,phi_rec_1183,0,0,1,billing,2025-04-30T09:40:06,benign
log_2966,doc_21,read_phi,phi_rec_1475,0,0,0,billing,2025-02-11T04:10:48,benign
log_2967,bclerk_4,read_phi,phi_rec_1884,0,0,1,billing,2025-02-05T12:44:58,benign
log_2968,doc_45,read_phi,phi_rec_1974,0,1,0,diagnosis,2025-07-24T11:54:22,benign
log_2969,doc_45,read_phi,phi_rec_782,0,0,0,billing,2025-07-18T07:34:46,benign
log_2970,doc_42,read_phi,phi_rec_602,0,0,0,billing,2025-03-31T05:27:03,benign
log_2971,doc_23,read_phi,phi_rec_787,0,1,0,diagnosis,2025-04-30T03:54:38,benign
log_2972,doc_15,read_phi,phi_rec_143,0,1,0,diagnosis,2025-03-20T10:55:30,benign
log_2973,doc_44,read_phi,phi_rec_383,0,0,0,billing,2025-01-18T22:39:34,benign
log_2974,doc_19,read_phi,phi_rec_1590,0,0,0,billing,2025-08-11T14:59:08,benign
log_2975,bclerk_2,read_phi,phi_rec_1894,0,0,1,billing,2025-01-29T14:30:10,benign
log_2976,doc_35,read_phi,phi_rec_473,0,0,0,billing,2025-08-29T22:56:03,benign
log_2977,bclerk_6,read_phi,phi_rec_1374,0,0,1,billing,2025-02-21T12:51:15,benign
log_2978,bclerk_7,read_phi,phi_rec_1249,0,0,1,billing,2025-02-02T15:39:59,benign
log_2979,doc_34,read_phi,phi_rec_960,0,0,0,billing,2025-04-01T02:29:18,benign
log_2980,doc_27,read_phi,phi_rec_1605,0,0,0,marketing,2025-04-01T17:08:52,benign
log_2981,doc_24,read_phi,phi_rec_1457,0,0,0,billing,2025-06-09T01:40:55,benign
log_2982,bclerk_13,read_phi,phi_rec_768,0,0,1,billing,2025-08-12T17:18:28,benign
log_2983,doc_16,read_phi,phi_rec_941,0,0,0,marketing,2025-08-08T07:12:40,benign
log_2984,doc_13,read_phi,phi_rec_509,0,0,0,billing,2025-05-14T19:32:31,benign
log_2985,doc_30,read_phi,phi_rec_442,0,0,0,marketing,2025-08-24T09:54:10,benign
log_2986,doc_22,read_phi,phi_rec_639,0,0,0,marketing,2025-08-26T07:00:34,benign
log_2987,doc_21,read_phi,phi_rec_404,1,1,0,diagnosis,2025-06-28T09:52:18,benign
log_2988,doc_5,read_phi,phi_rec_48,1,1,0,diagnosis,2025-03-07T06:37:14,benign
log_2989,bclerk_0,read_phi,phi_rec_192,0,0,1,marketing,2025-06-07T09:15:16,violation_gdpr_art18
log_2990,doc_9,read_phi,phi_rec_760,0,0,0,marketing,2025-04-01T07:03:10,benign
log_2991,doc_13,read_phi,phi_rec_39,1,0,0,research,2025-05-10T05:06:55,benign
log_2992,doc_3,read_phi,phi_rec_203,1,1,0,research,2025-04-23T22:38:23,benign
log_2993,doc_2,read_phi,phi_rec_100,1,1,0,research,2025-02-27T03:58:20,benign
log_2994,doc_41,read_phi,phi_rec_661,0,0,0,marketing,2025-06-08T06:27:05,benign
log_2995,doc_31,read_phi,phi_rec_741,0,0,0,billing,2025-08-29T11:17:50,benign
log_2996,doc_26,read_phi,phi_rec_1644,0,0,0,billing,2025-04-19T14:18:17,benign
log_2997,bclerk_8,read_phi,phi_rec_1847,0,0,1,billing,2025-02-15T11:17:06,benign
log_2998,doc_27,read_phi,phi_rec_490,0,0,0,billing,2025-05-15T04:09:30,benign
log_2999,bclerk_9,read_phi,phi_rec_852,0,0,1,billing,2025-01-29T12:30:48,benign
log_3000,bclerk_11,read_phi,phi_rec_1215,0,0,1,billing,2025-01-09T23:48:02,benign
log_3001,doc_44,read_phi,phi_rec_1427,1,1,0,research,2025-05-05T15:54:06,benign
log_3002,doc_41,read_phi,phi_rec_1398,1,1,0,diagnosis,2025-08-20T18:30:08,benign
log_3003,doc_29,read_phi,phi_rec_1616,0,0,0,marketing,2025-07-27T13:35:18,benign
log_3004,doc_9,read_phi,phi_rec_864,0,0,0,marketing,2025-03-20T11:23:06,benign
log_3005,bclerk_4,read_phi,phi_rec_485,0,0,1,billing,2025-04-05T11:38:05,benign
log_3006,bclerk_4,read_phi,phi_rec_817,0,0,1,billing,2025-03-14T16:31:57,benign
log_3007,doc_25,read_phi,phi_rec_1995,0,0,0,billing,2025-05-20T09:02:11,benign
log_3008,doc_24,read_phi,phi_rec_1250,0,1,0,research,2025-02-26T13:32:13,benign
log_3009,doc_40,read_phi,phi_rec_1578,1,1,0,research,2025-08-20T19:54:07,benign
log_3010,bclerk_7,read_phi,phi_rec_318,0,0,1,billing,2025-04-09T18:30:07,benign
log_3011,doc_45,read_phi,phi_rec_1170,0,0,0,marketing,2025-03-21T21:07:08,benign
log_3012,doc_0,read_phi,phi_rec_54,0,0,0,billing,2025-02-10T12:46:22,benign
log_3013,doc_32,read_phi,phi_rec_1582,0,0,0,marketing,2025-05-27T00:55:48,benign
log_3014,doc_40,read_phi,phi_rec_1029,1,1,0,diagnosis,2025-05-26T19:33:21,benign
log_3015,doc_40,read_phi,phi_rec_915,0,0,0,billing,2025-08-29T05:16:28,benign
log_3016,doc_44,read_phi,phi_rec_1030,1,1,0,diagnosis,2025-07-03T00:30:04,benign
log_3017,bclerk_11,read_phi,phi_rec_447,0,0,1,billing,2025-04-17T14:26:43,benign
log_3018,doc_21,read_phi,phi_rec_788,0,0,0,billing,2025-06-02T06:54:48,benign
log_3019,doc_1,read_phi,phi_rec_1374,0,0,0,marketing,2025-08-23T11:01:17,benign
log_3020,doc_2,read_phi,phi_rec_1555,0,0,0,billing,2025-05-10T11:16:15,benign
log_3021,bclerk_6,read_phi,phi_rec_768,0,0,1,billing,2025-04-01T19:47:48,benign
log_3022,doc_10,read_phi,phi_rec_1419,1,1,0,research,2025-02-12T11:59:47,benign
log_3023,doc_7,read_phi,phi_rec_1231,1,1,0,diagnosis,2025-06-18T05:05:20,benign
log_3024,doc_20,read_phi,phi_rec_1283,0,0,0,billing,2025-04-11T14:16:27,benign
log_3025,doc_9,read_phi,phi_rec_548,1,1,0,diagnosis,2025-03-22T18:48:51,benign
log_3026,doc_14,read_phi,phi_rec_1206,0,0,0,marketing,2025-06-24T20:20:40,benign
log_3027,doc_5,read_phi,phi_rec_1188,0,1,0,diagnosis,2025-06-29T15:46:36,benign
log_3028,doc_30,read_phi,phi_rec_1700,1,0,0,diagnosis,2025-05-07T11:51:31,benign
log_3029,bclerk_5,read_phi,phi_rec_1804,0,0,1,billing,2025-03-21T16:24:12,benign
log_3030,bclerk_4,read_phi,phi_rec_71,1,0,0,billing,2025-07-29T18:38:58,violation_hipaa_min_necessary
log_3031,bclerk_5,read_phi,phi_rec_1352,0,0,1,billing,2025-03-21T06:17:45,benign
log_3032,doc_25,read_phi,phi_rec_419,1,1,0,research,2025-04-20T04:23:56,benign
log_3033,doc_21,read_phi,phi_rec_1115,1,1,0,research,2025-03-09T14:53:47,benign
log_3034,doc_3,read_phi,phi_rec_1386,0,0,0,billing,2025-06-14T00:44:15,benign
log_3035,doc_4,read_phi,phi_rec_824,0,0,0,billing,2025-08-04T08:12:17,benign
log_3036,doc_9,read_phi,phi_rec_401,1,1,0,diagnosis,2025-01-31T04:38:09,benign
log_3037,doc_25,read_phi,phi_rec_1661,1,1,0,diagnosis,2025-05-03T18:24:07,benign
log_3038,doc_11,read_phi,phi_rec_1759,0,1,0,diagnosis,2025-08-08T10:14:24,benign
log_3039,doc_3,read_phi,phi_rec_1006,0,0,0,billing,2025-03-05T09:40:08,benign
log_3040,doc_22,read_phi,phi_rec_1667,0,1,0,diagnosis,2025-08-23T21:01:10,benign
log_3041,bclerk_9,read_phi,phi_rec_1554,0,0,1,billing,2025-01-20T11:35:57,benign
log_3042,doc_44,read_phi,phi_rec_823,0,0,0,marketing,2025-06-07T13:38:19,benign
log_3043,bclerk_1,read_phi,phi_rec_1701,0,0,1,billing,2025-05-10T15:20:55,benign
log_3044,doc_26,read_phi,phi_rec_1097,0,0,0,billing,2025-08-27T00:36:25,benign
log_3045,doc_49,read_phi,phi_rec_1095,0,0,0,billing,2025-07-22T14:03:13,benign
log_3046,doc_39,read_phi,phi_rec_1962,0,0,0,billing,2025-07-29T06:08:04,benign
log_3047,doc_45,read_phi,phi_rec_271,0,0,0,billing,2025-07-24T10:36:33,benign
log_3048,doc_38,read_phi,phi_rec_598,1,0,0,diagnosis,2025-07-17T20:25:52,benign
log_3049,doc_30,read_phi,phi_rec_596,0,0,0,marketing,2025-06-18T04:08:26,benign
log_3050,doc_3,read_phi,phi_rec_1119,0,0,0,marketing,2025-01-12T19:46:25,benign
log_3051,doc_16,read_phi,phi_rec_1760,0,0,0,billing,2025-06-09T08:11:19,benign
log_3052,doc_17,read_phi,phi_rec_1589,0,0,0,marketing,2025-04-29T01:29:23,benign
log_3053,doc_47,read_phi,phi_rec_1637,1,1,0,research,2025-08-14T18:26:14,benign
log_3054,doc_9,read_phi,phi_rec_831,1,0,0,research,2025-05-16T11:51:37,benign
log_3055,doc_12,read_phi,phi_rec_1829,1,1,0,diagnosis,2025-03-25T06:00:58,benign
log_3056,doc_44,read_phi,phi_rec_1880,1,1,0,diagnosis,2025-08-28T08:57:20,benign
log_3057,bclerk_12,read_phi,phi_rec_1181,1,0,0,billing,2025-08-09T18:32:59,violation_hipaa_min_necessary
log_3058,doc_40,read_phi,phi_rec_713,0,1,0,diagnosis,2025-05-31T14:36:19,benign
log_3059,doc_1,read_phi,phi_rec_1501,1,1,0,diagnosis,2025-03-31T07:14:19,benign
log_3060,doc_5,read_phi,phi_rec_252,1,1,0,diagnosis,2025-03-31T21:04:43,benign
log_3061,doc_26,read_phi,phi_rec_1237,0,0,0,billing,2025-02-24T20:26:53,benign
log_3062,bclerk_3,read_phi,phi_rec_1774,0,0,1,billing,2025-07-27T11:43:46,benign
log_3063,doc_42,read_phi,phi_rec_1713,1,1,0,research,2025-03-18T08:30:21,benign
log_3064,doc_18,read_phi,phi_rec_681,1,1,0,research,2025-01-16T22:39:30,benign
log_3065,doc_37,read_phi,phi_rec_1945,1,1,0,diagnosis,2025-01-02T01:01:13,benign
log_3066,doc_23,read_phi,phi_rec_1152,1,1,0,research,2025-07-02T00:13:38,benign
log_3067,bclerk_6,read_phi,phi_rec_1562,0,0,1,billing,2025-08-06T14:38:56,benign
log_3068,doc_5,read_phi,phi_rec_1187,0,0,0,billing,2025-08-21T12:58:12,benign
log_3069,doc_3,read_phi,phi_rec_1000,0,0,0,marketing,2025-03-25T23:21:59,benign
log_3070,doc_19,read_phi,phi_rec_1088,0,1,0,research,2025-04-27T14:48:25,benign
log_3071,doc_26,read_phi,phi_rec_951,1,1,0,research,2025-02-10T08:47:05,benign
log_3072,doc_27,read_phi,phi_rec_1659,1,1,0,diagnosis,2025-05-18T21:53:52,benign
log_3073,doc_11,read_phi,phi_rec_1870,0,0,0,marketing,2025-04-15T01:29:21,benign
log_3074,bclerk_5,read_phi,phi_rec_1570,0,0,1,billing,2025-05-05T11:53:06,benign
log_3075,doc_9,read_phi,phi_rec_522,1,1,0,research,2025-01-27T19:48:03,benign
log_3076,doc_34,read_phi,phi_rec_537,0,0,0,billing,2025-07-14T09:45:16,benign
log_3077,bclerk_5,read_phi,phi_rec_1317,0,0,1,billing,2025-04-28T08:22:33,benign
log_3078,bclerk_13,read_phi,phi_rec_868,0,0,1,billing,2025-05-13T04:09:41,benign
log_3079,doc_7,read_phi,phi_rec_493,0,0,0,marketing,2025-03-11T12:07:23,benign
log_3080,doc_37,read_phi,phi_rec_11,0,1,0,diagnosis,2025-06-11T08:21:13,benign
log_3081,doc_34,read_phi,phi_rec_960,0,0,0,billing,2025-01-05T02:29:07,benign
log_3082,doc_15,read_phi,phi_rec_1171,0,0,0,billing,2025-07-21T16:17:46,benign
log_3083,doc_15,read_phi,phi_rec_121,0,0,0,marketing,2025-03-26T02:43:03,benign
log_3084,doc_3,read_phi,phi_rec_468,1,1,0,diagnosis,2025-01-29T18:27:19,benign
log_3085,bclerk_1,read_phi,phi_rec_1760,0,0,1,billing,2025-01-26T18:41:15,benign
log_3086,doc_43,read_phi,phi_rec_265,1,1,0,research,2025-07-19T23:32:48,benign
log_3087,doc_20,read_phi,phi_rec_1546,0,0,0,billing,2025-06-11T18:06:42,benign
log_3088,bclerk_7,read_phi,phi_rec_1087,0,0,1,billing,2025-02-07T01:34:25,benign
log_3089,doc_15,read_phi,phi_rec_1926,1,1,0,research,2025-02-26T19:31:26,benign
log_3090,doc_39,read_phi,phi_rec_1026,1,1,0,diagnosis,2025-06-09T01:08:11,benign
log_3091,doc_29,read_phi,phi_rec_874,0,0,0,billing,2025-08-14T05:48:54,benign
log_3092,doc_0,read_phi,phi_rec_1013,0,0,0,billing,2025-08-02T17:51:15,benign
log_3093,bclerk_4,read_phi,phi_rec_1594,0,0,1,billing,2025-07-06T08:29:05,benign
log_3094,doc_15,read_phi,phi_rec_1303,1,0,0,diagnosis,2025-02-05T13:08:27,benign
log_3095,doc_20,read_phi,phi_rec_1349,0,0,0,billing,2025-06-18T17:06:17,benign
log_3096,bclerk_1,read_phi,phi_rec_1235,0,0,1,billing,2025-04-16T03:14:21,benign
log_3097,doc_14,read_phi,phi_rec_1264,0,0,0,billing,2025-04-19T07:50:53,benign
log_3098,doc_23,read_phi,phi_rec_613,0,1,0,marketing,2025-03-31T23:05:48,violation_hipaa_auth
log_3099,doc_36,read_phi,phi_rec_1971,1,1,0,diagnosis,2025-07-31T06:27:49,benign
log_3100,doc_38,read_phi,phi_rec_230,1,1,0,diagnosis,2025-01-16T05:23:04,benign
log_3101,bclerk_0,read_phi,phi_rec_1381,0,0,1,billing,2025-01-26T23:16:06,benign
log_3102,bclerk_10,read_phi,phi_rec_1182,0,0,1,billing,2025-01-17T04:12:19,benign
log_3103,doc_36,read_phi,phi_rec_160,0,0,0,billing,2025-04-18T09:47:18,benign
log_3104,bclerk_13,read_phi,phi_rec_973,0,0,1,billing,2025-03-22T14:32:34,benign
log_3105,doc_19,read_phi,phi_rec_827,1,0,0,diagnosis,2025-03-02T00:16:57,benign
log_3106,doc_6,read_phi,phi_rec_155,1,1,0,diagnosis,2025-05-17T08:18:35,benign
log_3107,doc_38,read_phi,phi_rec_170,0,1,0,diagnosis,2025-02-19T08:20:11,benign
log_3108,bclerk_14,read_phi,phi_rec_951,0,0,1,billing,2025-04-19T13:34:12,benign
log_3109,doc_49,read_phi,phi_rec_1666,0,0,0,billing,2025-06-11T23:47:30,benign
log_3110,bclerk_4,read_phi,phi_rec_184,0,0,1,billing,2025-08-04T03:36:04,benign
log_3111,bclerk_13,read_phi,phi_rec_385,0,0,1,billing,2025-04-26T09:11:03,benign
log_3112,bclerk_7,read_phi,phi_rec_1728,0,0,1,billing,2025-08-27T02:29:00,benign
log_3113,doc_5,read_phi,phi_rec_906,0,0,0,marketing,2025-02-22T13:19:08,benign
log_3114,bclerk_5,read_phi,phi_rec_912,0,0,1,billing,2025-07-04T04:43:09,benign
log_3115,doc_27,read_phi,phi_rec_391,1,1,0,diagnosis,2025-06-15T06:17:50,benign
log_3116,doc_27,read_phi,phi_rec_482,0,1,0,diagnosis,2025-03-30T05:52:23,benign
log_3117,doc_42,read_phi,phi_rec_1242,1,1,0,research,2025-02-09T12:27:27,benign
log_3118,doc_45,read_phi,phi_rec_1840,1,1,0,research,2025-08-10T19:20:37,benign
log_3119,doc_12,read_phi,phi_rec_663,1,1,0,research,2025-08-25T20:26:49,benign
log_3120,bclerk_9,read_phi,phi_rec_1248,0,0,1,billing,2025-04-22T20:32:30,benign
log_3121,doc_19,read_phi,phi_rec_1853,0,1,0,diagnosis,2025-03-06T02:11:46,benign
log_3122,bclerk_4,read_phi,phi_rec_1101,0,0,1,billing,2025-01-06T07:02:53,benign
log_3123,doc_48,read_phi,phi_rec_568,1,0,0,diagnosis,2025-02-18T04:11:26,benign
log_3124,doc_18,read_phi,phi_rec_624,0,0,0,diagnosis,2025-03-17T07:31:50,benign
log_3125,doc_33,read_phi,phi_rec_578,1,1,0,research,2025-03-10T05:01:39,benign
log_3126,bclerk_13,read_phi,phi_rec_708,0,0,1,billing,2025-05-15T00:48:30,benign
log_3127,doc_8,read_phi,phi_rec_622,0,0,0,marketing,2025-02-16T14:26:48,benign
log_3128,bclerk_9,read_phi,phi_rec_1898,1,0,0,billing,2025-06-07T02:17:56,violation_hipaa_min_necessary
log_3129,doc_25,read_phi,phi_rec_354,1,1,0,diagnosis,2025-08-26T04:33:41,benign
log_3130,doc_48,read_phi,phi_rec_904,1,0,0,research,2025-07-30T09:24:45,violation_gdpr_art18
log_3131,doc_39,read_phi,phi_rec_263,1,1,0,research,2025-01-12T04:11:53,benign
log_3132,doc_36,read_phi,phi_rec_1938,0,0,0,billing,2025-05-25T00:45:28,benign
log_3133,doc_15,read_phi,phi_rec_809,0,0,0,marketing,2025-01-19T02:35:09,benign
log_3134,doc_8,read_phi,phi_rec_1312,0,0,0,billing,2025-06-16T14:06:24,benign
log_3135,bclerk_2,read_phi,phi_rec_1834,0,0,1,billing,2025-08-02T19:04:32,benign
log_3136,bclerk_12,read_phi,phi_rec_545,0,0,1,billing,2025-05-22T01:59:31,benign
log_3137,doc_38,read_phi,phi_rec_312,0,0,0,marketing,2025-04-08T08:52:48,benign
log_3138,doc_9,read_phi,phi_rec_401,1,1,0,diagnosis,2025-03-18T15:49:14,benign
log_3139,doc_44,read_phi,phi_rec_1101,0,0,0,billing,2025-07-17T00:50:55,benign
log_3140,doc_39,read_phi,phi_rec_19,0,0,0,billing,2025-08-27T21:03:15,benign
log_3141,doc_13,read_phi,phi_rec_761,0,0,0,marketing,2025-08-26T22:39:08,benign
log_3142,doc_41,read_phi,phi_rec_621,1,1,0,research,2025-02-11T17:45:07,benign
log_3143,bclerk_13,read_phi,phi_rec_1188,0,0,1,billing,2025-03-07T21:15:40,benign
log_3144,doc_16,read_phi,phi_rec_1860,0,1,0,diagnosis,2025-06-21T21:42:51,benign
log_3145,doc_12,read_phi,phi_rec_343,0,1,0,diagnosis,2025-01-29T04:52:34,benign
log_3146,doc_10,read_phi,phi_rec_217,0,0,0,billing,2025-03-07T01:34:00,benign
log_3147,doc_21,read_phi,phi_rec_408,0,0,0,billing,2025-04-30T14:45:41,benign
log_3148,doc_15,read_phi,phi_rec_1975,0,0,0,billing,2025-02-19T17:05:59,benign
log_3149,doc_13,read_phi,phi_rec_591,0,0,0,marketing,2025-04-29T23:05:21,benign
log_3150,bclerk_2,read_phi,phi_rec_50,0,0,1,billing,2025-02-12T12:14:04,benign
log_3151,doc_33,read_phi,phi_rec_1055,0,0,0,billing,2025-05-13T06:58:05,benign
log_3152,doc_34,read_phi,phi_rec_1598,0,0,0,billing,2025-08-18T08:03:33,benign
log_3153,doc_22,read_phi,phi_rec_1061,1,0,0,diagnosis,2025-02-21T16:53:29,benign
log_3154,doc_4,read_phi,phi_rec_1709,0,0,0,marketing,2025-04-12T09:34:29,benign
log_3155,doc_14,read_phi,phi_rec_1933,1,1,0,diagnosis,2025-01-27T08:56:25,benign
log_3156,bclerk_0,read_phi,phi_rec_437,0,0,1,billing,2025-05-06T12:54:18,benign
log_3157,doc_31,read_phi,phi_rec_1178,1,1,0,diagnosis,2025-04-16T12:00:48,benign
log_3158,doc_26,read_phi,phi_rec_1417,1,0,0,research,2025-06-02T19:50:47,benign
log_3159,doc_44,read_phi,phi_rec_295,0,0,0,marketing,2025-03-08T17:47:53,benign
log_3160,doc_23,read_phi,phi_rec_1817,0,0,0,billing,2025-02-25T06:34:18,benign
log_3161,doc_30,read_phi,phi_rec_261,0,0,0,billing,2025-02-18T14:20:49,benign
log_3162,doc_2,read_phi,phi_rec_580,1,0,0,diagnosis,2025-07-01T18:56:48,benign
log_3163,doc_4,read_phi,phi_rec_558,0,0,0,billing,2025-06-08T15:33:23,benign
log_3164,doc_48,read_phi,phi_rec_1643,0,0,0,marketing,2025-05-30T10:42:55,benign
log_3165,doc_28,read_phi,phi_rec_851,1,1,0,diagnosis,2025-03-31T06:08:36,benign
log_3166,doc_18,read_phi,phi_rec_1263,0,0,0,marketing,2025-02-02T17:12:35,benign
log_3167,doc_3,read_phi,phi_rec_1446,0,1,0,diagnosis,2025-05-28T00:18:31,violation_hipaa_auth
log_3168,doc_38,read_phi,phi_rec_279,1,1,0,research,2025-06-18T20:14:53,benign
log_3169,doc_21,read_phi,phi_rec_788,0,0,0,marketing,2025-06-08T21:09:46,benign
log_3170,bclerk_6,read_phi,phi_rec_1415,0,0,1,billing,2025-06-27T16:24:26,benign
log_3171,doc_31,read_phi,phi_rec_138,1,1,0,research,2025-03-15T19:01:43,benign
log_3172,doc_0,read_phi,phi_rec_1607,0,0,0,marketing,2025-02-16T11:04:50,benign
log_3173,doc_0,read_phi,phi_rec_878,0,1,0,diagnosis,2025-07-14T10:14:59,violation_hipaa_auth
log_3174,doc_22,read_phi,phi_rec_932,1,1,0,research,2025-04-16T03:53:57,benign
log_3175,doc_23,read_phi,phi_rec_971,0,0,0,marketing,2025-06-21T15:29:03,benign
log_3176,doc_6,read_phi,phi_rec_439,1,0,0,diagnosis,2025-07-10T12:29:53,benign
log_3177,doc_18,read_phi,phi_rec_1928,1,0,0,research,2025-07-11T14:18:13,benign
log_3178,doc_27,read_phi,phi_rec_1681,0,1,0,research,2025-04-04T20:29:13,benign
log_3179,doc_47,read_phi,phi_rec_251,0,0,0,marketing,2025-05-22T07:51:48,benign
log_3180,doc_40,read_phi,phi_rec_1927,0,0,0,marketing,2025-05-13T05:14:09,benign
log_3181,bclerk_6,read_phi,phi_rec_939,0,0,1,billing,2025-04-08T17:44:58,benign
log_3182,doc_41,read_phi,phi_rec_1124,1,1,0,diagnosis,2025-04-14T05:49:39,benign
log_3183,doc_24,read_phi,phi_rec_1166,0,0,0,research,2025-07-02T03:26:04,benign
log_3184,bclerk_5,read_phi,phi_rec_707,0,0,1,billing,2025-03-20T03:06:58,benign
log_3185,doc_49,read_phi,phi_rec_615,1,1,0,diagnosis,2025-04-26T13:15:00,benign
log_3186,bclerk_7,read_phi,phi_rec_1883,0,0,1,billing,2025-08-04T16:50:48,benign
log_3187,bclerk_1,read_phi,phi_rec_967,0,0,1,billing,2025-03-11T15:22:56,benign
log_3188,bclerk_6,read_phi,phi_rec_12,0,0,1,billing,2025-07-11T12:59:30,benign
log_3189,doc_47,read_phi,phi_rec_604,1,1,0,diagnosis,2025-01-03T18:24:05,benign
log_3190,doc_22,read_phi,phi_rec_639,0,0,0,billing,2025-01-24T09:58:09,benign
log_3191,doc_7,read_phi,phi_rec_445,1,0,0,research,2025-01-18T11:33:56,benign
log_3192,bclerk_11,read_phi,phi_rec_1807,0,0,1,billing,2025-05-17T15:39:13,benign
log_3193,doc_3,read_phi,phi_rec_1833,0,0,0,marketing,2025-06-24T04:23:49,benign
log_3194,bclerk_0,read_phi,phi_rec_627,0,0,1,billing,2025-05-16T14:55:32,benign
log_3195,doc_36,read_phi,phi_rec_1299,0,0,0,billing,2025-03-15T01:16:44,benign
log_3196,doc_2,read_phi,phi_rec_1555,0,0,0,billing,2025-02-15T03:25:36,benign
log_3197,doc_3,read_phi,phi_rec_1845,0,0,0,billing,2025-02-22T06:32:53,benign
log_3198,doc_48,read_phi,phi_rec_884,0,0,0,billing,2025-06-17T03:30:58,benign
log_3199,doc_27,read_phi,phi_rec_725,1,1,0,diagnosis,2025-03-08T18:36:35,benign
log_3200,doc_42,read_phi,phi_rec_1577,1,1,0,diagnosis,2025-07-30T09:12:39,benign
log_3201,doc_34,read_phi,phi_rec_1408,1,1,0,diagnosis,2025-07-23T16:47:32,benign
log_3202,doc_11,read_phi,phi_rec_1857,0,0,0,billing,2025-02-16T07:04:32,benign
log_3203,doc_3,read_phi,phi_rec_1369,0,0,0,billing,2025-04-14T06:57:57,benign
log_3204,doc_24,read_phi,phi_rec_1308,1,1,0,research,2025-06-12T02:05:56,benign
log_3205,doc_23,read_phi,phi_rec_1625,1,1,0,diagnosis,2025-03-04T06:43:46,benign
log_3206,bclerk_4,read_phi,phi_rec_1995,0,0,1,billing,2025-01-17T20:11:23,benign
log_3207,doc_30,read_phi,phi_rec_441,0,0,0,marketing,2025-05-19T23:08:39,benign
log_3208,bclerk_2,read_phi,phi_rec_763,0,0,1,billing,2025-01-27T18:24:01,benign
log_3209,bclerk_8,read_phi,phi_rec_326,0,0,1,billing,2025-07-07T22:18:23,benign
log_3210,doc_0,read_phi,phi_rec_1903,1,1,0,research,2025-03-26T02:36:48,benign
log_3211,doc_3,read_phi,phi_rec_1099,0,0,0,marketing,2025-03-09T23:33:50,benign
log_3212,bclerk_0,read_phi,phi_rec_1120,0,0,1,billing,2025-02-22T01:33:08,benign
log_3213,bclerk_1,read_phi,phi_rec_1545,0,0,1,billing,2025-01-05T20:28:49,benign
log_3214,doc_10,read_phi,phi_rec_489,0,0,0,billing,2025-02-11T06:19:57,benign
log_3215,bclerk_11,read_phi,phi_rec_751,0,0,1,billing,2025-03-16T17:34:54,benign
log_3216,doc_24,read_phi,phi_rec_1519,0,0,0,billing,2025-06-07T20:03:55,benign
log_3217,doc_21,read_phi,phi_rec_82,1,0,0,research,2025-07-09T14:10:13,benign
log_3218,doc_18,read_phi,phi_rec_854,1,0,0,research,2025-03-12T18:17:08,benign
log_3219,bclerk_13,read_phi,phi_rec_98,0,0,1,billing,2025-03-05T07:43:31,benign
log_3220,doc_49,read_phi,phi_rec_298,0,0,0,billing,2025-08-01T18:03:55,benign
log_3221,doc_27,read_phi,phi_rec_902,0,0,0,marketing,2025-04-17T15:44:45,benign
log_3222,doc_36,read_phi,phi_rec_1941,0,0,0,billing,2025-08-04T17:51:26,benign
log_3223,bclerk_8,read_phi,phi_rec_1609,0,0,1,billing,2025-02-26T07:31:17,benign
log_3224,doc_39,read_phi,phi_rec_1849,1,1,0,diagnosis,2025-05-18T10:14:11,benign
log_3225,doc_32,read_phi,phi_rec_715,0,0,0,billing,2025-08-21T07:03:19,benign
log_3226,doc_48,read_phi,phi_rec_1781,0,1,0,marketing,2025-08-10T10:24:26,violation_hipaa_auth
log_3227,doc_14,read_phi,phi_rec_563,0,0,0,billing,2025-07-22T20:35:54,benign
log_3228,doc_4,read_phi,phi_rec_1784,0,0,0,billing,2025-06-11T23:30:23,benign
log_3229,doc_26,read_phi,phi_rec_1844,1,0,0,research,2025-03-18T04:14:40,violation_gdpr_art18
log_3230,doc_49,read_phi,phi_rec_615,0,0,0,billing,2025-02-11T06:13:50,benign
log_3231,doc_40,read_phi,phi_rec_1274,0,0,0,marketing,2025-04-02T16:55:37,benign
log_3232,doc_15,read_phi,phi_rec_284,1,1,0,diagnosis,2025-06-02T18:21:38,benign
log_3233,doc_21,read_phi,phi_rec_57,1,1,0,diagnosis,2025-05-11T02:17:13,benign
log_3234,doc_49,read_phi,phi_rec_1806,0,0,0,billing,2025-07-22T17:53:07,benign
log_3235,doc_38,read_phi,phi_rec_1828,1,1,0,research,2025-03-05T23:28:58,benign
log_3236,bclerk_5,read_phi,phi_rec_1670,0,0,1,billing,2025-02-17T23:31:34,benign
log_3237,doc_10,read_phi,phi_rec_975,0,0,0,marketing,2025-08-04T03:25:15,benign
log_3238,doc_7,read_phi,phi_rec_721,0,0,0,marketing,2025-07-04T16:28:27,benign
log_3239,doc_10,read_phi,phi_rec_1471,1,1,0,diagnosis,2025-05-23T01:42:12,benign
log_3240,doc_10,read_phi,phi_rec_571,0,0,0,billing,2025-03-16T05:30:27,benign
log_3241,doc_35,read_phi,phi_rec_1799,1,1,0,research,2025-07-09T20:39:25,benign
log_3242,doc_14,read_phi,phi_rec_775,1,1,0,research,2025-02-09T11:03:54,benign
log_3243,doc_36,read_phi,phi_rec_1941,0,0,0,billing,2025-02-22T15:41:40,benign
log_3244,bclerk_7,read_phi,phi_rec_262,0,1,0,billing,2025-06-26T23:24:24,violation_hipaa_min_necessary
log_3245,doc_49,read_phi,phi_rec_1564,1,1,0,research,2025-03-04T15:45:26,benign
log_3246,bclerk_9,read_phi,phi_rec_1077,1,0,0,billing,2025-08-12T07:19:10,violation_hipaa_min_necessary
log_3247,doc_15,read_phi,phi_rec_259,0,0,0,billing,2025-04-12T16:33:17,benign
log_3248,doc_47,read_phi,phi_rec_1244,1,1,0,research,2025-01-14T05:36:07,benign
log_3249,bclerk_13,read_phi,phi_rec_1363,0,0,1,billing,2025-04-29T01:46:08,benign
log_3250,bclerk_13,read_phi,phi_rec_1571,0,0,1,billing,2025-05-05T05:30:15,benign
log_3251,bclerk_0,read_phi,phi_rec_783,0,0,1,marketing,2025-06-17T22:45:25,violation_gdpr_art18
log_3252,doc_45,read_phi,phi_rec_79,0,0,0,billing,2025-05-27T02:24:51,benign
log_3253,doc_36,read_phi,phi_rec_1036,0,0,0,billing,2025-01-12T15:09:04,benign
log_3254,doc_30,read_phi,phi_rec_1275,0,1,0,diagnosis,2025-02-06T01:24:13,benign
log_3255,bclerk_14,read_phi,phi_rec_1582,0,0,1,billing,2025-07-27T18:22:14,benign
log_3256,doc_39,read_phi,phi_rec_192,1,1,0,research,2025-05-04T19:57:26,benign
log_3257,doc_10,read_phi,phi_rec_1656,0,0,0,billing,2025-06-04T23:48:28,benign
log_3258,doc_22,read_phi,phi_rec_1932,0,1,0,research,2025-02-18T20:15:59,benign
log_3259,doc_35,read_phi,phi_rec_1438,0,1,0,diagnosis,2025-04-16T04:04:21,benign
log_3260,doc_47,read_phi,phi_rec_466,0,0,0,marketing,2025-03-04T15:54:56,benign
log_3261,bclerk_9,read_phi,phi_rec_456,0,0,1,billing,2025-08-05T01:10:12,benign
log_3262,doc_27,read_phi,phi_rec_1990,1,1,0,research,2025-03-31T09:56:22,benign
log_3263,bclerk_7,read_phi,phi_rec_937,0,0,1,billing,2025-03-08T17:15:11,benign
log_3264,doc_4,read_phi,phi_rec_699,0,0,0,marketing,2025-07-14T23:44:12,benign
log_3265,doc_18,read_phi,phi_rec_969,1,0,0,diagnosis,2025-08-29T21:40:31,benign
log_3266,doc_16,read_phi,phi_rec_212,0,0,0,billing,2025-06-14T23:58:36,benign
log_3267,doc_40,read_phi,phi_rec_534,0,0,0,marketing,2025-07-18T21:10:55,benign
log_3268,doc_22,read_phi,phi_rec_213,0,0,0,billing,2025-01-31T20:11:15,benign
log_3269,doc_42,read_phi,phi_rec_764,0,1,0,research,2025-05-30T20:12:20,benign
log_3270,doc_27,read_phi,phi_rec_191,0,0,0,marketing,2025-02-09T10:44:07,benign
log_3271,doc_43,read_phi,phi_rec_290,1,0,0,diagnosis,2025-02-06T00:32:37,benign
log_3272,doc_25,read_phi,phi_rec_1923,0,0,0,marketing,2025-05-24T07:36:04,benign
log_3273,doc_30,read_phi,phi_rec_441,0,0,0,marketing,2025-07-19T22:48:00,benign
log_3274,doc_45,read_phi,phi_rec_1793,0,0,0,billing,2025-05-13T19:09:28,benign
log_3275,doc_24,read_phi,phi_rec_597,0,0,0,billing,2025-04-08T01:25:21,benign
log_3276,bclerk_6,read_phi,phi_rec_1136,0,0,1,billing,2025-08-04T13:04:24,benign
log_3277,doc_31,read_phi,phi_rec_994,1,0,0,diagnosis,2025-04-19T12:03:10,benign
log_3278,doc_22,read_phi,phi_rec_752,0,0,0,billing,2025-08-27T20:42:02,benign
log_3279,doc_7,read_phi,phi_rec_1819,0,0,0,marketing,2025-04-14T22:02:37,benign
log_3280,bclerk_10,read_phi,phi_rec_1515,0,0,1,billing,2025-02-03T12:47:22,benign
log_3281,doc_16,read_phi,phi_rec_376,0,0,0,billing,2025-04-18T19:52:14,benign
log_3282,doc_5,read_phi,phi_rec_559,1,1,0,diagnosis,2025-02-02T12:02:55,benign
log_3283,doc_1,read_phi,phi_rec_371,0,0,0,billing,2025-05-07T02:09:22,benign
log_3284,doc_49,read_phi,phi_rec_1912,0,0,0,marketing,2025-05-10T15:41:44,benign
log_3285,doc_38,read_phi,phi_rec_1223,0,0,0,billing,2025-02-13T07:46:36,benign
log_3286,doc_14,read_phi,phi_rec_1925,1,0,0,diagnosis,2025-06-12T18:50:27,benign
log_3287,bclerk_5,read_phi,phi_rec_223,0,1,0,billing,2025-06-01T23:33:43,violation_hipaa_min_necessary
log_3288,doc_18,read_phi,phi_rec_554,0,1,0,diagnosis,2025-06-05T12:58:58,benign
log_3289,doc_35,read_phi,phi_rec_1570,1,0,0,diagnosis,2025-08-02T20:13:30,benign
log_3290,doc_32,read_phi,phi_rec_73,0,0,0,diagnosis,2025-06-19T23:08:53,benign
log_3291,doc_43,read_phi,phi_rec_1016,0,0,0,marketing,2025-06-26T09:35:38,benign
log_3292,doc_47,read_phi,phi_rec_1503,0,0,0,marketing,2025-06-14T09:30:06,benign
log_3293,doc_23,read_phi,phi_rec_1080,0,0,0,marketing,2025-06-02T16:28:23,benign
log_3294,doc_11,read_phi,phi_rec_777,1,1,0,diagnosis,2025-07-19T19:55:15,benign
log_3295,doc_5,read_phi,phi_rec_882,1,1,0,diagnosis,2025-08-16T00:43:40,benign
log_3296,bclerk_6,read_phi,phi_rec_1375,0,0,1,billing,2025-04-25T09:20:37,benign
log_3297,bclerk_8,read_phi,phi_rec_1014,0,0,1,billing,2025-07-29T15:56:38,benign
log_3298,doc_12,read_phi,phi_rec_1157,0,0,0,billing,2025-02-04T07:03:20,benign
log_3299,doc_38,read_phi,phi_rec_1838,0,0,0,marketing,2025-02-15T22:58:19,benign
log_3300,doc_8,read_phi,phi_rec_1721,0,0,0,billing,2025-04-26T14:10:21,benign
log_3301,bclerk_4,read_phi,phi_rec_326,0,0,1,billing,2025-04-30T02:52:07,benign
log_3302,bclerk_9,read_phi,phi_rec_1412,0,0,1,billing,2025-08-10T00:54:24,benign
log_3303,doc_34,read_phi,phi_rec_517,0,0,0,billing,2025-08-04T13:38:53,benign
log_3304,doc_1,read_phi,phi_rec_1365,1,1,0,research,2025-05-07T12:32:24,benign
log_3305,doc_43,read_phi,phi_rec_290,0,0,0,billing,2025-04-01T18:09:03,benign
log_3306,doc_24,read_phi,phi_rec_92,1,1,0,diagnosis,2025-07-16T05:17:04,benign
log_3307,doc_7,read_phi,phi_rec_229,0,0,0,billing,2025-01-26T23:58:28,benign
log_3308,doc_29,read_phi,phi_rec_1135,0,0,0,billing,2025-05-28T07:43:17,benign
log_3309,doc_35,read_phi,phi_rec_40,0,0,0,marketing,2025-05-07T11:47:32,benign
log_3310,doc_18,read_phi,phi_rec_422,0,0,0,marketing,2025-05-21T20:00:05,benign
log_3311,doc_1,read_phi,phi_rec_785,0,0,0,billing,2025-03-21T00:18:33,benign
log_3312,doc_33,read_phi,phi_rec_1165,0,0,0,billing,2025-02-14T05:25:47,benign
log_3313,doc_38,read_phi,phi_rec_1131,0,0,0,billing,2025-02-08T13:31:40,benign
log_3314,bclerk_0,read_phi,phi_rec_719,0,0,1,billing,2025-01-09T10:03:04,benign
log_3315,doc_36,read_phi,phi_rec_1971,0,0,0,diagnosis,2025-03-25T16:06:26,benign
log_3316,doc_44,read_phi,phi_rec_1748,0,0,0,billing,2025-06-06T12:11:58,benign
log_3317,doc_31,read_phi,phi_rec_612,1,1,0,research,2025-03-26T09:53:48,benign
log_3318,doc_40,read_phi,phi_rec_1459,0,0,0,marketing,2025-02-10T05:53:13,benign
log_3319,doc_26,read_phi,phi_rec_237,1,1,0,diagnosis,2025-07-17T12:22:34,benign
log_3320,bclerk_3,read_phi,phi_rec_1292,0,0,1,billing,2025-08-27T12:15:15,benign
log_3321,doc_34,read_phi,phi_rec_1980,0,0,0,marketing,2025-05-27T19:01:35,benign
log_3322,doc_44,read_phi,phi_rec_967,0,1,0,diagnosis,2025-04-13T10:25:22,violation_hipaa_auth
log_3323,doc_11,read_phi,phi_rec_1857,1,1,0,diagnosis,2025-01-26T03:29:58,benign
log_3324,doc_6,read_phi,phi_rec_18,0,0,0,marketing,2025-04-09T17:47:18,benign
log_3325,doc_7,read_phi,phi_rec_860,1,1,0,research,2025-06-08T08:35:12,benign
log_3326,doc_29,read_phi,phi_rec_514,0,0,0,billing,2025-05-24T18:43:04,benign
log_3327,doc_3,read_phi,phi_rec_1369,1,1,0,research,2025-05-03T02:37:07,benign
log_3328,doc_43,read_phi,phi_rec_29,0,0,0,marketing,2025-03-21T15:31:12,benign
log_3329,doc_10,read_phi,phi_rec_1435,0,0,0,marketing,2025-04-28T08:34:48,benign
log_3330,doc_11,read_phi,phi_rec_97,1,1,0,research,2025-05-02T15:03:46,benign
log_3331,doc_40,read_phi,phi_rec_963,1,1,0,research,2025-02-02T16:04:24,benign
log_3332,doc_43,read_phi,phi_rec_1512,0,1,0,diagnosis,2025-02-07T20:31:23,benign
log_3333,doc_38,read_phi,phi_rec_1131,0,0,0,billing,2025-03-06T19:06:12,benign
log_3334,doc_45,read_phi,phi_rec_289,1,1,0,research,2025-04-07T13:15:33,benign
log_3335,bclerk_0,read_phi,phi_rec_1379,0,0,1,marketing,2025-03-26T08:03:32,violation_gdpr_art18
log_3336,doc_0,read_phi,phi_rec_847,0,0,0,billing,2025-02-14T05:43:40,benign
log_3337,bclerk_4,read_phi,phi_rec_927,0,0,1,billing,2025-05-11T17:24:42,benign
log_3338,doc_0,read_phi,phi_rec_603,1,1,0,diagnosis,2025-07-17T09:54:11,benign
log_3339,doc_8,read_phi,phi_rec_1294,0,0,0,billing,2025-06-25T08:36:43,benign
log_3340,doc_29,read_phi,phi_rec_59,0,1,0,diagnosis,2025-02-23T06:49:07,violation_hipaa_auth
log_3341,bclerk_2,read_phi,phi_rec_243,0,0,1,billing,2025-08-04T20:01:03,benign
log_3342,doc_1,read_phi,phi_rec_1867,0,0,0,billing,2025-02-02T00:14:07,benign
log_3343,bclerk_5,read_phi,phi_rec_1074,0,0,1,billing,2025-07-27T13:46:17,benign
log_3344,doc_8,read_phi,phi_rec_825,0,0,0,billing,2025-06-16T00:45:28,benign
log_3345,doc_23,read_phi,phi_rec_405,1,1,0,research,2025-07-02T04:33:26,benign
log_3346,bclerk_8,read_phi,phi_rec_1991,0,0,1,billing,2025-06-18T18:35:37,benign
log_3347,bclerk_0,read_phi,phi_rec_478,0,0,1,billing,2025-06-05T10:57:17,benign
log_3348,doc_2,read_phi,phi_rec_1504,0,0,0,marketing,2025-04-17T21:32:31,benign
log_3349,doc_9,read_phi,phi_rec_760,1,1,0,diagnosis,2025-05-19T08:26:31,benign
log_3350,doc_31,read_phi,phi_rec_532,1,1,0,research,2025-03-31T20:27:54,benign
log_3351,doc_18,read_phi,phi_rec_78,0,0,0,marketing,2025-02-16T21:31:03,benign
log_3352,doc_40,read_phi,phi_rec_1632,1,1,0,research,2025-07-26T21:04:52,benign
log_3353,doc_20,read_phi,phi_rec_1349,0,1,0,diagnosis,2025-03-31T06:30:44,benign
log_3354,doc_41,read_phi,phi_rec_365,0,1,0,diagnosis,2025-06-13T23:13:18,benign
log_3355,doc_45,read_phi,phi_rec_1653,0,0,0,marketing,2025-08-26T23:42:52,benign
log_3356,doc_43,read_phi,phi_rec_265,0,0,0,billing,2025-07-07T09:20:40,benign
log_3357,doc_17,read_phi,phi_rec_1696,1,0,0,diagnosis,2025-07-23T06:06:12,benign
log_3358,doc_38,read_phi,phi_rec_833,0,1,0,billing,2025-06-27T09:19:46,violation_hipaa_auth
log_3359,doc_15,read_phi,phi_rec_95,0,0,0,billing,2025-01-27T13:51:16,benign
log_3360,doc_31,read_phi,phi_rec_1461,0,0,0,billing,2025-07-19T06:52:16,benign
log_3361,doc_21,read_phi,phi_rec_788,0,0,0,marketing,2025-08-28T10:43:54,benign
log_3362,doc_45,read_phi,phi_rec_782,0,0,0,billing,2025-03-25T12:48:56,benign
log_3363,doc_45,read_phi,phi_rec_926,0,0,0,billing,2025-08-28T09:55:34,benign
log_3364,doc_1,read_phi,phi_rec_1869,0,0,0,billing,2025-07-13T15:29:19,benign
log_3365,doc_27,read_phi,phi_rec_1989,1,1,0,research,2025-05-12T23:04:46,benign
log_3366,bclerk_0,read_phi,phi_rec_35,0,0,1,billing,2025-02-08T03:51:42,benign
log_3367,bclerk_3,read_phi,phi_rec_813,0,0,1,billing,2025-02-06T14:29:50,benign
log_3368,doc_17,read_phi,phi_rec_1724,0,0,0,billing,2025-01-25T06:43:05,benign
log_3369,bclerk_8,read_phi,phi_rec_1644,0,0,1,billing,2025-06-09T05:40:03,benign
log_3370,doc_40,read_phi,phi_rec_915,1,1,0,diagnosis,2025-07-24T02:23:03,benign
log_3371,doc_1,read_phi,phi_rec_1230,1,1,0,diagnosis,2025-01-18T10:52:47,benign
log_3372,doc_24,read_phi,phi_rec_1418,1,1,0,diagnosis,2025-03-01T10:16:59,benign
log_3373,doc_27,read_phi,phi_rec_1211,0,0,0,marketing,2025-07-22T00:40:16,benign
log_3374,doc_42,read_phi,phi_rec_1892,0,1,0,marketing,2025-08-19T17:10:14,violation_hipaa_auth
log_3375,doc_20,read_phi,phi_rec_1669,0,0,0,marketing,2025-02-20T10:23:07,benign
log_3376,doc_20,read_phi,phi_rec_1669,0,1,0,diagnosis,2025-01-19T22:46:28,benign
log_3377,doc_7,read_phi,phi_rec_895,0,0,0,billing,2025-05-15T15:20:16,benign
log_3378,doc_37,read_phi,phi_rec_139,1,0,0,research,2025-07-26T23:27:25,benign
log_3379,bclerk_5,read_phi,phi_rec_934,0,0,1,billing,2025-07-04T09:38:59,benign
log_3380,bclerk_10,read_phi,phi_rec_1652,0,0,1,billing,2025-02-17T22:38:11,benign
log_3381,bclerk_5,read_phi,phi_rec_1125,0,0,1,billing,2025-07-19T10:36:23,benign
log_3382,doc_47,read_phi,phi_rec_1436,1,1,0,research,2025-05-31T19:45:34,benign
log_3383,bclerk_0,read_phi,phi_rec_1334,0,0,1,billing,2025-07-30T18:30:44,benign
log_3384,doc_14,read_phi,phi_rec_1229,0,0,0,marketing,2025-07-05T11:44:17,benign
log_3385,doc_45,read_phi,phi_rec_1218,1,1,0,research,2025-03-09T20:19:27,benign
log_3386,doc_40,read_phi,phi_rec_1459,0,0,0,marketing,2025-03-05T18:55:10,benign
log_3387,doc_29,read_phi,phi_rec_1690,1,1,0,diagnosis,2025-06-30T20:53:33,benign
log_3388,doc_18,read_phi,phi_rec_1928,1,1,0,research,2025-02-24T23:43:15,benign
log_3389,doc_44,read_phi,phi_rec_132,1,1,0,diagnosis,2025-06-20T00:52:17,benign
log_3390,doc_8,read_phi,phi_rec_1338,0,0,0,billing,2025-02-25T05:46:42,benign
log_3391,bclerk_3,read_phi,phi_rec_377,0,0,1,billing,2025-07-21T05:23:25,benign
log_3392,doc_43,read_phi,phi_rec_107,0,0,0,research,2025-04-08T19:21:40,benign
log_3393,doc_13,read_phi,phi_rec_852,0,0,0,billing,2025-02-20T17:34:49,benign
log_3394,doc_7,read_phi,phi_rec_1249,1,1,0,diagnosis,2025-06-06T01:49:06,benign
log_3395,doc_1,read_phi,phi_rec_371,0,0,0,billing,2025-06-30T17:12:41,benign
log_3396,bclerk_2,read_phi,phi_rec_814,1,0,0,billing,2025-04-25T06:23:00,violation_hipaa_min_necessary
log_3397,doc_19,read_phi,phi_rec_240,1,1,0,research,2025-08-03T00:58:50,benign
log_3398,doc_45,read_phi,phi_rec_1042,1,1,0,research,2025-02-26T05:24:00,benign
log_3399,doc_34,read_phi,phi_rec_1598,0,0,0,marketing,2025-05-13T03:52:22,benign
log_3400,doc_40,read_phi,phi_rec_268,0,0,0,billing,2025-01-14T15:39:49,benign
log_3401,doc_32,read_phi,phi_rec_1609,0,0,0,marketing,2025-05-17T10:04:46,benign
log_3402,doc_10,read_phi,phi_rec_1435,1,1,0,diagnosis,2025-05-08T06:07:23,benign
log_3403,doc_30,read_phi,phi_rec_9,0,1,0,diagnosis,2025-03-18T15:59:24,benign
log_3404,bclerk_12,read_phi,phi_rec_1503,0,0,1,billing,2025-06-12T13:36:01,benign
log_3405,doc_40,read_phi,phi_rec_1630,0,0,0,marketing,2025-06-29T10:54:50,benign
log_3406,doc_12,read_phi,phi_rec_211,1,0,0,research,2025-04-15T06:31:26,benign
log_3407,bclerk_3,read_phi,phi_rec_1038,0,0,1,billing,2025-03-20T07:02:15,benign
log_3408,doc_30,read_phi,phi_rec_1920,0,0,0,marketing,2025-04-11T06:41:43,benign
log_3409,bclerk_7,read_phi,phi_rec_1080,0,0,1,billing,2025-05-23T13:26:35,benign
log_3410,doc_43,read_phi,phi_rec_1507,1,1,0,research,2025-08-07T11:19:35,benign
log_3411,doc_44,read_phi,phi_rec_888,0,0,0,billing,2025-06-15T18:17:45,benign
log_3412,doc_23,read_phi,phi_rec_841,1,1,0,diagnosis,2025-04-23T06:07:50,benign
log_3413,doc_29,read_phi,phi_rec_1447,1,1,0,research,2025-07-25T16:57:10,benign
log_3414,doc_7,read_phi,phi_rec_172,0,0,0,billing,2025-05-09T14:28:58,benign
log_3415,doc_10,read_phi,phi_rec_224,0,0,0,marketing,2025-04-13T09:16:41,benign
log_3416,doc_24,read_phi,phi_rec_597,1,1,0,diagnosis,2025-05-27T08:33:27,benign
log_3417,bclerk_0,read_phi,phi_rec_1534,0,0,1,billing,2025-08-18T03:54:36,benign
log_3418,doc_27,read_phi,phi_rec_1809,0,0,0,billing,2025-01-22T09:51:17,benign
log_3419,bclerk_4,read_phi,phi_rec_1607,0,0,1,billing,2025-06-14T21:27:44,benign
log_3420,doc_9,read_phi,phi_rec_1003,0,0,0,marketing,2025-01-16T17:23:36,benign
log_3421,doc_2,read_phi,phi_rec_100,0,0,0,marketing,2025-01-14T22:49:43,benign
log_3422,doc_18,read_phi,phi_rec_952,0,0,0,billing,2025-04-17T19:30:58,benign
log_3423,doc_43,read_phi,phi_rec_526,1,0,0,diagnosis,2025-01-13T00:21:15,benign
log_3424,doc_16,read_phi,phi_rec_1887,1,1,0,research,2025-08-05T23:24:33,benign
log_3425,doc_16,read_phi,phi_rec_1520,0,0,0,marketing,2025-01-05T07:27:07,benign
log_3426,doc_23,read_phi,phi_rec_1080,0,0,0,billing,2025-03-07T08:52:49,benign
log_3427,doc_43,read_phi,phi_rec_1506,0,1,0,diagnosis,2025-05-26T01:29:55,benign
log_3428,doc_33,read_phi,phi_rec_1165,1,1,0,diagnosis,2025-03-27T13:32:52,benign
log_3429,doc_33,read_phi,phi_rec_120,0,0,0,marketing,2025-06-06T03:51:52,benign
log_3430,doc_40,read_phi,phi_rec_355,0,1,0,research,2025-03-14T23:34:13,benign
log_3431,doc_0,read_phi,phi_rec_1536,0,0,0,billing,2025-06-07T21:45:47,benign
log_3432,doc_7,read_phi,phi_rec_502,1,1,0,diagnosis,2025-08-18T19:21:02,benign
log_3433,bclerk_0,read_phi,phi_rec_728,0,0,1,marketing,2025-02-08T13:17:54,violation_gdpr_art18
log_3434,bclerk_13,read_phi,phi_rec_1806,0,0,1,billing,2025-06-09T16:21:23,benign
log_3435,doc_31,read_phi,phi_rec_632,0,0,0,billing,2025-06-13T09:50:12,benign
log_3436,doc_24,read_phi,phi_rec_1065,0,0,0,marketing,2025-05-18T07:42:46,benign
log_3437,bclerk_12,read_phi,phi_rec_1608,0,0,1,billing,2025-01-13T07:44:58,benign
log_3438,doc_28,read_phi,phi_rec_1060,1,1,0,research,2025-04-28T21:53:43,benign
log_3439,doc_45,read_phi,phi_rec_1335,1,1,0,diagnosis,2025-03-23T00:43:34,benign
log_3440,doc_47,read_phi,phi_rec_990,1,1,0,diagnosis,2025-02-25T15:31:44,benign
log_3441,doc_48,read_phi,phi_rec_108,0,0,0,billing,2025-02-15T21:03:46,benign
log_3442,bclerk_7,read_phi,phi_rec_1173,0,0,1,billing,2025-07-20T13:11:05,benign
log_3443,doc_12,read_phi,phi_rec_1629,1,1,0,research,2025-04-09T09:04:45,benign
log_3444,doc_26,read_phi,phi_rec_1984,0,0,0,billing,2025-08-13T01:50:29,benign
log_3445,doc_20,read_phi,phi_rec_1546,0,0,0,billing,2025-05-14T00:49:33,benign
log_3446,doc_2,read_phi,phi_rec_628,0,0,0,billing,2025-08-06T16:30:54,benign
log_3447,doc_40,read_phi,phi_rec_525,0,0,0,marketing,2025-04-21T14:22:54,benign
log_3448,bclerk_14,read_phi,phi_rec_1211,0,0,1,billing,2025-02-05T12:20:15,benign
log_3449,doc_40,read_phi,phi_rec_1921,1,1,0,research,2025-03-20T11:30:00,benign
log_3450,doc_34,read_phi,phi_rec_517,0,0,0,billing,2025-01-12T08:39:42,benign
log_3451,doc_23,read_phi,phi_rec_787,0,0,0,billing,2025-04-26T16:15:55,benign
log_3452,bclerk_11,read_phi,phi_rec_818,0,0,1,billing,2025-08-22T21:16:58,benign
log_3453,doc_32,read_phi,phi_rec_1955,1,0,0,diagnosis,2025-02-11T20:26:20,benign
log_3454,bclerk_10,read_phi,phi_rec_1938,0,0,1,billing,2025-01-28T05:53:02,benign
log_3455,doc_21,read_phi,phi_rec_1794,1,1,0,diagnosis,2025-01-14T19:51:23,benign
log_3456,bclerk_5,read_phi,phi_rec_739,0,0,1,billing,2025-08-12T10:09:23,benign
log_3457,doc_18,read_phi,phi_rec_15,1,1,0,diagnosis,2025-07-19T00:33:05,benign
log_3458,doc_37,read_phi,phi_rec_1526,0,0,0,billing,2025-07-11T20:29:35,benign
log_3459,doc_47,read_phi,phi_rec_1082,0,0,0,marketing,2025-01-10T02:51:52,benign
log_3460,doc_34,read_phi,phi_rec_899,0,0,0,marketing,2025-04-22T18:06:27,benign
log_3461,bclerk_9,read_phi,phi_rec_1813,0,0,1,billing,2025-07-01T18:28:48,benign
log_3462,doc_19,read_phi,phi_rec_1853,0,0,0,marketing,2025-07-27T15:07:50,benign
log_3463,doc_20,read_phi,phi_rec_850,0,0,0,billing,2025-01-30T15:25:20,benign
log_3464,doc_20,read_phi,phi_rec_317,1,1,0,diagnosis,2025-04-10T13:04:58,benign
log_3465,doc_7,read_phi,phi_rec_360,1,1,0,diagnosis,2025-07-18T21:59:30,benign
log_3466,doc_6,read_phi,phi_rec_1039,0,0,0,billing,2025-07-26T01:39:37,benign
log_3467,doc_7,read_phi,phi_rec_1866,1,1,0,diagnosis,2025-04-13T02:54:31,benign
log_3468,doc_11,read_phi,phi_rec_1759,1,0,0,diagnosis,2025-05-19T22:52:51,benign
log_3469,doc_30,read_phi,phi_rec_353,1,1,0,research,2025-03-27T18:16:01,benign
log_3470,doc_31,read_phi,phi_rec_1634,1,1,0,research,2025-06-03T03:12:37,benign
log_3471,doc_44,read_phi,phi_rec_281,0,0,0,marketing,2025-07-31T03:22:41,benign
log_3472,doc_35,read_phi,phi_rec_1758,0,0,0,billing,2025-08-29T11:31:35,benign
log_3473,doc_48,read_phi,phi_rec_590,0,1,0,research,2025-01-07T06:16:41,benign
log_3474,doc_8,read_phi,phi_rec_258,0,0,0,marketing,2025-07-24T02:48:54,benign
log_3475,bclerk_5,read_phi,phi_rec_1858,0,0,1,billing,2025-04-12T09:19:16,benign
log_3476,bclerk_11,read_phi,phi_rec_665,0,0,1,billing,2025-06-05T00:46:16,benign
log_3477,doc_16,read_phi,phi_rec_1147,1,1,0,research,2025-03-23T04:32:44,benign
log_3478,doc_30,read_phi,phi_rec_1484,1,0,0,diagnosis,2025-08-19T01:47:49,benign
log_3479,doc_5,read_phi,phi_rec_134,0,1,0,diagnosis,2025-05-09T20:28:34,benign
log_3480,bclerk_14,read_phi,phi_rec_678,0,0,1,billing,2025-06-02T05:52:33,benign
log_3481,doc_14,read_phi,phi_rec_539,1,1,0,research,2025-04-24T07:59:44,benign
log_3482,doc_14,read_phi,phi_rec_1623,1,1,0,research,2025-03-23T14:52:19,benign
log_3483,bclerk_13,read_phi,phi_rec_1969,0,0,1,billing,2025-03-22T00:33:51,benign
log_3484,doc_15,read_phi,phi_rec_1433,1,1,0,research,2025-03-19T23:43:58,benign
log_3485,doc_26,read_phi,phi_rec_1047,0,0,0,marketing,2025-05-25T17:08:03,benign
log_3486,doc_8,read_phi,phi_rec_818,0,0,0,billing,2025-05-20T06:43:37,benign
log_3487,doc_3,read_phi,phi_rec_1181,1,1,0,diagnosis,2025-02-26T19:59:06,benign
log_3488,doc_34,read_phi,phi_rec_1980,0,0,0,marketing,2025-07-12T17:36:18,benign
log_3489,doc_24,read_phi,phi_rec_469,0,1,0,research,2025-08-06T22:23:50,benign
log_3490,doc_40,read_phi,phi_rec_161,1,1,0,diagnosis,2025-08-02T16:48:35,benign
log_3491,bclerk_3,read_phi,phi_rec_432,0,0,1,billing,2025-04-20T22:10:58,benign
log_3492,bclerk_3,read_phi,phi_rec_1057,0,0,1,billing,2025-01-10T15:16:12,benign
log_3493,bclerk_1,read_phi,phi_rec_1109,0,0,1,billing,2025-05-24T01:12:57,benign
log_3494,doc_10,read_phi,phi_rec_471,0,1,0,research,2025-01-03T23:21:18,violation_hipaa_auth
log_3495,doc_31,read_phi,phi_rec_667,0,1,0,diagnosis,2025-01-22T05:26:54,benign
log_3496,doc_0,read_phi,phi_rec_1122,1,0,0,diagnosis,2025-08-22T23:46:39,benign
log_3497,doc_25,read_phi,phi_rec_1021,1,1,0,research,2025-03-28T07:05:37,benign
log_3498,doc_47,read_phi,phi_rec_1162,0,1,0,diagnosis,2025-04-29T04:01:36,benign
log_3499,doc_3,read_phi,phi_rec_1833,0,0,0,marketing,2025-07-13T20:20:58,benign
log_3500,doc_25,read_phi,phi_rec_1474,1,1,0,diagnosis,2025-07-15T04:36:20,benign
log_3501,doc_39,read_phi,phi_rec_1574,0,1,0,billing,2025-03-10T20:19:15,violation_hipaa_auth
log_3502,doc_16,read_phi,phi_rec_941,0,0,0,billing,2025-08-24T20:18:22,benign
log_3503,bclerk_14,read_phi,phi_rec_236,0,0,1,billing,2025-07-16T23:01:28,benign
log_3504,doc_6,read_phi,phi_rec_26,0,0,0,billing,2025-05-29T04:29:57,benign
log_3505,doc_6,read_phi,phi_rec_1444,1,0,0,research,2025-01-12T17:39:56,violation_gdpr_art18
log_3506,doc_7,read_phi,phi_rec_176,0,1,0,research,2025-03-04T21:07:14,benign
log_3507,doc_43,read_phi,phi_rec_115,1,1,0,research,2025-01-16T03:35:23,benign
log_3508,doc_42,read_phi,phi_rec_1358,1,1,0,diagnosis,2025-01-20T08:49:53,benign
log_3509,doc_48,read_phi,phi_rec_1608,1,1,0,diagnosis,2025-07-16T04:40:25,benign
log_3510,bclerk_8,read_phi,phi_rec_1577,0,0,1,billing,2025-04-19T17:05:50,benign
log_3511,doc_21,read_phi,phi_rec_570,1,1,0,diagnosis,2025-07-31T19:17:50,benign
log_3512,doc_15,read_phi,phi_rec_1638,0,0,0,billing,2025-08-08T23:06:41,benign
log_3513,doc_21,read_phi,phi_rec_403,1,1,0,research,2025-05-17T17:14:31,benign
log_3514,doc_45,read_phi,phi_rec_1695,1,1,0,research,2025-03-24T03:31:59,benign
log_3515,bclerk_14,read_phi,phi_rec_284,0,0,1,billing,2025-08-02T11:33:43,benign
log_3516,doc_2,read_phi,phi_rec_412,1,1,0,research,2025-06-18T13:39:06,benign
log_3517,doc_12,read_phi,phi_rec_1151,0,0,0,billing,2025-02-10T14:10:45,benign
log_3518,doc_43,read_phi,phi_rec_1852,1,1,0,diagnosis,2025-08-12T17:11:43,benign
log_3519,bclerk_12,read_phi,phi_rec_1952,1,0,0,billing,2025-01-03T01:20:16,violation_hipaa_min_necessary
log_3520,doc_1,read_phi,phi_rec_189,0,0,0,marketing,2025-08-28T23:01:51,benign
log_3521,doc_0,read_phi,phi_rec_769,1,0,0,research,2025-04-04T13:37:27,benign
log_3522,doc_40,read_phi,phi_rec_897,0,1,0,diagnosis,2025-01-20T12:01:24,benign
log_3523,bclerk_5,read_phi,phi_rec_656,0,1,0,billing,2025-01-22T06:17:20,violation_hipaa_min_necessary
log_3524,bclerk_3,read_phi,phi_rec_1245,0,0,1,billing,2025-04-04T00:55:51,benign
log_3525,doc_47,read_phi,phi_rec_1162,0,0,0,billing,2025-06-21T00:42:59,benign
log_3526,doc_24,read_phi,phi_rec_1403,1,1,0,research,2025-08-11T22:01:40,benign
log_3527,doc_30,read_phi,phi_rec_104,0,0,0,billing,2025-01-03T02:29:27,benign
log_3528,bclerk_13,read_phi,phi_rec_1613,0,0,1,billing,2025-04-06T06:39:20,benign
log_3529,bclerk_9,read_phi,phi_rec_456,0,0,1,billing,2025-01-15T07:57:44,benign
log_3530,bclerk_3,read_phi,phi_rec_562,0,0,1,billing,2025-07-12T02:58:03,benign
log_3531,bclerk_3,read_phi,phi_rec_291,0,0,1,billing,2025-07-04T23:37:10,benign
log_3532,doc_14,read_phi,phi_rec_467,1,0,0,diagnosis,2025-01-04T11:27:01,benign
log_3533,bclerk_10,read_phi,phi_rec_417,0,0,1,billing,2025-04-05T17:28:54,benign
log_3534,doc_10,read_phi,phi_rec_307,0,1,0,diagnosis,2025-04-19T13:45:47,benign
log_3535,doc_28,read_phi,phi_rec_1813,0,0,0,billing,2025-08-08T01:23:34,benign
log_3536,doc_42,read_phi,phi_rec_1358,0,1,0,diagnosis,2025-01-24T02:34:14,benign
log_3537,doc_6,read_phi,phi_rec_1891,0,1,0,diagnosis,2025-03-18T11:25:31,benign
log_3538,doc_27,read_phi,phi_rec_1664,0,0,0,marketing,2025-08-23T14:11:21,benign
log_3539,bclerk_0,read_phi,phi_rec_1319,0,0,1,billing,2025-07-30T11:09:11,benign
log_3540,doc_20,read_phi,phi_rec_531,1,1,0,diagnosis,2025-01-27T19:09:36,benign
log_3541,doc_11,read_phi,phi_rec_868,0,0,0,marketing,2025-03-23T07:28:34,benign
log_3542,doc_45,read_phi,phi_rec_1604,1,1,0,research,2025-04-09T00:24:25,benign
log_3543,doc_3,read_phi,phi_rec_1837,1,1,0,diagnosis,2025-08-26T23:37:20,benign
log_3544,doc_11,read_phi,phi_rec_351,1,0,0,research,2025-03-08T13:59:55,violation_gdpr_art18
log_3545,doc_45,read_phi,phi_rec_61,1,1,0,diagnosis,2025-08-17T08:03:36,benign
log_3546,doc_18,read_phi,phi_rec_1219,0,0,0,marketing,2025-04-23T16:08:53,benign
log_3547,bclerk_11,read_phi,phi_rec_1150,0,0,1,billing,2025-02-22T01:53:30,benign
log_3548,bclerk_13,read_phi,phi_rec_1945,0,1,0,billing,2025-05-10T02:26:26,violation_hipaa_min_necessary
log_3549,doc_7,read_phi,phi_rec_1249,0,0,0,billing,2025-04-28T10:08:09,benign
log_3550,doc_43,read_phi,phi_rec_1512,1,1,0,research,2025-02-20T01:09:55,benign
log_3551,doc_15,read_phi,phi_rec_809,0,0,0,billing,2025-08-10T07:55:16,benign
log_3552,doc_15,read_phi,phi_rec_1352,1,1,0,research,2025-08-02T14:58:01,benign
log_3553,bclerk_1,read_phi,phi_rec_462,0,0,1,billing,2025-05-13T02:02:11,benign
log_3554,bclerk_10,read_phi,phi_rec_1979,0,0,1,billing,2025-04-26T23:37:07,benign
log_3555,doc_28,read_phi,phi_rec_1354,1,1,0,research,2025-02-13T21:38:18,benign
log_3556,doc_34,read_phi,phi_rec_21,0,0,0,marketing,2025-01-14T21:52:48,benign
log_3557,doc_0,read_phi,phi_rec_1013,0,0,0,marketing,2025-03-08T02:13:46,benign
log_3558,doc_18,read_phi,phi_rec_1214,0,0,0,marketing,2025-03-01T04:39:08,benign
log_3559,bclerk_2,read_phi,phi_rec_1723,0,0,1,billing,2025-03-06T10:45:36,benign
log_3560,doc_43,read_phi,phi_rec_1915,0,0,0,billing,2025-01-30T12:05:27,benign
log_3561,doc_30,read_phi,phi_rec_596,1,1,0,research,2025-01-02T19:28:40,benign
log_3562,bclerk_14,read_phi,phi_rec_12,0,0,1,billing,2025-08-01T08:13:33,benign
log_3563,doc_39,read_phi,phi_rec_192,1,1,0,diagnosis,2025-03-22T20:47:25,benign
log_3564,doc_11,read_phi,phi_rec_605,1,1,0,research,2025-02-09T11:33:12,benign
log_3565,doc_43,read_phi,phi_rec_236,0,1,0,diagnosis,2025-01-11T20:29:55,benign
log_3566,doc_4,read_phi,phi_rec_165,0,0,0,billing,2025-01-21T17:53:46,benign
log_3567,doc_7,read_phi,phi_rec_80,0,0,0,marketing,2025-02-10T04:39:20,benign
log_3568,bclerk_5,read_phi,phi_rec_618,0,0,1,billing,2025-05-16T07:35:11,benign
log_3569,doc_20,read_phi,phi_rec_1717,0,0,0,marketing,2025-06-18T23:28:26,benign
log_3570,doc_6,read_phi,phi_rec_208,1,1,0,diagnosis,2025-01-05T04:40:37,benign
log_3571,doc_27,read_phi,phi_rec_1571,0,0,0,billing,2025-02-25T11:13:32,benign
log_3572,bclerk_11,read_phi,phi_rec_1413,0,0,1,billing,2025-02-20T23:56:22,benign
log_3573,bclerk_6,read_phi,phi_rec_664,0,0,1,billing,2025-06-26T21:37:43,benign
log_3574,doc_45,read_phi,phi_rec_1793,0,0,0,billing,2025-01-16T21:15:28,benign
log_3575,bclerk_7,read_phi,phi_rec_718,0,0,1,billing,2025-04-24T23:20:34,benign
log_3576,doc_30,read_phi,phi_rec_215,0,1,0,diagnosis,2025-08-05T17:11:22,benign
log_3577,doc_3,read_phi,phi_rec_1500,0,0,0,marketing,2025-07-26T06:33:34,benign
log_3578,doc_35,read_phi,phi_rec_792,0,0,0,billing,2025-06-28T22:50:58,benign
log_3579,doc_33,read_phi,phi_rec_1768,1,1,0,diagnosis,2025-06-15T09:52:11,benign
log_3580,doc_36,read_phi,phi_rec_581,0,0,0,billing,2025-03-28T05:20:07,benign
log_3581,doc_24,read_phi,phi_rec_664,1,1,0,diagnosis,2025-06-02T02:55:56,benign
log_3582,doc_33,read_phi,phi_rec_1055,0,0,0,billing,2025-01-25T01:44:43,benign
log_3583,doc_43,read_phi,phi_rec_1018,1,1,0,research,2025-01-18T11:43:48,benign
log_3584,doc_4,read_phi,phi_rec_197,1,1,0,research,2025-03-28T20:10:09,benign
log_3585,doc_22,read_phi,phi_rec_1868,1,1,0,research,2025-04-17T23:07:47,benign
log_3586,doc_46,read_phi,phi_rec_766,1,1,0,diagnosis,2025-05-18T21:49:45,benign
log_3587,doc_38,read_phi,phi_rec_312,1,0,0,diagnosis,2025-02-26T21:27:01,benign
log_3588,doc_44,read_phi,phi_rec_448,0,0,0,billing,2025-04-05T15:20:02,benign
log_3589,doc_22,read_phi,phi_rec_1932,1,1,0,diagnosis,2025-06-09T21:19:27,benign
log_3590,doc_35,read_phi,phi_rec_1618,0,1,0,research,2025-04-11T00:52:59,benign
log_3591,doc_22,read_phi,phi_rec_1470,0,0,0,billing,2025-01-22T02:27:16,benign
log_3592,doc_5,read_phi,phi_rec_1090,0,0,0,marketing,2025-07-10T13:59:00,benign
log_3593,bclerk_12,read_phi,phi_rec_217,0,0,1,billing,2025-04-12T22:55:19,benign
log_3594,bclerk_12,read_phi,phi_rec_1638,0,0,1,billing,2025-07-04T07:43:24,benign
log_3595,doc_23,read_phi,phi_rec_516,0,0,0,billing,2025-07-22T01:38:37,benign
log_3596,doc_1,read_phi,phi_rec_1888,0,0,0,billing,2025-08-15T13:06:20,benign
log_3597,doc_34,read_phi,phi_rec_1885,1,1,0,research,2025-02-15T20:39:54,benign
log_3598,doc_33,read_phi,phi_rec_688,1,1,0,research,2025-03-01T23:33:30,benign
log_3599,doc_28,read_phi,phi_rec_69,0,0,0,billing,2025-07-18T14:12:38,benign
log_3600,bclerk_5,read_phi,phi_rec_1924,0,0,1,billing,2025-03-20T14:53:19,benign
log_3601,doc_33,read_phi,phi_rec_924,0,0,0,billing,2025-05-03T06:13:22,benign
log_3602,bclerk_12,read_phi,phi_rec_1531,0,0,1,billing,2025-08-16T22:05:02,benign
log_3603,doc_28,read_phi,phi_rec_970,1,0,0,research,2025-07-15T23:10:44,benign
log_3604,doc_0,read_phi,phi_rec_333,0,0,0,marketing,2025-04-16T13:12:59,benign
log_3605,doc_21,read_phi,phi_rec_82,0,0,0,marketing,2025-06-12T14:08:27,benign
log_3606,doc_42,read_phi,phi_rec_602,1,1,0,diagnosis,2025-03-25T17:13:10,benign
log_3607,doc_48,read_phi,phi_rec_1,1,0,0,diagnosis,2025-05-07T23:57:29,benign
log_3608,doc_19,read_phi,phi_rec_1915,0,1,0,diagnosis,2025-07-23T10:49:20,violation_hipaa_auth
log_3609,doc_16,read_phi,phi_rec_1406,1,1,0,diagnosis,2025-07-24T02:36:09,benign
log_3610,doc_29,read_phi,phi_rec_874,0,0,0,marketing,2025-04-30T06:46:25,benign
log_3611,doc_7,read_phi,phi_rec_1522,1,1,0,research,2025-03-04T01:49:18,benign
log_3612,doc_21,read_phi,phi_rec_152,0,0,0,marketing,2025-04-18T07:28:11,benign
log_3613,doc_30,read_phi,phi_rec_1332,1,1,0,research,2025-02-19T18:29:22,benign
log_3614,doc_41,read_phi,phi_rec_198,1,1,0,diagnosis,2025-03-19T06:02:45,benign
log_3615,doc_10,read_phi,phi_rec_1328,0,0,0,billing,2025-01-10T07:10:23,benign
log_3616,doc_3,read_phi,phi_rec_222,0,0,0,billing,2025-06-20T10:26:07,benign
log_3617,doc_3,read_phi,phi_rec_1538,0,0,0,billing,2025-08-15T07:52:07,benign
log_3618,doc_42,read_phi,phi_rec_1329,1,1,0,diagnosis,2025-04-29T12:35:38,benign
log_3619,doc_34,read_phi,phi_rec_517,1,1,0,research,2025-08-21T08:49:34,benign
log_3620,doc_24,read_phi,phi_rec_1074,0,0,0,marketing,2025-08-23T04:58:49,benign
log_3621,doc_16,read_phi,phi_rec_376,1,1,0,diagnosis,2025-06-25T04:32:45,benign
log_3622,bclerk_6,read_phi,phi_rec_384,0,0,1,billing,2025-05-06T17:57:55,benign
log_3623,doc_28,read_phi,phi_rec_287,1,0,0,diagnosis,2025-07-14T20:36:11,benign
log_3624,doc_34,read_phi,phi_rec_143,0,1,0,research,2025-03-23T03:02:00,violation_hipaa_auth
log_3625,doc_4,read_phi,phi_rec_432,0,0,0,marketing,2025-06-08T22:12:03,benign
log_3626,doc_47,read_phi,phi_rec_1436,0,1,0,research,2025-03-28T06:12:29,benign
log_3627,doc_12,read_phi,phi_rec_1038,0,0,0,billing,2025-07-16T22:54:33,benign
log_3628,doc_29,read_phi,phi_rec_514,1,1,0,diagnosis,2025-03-05T05:34:06,benign
log_3629,doc_40,read_phi,phi_rec_1818,1,1,0,diagnosis,2025-06-26T12:45:58,benign
log_3630,doc_32,read_phi,phi_rec_5,0,1,0,diagnosis,2025-07-05T01:41:52,benign
log_3631,doc_1,read_phi,phi_rec_751,1,1,0,research,2025-03-23T20:12:48,benign
log_3632,doc_9,read_phi,phi_rec_522,1,1,0,diagnosis,2025-01-17T17:10:53,benign
log_3633,doc_22,read_phi,phi_rec_262,0,0,0,marketing,2025-01-24T14:27:43,benign
log_3634,doc_1,read_phi,phi_rec_1287,0,0,0,marketing,2025-07-09T03:22:17,benign
log_3635,bclerk_14,read_phi,phi_rec_1372,0,0,1,billing,2025-02-24T09:55:17,benign
log_3636,doc_46,read_phi,phi_rec_625,0,0,0,marketing,2025-08-25T14:35:57,benign
log_3637,doc_5,read_phi,phi_rec_356,0,0,0,marketing,2025-01-21T01:04:10,benign
log_3638,doc_14,read_phi,phi_rec_1994,0,0,0,billing,2025-03-24T01:49:13,benign
log_3639,doc_25,read_phi,phi_rec_524,0,0,0,marketing,2025-02-02T18:31:49,benign
log_3640,doc_12,read_phi,phi_rec_322,0,0,0,billing,2025-04-13T02:26:08,benign
log_3641,doc_16,read_phi,phi_rec_1159,0,0,0,billing,2025-07-27T04:52:43,benign
log_3642,doc_14,read_phi,phi_rec_1994,1,1,0,research,2025-08-27T05:08:44,benign
log_3643,doc_18,read_phi,phi_rec_1543,0,0,0,billing,2025-07-17T07:06:33,benign
log_3644,doc_40,read_phi,phi_rec_674,0,0,0,marketing,2025-04-01T11:21:12,benign
log_3645,doc_36,read_phi,phi_rec_1941,1,1,0,research,2025-08-16T19:43:01,benign
log_3646,doc_16,read_phi,phi_rec_1167,1,1,0,diagnosis,2025-04-07T02:25:48,benign
log_3647,bclerk_12,read_phi,phi_rec_169,0,0,1,billing,2025-03-27T15:01:21,benign
log_3648,doc_29,read_phi,phi_rec_1098,0,0,0,research,2025-05-14T00:25:04,benign
log_3649,bclerk_2,read_phi,phi_rec_1905,0,0,1,billing,2025-06-29T00:02:48,benign
log_3650,bclerk_0,read_phi,phi_rec_59,1,0,0,billing,2025-05-12T09:25:44,violation_hipaa_min_necessary
log_3651,bclerk_2,read_phi,phi_rec_90,0,0,1,billing,2025-08-12T10:09:56,benign
log_3652,doc_44,read_phi,phi_rec_977,0,0,0,marketing,2025-03-31T05:22:17,benign
log_3653,doc_20,read_phi,phi_rec_997,0,0,0,billing,2025-03-29T14:49:58,benign
log_3654,bclerk_6,read_phi,phi_rec_530,0,0,1,billing,2025-04-07T23:57:16,benign
log_3655,doc_40,read_phi,phi_rec_1029,1,1,0,diagnosis,2025-08-12T22:09:53,benign
log_3656,doc_36,read_phi,phi_rec_1415,0,0,0,billing,2025-05-26T06:42:25,benign
log_3657,doc_22,read_phi,phi_rec_1868,0,0,0,marketing,2025-05-02T21:02:31,benign
log_3658,doc_37,read_phi,phi_rec_553,0,0,0,marketing,2025-05-05T16:57:49,benign
log_3659,doc_36,read_phi,phi_rec_94,1,1,0,diagnosis,2025-03-13T09:03:18,benign
log_3660,doc_33,read_phi,phi_rec_528,1,0,0,diagnosis,2025-01-29T22:09:29,benign
log_3661,doc_40,read_phi,phi_rec_1927,0,0,0,marketing,2025-04-24T09:36:43,benign
log_3662,doc_6,read_phi,phi_rec_1895,1,1,0,research,2025-01-24T22:09:14,benign
log_3663,doc_39,read_phi,phi_rec_101,1,1,0,diagnosis,2025-02-07T16:02:14,benign
log_3664,doc_10,read_phi,phi_rec_1913,0,0,0,billing,2025-08-22T02:22:47,benign
log_3665,doc_14,read_phi,phi_rec_1623,0,0,0,marketing,2025-05-10T13:39:45,benign
log_3666,doc_11,read_phi,phi_rec_1397,0,0,0,billing,2025-02-06T22:31:20,benign
log_3667,doc_7,read_phi,phi_rec_945,1,1,0,diagnosis,2025-05-20T11:50:43,benign
log_3668,doc_16,read_phi,phi_rec_38,0,1,0,diagnosis,2025-02-28T07:44:20,violation_hipaa_auth
log_3669,doc_20,read_phi,phi_rec_1719,0,0,0,billing,2025-04-05T12:51:02,benign
log_3670,doc_6,read_phi,phi_rec_929,0,0,0,billing,2025-02-10T22:57:58,benign
log_3671,doc_30,read_phi,phi_rec_1896,0,0,0,billing,2025-07-18T07:31:18,benign
log_3672,doc_44,read_phi,phi_rec_823,0,0,0,billing,2025-02-16T07:35:30,benign
log_3673,bclerk_9,read_phi,phi_rec_867,0,0,1,billing,2025-03-12T20:40:56,benign
log_3674,doc_24,read_phi,phi_rec_1614,0,0,0,marketing,2025-05-02T17:53:57,benign
log_3675,doc_42,read_phi,phi_rec_1355,0,1,0,research,2025-02-13T23:42:50,benign
log_3676,doc_8,read_phi,phi_rec_1279,0,0,0,marketing,2025-08-28T22:09:47,benign
log_3677,doc_48,read_phi,phi_rec_1191,0,0,0,marketing,2025-01-15T08:23:10,benign
log_3678,doc_42,read_phi,phi_rec_299,0,1,0,diagnosis,2025-08-04T05:32:19,benign
log_3679,doc_33,read_phi,phi_rec_547,1,1,0,research,2025-03-03T23:07:41,benign
log_3680,doc_32,read_phi,phi_rec_1780,0,0,0,marketing,2025-04-14T06:33:55,benign
log_3681,doc_16,read_phi,phi_rec_103,1,1,0,diagnosis,2025-04-16T01:01:48,benign
log_3682,doc_39,read_phi,phi_rec_1445,0,0,0,billing,2025-04-11T20:33:51,benign
log_3683,doc_48,read_phi,phi_rec_948,1,1,0,diagnosis,2025-06-21T07:57:38,benign
log_3684,bclerk_5,read_phi,phi_rec_1442,0,0,1,billing,2025-06-23T07:34:09,benign
log_3685,doc_5,read_phi,phi_rec_356,1,1,0,research,2025-01-31T19:49:41,benign
log_3686,doc_7,read_phi,phi_rec_1581,1,0,0,diagnosis,2025-03-30T21:26:56,benign
log_3687,doc_35,read_phi,phi_rec_1133,0,0,0,billing,2025-08-27T04:59:21,benign
log_3688,bclerk_12,read_phi,phi_rec_1244,0,0,1,billing,2025-04-03T16:43:26,benign
log_3689,bclerk_10,read_phi,phi_rec_629,0,0,1,billing,2025-05-17T20:17:21,benign
log_3690,bclerk_0,read_phi,phi_rec_935,0,0,1,marketing,2025-02-19T16:11:52,violation_gdpr_art18
log_3691,doc_26,read_phi,phi_rec_595,1,0,0,research,2025-06-04T10:31:13,benign
log_3692,bclerk_12,read_phi,phi_rec_765,0,0,1,billing,2025-06-29T12:17:47,benign
log_3693,doc_42,read_phi,phi_rec_299,1,1,0,diagnosis,2025-01-06T01:40:01,benign
log_3694,doc_43,read_phi,phi_rec_1863,0,1,0,diagnosis,2025-07-23T16:09:19,violation_hipaa_auth
log_3695,doc_3,read_phi,phi_rec_1119,0,0,0,billing,2025-05-27T01:28:14,benign
log_3696,bclerk_5,read_phi,phi_rec_1522,0,0,1,billing,2025-01-26T02:46:08,benign
log_3697,bclerk_13,read_phi,phi_rec_138,0,0,1,billing,2025-08-12T19:42:04,benign
log_3698,bclerk_11,read_phi,phi_rec_1130,0,0,1,billing,2025-07-02T18:11:09,benign
log_3699,doc_4,read_phi,phi_rec_587,1,1,0,diagnosis,2025-08-25T16:14:10,benign
log_3700,doc_32,read_phi,phi_rec_5,0,0,0,billing,2025-02-15T02:03:55,benign
log_3701,doc_1,read_phi,phi_rec_1822,1,1,0,diagnosis,2025-03-15T12:17:41,benign
log_3702,doc_36,read_phi,phi_rec_1941,0,1,0,diagnosis,2025-02-05T10:41:20,benign
log_3703,doc_5,read_phi,phi_rec_1462,0,0,0,marketing,2025-04-23T12:34:33,benign
log_3704,doc_40,read_phi,phi_rec_1446,0,0,0,marketing,2025-06-10T14:34:01,benign
log_3705,doc_34,read_phi,phi_rec_593,0,0,0,billing,2025-03-14T11:58:45,benign
log_3706,doc_44,read_phi,phi_rec_1748,1,0,0,research,2025-01-17T06:27:50,benign
log_3707,doc_29,read_phi,phi_rec_250,0,0,0,billing,2025-05-20T14:19:33,benign
log_3708,doc_10,read_phi,phi_rec_1906,0,1,0,diagnosis,2025-06-28T05:05:51,benign
log_3709,doc_8,read_phi,phi_rec_1976,1,0,0,diagnosis,2025-08-18T22:50:55,benign
log_3710,doc_22,read_phi,phi_rec_367,1,1,0,research,2025-05-19T07:44:45,benign
log_3711,doc_27,read_phi,phi_rec_1605,1,1,0,diagnosis,2025-07-23T04:46:29,benign
log_3712,doc_43,read_phi,phi_rec_1852,0,0,0,billing,2025-03-15T01:43:46,benign
log_3713,doc_3,read_phi,phi_rec_1369,0,1,0,diagnosis,2025-07-07T18:00:25,benign
log_3714,bclerk_5,read_phi,phi_rec_1996,0,0,1,billing,2025-02-25T10:41:11,benign
log_3715,doc_13,read_phi,phi_rec_1070,1,1,0,research,2025-06-04T08:04:32,benign
log_3716,bclerk_4,read_phi,phi_rec_155,0,0,1,billing,2025-03-10T20:54:03,benign
log_3717,doc_4,read_phi,phi_rec_950,0,0,0,marketing,2025-02-19T00:18:12,benign
log_3718,doc_27,read_phi,phi_rec_1040,0,0,0,marketing,2025-08-17T11:18:46,benign
log_3719,doc_20,read_phi,phi_rec_93,0,0,0,billing,2025-08-09T08:27:55,benign
log_3720,doc_22,read_phi,phi_rec_242,0,0,0,billing,2025-01-31T23:26:20,benign
log_3721,doc_20,read_phi,phi_rec_1697,0,0,0,billing,2025-02-20T09:19:44,benign
log_3722,doc_40,read_phi,phi_rec_168,0,0,0,marketing,2025-08-23T12:10:54,benign
log_3723,doc_25,read_phi,phi_rec_1720,0,1,0,research,2025-03-14T02:00:09,benign
log_3724,bclerk_6,read_phi,phi_rec_1161,0,0,1,billing,2025-07-21T09:04:32,benign
log_3725,doc_12,read_phi,phi_rec_211,1,1,0,diagnosis,2025-03-09T23:05:33,benign
log_3726,doc_19,read_phi,phi_rec_801,1,0,0,diagnosis,2025-03-27T08:05:54,benign
log_3727,bclerk_6,read_phi,phi_rec_558,0,0,1,billing,2025-02-21T05:38:17,benign
log_3728,bclerk_13,read_phi,phi_rec_785,0,0,1,billing,2025-02-22T13:41:33,benign
log_3729,bclerk_4,read_phi,phi_rec_1918,0,0,1,billing,2025-08-17T15:00:32,benign
log_3730,doc_49,read_phi,phi_rec_1564,0,0,0,marketing,2025-05-15T10:43:21,benign
log_3731,doc_22,read_phi,phi_rec_932,1,0,0,research,2025-06-09T01:59:33,benign
log_3732,doc_38,read_phi,phi_rec_384,1,1,0,diagnosis,2025-04-16T06:12:24,benign
log_3733,doc_26,read_phi,phi_rec_846,0,0,0,billing,2025-07-28T17:26:47,benign
log_3734,bclerk_9,read_phi,phi_rec_848,0,0,1,billing,2025-02-06T14:49:27,benign
log_3735,doc_0,read_phi,phi_rec_249,0,0,0,billing,2025-07-15T17:42:55,benign
log_3736,doc_16,read_phi,phi_rec_1860,1,1,0,diagnosis,2025-04-18T17:19:49,benign
log_3737,doc_47,read_phi,phi_rec_543,0,0,0,billing,2025-06-15T06:17:11,benign
log_3738,doc_5,read_phi,phi_rec_711,1,1,0,research,2025-07-14T16:20:00,benign
log_3739,doc_43,read_phi,phi_rec_1628,1,1,0,diagnosis,2025-06-29T15:24:32,benign
log_3740,bclerk_8,read_phi,phi_rec_1130,0,0,1,billing,2025-03-18T00:59:17,benign
log_3741,bclerk_3,read_phi,phi_rec_1860,0,0,1,billing,2025-03-28T15:16:28,benign
log_3742,doc_14,read_phi,phi_rec_1229,0,0,0,marketing,2025-08-26T05:51:10,benign
log_3743,doc_36,read_phi,phi_rec_94,0,0,0,billing,2025-06-25T10:49:14,benign
log_3744,doc_12,read_phi,phi_rec_142,1,1,0,research,2025-05-16T01:14:14,benign
log_3745,doc_48,read_phi,phi_rec_1782,0,0,0,billing,2025-04-28T09:59:20,benign
log_3746,doc_32,read_phi,phi_rec_1955,0,0,0,billing,2025-04-15T06:51:03,benign
log_3747,doc_25,read_phi,phi_rec_1456,0,1,0,billing,2025-07-03T11:12:20,violation_hipaa_auth
log_3748,doc_44,read_phi,phi_rec_495,0,0,0,billing,2025-07-11T19:42:38,benign
log_3749,doc_25,read_phi,phi_rec_434,1,1,0,diagnosis,2025-04-23T19:21:29,benign
log_3750,doc_5,read_phi,phi_rec_837,1,1,0,diagnosis,2025-07-25T05:37:46,benign
log_3751,bclerk_9,read_phi,phi_rec_951,0,0,1,billing,2025-05-12T07:05:35,benign
log_3752,doc_13,read_phi,phi_rec_374,0,0,0,marketing,2025-01-04T07:21:37,benign
log_3753,doc_28,read_phi,phi_rec_970,0,0,0,billing,2025-04-27T12:05:47,benign
log_3754,doc_8,read_phi,phi_rec_421,0,0,0,billing,2025-04-12T08:47:35,benign
log_3755,doc_30,read_phi,phi_rec_104,0,0,0,marketing,2025-04-28T22:01:33,benign
log_3756,bclerk_12,read_phi,phi_rec_96,0,0,1,billing,2025-05-25T05:45:57,benign
log_3757,bclerk_3,read_phi,phi_rec_985,0,0,1,billing,2025-03-04T09:59:06,benign
log_3758,doc_14,read_phi,phi_rec_1086,0,0,0,billing,2025-02-17T05:25:51,benign
log_3759,doc_42,read_phi,phi_rec_919,0,0,0,billing,2025-06-30T12:46:41,benign
log_3760,doc_30,read_phi,phi_rec_31,0,1,0,research,2025-03-20T11:01:10,benign
log_3761,doc_0,read_phi,phi_rec_603,0,0,0,billing,2025-06-23T06:50:38,benign
log_3762,doc_19,read_phi,phi_rec_1002,1,1,0,research,2025-04-29T21:09:59,benign
log_3763,doc_9,read_phi,phi_rec_631,1,1,0,diagnosis,2025-03-09T16:57:01,benign
log_3764,doc_10,read_phi,phi_rec_1532,0,0,0,billing,2025-01-15T12:26:11,benign
log_3765,doc_42,read_phi,phi_rec_1357,0,0,0,marketing,2025-01-01T00:08:12,benign
log_3766,doc_42,read_phi,phi_rec_130,0,0,0,billing,2025-08-02T02:32:42,benign
log_3767,doc_47,read_phi,phi_rec_1162,1,1,0,research,2025-02-06T08:11:19,benign
log_3768,bclerk_12,read_phi,phi_rec_1561,0,0,1,billing,2025-04-03T01:47:59,benign
log_3769,doc_4,read_phi,phi_rec_494,0,1,0,diagnosis,2025-02-01T16:57:54,benign
log_3770,doc_29,read_phi,phi_rec_1787,1,0,0,diagnosis,2025-02-13T20:07:50,benign
log_3771,doc_24,read_phi,phi_rec_1062,0,0,0,billing,2025-07-07T21:48:54,benign
log_3772,bclerk_3,read_phi,phi_rec_601,0,0,1,billing,2025-07-20T12:03:40,benign
log_3773,doc_27,read_phi,phi_rec_871,0,0,0,marketing,2025-07-28T05:54:09,benign
log_3774,doc_22,read_phi,phi_rec_1169,0,0,0,billing,2025-02-15T19:49:03,benign
log_3775,doc_6,read_phi,phi_rec_798,0,0,0,marketing,2025-07-23T13:48:02,benign
log_3776,doc_8,read_phi,phi_rec_400,1,1,0,diagnosis,2025-04-05T12:50:28,benign
log_3777,doc_24,read_phi,phi_rec_617,1,1,0,diagnosis,2025-08-22T03:14:38,benign
log_3778,bclerk_9,read_phi,phi_rec_464,0,0,1,billing,2025-04-01T20:32:20,benign
log_3779,doc_10,read_phi,phi_rec_283,0,0,0,billing,2025-04-28T20:31:05,benign
log_3780,doc_43,read_phi,phi_rec_526,1,0,0,diagnosis,2025-05-27T10:20:44,benign
log_3781,doc_38,read_phi,phi_rec_91,0,1,0,research,2025-01-27T23:27:03,benign
log_3782,bclerk_12,read_phi,phi_rec_18,0,0,1,billing,2025-05-26T14:42:33,benign
log_3783,doc_5,read_phi,phi_rec_906,0,0,0,billing,2025-03-10T19:03:13,benign
log_3784,doc_11,read_phi,phi_rec_1759,1,1,0,diagnosis,2025-04-03T10:34:37,benign
log_3785,doc_5,read_phi,phi_rec_1704,1,1,0,diagnosis,2025-02-02T18:07:07,benign
log_3786,doc_43,read_phi,phi_rec_1922,1,1,0,diagnosis,2025-01-09T19:29:17,benign
log_3787,doc_33,read_phi,phi_rec_876,1,1,0,diagnosis,2025-02-26T18:21:23,benign
log_3788,doc_39,read_phi,phi_rec_1849,0,0,0,billing,2025-04-27T14:47:04,benign
log_3789,doc_26,read_phi,phi_rec_331,0,1,0,diagnosis,2025-07-25T01:47:46,benign
log_3790,doc_49,read_phi,phi_rec_409,0,1,0,diagnosis,2025-03-07T20:30:39,benign
log_3791,doc_18,read_phi,phi_rec_770,1,1,0,diagnosis,2025-03-26T19:06:20,benign
log_3792,doc_26,read_phi,phi_rec_815,0,0,0,billing,2025-08-26T16:35:54,benign
log_3793,doc_12,read_phi,phi_rec_98,0,0,0,billing,2025-04-12T16:13:04,benign
log_3794,doc_10,read_phi,phi_rec_1579,1,1,0,diagnosis,2025-06-28T02:44:36,benign
log_3795,doc_19,read_phi,phi_rec_436,1,1,0,diagnosis,2025-04-19T13:08:55,benign
log_3796,doc_2,read_phi,phi_rec_451,0,0,0,marketing,2025-07-05T17:37:59,benign
log_3797,doc_23,read_phi,phi_rec_418,1,1,0,research,2025-05-14T19:39:58,benign
log_3798,doc_48,read_phi,phi_rec_1741,0,0,0,marketing,2025-08-14T06:39:12,benign
log_3799,doc_35,read_phi,phi_rec_1747,0,0,0,billing,2025-05-07T11:01:04,benign
log_3800,doc_18,read_phi,phi_rec_1928,0,0,0,billing,2025-05-03T11:14:26,benign
log_3801,bclerk_2,read_phi,phi_rec_1625,0,0,1,billing,2025-07-19T21:49:09,benign
log_3802,bclerk_7,read_phi,phi_rec_1735,0,0,1,billing,2025-05-17T16:51:39,benign
log_3803,doc_27,read_phi,phi_rec_1659,1,1,0,research,2025-03-29T16:23:26,benign
log_3804,doc_19,read_phi,phi_rec_894,1,1,0,research,2025-08-25T08:53:27,benign
log_3805,bclerk_11,read_phi,phi_rec_1361,0,0,1,billing,2025-08-20T01:38:02,benign
log_3806,doc_47,read_phi,phi_rec_1162,1,0,0,research,2025-01-11T03:23:51,benign
log_3807,doc_49,read_phi,phi_rec_896,0,0,0,marketing,2025-05-14T12:22:46,benign
log_3808,doc_30,read_phi,phi_rec_1332,0,0,0,billing,2025-08-24T17:57:12,benign
log_3809,doc_43,read_phi,phi_rec_1258,0,0,0,billing,2025-05-07T06:12:58,benign
log_3810,doc_7,read_phi,phi_rec_767,1,1,0,research,2025-06-22T00:00:47,benign
log_3811,doc_12,read_phi,phi_rec_1342,0,0,0,marketing,2025-01-04T00:05:17,benign
log_3812,bclerk_14,read_phi,phi_rec_473,0,0,1,billing,2025-08-16T18:10:56,benign
log_3813,bclerk_7,read_phi,phi_rec_1240,0,0,1,billing,2025-04-06T12:47:21,benign
log_3814,doc_38,read_phi,phi_rec_1585,0,0,0,billing,2025-01-24T02:34:48,benign
log_3815,doc_18,read_phi,phi_rec_886,1,1,0,diagnosis,2025-02-08T07:12:53,benign
log_3816,bclerk_2,read_phi,phi_rec_698,0,0,1,billing,2025-07-06T02:21:40,benign
log_3817,doc_29,read_phi,phi_rec_1790,0,0,0,billing,2025-02-02T17:14:21,benign
log_3818,bclerk_2,read_phi,phi_rec_538,0,0,1,billing,2025-08-08T00:58:36,benign
log_3819,doc_25,read_phi,phi_rec_1289,0,0,0,marketing,2025-01-28T10:14:37,benign
log_3820,doc_35,read_phi,phi_rec_420,0,0,0,billing,2025-08-19T06:56:24,benign
log_3821,doc_10,read_phi,phi_rec_571,0,0,0,billing,2025-08-28T17:19:37,benign
log_3822,doc_37,read_phi,phi_rec_1945,1,1,0,diagnosis,2025-07-27T02:19:54,benign
log_3823,doc_41,read_phi,phi_rec_1739,0,0,0,marketing,2025-06-04T01:25:51,benign
log_3824,doc_6,read_phi,phi_rec_26,1,1,0,research,2025-04-23T00:05:58,benign
log_3825,bclerk_12,read_phi,phi_rec_40,0,0,1,billing,2025-04-25T17:17:00,benign
log_3826,bclerk_12,read_phi,phi_rec_1882,0,0,1,billing,2025-02-24T06:11:19,benign
log_3827,bclerk_11,read_phi,phi_rec_79,0,0,1,billing,2025-03-23T03:55:54,benign
log_3828,bclerk_2,read_phi,phi_rec_49,0,0,1,billing,2025-07-22T11:22:01,benign
log_3829,bclerk_6,read_phi,phi_rec_379,0,0,1,billing,2025-06-05T16:00:53,benign
log_3830,bclerk_9,read_phi,phi_rec_1028,0,0,1,billing,2025-03-26T07:48:22,benign
log_3831,doc_16,read_phi,phi_rec_613,1,1,0,diagnosis,2025-04-05T13:44:26,benign
log_3832,doc_39,read_phi,phi_rec_341,1,0,0,research,2025-05-25T19:19:30,violation_gdpr_art18
log_3833,doc_22,read_phi,phi_rec_1868,0,0,0,marketing,2025-07-31T12:39:18,benign
log_3834,doc_35,read_phi,phi_rec_311,0,0,0,billing,2025-03-23T08:43:07,benign
log_3835,bclerk_6,read_phi,phi_rec_1856,1,0,0,billing,2025-08-28T06:38:56,violation_hipaa_min_necessary
log_3836,doc_7,read_phi,phi_rec_1757,0,1,0,diagnosis,2025-02-23T11:45:38,violation_hipaa_auth
log_3837,doc_14,read_phi,phi_rec_1925,0,1,0,diagnosis,2025-07-16T13:15:03,benign
log_3838,bclerk_12,read_phi,phi_rec_1598,0,0,1,billing,2025-04-23T18:25:55,benign
log_3839,doc_14,read_phi,phi_rec_1359,1,1,0,research,2025-07-06T03:53:08,benign
log_3840,doc_35,read_phi,phi_rec_1483,1,1,0,research,2025-07-03T05:48:20,benign
log_3841,doc_2,read_phi,phi_rec_1118,1,1,0,diagnosis,2025-08-03T00:45:21,benign
log_3842,doc_22,read_phi,phi_rec_1811,1,1,0,diagnosis,2025-04-05T18:31:12,benign
log_3843,doc_31,read_phi,phi_rec_521,1,1,0,research,2025-06-17T06:43:39,benign
log_3844,doc_0,read_phi,phi_rec_847,0,1,0,diagnosis,2025-02-17T05:36:02,benign
log_3845,doc_29,read_phi,phi_rec_1790,1,1,0,research,2025-08-19T21:58:18,benign
log_3846,doc_48,read_phi,phi_rec_1675,0,0,0,billing,2025-05-16T11:22:27,benign
log_3847,doc_44,read_phi,phi_rec_1301,0,0,0,billing,2025-04-18T17:11:49,benign
log_3848,doc_37,read_phi,phi_rec_1508,0,0,0,billing,2025-05-25T05:54:35,benign
log_3849,doc_17,read_phi,phi_rec_859,1,1,0,research,2025-03-10T10:36:03,benign
log_3850,doc_11,read_phi,phi_rec_1573,0,0,0,billing,2025-01-25T22:29:25,benign
log_3851,doc_42,read_phi,phi_rec_985,1,1,0,diagnosis,2025-03-08T02:22:25,benign
log_3852,doc_32,read_phi,phi_rec_715,0,0,0,marketing,2025-04-08T00:28:16,benign
log_3853,doc_1,read_phi,phi_rec_179,1,1,0,research,2025-04-18T23:38:40,benign
log_3854,doc_15,read_phi,phi_rec_947,1,0,0,diagnosis,2025-06-22T01:40:28,benign
log_3855,bclerk_5,read_phi,phi_rec_1316,0,0,1,billing,2025-04-17T18:18:19,benign
log_3856,bclerk_0,read_phi,phi_rec_1416,0,0,1,billing,2025-08-24T17:19:29,benign
log_3857,bclerk_14,read_phi,phi_rec_58,0,0,1,billing,2025-08-21T19:22:49,benign
log_3858,doc_6,read_phi,phi_rec_26,0,0,0,marketing,2025-08-27T16:20:51,benign
log_3859,doc_22,read_phi,phi_rec_262,1,1,0,research,2025-07-03T23:36:13,benign
log_3860,doc_47,read_phi,phi_rec_1106,1,1,0,diagnosis,2025-04-01T21:44:28,benign
log_3861,doc_34,read_phi,phi_rec_1368,1,1,0,diagnosis,2025-07-03T18:16:38,benign
log_3862,bclerk_1,read_phi,phi_rec_1875,0,0,1,billing,2025-04-03T06:17:05,benign
log_3863,doc_29,read_phi,phi_rec_645,0,0,0,billing,2025-05-17T22:51:23,benign
log_3864,doc_6,read_phi,phi_rec_1039,0,1,0,diagnosis,2025-03-10T18:57:04,benign
log_3865,doc_11,read_phi,phi_rec_857,1,1,0,diagnosis,2025-01-17T18:13:38,benign
log_3866,doc_36,read_phi,phi_rec_1036,0,0,0,billing,2025-03-28T12:37:29,benign
log_3867,doc_11,read_phi,phi_rec_1291,1,1,0,research,2025-03-15T10:36:24,benign
log_3868,doc_15,read_phi,phi_rec_58,0,0,0,billing,2025-04-10T10:32:00,benign
log_3869,bclerk_13,read_phi,phi_rec_1882,0,0,1,billing,2025-08-15T10:37:07,benign
log_3870,doc_34,read_phi,phi_rec_190,1,1,0,diagnosis,2025-07-13T00:43:24,benign
log_3871,bclerk_10,read_phi,phi_rec_327,0,0,1,billing,2025-03-30T08:02:24,benign
log_3872,doc_30,read_phi,phi_rec_261,0,0,0,marketing,2025-08-29T14:47:43,benign
log_3873,doc_8,read_phi,phi_rec_1279,0,0,0,billing,2025-02-26T15:28:26,benign
log_3874,bclerk_5,read_phi,phi_rec_1298,0,0,1,billing,2025-01-14T02:15:57,benign
log_3875,doc_6,read_phi,phi_rec_208,0,0,0,billing,2025-06-02T12:07:37,benign
log_3876,bclerk_0,read_phi,phi_rec_1306,0,0,1,marketing,2025-04-06T08:20:26,violation_gdpr_art18
log_3877,bclerk_3,read_phi,phi_rec_1550,0,0,1,billing,2025-07-13T23:01:45,benign
log_3878,bclerk_1,read_phi,phi_rec_1730,0,0,1,billing,2025-06-14T01:02:39,benign
log_3879,doc_37,read_phi,phi_rec_1277,1,0,0,diagnosis,2025-05-07T20:40:14,benign
log_3880,doc_48,read_phi,phi_rec_1771,1,1,0,research,2025-08-02T17:19:12,benign
log_3881,doc_6,read_phi,phi_rec_727,1,1,0,diagnosis,2025-04-11T20:22:55,benign
log_3882,bclerk_1,read_phi,phi_rec_263,0,0,1,billing,2025-07-29T08:19:45,benign
log_3883,doc_7,read_phi,phi_rec_502,0,0,0,billing,2025-01-01T19:37:49,benign
log_3884,doc_26,read_phi,phi_rec_1182,0,0,0,billing,2025-07-21T17:15:54,benign
log_3885,bclerk_8,read_phi,phi_rec_861,0,0,1,billing,2025-06-28T19:20:14,benign
log_3886,doc_2,read_phi,phi_rec_508,0,1,0,research,2025-01-24T02:04:29,benign
log_3887,doc_13,read_phi,phi_rec_1008,1,1,0,diagnosis,2025-08-06T18:50:48,benign
log_3888,doc_30,read_phi,phi_rec_1168,1,0,0,research,2025-06-28T12:50:10,benign
log_3889,doc_43,read_phi,phi_rec_480,1,1,0,research,2025-07-12T21:14:31,benign
log_3890,doc_28,read_phi,phi_rec_498,0,0,0,billing,2025-02-26T19:10:03,benign
log_3891,doc_2,read_phi,phi_rec_293,1,1,0,diagnosis,2025-03-08T07:46:22,benign
log_3892,doc_5,read_phi,phi_rec_856,0,0,0,billing,2025-07-30T03:07:15,benign
log_3893,doc_2,read_phi,phi_rec_580,0,0,0,diagnosis,2025-08-16T21:17:04,benign
log_3894,doc_6,read_phi,phi_rec_519,0,0,0,billing,2025-07-11T20:16:55,benign
log_3895,doc_22,read_phi,phi_rec_1842,0,0,0,diagnosis,2025-06-03T16:48:19,benign
log_3896,doc_41,read_phi,phi_rec_366,1,0,0,diagnosis,2025-08-16T15:36:01,benign
log_3897,doc_45,read_phi,phi_rec_148,0,0,0,billing,2025-06-02T03:53:10,benign
log_3898,bclerk_13,read_phi,phi_rec_996,0,0,1,billing,2025-02-17T02:25:14,benign
log_3899,doc_48,read_phi,phi_rec_1741,1,1,0,diagnosis,2025-03-03T15:40:05,benign
log_3900,doc_26,read_phi,phi_rec_1856,1,1,0,diagnosis,2025-04-20T01:15:44,benign
log_3901,doc_28,read_phi,phi_rec_1060,1,1,0,diagnosis,2025-02-21T19:48:09,benign
log_3902,doc_45,read_phi,phi_rec_1840,1,0,0,research,2025-03-09T20:32:00,benign
log_3903,doc_21,read_phi,phi_rec_435,1,1,0,diagnosis,2025-06-24T04:34:51,benign
log_3904,doc_14,read_phi,phi_rec_485,0,0,0,billing,2025-02-03T21:33:50,benign
log_3905,doc_10,read_phi,phi_rec_1841,1,1,0,diagnosis,2025-07-29T22:32:24,benign
log_3906,doc_2,read_phi,phi_rec_1746,1,1,0,diagnosis,2025-04-26T10:10:58,benign
log_3907,bclerk_5,read_phi,phi_rec_144,0,0,1,billing,2025-03-02T08:21:21,benign
log_3908,doc_33,read_phi,phi_rec_946,0,0,0,billing,2025-08-06T22:37:03,benign
log_3909,doc_14,read_phi,phi_rec_563,0,0,0,billing,2025-07-29T13:31:26,benign
log_3910,doc_9,read_phi,phi_rec_511,0,0,0,marketing,2025-06-21T07:19:42,benign
log_3911,doc_14,read_phi,phi_rec_1134,1,1,0,diagnosis,2025-04-04T19:31:02,benign
log_3912,doc_21,read_phi,phi_rec_1804,0,0,0,marketing,2025-02-18T08:19:32,benign
log_3913,bclerk_11,read_phi,phi_rec_364,0,0,1,billing,2025-01-20T03:14:37,benign
log_3914,doc_19,read_phi,phi_rec_199,0,1,0,diagnosis,2025-01-19T16:45:38,benign
log_3915,doc_48,read_phi,phi_rec_909,0,0,0,marketing,2025-08-10T10:48:50,benign
log_3916,doc_46,read_phi,phi_rec_1742,1,1,0,diagnosis,2025-03-08T18:24:20,benign
log_3917,doc_44,read_phi,phi_rec_1748,1,1,0,research,2025-02-27T08:31:45,benign
log_3918,doc_13,read_phi,phi_rec_885,0,0,0,billing,2025-03-05T05:52:00,benign
log_3919,bclerk_11,read_phi,phi_rec_548,0,0,1,billing,2025-04-07T21:05:36,benign
log_3920,doc_19,read_phi,phi_rec_1731,0,0,0,marketing,2025-07-29T03:43:39,benign
log_3921,bclerk_6,read_phi,phi_rec_133,0,0,1,billing,2025-02-07T21:40:38,benign
log_3922,doc_41,read_phi,phi_rec_131,0,1,0,diagnosis,2025-07-20T15:58:11,benign
log_3923,doc_48,read_phi,phi_rec_909,1,1,0,research,2025-06-01T18:33:11,benign
log_3924,bclerk_0,read_phi,phi_rec_1419,0,0,1,billing,2025-04-16T18:36:08,benign
log_3925,doc_16,read_phi,phi_rec_361,1,1,0,research,2025-08-09T00:17:29,benign
log_3926,bclerk_9,read_phi,phi_rec_775,0,0,1,billing,2025-03-11T13:33:19,benign
log_3927,bclerk_14,read_phi,phi_rec_1748,0,0,1,billing,2025-07-07T02:01:17,benign
log_3928,doc_16,read_phi,phi_rec_1762,0,0,0,billing,2025-05-06T04:29:23,benign
log_3929,doc_15,read_phi,phi_rec_947,1,1,0,research,2025-02-18T08:53:32,benign
log_3930,doc_26,read_phi,phi_rec_125,0,1,0,diagnosis,2025-02-21T03:50:35,benign
log_3931,doc_36,read_phi,phi_rec_459,1,1,0,research,2025-03-28T02:42:15,benign
log_3932,doc_3,read_phi,phi_rec_320,1,1,0,diagnosis,2025-03-02T12:40:31,benign
log_3933,bclerk_0,read_phi,phi_rec_101,0,0,1,marketing,2025-06-27T15:58:50,violation_gdpr_art18
log_3934,doc_49,read_phi,phi_rec_221,1,1,0,diagnosis,2025-08-22T06:03:00,benign
log_3935,doc_28,read_phi,phi_rec_1052,0,0,0,marketing,2025-03-05T19:40:27,benign
log_3936,doc_29,read_phi,phi_rec_1616,0,0,0,billing,2025-03-30T02:20:37,benign
log_3937,doc_0,read_phi,phi_rec_1559,0,0,0,marketing,2025-04-25T03:54:25,benign
log_3938,doc_2,read_phi,phi_rec_1897,1,1,0,research,2025-03-09T20:23:10,benign
log_3939,doc_17,read_phi,phi_rec_358,0,0,0,billing,2025-07-10T11:18:32,benign
log_3940,doc_47,read_phi,phi_rec_454,0,0,0,billing,2025-01-30T11:18:23,benign
log_3941,doc_11,read_phi,phi_rec_1950,0,0,0,marketing,2025-05-10T18:47:28,benign
log_3942,bclerk_1,read_phi,phi_rec_1654,0,0,1,billing,2025-04-01T17:23:51,benign
log_3943,doc_0,read_phi,phi_rec_1022,0,1,0,research,2025-08-21T17:34:21,violation_gdpr_art18
log_3944,bclerk_8,read_phi,phi_rec_696,0,0,1,billing,2025-02-28T10:33:18,benign
log_3945,doc_20,read_phi,phi_rec_1384,0,0,0,billing,2025-08-20T12:21:35,benign
log_3946,doc_42,read_phi,phi_rec_1262,0,0,0,billing,2025-01-05T01:01:32,benign
log_3947,doc_5,read_phi,phi_rec_48,0,0,0,marketing,2025-03-30T02:17:08,benign
log_3948,doc_32,read_phi,phi_rec_204,0,0,0,billing,2025-07-16T01:12:21,benign
log_3949,bclerk_14,read_phi,phi_rec_1980,0,0,1,billing,2025-04-12T01:03:13,benign
log_3950,bclerk_5,read_phi,phi_rec_1340,0,0,1,billing,2025-01-10T00:31:52,benign
log_3951,bclerk_2,read_phi,phi_rec_138,0,0,1,billing,2025-07-03T21:04:40,benign
log_3952,doc_9,read_phi,phi_rec_1533,0,0,0,billing,2025-05-12T05:09:09,benign
log_3953,doc_26,read_phi,phi_rec_1047,0,1,0,diagnosis,2025-07-08T22:23:59,benign
log_3954,doc_9,read_phi,phi_rec_1054,0,0,0,billing,2025-07-30T20:23:30,benign
log_3955,doc_22,read_phi,phi_rec_213,1,1,0,research,2025-03-14T06:53:41,benign
log_3956,doc_4,read_phi,phi_rec_699,0,0,0,billing,2025-03-08T03:19:36,benign
log_3957,bclerk_4,read_phi,phi_rec_1348,0,0,1,billing,2025-01-09T05:49:18,benign
log_3958,doc_36,read_phi,phi_rec_296,0,0,0,marketing,2025-03-19T12:51:08,benign
log_3959,doc_17,read_phi,phi_rec_1696,1,0,0,research,2025-02-10T15:14:32,benign
log_3960,doc_6,read_phi,phi_rec_658,0,1,0,research,2025-04-03T09:04:41,violation_gdpr_art18
log_3961,doc_30,read_phi,phi_rec_780,1,0,0,research,2025-08-15T21:55:36,benign
log_3962,doc_22,read_phi,phi_rec_1470,1,0,0,research,2025-08-06T00:27:32,violation_gdpr_art18
log_3963,doc_4,read_phi,phi_rec_729,0,0,0,marketing,2025-02-20T14:36:36,benign
log_3964,bclerk_5,read_phi,phi_rec_1101,0,0,1,billing,2025-06-26T09:45:24,benign
log_3965,bclerk_3,read_phi,phi_rec_348,0,0,1,billing,2025-08-02T15:29:34,benign
log_3966,doc_47,read_phi,phi_rec_1566,1,1,0,diagnosis,2025-01-08T14:08:11,benign
log_3967,doc_49,read_phi,phi_rec_1839,1,1,0,diagnosis,2025-08-28T10:50:12,benign
log_3968,doc_13,read_phi,phi_rec_1070,0,0,0,marketing,2025-06-09T12:18:38,benign
log_3969,doc_45,read_phi,phi_rec_1218,1,0,0,diagnosis,2025-04-03T04:40:40,benign
log_3970,bclerk_14,read_phi,phi_rec_669,0,0,1,billing,2025-07-23T23:40:15,benign
log_3971,doc_4,read_phi,phi_rec_494,0,0,0,billing,2025-06-02T18:10:56,benign
log_3972,doc_9,read_phi,phi_rec_1466,0,1,0,research,2025-03-09T04:33:52,benign
log_3973,doc_4,read_phi,phi_rec_494,1,1,0,research,2025-01-16T05:11:51,benign
log_3974,doc_45,read_phi,phi_rec_148,0,0,0,marketing,2025-05-06T18:57:52,benign
log_3975,doc_6,read_phi,phi_rec_1895,1,1,0,diagnosis,2025-03-30T11:59:59,benign
log_3976,doc_21,read_phi,phi_rec_1137,0,0,0,billing,2025-04-29T08:08:01,benign
log_3977,doc_48,read_phi,phi_rec_811,1,1,0,diagnosis,2025-04-12T02:22:29,benign
log_3978,bclerk_8,read_phi,phi_rec_1648,0,0,1,billing,2025-08-26T08:17:27,benign
log_3979,doc_7,read_phi,phi_rec_147,1,1,0,diagnosis,2025-03-16T07:42:00,benign
log_3980,doc_9,read_phi,phi_rec_430,0,1,0,diagnosis,2025-08-23T07:51:26,violation_hipaa_auth
log_3981,bclerk_11,read_phi,phi_rec_524,0,0,1,billing,2025-02-04T15:46:07,benign
log_3982,doc_29,read_phi,phi_rec_574,1,1,0,research,2025-04-22T16:21:30,benign
log_3983,doc_27,read_phi,phi_rec_153,0,0,0,marketing,2025-04-03T14:40:59,benign
log_3984,bclerk_0,read_phi,phi_rec_99,0,0,1,marketing,2025-03-08T20:43:05,violation_gdpr_art18
log_3985,doc_47,read_phi,phi_rec_990,1,1,0,diagnosis,2025-01-21T08:01:13,benign
log_3986,doc_45,read_phi,phi_rec_1042,1,0,0,research,2025-02-19T23:24:55,benign
log_3987,doc_25,read_phi,phi_rec_1981,1,1,0,research,2025-03-03T08:22:54,benign
log_3988,doc_20,read_phi,phi_rec_1283,0,0,0,billing,2025-05-27T02:11:06,benign
log_3989,doc_14,read_phi,phi_rec_1257,0,0,0,billing,2025-08-09T04:49:22,benign
log_3990,doc_37,read_phi,phi_rec_1285,1,1,0,diagnosis,2025-05-25T00:59:58,benign
log_3991,doc_30,read_phi,phi_rec_442,0,0,0,billing,2025-08-18T03:57:03,benign
log_3992,doc_43,read_phi,phi_rec_1685,1,1,0,diagnosis,2025-04-11T00:05:36,benign
log_3993,doc_40,read_phi,phi_rec_842,0,0,0,marketing,2025-02-07T16:16:18,benign
log_3994,bclerk_6,read_phi,phi_rec_332,0,0,1,billing,2025-05-20T18:57:01,benign
log_3995,doc_14,read_phi,phi_rec_600,1,1,0,research,2025-07-17T23:40:21,benign
log_3996,doc_26,read_phi,phi_rec_1644,0,0,0,billing,2025-02-04T00:08:45,benign
log_3997,doc_1,read_phi,phi_rec_1434,1,1,0,diagnosis,2025-04-08T18:33:12,benign
log_3998,doc_16,read_phi,phi_rec_44,1,1,0,diagnosis,2025-07-14T08:09:52,benign
log_3999,bclerk_0,read_phi,phi_rec_1928,0,0,1,marketing,2025-02-02T16:44:23,violation_gdpr_art18
log_4000,doc_24,read_phi,phi_rec_683,0,0,0,billing,2025-04-26T16:44:26,benign
log_4001,bclerk_8,read_phi,phi_rec_152,0,0,1,billing,2025-04-19T15:43:20,benign
log_4002,doc_9,read_phi,phi_rec_1034,0,0,0,marketing,2025-01-18T20:03:19,benign
log_4003,doc_1,read_phi,phi_rec_916,0,0,0,billing,2025-06-03T00:27:07,benign
log_4004,doc_25,read_phi,phi_rec_913,1,1,0,diagnosis,2025-08-11T00:36:42,benign
log_4005,doc_47,read_phi,phi_rec_251,0,0,0,billing,2025-01-03T15:06:09,benign
log_4006,doc_1,read_phi,phi_rec_1968,0,0,0,billing,2025-03-26T10:40:07,benign
log_4007,doc_45,read_phi,phi_rec_1653,1,1,0,diagnosis,2025-08-03T01:51:09,benign
log_4008,doc_2,read_phi,phi_rec_628,1,1,0,diagnosis,2025-04-18T13:14:50,benign
log_4009,bclerk_11,read_phi,phi_rec_1507,0,0,1,billing,2025-07-02T18:25:26,benign
log_4010,doc_28,read_phi,phi_rec_692,0,0,0,billing,2025-01-15T06:34:48,benign
log_4011,doc_26,read_phi,phi_rec_1193,0,0,0,marketing,2025-03-06T23:06:18,benign
log_4012,bclerk_5,read_phi,phi_rec_1816,0,0,1,billing,2025-01-08T06:02:19,benign
log_4013,doc_12,read_phi,phi_rec_347,0,1,0,diagnosis,2025-08-14T16:02:06,benign
log_4014,doc_36,read_phi,phi_rec_707,0,0,0,billing,2025-05-15T05:46:30,benign
log_4015,doc_17,read_phi,phi_rec_1252,0,1,0,diagnosis,2025-05-07T11:24:39,benign
log_4016,doc_3,read_phi,phi_rec_1099,1,1,0,diagnosis,2025-07-14T06:01:51,benign
log_4017,doc_25,read_phi,phi_rec_354,0,0,0,billing,2025-02-04T15:59:19,benign
log_4018,doc_20,read_phi,phi_rec_1056,1,1,0,diagnosis,2025-06-17T21:34:24,benign
log_4019,doc_48,read_phi,phi_rec_904,0,0,0,billing,2025-02-07T12:03:24,benign
log_4020,doc_12,read_phi,phi_rec_689,1,0,0,diagnosis,2025-04-17T07:29:28,benign
log_4021,doc_0,read_phi,phi_rec_603,0,0,0,marketing,2025-03-15T05:29:48,benign
log_4022,doc_17,read_phi,phi_rec_1662,1,1,0,research,2025-08-12T15:41:20,benign
log_4023,doc_18,read_phi,phi_rec_1482,1,1,0,diagnosis,2025-08-26T06:48:43,benign
log_4024,doc_26,read_phi,phi_rec_297,0,0,0,billing,2025-03-14T19:52:48,benign
log_4025,doc_16,read_phi,phi_rec_378,0,1,0,diagnosis,2025-04-07T11:14:51,violation_hipaa_auth
log_4026,bclerk_13,read_phi,phi_rec_687,0,0,1,billing,2025-08-22T09:06:43,benign
log_4027,doc_44,read_phi,phi_rec_306,1,1,0,diagnosis,2025-03-27T21:15:41,benign
log_4028,doc_20,read_phi,phi_rec_332,0,0,0,billing,2025-02-13T02:13:10,benign
log_4029,doc_44,read_phi,phi_rec_113,1,1,0,diagnosis,2025-06-11T08:51:39,benign
log_4030,doc_35,read_phi,phi_rec_77,0,0,0,billing,2025-08-08T08:40:06,benign
log_4031,doc_44,read_phi,phi_rec_1880,1,1,0,research,2025-03-14T21:00:03,benign
log_4032,doc_48,read_phi,phi_rec_108,0,0,0,billing,2025-06-04T15:10:40,benign
log_4033,doc_30,read_phi,phi_rec_261,1,1,0,diagnosis,2025-02-22T05:06:44,benign
log_4034,doc_34,read_phi,phi_rec_114,1,1,0,research,2025-03-02T04:54:28,benign
log_4035,doc_10,read_phi,phi_rec_1278,0,0,0,marketing,2025-05-03T07:51:27,benign
log_4036,doc_17,read_phi,phi_rec_127,1,1,0,research,2025-02-11T20:16:23,benign
log_4037,doc_42,read_phi,phi_rec_1726,0,0,0,billing,2025-04-02T09:27:30,benign
log_4038,doc_2,read_phi,phi_rec_565,0,0,0,billing,2025-03-23T22:11:33,benign
log_4039,doc_19,read_phi,phi_rec_986,0,0,0,billing,2025-06-30T12:18:15,benign
log_4040,doc_6,read_phi,phi_rec_1139,0,0,0,marketing,2025-03-17T21:04:33,benign
log_4041,bclerk_10,read_phi,phi_rec_321,0,0,1,billing,2025-01-05T12:30:00,benign
log_4042,doc_41,read_phi,phi_rec_621,1,1,0,research,2025-02-18T07:03:43,benign
log_4043,doc_22,read_phi,phi_rec_1631,1,0,0,diagnosis,2025-02-10T13:34:38,benign
log_4044,bclerk_2,read_phi,phi_rec_561,0,0,1,billing,2025-04-01T21:44:48,benign
log_4045,doc_5,read_phi,phi_rec_856,0,0,0,billing,2025-04-29T07:05:00,benign
log_4046,doc_33,read_phi,phi_rec_954,1,0,0,research,2025-05-22T18:23:38,benign
log_4047,doc_22,read_phi,phi_rec_10,0,1,0,diagnosis,2025-04-15T18:31:33,benign
log_4048,doc_9,read_phi,phi_rec_551,1,1,0,diagnosis,2025-05-14T18:06:57,benign
log_4049,doc_16,read_phi,phi_rec_194,1,1,0,diagnosis,2025-03-24T08:33:48,benign
log_4050,doc_28,read_phi,phi_rec_1221,1,0,0,diagnosis,2025-02-05T19:07:31,benign
log_4051,doc_22,read_phi,phi_rec_1387,1,0,0,diagnosis,2025-04-27T02:57:32,benign
log_4052,doc_27,read_phi,phi_rec_737,0,0,0,billing,2025-05-19T05:01:03,benign
log_4053,doc_10,read_phi,phi_rec_998,0,1,0,billing,2025-01-12T06:34:28,violation_hipaa_auth
log_4054,doc_36,read_phi,phi_rec_708,0,0,0,marketing,2025-04-28T12:15:12,benign
log_4055,doc_13,read_phi,phi_rec_591,0,0,0,marketing,2025-06-03T13:23:33,benign
log_4056,doc_41,read_phi,phi_rec_1383,0,0,0,billing,2025-01-30T07:13:41,benign
log_4057,doc_41,read_phi,phi_rec_1795,1,1,0,diagnosis,2025-07-16T21:41:55,benign
log_4058,doc_40,read_phi,phi_rec_140,0,0,0,billing,2025-08-01T17:41:42,benign
log_4059,doc_4,read_phi,phi_rec_611,1,0,0,research,2025-02-20T23:43:44,benign
log_4060,bclerk_11,read_phi,phi_rec_1173,0,0,1,billing,2025-06-19T09:13:49,benign
log_4061,doc_34,read_phi,phi_rec_1216,1,1,0,research,2025-05-28T18:42:40,benign
log_4062,bclerk_1,read_phi,phi_rec_1420,0,0,1,billing,2025-05-12T07:39:47,benign
log_4063,doc_32,read_phi,phi_rec_1609,0,0,0,marketing,2025-07-24T23:30:41,benign
log_4064,bclerk_4,read_phi,phi_rec_1186,0,0,1,billing,2025-08-28T10:40:59,benign
log_4065,doc_42,read_phi,phi_rec_1611,1,1,0,research,2025-02-12T08:56:52,benign
log_4066,doc_47,read_phi,phi_rec_830,0,0,0,billing,2025-06-01T23:00:20,benign
log_4067,doc_10,read_phi,phi_rec_1328,1,1,0,diagnosis,2025-04-27T00:49:58,benign
log_4068,doc_21,read_phi,phi_rec_82,1,1,0,research,2025-02-01T17:28:02,benign
log_4069,bclerk_10,read_phi,phi_rec_1314,0,0,1,billing,2025-05-31T13:06:04,benign
log_4070,doc_41,read_phi,phi_rec_276,0,0,0,billing,2025-05-27T03:52:37,benign
log_4071,bclerk_2,read_phi,phi_rec_318,0,0,1,billing,2025-07-01T06:59:12,benign
log_4072,bclerk_10,read_phi,phi_rec_1440,0,0,1,billing,2025-07-26T21:38:05,benign
log_4073,doc_44,read_phi,phi_rec_1427,0,1,0,diagnosis,2025-07-22T04:29:50,benign
log_4074,doc_22,read_phi,phi_rec_836,1,1,0,diagnosis,2025-01-21T17:54:00,benign
log_4075,doc_4,read_phi,phi_rec_1293,1,1,0,research,2025-06-22T18:00:08,benign
log_4076,doc_19,read_phi,phi_rec_1269,0,1,0,research,2025-02-18T04:35:41,benign
log_4077,doc_44,read_phi,phi_rec_1764,0,0,0,diagnosis,2025-04-07T10:08:48,benign
log_4078,doc_35,read_phi,phi_rec_1438,1,1,0,diagnosis,2025-03-28T02:54:23,benign
log_4079,bclerk_8,read_phi,phi_rec_1333,0,0,1,billing,2025-07-27T11:04:05,benign
log_4080,doc_27,read_phi,phi_rec_1040,0,0,0,marketing,2025-01-17T03:13:27,benign
log_4081,doc_31,read_phi,phi_rec_529,0,0,0,billing,2025-03-25T02:18:18,benign
log_4082,doc_32,read_phi,phi_rec_1421,0,1,0,diagnosis,2025-05-23T14:40:39,benign
log_4083,doc_6,read_phi,phi_rec_438,0,0,0,marketing,2025-03-02T03:18:45,benign
log_4084,doc_39,read_phi,phi_rec_1567,1,1,0,research,2025-05-18T20:35:14,benign
log_4085,doc_43,read_phi,phi_rec_1628,0,1,0,research,2025-06-15T20:23:51,benign
log_4086,bclerk_1,read_phi,phi_rec_1724,0,0,1,billing,2025-02-21T17:55:11,benign
log_4087,doc_9,read_phi,phi_rec_401,1,1,0,diagnosis,2025-01-18T11:30:20,benign
log_4088,doc_43,read_phi,phi_rec_935,0,0,0,billing,2025-04-16T11:38:08,benign
log_4089,doc_4,read_phi,phi_rec_1843,1,0,0,research,2025-03-05T20:27:31,benign
log_4090,doc_47,read_phi,phi_rec_768,0,1,0,research,2025-08-29T09:46:11,violation_gdpr_art18
log_4091,bclerk_5,read_phi,phi_rec_1190,0,0,1,billing,2025-07-22T08:19:55,benign
log_4092,doc_6,read_phi,phi_rec_1654,1,1,0,diagnosis,2025-07-27T18:20:18,benign
log_4093,bclerk_1,read_phi,phi_rec_247,0,0,1,billing,2025-07-07T19:11:33,benign
log_4094,doc_10,read_phi,phi_rec_1419,1,1,0,diagnosis,2025-04-21T15:44:45,benign
log_4095,doc_10,read_phi,phi_rec_1278,0,0,0,billing,2025-02-27T09:22:51,benign
log_4096,bclerk_12,read_phi,phi_rec_90,0,0,1,billing,2025-04-03T00:37:57,benign
log_4097,doc_47,read_phi,phi_rec_990,0,0,0,billing,2025-07-23T07:46:01,benign
log_4098,doc_0,read_phi,phi_rec_887,0,0,0,billing,2025-08-28T13:25:09,benign
log_4099,bclerk_9,read_phi,phi_rec_860,0,0,1,billing,2025-01-21T20:03:05,benign
log_4100,doc_45,read_phi,phi_rec_1091,0,0,0,billing,2025-06-29T15:59:09,benign
log_4101,doc_40,read_phi,phi_rec_1544,1,1,0,diagnosis,2025-06-17T03:01:24,benign
log_4102,bclerk_1,read_phi,phi_rec_1840,0,0,1,billing,2025-01-12T04:37:37,benign
log_4103,doc_17,read_phi,phi_rec_257,0,0,0,marketing,2025-03-01T13:26:41,benign
log_4104,doc_37,read_phi,phi_rec_1071,1,1,0,research,2025-05-06T10:53:17,benign
log_4105,doc_9,read_phi,phi_rec_1449,1,1,0,research,2025-05-12T00:15:11,benign
log_4106,doc_2,read_phi,phi_rec_100,0,0,0,marketing,2025-08-08T12:24:47,benign
log_4107,doc_6,read_phi,phi_rec_647,0,0,0,billing,2025-02-26T13:37:12,benign
log_4108,bclerk_11,read_phi,phi_rec_257,0,0,1,billing,2025-08-04T05:45:48,benign
log_4109,doc_13,read_phi,phi_rec_374,0,0,0,billing,2025-07-31T22:44:26,benign
log_4110,bclerk_0,read_phi,phi_rec_1875,0,0,1,billing,2025-03-20T13:53:31,benign
log_4111,doc_41,read_phi,phi_rec_1795,0,0,0,marketing,2025-08-27T20:47:18,benign
log_4112,doc_49,read_phi,phi_rec_1297,0,0,0,marketing,2025-07-13T12:56:22,benign
log_4113,doc_6,read_phi,phi_rec_1891,0,0,0,billing,2025-03-19T20:17:17,benign
log_4114,doc_37,read_phi,phi_rec_1537,0,0,0,billing,2025-02-04T11:09:46,benign
log_4115,bclerk_8,read_phi,phi_rec_1966,0,0,1,billing,2025-01-12T13:31:06,benign
log_4116,doc_13,read_phi,phi_rec_395,0,0,0,billing,2025-06-03T23:35:51,benign
log_4117,doc_12,read_phi,phi_rec_536,1,0,0,diagnosis,2025-07-23T00:43:20,benign
log_4118,doc_47,read_phi,phi_rec_1241,1,1,0,research,2025-05-03T09:01:46,benign
log_4119,doc_15,read_phi,phi_rec_1789,0,0,0,billing,2025-08-20T07:20:48,benign
log_4120,bclerk_7,read_phi,phi_rec_937,0,0,1,billing,2025-08-15T21:25:12,benign
log_4121,bclerk_3,read_phi,phi_rec_205,0,0,1,billing,2025-05-16T22:01:08,benign
log_4122,doc_48,read_phi,phi_rec_948,0,0,0,billing,2025-06-13T12:49:42,benign
log_4123,doc_22,read_phi,phi_rec_1842,0,0,0,billing,2025-08-17T21:22:13,benign
log_4124,doc_5,read_phi,phi_rec_483,0,1,0,diagnosis,2025-02-13T13:29:47,benign
log_4125,doc_35,read_phi,phi_rec_440,1,0,0,research,2025-01-28T02:30:43,benign
log_4126,bclerk_4,read_phi,phi_rec_1149,0,0,1,billing,2025-03-13T01:20:05,benign
log_4127,doc_33,read_phi,phi_rec_1149,0,0,0,marketing,2025-04-04T18:31:32,benign
log_4128,doc_9,read_phi,phi_rec_401,1,1,0,diagnosis,2025-04-22T00:08:05,benign
log_4129,doc_24,read_phi,phi_rec_1904,1,0,0,diagnosis,2025-03-15T07:20:11,benign
log_4130,doc_18,read_phi,phi_rec_509,0,1,0,marketing,2025-06-03T19:32:12,violation_hipaa_auth
log_4131,doc_36,read_phi,phi_rec_296,0,0,0,marketing,2025-05-26T13:03:35,benign
log_4132,doc_9,read_phi,phi_rec_733,0,0,0,marketing,2025-04-27T17:22:01,benign
log_4133,bclerk_6,read_phi,phi_rec_1939,0,0,1,billing,2025-01-30T12:31:58,benign
log_4134,bclerk_11,read_phi,phi_rec_883,0,0,1,billing,2025-07-16T10:20:20,benign
log_4135,bclerk_4,read_phi,phi_rec_212,0,0,1,billing,2025-03-14T23:25:07,benign
log_4136,doc_5,read_phi,phi_rec_1153,0,0,0,research,2025-08-06T21:32:42,benign
log_4137,doc_8,read_phi,phi_rec_1693,0,0,0,marketing,2025-07-28T03:50:49,benign
log_4138,doc_9,read_phi,phi_rec_518,0,0,0,billing,2025-04-23T03:31:17,benign
log_4139,doc_27,read_phi,phi_rec_1198,0,0,0,billing,2025-01-26T10:39:43,benign
log_4140,doc_30,read_phi,phi_rec_1715,0,1,0,research,2025-06-15T21:07:42,benign
log_4141,doc_36,read_phi,phi_rec_708,1,1,0,diagnosis,2025-04-15T23:33:11,benign
log_4142,doc_33,read_phi,phi_rec_843,0,0,0,billing,2025-07-23T12:41:54,benign
log_4143,bclerk_14,read_phi,phi_rec_1320,0,0,1,billing,2025-03-30T08:52:32,benign
log_4144,doc_21,read_phi,phi_rec_152,1,0,0,diagnosis,2025-08-26T23:31:03,benign
log_4145,doc_4,read_phi,phi_rec_562,1,0,0,diagnosis,2025-03-23T12:52:26,benign
log_4146,doc_32,read_phi,phi_rec_1469,1,1,0,research,2025-08-26T17:11:35,benign
log_4147,doc_39,read_phi,phi_rec_1917,0,0,0,billing,2025-06-12T19:21:11,benign
log_4148,bclerk_10,read_phi,phi_rec_270,0,0,1,billing,2025-06-08T22:54:33,benign
log_4149,bclerk_9,read_phi,phi_rec_1550,0,0,1,billing,2025-08-24T22:09:27,benign
log_4150,bclerk_14,read_phi,phi_rec_756,0,0,1,billing,2025-05-17T15:38:42,benign
log_4151,doc_24,read_phi,phi_rec_396,0,0,0,billing,2025-06-09T14:13:04,benign
log_4152,doc_49,read_phi,phi_rec_1220,1,1,0,research,2025-07-28T14:54:22,benign
log_4153,bclerk_14,read_phi,phi_rec_789,0,0,1,billing,2025-03-15T11:57:30,benign
log_4154,doc_18,read_phi,phi_rec_1037,0,0,0,marketing,2025-01-12T12:20:26,benign
log_4155,doc_36,read_phi,phi_rec_1639,0,0,0,marketing,2025-04-11T03:03:23,benign
log_4156,doc_30,read_phi,phi_rec_184,0,0,0,billing,2025-07-31T03:56:04,benign
log_4157,doc_32,read_phi,phi_rec_239,0,0,0,marketing,2025-07-20T00:44:28,benign
log_4158,doc_13,read_phi,phi_rec_395,1,1,0,research,2025-06-30T16:54:23,benign
log_4159,doc_8,read_phi,phi_rec_1312,0,0,0,billing,2025-06-23T15:55:33,benign
log_4160,doc_18,read_phi,phi_rec_1511,1,1,0,diagnosis,2025-07-10T09:43:32,benign
log_4161,doc_21,read_phi,phi_rec_1794,0,0,0,billing,2025-04-18T17:38:47,benign
log_4162,doc_6,read_phi,phi_rec_1139,0,1,0,diagnosis,2025-06-30T05:15:17,benign
log_4163,doc_47,read_phi,phi_rec_966,1,1,0,research,2025-01-15T23:17:07,benign
log_4164,doc_29,read_phi,phi_rec_645,1,1,0,diagnosis,2025-01-25T09:13:16,benign
log_4165,doc_13,read_phi,phi_rec_1058,1,0,0,diagnosis,2025-04-03T15:02:55,benign
log_4166,doc_3,read_phi,phi_rec_1127,0,1,0,research,2025-02-16T10:04:10,violation_hipaa_auth
log_4167,doc_30,read_phi,phi_rec_424,0,0,0,marketing,2025-05-06T14:47:27,benign
log_4168,doc_13,read_phi,phi_rec_893,0,0,0,marketing,2025-03-18T11:43:15,benign
log_4169,doc_45,read_phi,phi_rec_1260,0,0,0,billing,2025-05-22T20:12:06,benign
log_4170,doc_49,read_phi,phi_rec_1839,1,0,0,research,2025-08-29T18:41:26,benign
log_4171,bclerk_9,read_phi,phi_rec_1004,0,0,1,billing,2025-01-13T13:07:38,benign
log_4172,doc_23,read_phi,phi_rec_1152,0,0,0,billing,2025-06-28T01:44:57,benign
log_4173,bclerk_4,read_phi,phi_rec_1780,0,0,1,billing,2025-05-26T03:05:00,benign
log_4174,doc_21,read_phi,phi_rec_82,0,0,0,marketing,2025-06-06T12:21:30,benign
log_4175,bclerk_11,read_phi,phi_rec_1485,0,0,1,billing,2025-02-18T05:45:57,benign
log_4176,bclerk_0,read_phi,phi_rec_1,0,0,1,billing,2025-07-14T05:58:08,benign
log_4177,doc_44,read_phi,phi_rec_350,0,0,0,billing,2025-01-21T21:01:43,benign
log_4178,bclerk_7,read_phi,phi_rec_1023,0,0,1,billing,2025-04-07T02:48:50,benign
log_4179,bclerk_6,read_phi,phi_rec_1206,0,0,1,billing,2025-07-04T17:15:48,benign
log_4180,doc_19,read_phi,phi_rec_348,0,0,0,marketing,2025-05-22T20:22:07,benign
log_4181,bclerk_14,read_phi,phi_rec_1369,0,0,1,billing,2025-01-08T23:34:02,benign
log_4182,doc_20,read_phi,phi_rec_36,0,0,0,diagnosis,2025-08-24T15:30:06,benign
log_4183,doc_19,read_phi,phi_rec_894,1,1,0,diagnosis,2025-08-20T05:31:06,benign
log_4184,doc_43,read_phi,phi_rec_1491,0,0,0,billing,2025-05-10T18:40:59,benign
log_4185,doc_8,read_phi,phi_rec_400,0,0,0,marketing,2025-02-25T23:52:20,benign
log_4186,doc_36,read_phi,phi_rec_216,1,1,0,diagnosis,2025-01-15T07:24:26,benign
log_4187,doc_45,read_phi,phi_rec_1260,0,0,0,billing,2025-05-17T19:49:51,benign
log_4188,doc_20,read_phi,phi_rec_544,0,0,0,billing,2025-06-10T21:43:08,benign
log_4189,bclerk_5,read_phi,phi_rec_49,0,0,1,billing,2025-05-25T01:51:00,benign
log_4190,doc_27,read_phi,phi_rec_1389,0,0,0,billing,2025-06-03T11:48:03,benign
log_4191,doc_45,read_phi,phi_rec_148,0,0,0,billing,2025-04-10T17:30:11,benign
log_4192,doc_12,read_phi,phi_rec_343,0,0,0,marketing,2025-05-07T13:18:21,benign
log_4193,bclerk_2,read_phi,phi_rec_1431,0,0,1,billing,2025-03-07T17:16:17,benign
log_4194,doc_34,read_phi,phi_rec_190,0,1,0,research,2025-05-03T05:57:18,benign
log_4195,doc_34,read_phi,phi_rec_960,1,0,0,diagnosis,2025-03-10T15:42:58,benign
log_4196,doc_42,read_phi,phi_rec_1611,1,1,0,diagnosis,2025-08-16T23:04:45,benign
log_4197,doc_9,read_phi,phi_rec_638,0,0,0,marketing,2025-02-21T00:19:40,benign
log_4198,doc_38,read_phi,phi_rec_819,1,1,0,research,2025-01-05T00:07:13,benign
log_4199,doc_45,read_phi,phi_rec_1335,1,1,0,research,2025-06-18T12:56:18,benign
log_4200,doc_6,read_phi,phi_rec_961,1,1,0,research,2025-04-12T21:57:55,benign
log_4201,doc_32,read_phi,phi_rec_1469,0,0,0,billing,2025-05-23T18:17:25,benign
log_4202,doc_34,read_phi,phi_rec_1144,0,0,0,billing,2025-07-14T12:07:48,benign
log_4203,doc_25,read_phi,phi_rec_1021,0,0,0,research,2025-07-21T08:56:03,benign
log_4204,bclerk_0,read_phi,phi_rec_1767,0,0,1,marketing,2025-06-28T09:25:33,violation_gdpr_art18
log_4205,bclerk_7,read_phi,phi_rec_1288,0,0,1,billing,2025-07-27T05:09:47,benign
log_4206,bclerk_0,read_phi,phi_rec_115,0,0,1,marketing,2025-07-04T05:26:55,violation_gdpr_art18
log_4207,doc_4,read_phi,phi_rec_729,0,0,0,billing,2025-07-22T01:30:04,benign
log_4208,doc_15,read_phi,phi_rec_1238,1,1,0,research,2025-05-31T13:44:07,benign
log_4209,doc_24,read_phi,phi_rec_1836,1,0,0,diagnosis,2025-02-28T17:42:55,benign
log_4210,doc_7,read_phi,phi_rec_748,0,1,0,diagnosis,2025-01-26T11:04:25,benign
log_4211,doc_46,read_phi,phi_rec_1179,0,0,0,marketing,2025-02-21T17:15:10,benign
log_4212,doc_16,read_phi,phi_rec_703,1,1,0,diagnosis,2025-08-26T21:11:09,benign
log_4213,doc_1,read_phi,phi_rec_1501,0,0,0,marketing,2025-03-08T00:40:29,benign
log_4214,doc_40,read_phi,phi_rec_1683,1,1,0,research,2025-01-25T10:36:55,benign
log_4215,doc_24,read_phi,phi_rec_597,0,0,0,billing,2025-07-18T18:42:33,benign
log_4216,doc_23,read_phi,phi_rec_1542,0,0,0,billing,2025-08-03T05:21:24,benign
log_4217,doc_21,read_phi,phi_rec_1475,0,0,0,marketing,2025-01-11T11:20:10,benign
log_4218,doc_24,read_phi,phi_rec_1062,0,0,0,marketing,2025-08-28T23:37:41,benign
log_4219,bclerk_0,read_phi,phi_rec_1236,0,0,1,billing,2025-02-18T05:22:04,benign
log_4220,doc_26,read_phi,phi_rec_1047,0,1,0,research,2025-03-15T03:38:42,violation_gdpr_art18
log_4221,doc_28,read_phi,phi_rec_1180,1,0,0,research,2025-05-16T21:15:19,benign
log_4222,doc_49,read_phi,phi_rec_732,0,0,0,billing,2025-07-08T01:10:38,benign
log_4223,doc_40,read_phi,phi_rec_988,0,0,0,billing,2025-01-12T04:15:53,benign
log_4224,doc_34,read_phi,phi_rec_1487,1,1,0,research,2025-03-22T16:20:11,benign
log_4225,doc_39,read_phi,phi_rec_1445,0,1,0,diagnosis,2025-01-17T07:01:59,benign
log_4226,doc_6,read_phi,phi_rec_1234,1,1,0,research,2025-01-31T07:05:46,benign
log_4227,bclerk_6,read_phi,phi_rec_808,0,0,1,billing,2025-04-09T20:55:13,benign
log_4228,doc_27,read_phi,phi_rec_833,0,0,0,billing,2025-04-30T19:34:55,benign
log_4229,doc_45,read_phi,phi_rec_1170,0,0,0,marketing,2025-02-21T16:18:25,benign
log_4230,doc_27,read_phi,phi_rec_482,1,1,0,diagnosis,2025-08-07T09:39:06,benign
log_4231,doc_48,read_phi,phi_rec_1307,0,0,0,billing,2025-05-25T09:42:36,benign
log_4232,doc_2,read_phi,phi_rec_1150,1,0,0,diagnosis,2025-05-23T18:53:49,benign
log_4233,doc_27,read_phi,phi_rec_1247,0,0,0,diagnosis,2025-08-04T15:47:09,benign
log_4234,doc_48,read_phi,phi_rec_1035,0,0,0,billing,2025-02-06T12:29:43,benign
log_4235,doc_46,read_phi,phi_rec_145,0,0,0,billing,2025-05-17T16:29:54,benign
log_4236,doc_44,read_phi,phi_rec_281,1,1,0,diagnosis,2025-05-13T23:49:47,benign
log_4237,bclerk_6,read_phi,phi_rec_579,0,0,1,billing,2025-01-04T20:10:16,benign
log_4238,doc_43,read_phi,phi_rec_738,0,0,0,billing,2025-07-06T07:46:00,benign
log_4239,bclerk_5,read_phi,phi_rec_1160,0,0,1,billing,2025-01-04T01:04:13,benign
log_4240,bclerk_11,read_phi,phi_rec_396,0,0,1,billing,2025-03-08T16:16:24,benign
log_4241,bclerk_8,read_phi,phi_rec_128,0,0,1,billing,2025-03-25T20:58:44,benign
log_4242,doc_21,read_phi,phi_rec_1918,0,1,0,diagnosis,2025-06-08T00:12:24,benign
log_4243,bclerk_11,read_phi,phi_rec_364,0,0,1,billing,2025-07-15T11:18:06,benign
log_4244,doc_1,read_phi,phi_rec_704,0,0,0,billing,2025-06-22T18:40:45,benign
log_4245,doc_49,read_phi,phi_rec_1964,1,1,0,research,2025-04-17T02:44:32,benign
log_4246,doc_9,read_phi,phi_rec_67,1,1,0,diagnosis,2025-04-04T16:32:30,benign
log_4247,doc_48,read_phi,phi_rec_1771,1,1,0,diagnosis,2025-02-28T03:03:07,benign
log_4248,bclerk_0,read_phi,phi_rec_365,0,0,1,billing,2025-04-28T02:22:16,benign
log_4249,doc_48,read_phi,phi_rec_1093,1,0,0,research,2025-03-15T02:57:35,benign
log_4250,doc_9,read_phi,phi_rec_1054,0,0,0,billing,2025-04-22T03:57:34,benign
log_4251,doc_18,read_phi,phi_rec_1511,0,0,0,marketing,2025-04-12T15:47:54,benign
log_4252,doc_30,read_phi,phi_rec_386,0,1,0,diagnosis,2025-02-07T05:49:19,violation_hipaa_auth
log_4253,doc_20,read_phi,phi_rec_1384,0,0,0,marketing,2025-01-01T06:37:40,benign
log_4254,doc_14,read_phi,phi_rec_1134,1,1,0,research,2025-02-24T09:53:15,benign
log_4255,doc_27,read_phi,phi_rec_201,1,1,0,diagnosis,2025-01-09T19:05:37,benign
log_4256,doc_47,read_phi,phi_rec_1082,0,0,0,marketing,2025-07-09T11:27:56,benign
log_4257,doc_35,read_phi,phi_rec_984,1,1,0,research,2025-05-31T14:00:01,benign
log_4258,bclerk_5,read_phi,phi_rec_1002,0,0,1,billing,2025-07-18T15:39:08,benign
log_4259,bclerk_6,read_phi,phi_rec_730,1,0,0,billing,2025-07-18T01:44:27,violation_hipaa_min_necessary
log_4260,doc_9,read_phi,phi_rec_733,1,1,0,diagnosis,2025-03-22T14:37:48,benign
log_4261,doc_21,read_phi,phi_rec_141,1,1,0,diagnosis,2025-07-14T21:44:49,benign
log_4262,doc_8,read_phi,phi_rec_1983,1,1,0,diagnosis,2025-01-19T01:02:25,benign
log_4263,bclerk_3,read_phi,phi_rec_507,0,0,1,billing,2025-03-19T17:02:15,benign
log_4264,doc_24,read_phi,phi_rec_1940,0,0,0,billing,2025-04-07T19:10:40,benign
log_4265,doc_23,read_phi,phi_rec_1273,0,0,0,billing,2025-02-04T06:42:22,benign
log_4266,doc_44,read_phi,phi_rec_659,1,0,0,research,2025-06-30T21:47:50,benign
log_4267,bclerk_0,read_phi,phi_rec_603,0,0,1,billing,2025-06-01T17:49:59,benign
log_4268,doc_18,read_phi,phi_rec_422,0,0,0,billing,2025-03-27T11:35:33,benign
log_4269,doc_36,read_phi,phi_rec_171,1,1,0,research,2025-02-17T04:12:23,benign
log_4270,doc_29,read_phi,phi_rec_643,0,0,0,diagnosis,2025-04-11T21:05:46,benign
log_4271,doc_31,read_phi,phi_rec_1499,0,0,0,marketing,2025-04-21T10:58:40,benign
log_4272,doc_40,read_phi,phi_rec_1630,0,0,0,marketing,2025-03-16T04:34:55,benign
log_4273,doc_24,read_phi,phi_rec_1680,0,0,0,billing,2025-04-18T14:59:12,benign
log_4274,doc_4,read_phi,phi_rec_432,0,0,0,billing,2025-03-12T22:50:37,benign
log_4275,doc_6,read_phi,phi_rec_512,1,1,0,research,2025-04-16T13:03:03,benign
log_4276,doc_34,read_phi,phi_rec_593,0,0,0,billing,2025-03-06T08:31:21,benign
log_4277,doc_21,read_phi,phi_rec_1046,1,1,0,diagnosis,2025-07-29T14:43:07,benign
log_4278,bclerk_11,read_phi,phi_rec_1517,0,0,1,billing,2025-07-28T01:25:23,benign
log_4279,doc_14,read_phi,phi_rec_65,0,0,0,billing,2025-01-22T20:44:01,benign
log_4280,doc_3,read_phi,phi_rec_1181,0,0,0,billing,2025-06-18T01:08:32,benign
log_4281,doc_0,read_phi,phi_rec_47,1,1,0,diagnosis,2025-01-03T05:02:42,benign
log_4282,doc_19,read_phi,phi_rec_240,0,1,0,diagnosis,2025-08-09T12:51:48,benign
log_4283,doc_9,read_phi,phi_rec_1963,0,0,0,diagnosis,2025-04-14T20:15:18,benign
log_4284,bclerk_8,read_phi,phi_rec_1612,0,0,1,billing,2025-02-17T18:50:48,benign
log_4285,doc_19,read_phi,phi_rec_986,0,0,0,billing,2025-05-01T10:51:45,benign
log_4286,doc_41,read_phi,phi_rec_1398,0,0,0,marketing,2025-07-13T10:32:40,benign
log_4287,bclerk_4,read_phi,phi_rec_731,0,0,1,billing,2025-01-18T13:20:11,benign
log_4288,doc_15,read_phi,phi_rec_426,0,0,0,billing,2025-01-03T22:22:42,benign
log_4289,bclerk_7,read_phi,phi_rec_1228,0,0,1,billing,2025-01-06T09:48:22,benign
log_4290,doc_2,read_phi,phi_rec_508,0,0,0,billing,2025-05-14T12:23:51,benign
log_4291,doc_14,read_phi,phi_rec_1359,0,0,0,billing,2025-03-02T21:01:08,benign
log_4292,doc_6,read_phi,phi_rec_921,0,1,0,diagnosis,2025-06-29T19:09:46,violation_hipaa_auth
log_4293,doc_4,read_phi,phi_rec_1267,0,0,0,billing,2025-07-31T23:04:09,benign
log_4294,doc_21,read_phi,phi_rec_1043,1,0,0,diagnosis,2025-02-28T16:46:07,benign
log_4295,bclerk_11,read_phi,phi_rec_1449,0,0,1,billing,2025-06-14T21:44:17,benign
log_4296,doc_40,read_phi,phi_rec_1751,1,1,0,diagnosis,2025-06-03T16:24:22,benign
log_4297,doc_48,read_phi,phi_rec_811,0,0,0,billing,2025-06-01T14:55:54,benign
log_4298,doc_27,read_phi,phi_rec_1198,0,0,0,billing,2025-05-27T11:33:22,benign
log_4299,bclerk_11,read_phi,phi_rec_819,0,0,1,billing,2025-04-04T11:21:53,benign
log_4300,doc_45,read_phi,phi_rec_336,0,0,0,billing,2025-01-11T09:45:23,benign
log_4301,doc_19,read_phi,phi_rec_318,0,0,0,billing,2025-03-02T22:50:35,benign
log_4302,doc_47,read_phi,phi_rec_1749,0,0,0,billing,2025-06-29T15:31:27,benign
log_4303,doc_3,read_phi,phi_rec_1837,1,0,0,research,2025-04-19T19:04:49,benign
log_4304,doc_30,read_phi,phi_rec_261,1,1,0,diagnosis,2025-08-27T17:22:58,benign
log_4305,doc_6,read_phi,phi_rec_208,1,0,0,diagnosis,2025-07-07T07:44:06,benign
log_4306,doc_22,read_phi,phi_rec_1309,0,0,0,billing,2025-04-06T14:37:59,benign
log_4307,doc_5,read_phi,phi_rec_277,1,1,0,diagnosis,2025-08-27T09:56:45,benign
log_4308,doc_48,read_phi,phi_rec_1307,1,1,0,research,2025-02-06T00:06:50,benign
log_4309,bclerk_0,read_phi,phi_rec_743,0,0,1,billing,2025-02-12T07:22:58,benign
log_4310,doc_2,read_phi,phi_rec_1075,1,0,0,diagnosis,2025-02-22T01:03:29,benign
log_4311,doc_42,read_phi,phi_rec_985,1,1,0,research,2025-01-27T04:43:10,benign
log_4312,doc_22,read_phi,phi_rec_781,1,1,0,research,2025-05-27T10:00:10,benign
log_4313,doc_19,read_phi,phi_rec_720,0,0,0,billing,2025-01-14T12:27:57,benign
log_4314,doc_8,read_phi,phi_rec_1305,1,1,0,diagnosis,2025-03-08T16:27:42,benign
log_4315,doc_18,read_phi,phi_rec_886,1,1,0,diagnosis,2025-02-17T12:11:48,benign
log_4316,doc_28,read_phi,phi_rec_736,0,0,0,marketing,2025-07-30T16:57:59,benign
log_4317,doc_3,read_phi,phi_rec_1538,0,0,0,billing,2025-02-01T19:28:27,benign
log_4318,doc_34,read_phi,phi_rec_964,1,1,0,research,2025-06-17T22:54:51,benign
log_4319,doc_5,read_phi,phi_rec_1188,1,1,0,research,2025-08-22T06:06:13,benign
log_4320,doc_14,read_phi,phi_rec_65,0,1,0,diagnosis,2025-04-03T01:02:21,benign
log_4321,doc_10,read_phi,phi_rec_1551,0,1,0,research,2025-04-23T16:59:16,benign
log_4322,bclerk_6,read_phi,phi_rec_152,0,0,1,billing,2025-04-23T02:20:42,benign
log_4323,bclerk_1,read_phi,phi_rec_111,0,0,1,billing,2025-06-15T19:55:23,benign
log_4324,bclerk_13,read_phi,phi_rec_1826,0,0,1,billing,2025-04-14T00:32:13,benign
log_4325,doc_29,read_phi,phi_rec_1690,0,1,0,diagnosis,2025-01-12T14:30:47,benign
log_4326,doc_44,read_phi,phi_rec_448,0,0,0,billing,2025-03-24T11:31:31,benign
log_4327,doc_31,read_phi,phi_rec_1314,1,0,0,diagnosis,2025-02-01T23:43:47,benign
log_4328,doc_3,read_phi,phi_rec_1073,1,1,0,diagnosis,2025-01-12T08:01:35,benign
log_4329,bclerk_12,read_phi,phi_rec_129,0,0,1,billing,2025-08-11T00:35:02,benign
log_4330,doc_8,read_phi,phi_rec_784,0,1,0,diagnosis,2025-06-23T19:12:57,benign
log_4331,doc_4,read_phi,phi_rec_940,0,0,0,marketing,2025-06-17T18:07:41,benign
log_4332,doc_0,read_phi,phi_rec_1607,0,0,0,marketing,2025-03-28T19:50:34,benign
log_4333,bclerk_2,read_phi,phi_rec_504,0,0,1,billing,2025-06-04T05:54:25,benign
log_4334,doc_39,read_phi,phi_rec_136,1,1,0,diagnosis,2025-07-15T13:35:00,benign
log_4335,doc_18,read_phi,phi_rec_1482,0,1,0,diagnosis,2025-01-02T02:01:23,benign
log_4336,bclerk_12,read_phi,phi_rec_147,0,0,1,billing,2025-01-03T04:07:36,benign
log_4337,bclerk_12,read_phi,phi_rec_1711,0,0,1,billing,2025-06-25T04:09:17,benign
log_4338,doc_8,read_phi,phi_rec_784,0,0,0,marketing,2025-06-26T21:57:12,benign
log_4339,doc_21,read_phi,phi_rec_226,1,1,0,research,2025-08-06T00:17:30,benign
log_4340,doc_1,read_phi,phi_rec_785,0,0,0,billing,2025-04-13T17:09:32,benign
log_4341,bclerk_1,read_phi,phi_rec_721,0,0,1,billing,2025-02-25T06:49:16,benign
log_4342,doc_9,read_phi,phi_rec_1449,0,0,0,billing,2025-06-25T07:45:17,benign
log_4343,doc_9,read_phi,phi_rec_1727,0,0,0,marketing,2025-06-24T01:51:45,benign
log_4344,doc_45,read_phi,phi_rec_782,0,0,0,billing,2025-07-28T12:44:25,benign
log_4345,doc_43,read_phi,phi_rec_907,0,0,0,marketing,2025-05-15T13:38:58,benign
log_4346,doc_21,read_phi,phi_rec_610,0,1,0,research,2025-05-24T20:37:14,benign
log_4347,doc_20,read_phi,phi_rec_314,0,1,0,billing,2025-05-25T11:50:25,violation_hipaa_auth
log_4348,doc_18,read_phi,phi_rec_813,1,0,0,research,2025-07-31T04:32:27,benign
log_4349,doc_28,read_phi,phi_rec_1001,0,0,0,billing,2025-07-29T01:54:00,benign
log_4350,doc_6,read_phi,phi_rec_1234,0,0,0,marketing,2025-01-20T23:13:54,benign
log_4351,doc_14,read_phi,phi_rec_485,0,0,0,billing,2025-05-05T03:08:56,benign
log_4352,doc_4,read_phi,phi_rec_1385,0,0,0,billing,2025-06-13T12:10:21,benign
log_4353,doc_19,read_phi,phi_rec_1364,0,0,0,billing,2025-06-11T14:06:32,benign
log_4354,bclerk_4,read_phi,phi_rec_1756,0,1,0,billing,2025-07-21T06:59:23,violation_hipaa_min_necessary
log_4355,doc_23,read_phi,phi_rec_1542,0,0,0,billing,2025-04-27T01:13:53,benign
log_4356,doc_24,read_phi,phi_rec_515,1,1,0,research,2025-02-23T04:55:46,benign
log_4357,doc_2,read_phi,phi_rec_561,1,1,0,diagnosis,2025-05-08T17:50:44,benign
log_4358,bclerk_9,read_phi,phi_rec_686,0,0,1,billing,2025-01-10T06:46:57,benign
log_4359,doc_21,read_phi,phi_rec_1454,0,1,0,diagnosis,2025-04-15T07:41:21,benign
log_4360,bclerk_11,read_phi,phi_rec_624,0,0,1,billing,2025-04-11T15:00:20,benign
log_4361,doc_47,read_phi,phi_rec_1019,0,0,0,billing,2025-01-14T18:19:28,benign
log_4362,doc_20,read_phi,phi_rec_1384,0,0,0,billing,2025-08-08T06:08:54,benign
log_4363,bclerk_10,read_phi,phi_rec_936,0,0,1,billing,2025-03-18T16:06:18,benign
log_4364,bclerk_0,read_phi,phi_rec_1569,0,0,1,marketing,2025-07-16T03:32:20,violation_gdpr_art18
log_4365,doc_36,read_phi,phi_rec_380,1,1,0,research,2025-08-01T20:54:16,benign
log_4366,bclerk_8,read_phi,phi_rec_1874,0,0,1,billing,2025-02-05T18:11:18,benign
log_4367,bclerk_5,read_phi,phi_rec_877,0,0,1,billing,2025-03-22T12:09:45,benign
log_4368,doc_3,read_phi,phi_rec_1733,1,1,0,research,2025-03-18T22:17:31,benign
log_4369,bclerk_12,read_phi,phi_rec_201,0,0,1,billing,2025-07-07T13:10:59,benign
log_4370,doc_1,read_phi,phi_rec_1822,0,0,0,marketing,2025-06-13T21:42:27,benign
log_4371,bclerk_6,read_phi,phi_rec_1139,0,0,1,billing,2025-05-14T13:19:40,benign
log_4372,doc_11,read_phi,phi_rec_857,1,1,0,diagnosis,2025-03-03T17:17:48,benign
log_4373,doc_40,read_phi,phi_rec_161,0,0,0,marketing,2025-07-08T23:12:56,benign
log_4374,doc_5,read_phi,phi_rec_462,0,0,0,marketing,2025-01-04T08:05:24,benign
log_4375,doc_0,read_phi,phi_rec_1122,1,1,0,diagnosis,2025-03-02T15:54:29,benign
log_4376,doc_31,read_phi,phi_rec_1183,0,0,0,marketing,2025-03-23T12:56:34,benign
log_4377,doc_29,read_phi,phi_rec_672,1,1,0,research,2025-07-12T15:00:17,benign
log_4378,bclerk_5,read_phi,phi_rec_466,0,0,1,billing,2025-06-28T05:25:59,benign
log_4379,doc_47,read_phi,phi_rec_1241,0,0,0,marketing,2025-04-11T03:24:06,benign
log_4380,doc_22,read_phi,phi_rec_749,1,1,0,diagnosis,2025-01-29T13:55:31,benign
log_4381,doc_26,read_phi,phi_rec_125,0,0,0,marketing,2025-03-20T02:45:38,benign
log_4382,bclerk_12,read_phi,phi_rec_268,0,0,1,billing,2025-01-05T00:04:16,benign
log_4383,bclerk_0,read_phi,phi_rec_1690,0,0,1,marketing,2025-04-21T14:15:04,violation_gdpr_art18
log_4384,doc_41,read_phi,phi_rec_385,0,0,0,billing,2025-03-31T11:25:38,benign
log_4385,doc_16,read_phi,phi_rec_1766,1,0,0,diagnosis,2025-06-16T01:22:44,benign
log_4386,doc_2,read_phi,phi_rec_1957,1,1,0,research,2025-06-14T15:51:14,benign
log_4387,doc_45,read_phi,phi_rec_1335,1,1,0,diagnosis,2025-03-31T23:48:39,benign
log_4388,doc_21,read_phi,phi_rec_1558,1,1,0,research,2025-02-21T05:04:25,benign
log_4389,doc_41,read_phi,phi_rec_276,0,0,0,billing,2025-02-25T17:15:00,benign
log_4390,doc_17,read_phi,phi_rec_968,0,0,0,billing,2025-02-18T08:44:53,benign
log_4391,bclerk_10,read_phi,phi_rec_537,0,1,0,billing,2025-06-29T18:05:44,violation_hipaa_min_necessary
log_4392,bclerk_14,read_phi,phi_rec_1516,0,0,1,billing,2025-06-28T12:45:40,benign
log_4393,bclerk_2,read_phi,phi_rec_906,0,0,1,billing,2025-05-02T15:25:52,benign
log_4394,bclerk_2,read_phi,phi_rec_133,0,0,1,billing,2025-07-22T02:33:21,benign
log_4395,doc_3,read_phi,phi_rec_1958,0,1,0,diagnosis,2025-08-20T08:49:06,benign
log_4396,doc_0,read_phi,phi_rec_1875,0,0,0,marketing,2025-02-23T14:18:51,benign
log_4397,doc_30,read_phi,phi_rec_41,1,1,0,diagnosis,2025-07-09T19:07:33,benign
log_4398,doc_26,read_phi,phi_rec_1725,0,0,0,billing,2025-07-13T08:33:36,benign
log_4399,bclerk_14,read_phi,phi_rec_614,0,0,1,billing,2025-04-17T14:28:06,benign
log_4400,doc_27,read_phi,phi_rec_1393,1,1,0,diagnosis,2025-01-30T23:29:51,benign
log_4401,doc_17,read_phi,phi_rec_358,0,0,0,billing,2025-07-11T11:04:38,benign
log_4402,doc_10,read_phi,phi_rec_1435,1,0,0,diagnosis,2025-08-25T16:47:29,benign
log_4403,doc_29,read_phi,phi_rec_1616,0,0,0,billing,2025-05-11T18:43:25,benign
log_4404,bclerk_1,read_phi,phi_rec_667,0,0,1,billing,2025-04-22T10:15:28,benign
log_4405,bclerk_7,read_phi,phi_rec_1506,0,0,1,billing,2025-08-12T08:37:18,benign
log_4406,doc_1,read_phi,phi_rec_1826,0,0,0,billing,2025-05-02T21:22:35,benign
log_4407,bclerk_12,read_phi,phi_rec_320,0,0,1,billing,2025-03-06T23:15:54,benign
log_4408,doc_24,read_phi,phi_rec_577,0,0,0,billing,2025-01-07T11:52:34,benign
log_4409,doc_2,read_phi,phi_rec_701,0,0,0,billing,2025-06-26T10:49:59,benign
log_4410,doc_42,read_phi,phi_rec_1357,0,0,0,marketing,2025-02-22T15:49:55,benign
log_4411,doc_30,read_phi,phi_rec_353,1,1,0,diagnosis,2025-04-18T10:53:43,benign
log_4412,doc_48,read_phi,phi_rec_909,0,1,0,diagnosis,2025-06-14T05:01:40,benign
log_4413,doc_27,read_phi,phi_rec_1107,0,0,0,billing,2025-08-21T08:14:49,benign
log_4414,doc_33,read_phi,phi_rec_717,0,0,0,marketing,2025-02-03T03:43:46,benign
log_4415,doc_10,read_phi,phi_rec_1579,0,0,0,billing,2025-01-14T15:05:46,benign
log_4416,doc_21,read_phi,phi_rec_1201,0,1,0,billing,2025-08-18T23:37:24,violation_hipaa_auth
log_4417,doc_48,read_phi,phi_rec_1473,0,0,0,billing,2025-01-11T04:11:30,benign
log_4418,doc_41,read_phi,phi_rec_1832,1,1,0,diagnosis,2025-06-22T15:18:15,benign
log_4419,doc_16,read_phi,phi_rec_1767,0,1,0,diagnosis,2025-02-17T08:27:53,benign
log_4420,doc_31,read_phi,phi_rec_1178,0,0,0,billing,2025-06-08T10:43:49,benign
log_4421,doc_1,read_phi,phi_rec_1888,1,1,0,diagnosis,2025-02-02T01:28:29,benign
log_4422,bclerk_5,read_phi,phi_rec_355,0,0,1,billing,2025-06-13T14:16:24,benign
log_4423,bclerk_8,read_phi,phi_rec_995,1,0,0,billing,2025-04-06T07:53:23,violation_hipaa_min_necessary
log_4424,doc_4,read_phi,phi_rec_28,0,1,0,diagnosis,2025-02-28T22:54:36,benign
log_4425,doc_25,read_phi,phi_rec_1478,0,0,0,billing,2025-04-17T02:33:07,benign
log_4426,bclerk_4,read_phi,phi_rec_1807,0,0,1,billing,2025-07-23T23:39:46,benign
log_4427,doc_47,read_phi,phi_rec_732,0,1,0,diagnosis,2025-07-19T14:27:44,violation_hipaa_auth
log_4428,bclerk_1,read_phi,phi_rec_1502,0,0,1,billing,2025-03-28T14:39:12,benign
log_4429,doc_8,read_phi,phi_rec_1939,1,1,0,diagnosis,2025-04-05T03:22:55,benign
log_4430,bclerk_9,read_phi,phi_rec_1203,0,0,1,billing,2025-08-27T07:03:48,benign
log_4431,doc_23,read_phi,phi_rec_516,1,0,0,research,2025-04-08T13:57:21,benign
log_4432,doc_9,read_phi,phi_rec_650,1,1,0,research,2025-05-06T09:42:06,benign
log_4433,doc_15,read_phi,phi_rec_947,0,1,0,research,2025-04-25T01:12:24,benign
log_4434,doc_38,read_phi,phi_rec_653,1,1,0,diagnosis,2025-01-11T17:33:53,benign
log_4435,doc_19,read_phi,phi_rec_720,1,1,0,research,2025-04-14T20:37:29,benign
log_4436,doc_20,read_phi,phi_rec_317,1,0,0,diagnosis,2025-05-25T17:08:30,benign
log_4437,bclerk_6,read_phi,phi_rec_1538,0,0,1,billing,2025-07-18T15:21:10,benign
log_4438,doc_34,read_phi,phi_rec_899,0,0,0,marketing,2025-01-29T00:13:04,benign
log_4439,bclerk_5,read_phi,phi_rec_1992,0,0,1,billing,2025-06-05T21:13:40,benign
log_4440,doc_47,read_phi,phi_rec_966,0,0,0,research,2025-05-27T05:19:32,benign
log_4441,doc_12,read_phi,phi_rec_1629,0,0,0,billing,2025-06-20T03:23:40,benign
log_4442,doc_42,read_phi,phi_rec_1563,0,0,0,billing,2025-05-20T20:17:18,benign
log_4443,bclerk_0,read_phi,phi_rec_645,1,0,0,billing,2025-06-14T22:32:35,violation_hipaa_min_necessary
log_4444,bclerk_10,read_phi,phi_rec_1476,0,0,1,billing,2025-05-14T11:11:46,benign
log_4445,doc_35,read_phi,phi_rec_1618,0,0,0,marketing,2025-08-27T06:24:52,benign
log_4446,doc_12,read_phi,phi_rec_1710,1,1,0,research,2025-01-04T02:08:05,benign
log_4447,doc_22,read_phi,phi_rec_878,0,0,0,marketing,2025-03-31T17:15:28,benign
log_4448,doc_25,read_phi,phi_rec_867,1,0,0,research,2025-03-26T22:25:52,violation_gdpr_art18
log_4449,doc_35,read_phi,phi_rec_660,0,0,0,billing,2025-02-03T16:28:28,benign
log_4450,doc_43,read_phi,phi_rec_583,1,1,0,diagnosis,2025-03-07T04:23:44,benign
log_4451,doc_22,read_phi,phi_rec_1061,1,1,0,diagnosis,2025-07-07T15:43:30,benign
log_4452,doc_32,read_phi,phi_rec_1609,0,1,0,research,2025-03-08T07:01:35,benign
log_4453,doc_21,read_phi,phi_rec_626,0,0,0,billing,2025-06-07T11:09:27,benign
log_4454,doc_30,read_phi,phi_rec_446,0,0,0,billing,2025-08-05T22:44:43,benign
log_4455,doc_28,read_phi,phi_rec_1221,0,0,0,marketing,2025-02-13T22:32:54,benign
log_4456,doc_47,read_phi,phi_rec_604,1,1,0,diagnosis,2025-01-29T04:34:17,benign
log_4457,doc_48,read_phi,phi_rec_1515,1,1,0,research,2025-01-22T03:53:15,benign
log_4458,doc_43,read_phi,phi_rec_29,0,0,0,research,2025-06-06T08:48:18,benign
log_4459,doc_10,read_phi,phi_rec_1551,0,0,0,billing,2025-04-19T07:38:24,benign
log_4460,doc_35,read_phi,phi_rec_1213,1,1,0,diagnosis,2025-08-07T11:30:51,benign
log_4461,doc_14,read_phi,phi_rec_1206,0,0,0,billing,2025-08-12T03:10:09,benign
log_4462,bclerk_14,read_phi,phi_rec_257,0,0,1,billing,2025-07-31T03:24:52,benign
log_4463,doc_2,read_phi,phi_rec_1117,0,1,0,research,2025-03-22T18:45:36,benign
log_4464,doc_39,read_phi,phi_rec_654,0,0,0,billing,2025-06-25T08:27:47,benign
log_4465,doc_43,read_phi,phi_rec_1915,1,1,0,research,2025-02-25T16:19:42,benign
log_4466,doc_45,read_phi,phi_rec_479,0,1,0,diagnosis,2025-05-31T14:14:12,benign
log_4467,bclerk_8,read_phi,phi_rec_1320,0,0,1,billing,2025-06-29T05:45:36,benign
log_4468,doc_10,read_phi,phi_rec_1435,0,0,0,billing,2025-05-30T20:26:40,benign
log_4469,doc_31,read_phi,phi_rec_532,1,1,0,research,2025-07-19T20:10:49,benign
log_4470,doc_28,read_phi,phi_rec_9,0,1,0,diagnosis,2025-08-13T00:11:09,violation_hipaa_auth
log_4471,doc_29,read_phi,phi_rec_1877,1,1,0,research,2025-07-29T06:44:38,benign
log_4472,doc_18,read_phi,phi_rec_1276,0,0,0,billing,2025-01-01T23:23:23,benign
log_4473,doc_30,read_phi,phi_rec_1992,1,1,0,diagnosis,2025-04-27T03:52:51,benign
log_4474,doc_1,read_phi,phi_rec_1718,0,0,0,billing,2025-01-08T02:01:39,benign
log_4475,bclerk_1,read_phi,phi_rec_1307,0,0,1,billing,2025-02-14T16:37:25,benign
log_4476,doc_31,read_phi,phi_rec_477,1,1,0,research,2025-07-13T06:31:15,benign
log_4477,doc_26,read_phi,phi_rec_1619,0,0,0,marketing,2025-08-06T13:49:25,benign
log_4478,doc_42,read_phi,phi_rec_102,1,1,0,research,2025-01-19T02:18:04,benign
log_4479,doc_16,read_phi,phi_rec_1111,0,0,0,billing,2025-05-09T12:30:08,benign
log_4480,doc_24,read_phi,phi_rec_1457,1,0,0,diagnosis,2025-02-27T18:58:24,benign
log_4481,doc_9,read_phi,phi_rec_548,0,0,0,billing,2025-06-17T13:50:19,benign
log_4482,doc_0,read_phi,phi_rec_1559,0,0,0,billing,2025-04-03T05:14:41,benign
log_4483,doc_48,read_phi,phi_rec_1515,0,1,0,diagnosis,2025-01-05T01:36:16,benign
log_4484,doc_33,read_phi,phi_rec_1014,1,1,0,diagnosis,2025-07-04T19:45:30,benign
log_4485,doc_41,read_phi,phi_rec_1997,0,0,0,marketing,2025-04-25T18:00:47,benign
log_4486,doc_16,read_phi,phi_rec_1008,0,1,0,marketing,2025-02-18T17:49:30,violation_hipaa_auth
log_4487,doc_9,read_phi,phi_rec_1965,0,0,0,billing,2025-07-12T01:55:43,benign
log_4488,doc_18,read_phi,phi_rec_1219,0,1,0,diagnosis,2025-04-22T06:47:06,benign
log_4489,doc_3,read_phi,phi_rec_1958,0,0,0,marketing,2025-08-03T05:42:26,benign
log_4490,doc_32,read_phi,phi_rec_1978,1,1,0,research,2025-06-03T11:43:20,benign
log_4491,bclerk_2,read_phi,phi_rec_1022,0,0,1,billing,2025-04-06T23:03:49,benign
log_4492,bclerk_10,read_phi,phi_rec_650,0,0,1,billing,2025-02-22T23:14:34,benign
log_4493,bclerk_7,read_phi,phi_rec_894,0,0,1,billing,2025-06-26T09:05:59,benign
log_4494,doc_48,read_phi,phi_rec_1413,0,1,0,diagnosis,2025-08-08T14:35:01,benign
log_4495,bclerk_12,read_phi,phi_rec_1978,0,0,1,billing,2025-08-06T04:08:17,benign
log_4496,doc_42,read_phi,phi_rec_1465,1,1,0,diagnosis,2025-07-12T15:22:49,benign
log_4497,doc_9,read_phi,phi_rec_658,0,1,0,diagnosis,2025-02-26T06:19:53,violation_hipaa_auth
log_4498,doc_8,read_phi,phi_rec_1338,0,0,0,billing,2025-04-19T20:18:07,benign
log_4499,doc_5,read_phi,phi_rec_36,0,1,0,billing,2025-06-11T17:54:22,violation_hipaa_auth
log_4500,doc_45,read_phi,phi_rec_1974,0,0,0,billing,2025-01-22T08:24:07,benign
log_4501,doc_40,read_phi,phi_rec_161,0,0,0,marketing,2025-05-03T06:35:57,benign
log_4502,doc_21,read_phi,phi_rec_443,1,1,0,diagnosis,2025-08-20T23:21:25,benign
log_4503,doc_34,read_phi,phi_rec_964,0,0,0,marketing,2025-07-20T17:49:38,benign
log_4504,doc_2,read_phi,phi_rec_1380,0,0,0,billing,2025-02-05T14:16:24,benign
log_4505,bclerk_13,read_phi,phi_rec_156,0,0,1,billing,2025-03-12T23:58:58,benign
log_4506,doc_22,read_phi,phi_rec_639,0,0,0,billing,2025-04-09T10:10:25,benign
log_4507,doc_42,read_phi,phi_rec_919,0,1,0,diagnosis,2025-01-06T02:58:54,benign
log_4508,doc_21,read_phi,phi_rec_1475,0,1,0,diagnosis,2025-08-12T03:48:32,benign
log_4509,doc_34,read_phi,phi_rec_1980,0,0,0,billing,2025-07-07T18:08:45,benign
log_4510,bclerk_2,read_phi,phi_rec_290,0,0,1,billing,2025-04-20T04:23:07,benign
log_4511,doc_40,read_phi,phi_rec_534,1,1,0,diagnosis,2025-08-28T19:32:28,benign
log_4512,bclerk_9,read_phi,phi_rec_1912,0,0,1,billing,2025-01-31T11:10:55,benign
log_4513,doc_2,read_phi,phi_rec_1460,0,0,0,billing,2025-07-01T02:30:41,benign
log_4514,doc_26,read_phi,phi_rec_595,1,1,0,diagnosis,2025-05-12T22:27:55,benign
log_4515,doc_3,read_phi,phi_rec_1386,1,1,0,research,2025-08-10T14:04:15,benign
log_4516,bclerk_0,read_phi,phi_rec_1960,0,0,1,billing,2025-08-16T21:13:00,benign
log_4517,bclerk_6,read_phi,phi_rec_1454,0,0,1,billing,2025-07-21T07:01:16,benign
log_4518,doc_27,read_phi,phi_rec_527,0,0,0,marketing,2025-03-04T13:19:14,benign
log_4519,doc_15,read_phi,phi_rec_1431,1,1,0,research,2025-07-02T09:24:37,benign
log_4520,doc_28,read_phi,phi_rec_1052,0,0,0,marketing,2025-02-20T09:01:28,benign
log_4521,doc_45,read_phi,phi_rec_336,0,0,0,billing,2025-03-14T00:50:32,benign
log_4522,doc_43,read_phi,phi_rec_530,0,0,0,marketing,2025-02-13T20:55:22,benign
log_4523,doc_28,read_phi,phi_rec_970,1,1,0,research,2025-01-26T14:16:57,benign
log_4524,doc_36,read_phi,phi_rec_1812,0,0,0,billing,2025-04-09T11:14:36,benign
log_4525,doc_16,read_phi,phi_rec_931,1,1,0,research,2025-04-26T12:55:11,benign
log_4526,doc_25,read_phi,phi_rec_116,0,0,0,marketing,2025-03-12T00:12:38,benign
log_4527,doc_19,read_phi,phi_rec_801,1,1,0,diagnosis,2025-01-15T05:02:03,benign
log_4528,doc_9,read_phi,phi_rec_638,0,0,0,marketing,2025-04-12T00:40:14,benign
log_4529,doc_19,read_phi,phi_rec_720,1,1,0,diagnosis,2025-02-10T20:29:38,benign
log_4530,bclerk_9,read_phi,phi_rec_1732,0,0,1,billing,2025-03-13T04:29:58,benign
log_4531,doc_42,read_phi,phi_rec_299,1,1,0,diagnosis,2025-02-12T07:24:59,benign
log_4532,doc_13,read_phi,phi_rec_481,0,0,0,marketing,2025-08-05T20:29:36,benign
log_4533,doc_21,read_phi,phi_rec_1794,0,0,0,billing,2025-04-16T12:54:12,benign
log_4534,doc_7,read_phi,phi_rec_748,1,1,0,diagnosis,2025-05-16T22:02:11,benign
log_4535,doc_30,read_phi,phi_rec_9,1,1,0,diagnosis,2025-04-14T16:27:48,benign
log_4536,doc_19,read_phi,phi_rec_428,0,1,0,research,2025-04-02T19:53:27,benign
log_4537,bclerk_0,read_phi,phi_rec_1733,0,0,1,billing,2025-02-25T05:29:09,benign
log_4538,doc_9,read_phi,phi_rec_369,0,0,0,billing,2025-04-10T23:58:22,benign
log_4539,doc_12,read_phi,phi_rec_695,0,0,0,billing,2025-05-15T02:35:45,benign
log_4540,doc_15,read_phi,phi_rec_1648,0,0,0,marketing,2025-04-07T14:11:04,benign
log_4541,doc_31,read_phi,phi_rec_138,1,1,0,research,2025-04-07T06:45:13,benign
log_4542,doc_19,read_phi,phi_rec_8,0,0,0,billing,2025-04-11T00:38:23,benign
log_4543,doc_18,read_phi,phi_rec_1094,1,1,0,research,2025-02-09T14:43:20,benign
log_4544,doc_10,read_phi,phi_rec_302,1,1,0,research,2025-08-16T21:20:15,benign
log_4545,doc_16,read_phi,phi_rec_549,0,0,0,marketing,2025-05-10T13:25:33,benign
log_4546,doc_30,read_phi,phi_rec_989,0,1,0,diagnosis,2025-06-02T14:15:43,benign
log_4547,doc_43,read_phi,phi_rec_935,0,0,0,billing,2025-05-08T08:06:49,benign
log_4548,bclerk_8,read_phi,phi_rec_1308,0,0,1,billing,2025-03-11T08:03:17,benign
log_4549,doc_19,read_phi,phi_rec_834,1,1,0,research,2025-03-26T17:34:56,benign
log_4550,doc_2,read_phi,phi_rec_1118,0,0,0,billing,2025-06-12T06:16:53,benign
log_4551,doc_27,read_phi,phi_rec_589,1,1,0,diagnosis,2025-05-10T14:03:37,benign
log_4552,doc_42,read_phi,phi_rec_1355,1,0,0,diagnosis,2025-07-03T17:29:27,benign
log_4553,bclerk_5,read_phi,phi_rec_1191,0,0,1,billing,2025-06-12T10:20:52,benign
log_4554,bclerk_6,read_phi,phi_rec_689,0,0,1,billing,2025-08-22T06:05:52,benign
log_4555,bclerk_7,read_phi,phi_rec_27,0,0,1,billing,2025-03-09T07:10:52,benign
log_4556,doc_21,read_phi,phi_rec_282,1,1,0,research,2025-05-24T20:06:29,benign
log_4557,doc_16,read_phi,phi_rec_1663,1,0,0,diagnosis,2025-01-04T02:49:11,benign
log_4558,doc_7,read_phi,phi_rec_895,0,0,0,marketing,2025-02-15T15:04:26,benign
log_4559,doc_3,read_phi,phi_rec_187,0,1,0,research,2025-05-22T08:35:45,benign
log_4560,doc_32,read_phi,phi_rec_808,0,0,0,marketing,2025-03-05T07:38:18,benign
log_4561,doc_11,read_phi,phi_rec_1397,0,0,0,billing,2025-04-08T21:49:29,benign
log_4562,doc_19,read_phi,phi_rec_1835,1,1,0,diagnosis,2025-05-27T20:12:45,benign
log_4563,doc_16,read_phi,phi_rec_1762,0,0,0,marketing,2025-03-29T20:25:30,benign
log_4564,bclerk_3,read_phi,phi_rec_45,0,0,1,billing,2025-04-17T05:41:14,benign
log_4565,doc_9,read_phi,phi_rec_1729,0,0,0,marketing,2025-03-01T06:32:49,benign
log_4566,doc_34,read_phi,phi_rec_83,0,0,0,marketing,2025-04-11T11:11:09,benign
log_4567,doc_5,read_phi,phi_rec_635,0,0,0,diagnosis,2025-04-01T10:00:49,benign
log_4568,doc_20,read_phi,phi_rec_657,0,0,0,billing,2025-08-17T09:26:09,benign
log_4569,bclerk_4,read_phi,phi_rec_1880,0,0,1,billing,2025-02-21T12:39:49,benign
log_4570,bclerk_2,read_phi,phi_rec_1283,0,0,1,billing,2025-01-29T05:58:09,benign
log_4571,doc_15,read_phi,phi_rec_1525,0,1,0,research,2025-03-23T20:55:55,violation_gdpr_art18
log_4572,bclerk_8,read_phi,phi_rec_1839,0,0,1,billing,2025-06-06T04:49:52,benign
log_4573,doc_37,read_phi,phi_rec_800,0,0,0,billing,2025-01-26T00:29:43,benign
log_4574,doc_20,read_phi,phi_rec_36,0,0,0,billing,2025-05-24T21:19:04,benign
log_4575,doc_19,read_phi,phi_rec_894,0,0,0,marketing,2025-04-29T20:24:05,benign
log_4576,doc_17,read_phi,phi_rec_16,0,1,0,diagnosis,2025-07-19T21:51:14,violation_hipaa_auth
log_4577,doc_27,read_phi,phi_rec_1810,0,1,0,research,2025-06-20T09:13:27,violation_hipaa_auth
log_4578,doc_43,read_phi,phi_rec_164,0,1,0,diagnosis,2025-01-12T20:05:03,benign
log_4579,doc_4,read_phi,phi_rec_1658,0,0,0,marketing,2025-08-28T12:42:46,benign
log_4580,doc_9,read_phi,phi_rec_548,0,0,0,marketing,2025-04-09T05:12:54,benign
log_4581,doc_29,read_phi,phi_rec_1769,0,0,0,billing,2025-07-16T06:28:09,benign
log_4582,bclerk_11,read_phi,phi_rec_787,0,0,1,billing,2025-06-18T22:44:30,benign
log_4583,doc_6,read_phi,phi_rec_75,0,0,0,billing,2025-07-14T03:48:47,benign
log_4584,doc_22,read_phi,phi_rec_1864,1,1,0,diagnosis,2025-04-28T14:30:56,benign
log_4585,doc_35,read_phi,phi_rec_440,1,1,0,research,2025-06-28T14:09:00,benign
log_4586,doc_15,read_phi,phi_rec_1648,0,0,0,billing,2025-07-02T20:20:25,benign
log_4587,bclerk_8,read_phi,phi_rec_350,0,0,1,billing,2025-03-10T01:41:29,benign
log_4588,doc_44,read_phi,phi_rec_772,0,0,0,billing,2025-04-02T23:19:00,benign
log_4589,bclerk_0,read_phi,phi_rec_1804,0,0,1,billing,2025-06-06T20:29:12,benign
log_4590,doc_49,read_phi,phi_rec_714,0,0,0,billing,2025-06-10T19:08:11,benign
log_4591,doc_38,read_phi,phi_rec_633,0,1,0,research,2025-08-10T22:39:56,violation_gdpr_art18
log_4592,doc_2,read_phi,phi_rec_1902,0,0,0,marketing,2025-03-13T04:26:36,benign
log_4593,doc_29,read_phi,phi_rec_1184,1,0,0,diagnosis,2025-04-01T22:36:40,benign
log_4594,doc_42,read_phi,phi_rec_919,0,0,0,billing,2025-01-16T16:52:13,benign
log_4595,doc_25,read_phi,phi_rec_1012,1,1,0,diagnosis,2025-03-27T03:05:31,benign
log_4596,doc_5,read_phi,phi_rec_325,1,1,0,research,2025-05-23T17:43:45,benign
log_4597,bclerk_8,read_phi,phi_rec_1571,0,0,1,billing,2025-01-01T23:37:29,benign
log_4598,doc_32,read_phi,phi_rec_665,0,1,0,research,2025-07-23T02:51:46,violation_hipaa_auth
log_4599,doc_0,read_phi,phi_rec_234,1,1,0,diagnosis,2025-05-09T06:48:23,benign
log_4600,doc_20,read_phi,phi_rec_1601,0,0,0,billing,2025-06-02T13:25:44,benign
log_4601,doc_21,read_phi,phi_rec_404,0,0,0,billing,2025-02-25T03:47:39,benign
log_4602,doc_27,read_phi,phi_rec_902,0,0,0,marketing,2025-05-18T11:50:50,benign
log_4603,doc_8,read_phi,phi_rec_1294,1,0,0,research,2025-06-28T15:03:50,benign
log_4604,doc_2,read_phi,phi_rec_1075,0,1,0,diagnosis,2025-06-14T14:40:30,benign
log_4605,bclerk_12,read_phi,phi_rec_259,0,0,1,billing,2025-07-13T22:47:08,benign
log_4606,doc_9,read_phi,phi_rec_456,0,0,0,billing,2025-01-02T00:33:26,benign
log_4607,doc_36,read_phi,phi_rec_1488,1,0,0,research,2025-07-06T17:59:19,benign
log_4608,doc_2,read_phi,phi_rec_1150,1,0,0,diagnosis,2025-08-04T12:09:54,benign
log_4609,doc_8,read_phi,phi_rec_825,1,1,0,diagnosis,2025-04-15T01:38:47,benign
log_4610,bclerk_4,read_phi,phi_rec_1910,0,0,1,billing,2025-01-26T03:11:58,benign
log_4611,bclerk_14,read_phi,phi_rec_1811,0,0,1,billing,2025-05-15T02:27:16,benign
log_4612,doc_26,read_phi,phi_rec_1619,1,1,0,research,2025-03-16T06:49:50,benign
log_4613,doc_16,read_phi,phi_rec_305,0,0,0,billing,2025-04-04T22:53:15,benign
log_4614,doc_6,read_phi,phi_rec_1988,0,0,0,billing,2025-06-04T12:02:18,benign
log_4615,doc_36,read_phi,phi_rec_956,1,1,0,diagnosis,2025-01-28T07:25:01,benign
log_4616,doc_48,read_phi,phi_rec_1782,1,1,0,diagnosis,2025-08-05T16:30:38,benign
log_4617,doc_48,read_phi,phi_rec_260,0,0,0,marketing,2025-03-23T03:50:12,benign
log_4618,doc_33,read_phi,phi_rec_924,0,1,0,research,2025-02-26T21:40:51,benign
log_4619,doc_9,read_phi,phi_rec_776,1,1,0,research,2025-05-20T20:58:51,benign
log_4620,doc_41,read_phi,phi_rec_573,0,0,0,billing,2025-04-17T07:21:10,benign
log_4621,bclerk_0,read_phi,phi_rec_864,0,0,1,billing,2025-03-26T19:19:47,benign
log_4622,doc_7,read_phi,phi_rec_1712,0,0,0,marketing,2025-03-07T17:58:06,benign
log_4623,doc_34,read_phi,phi_rec_68,0,0,0,diagnosis,2025-04-11T13:22:39,benign
log_4624,doc_40,read_phi,phi_rec_698,0,0,0,billing,2025-02-01T20:18:36,benign
log_4625,doc_25,read_phi,phi_rec_434,0,0,0,billing,2025-05-05T08:45:16,benign
log_4626,doc_11,read_phi,phi_rec_1870,1,1,0,research,2025-06-05T14:37:15,benign
log_4627,bclerk_9,read_phi,phi_rec_1448,0,0,1,billing,2025-06-01T15:37:16,benign
log_4628,bclerk_3,read_phi,phi_rec_194,0,0,1,billing,2025-08-19T11:25:26,benign
log_4629,doc_11,read_phi,phi_rec_1432,1,0,0,diagnosis,2025-02-19T16:52:18,benign
log_4630,doc_1,read_phi,phi_rec_1888,0,0,0,billing,2025-08-20T11:50:30,benign
log_4631,bclerk_11,read_phi,phi_rec_1126,0,0,1,billing,2025-05-23T14:25:02,benign
log_4632,bclerk_2,read_phi,phi_rec_47,0,0,1,billing,2025-06-21T14:24:45,benign
log_4633,bclerk_3,read_phi,phi_rec_1561,0,0,1,billing,2025-02-03T16:03:54,benign
log_4634,doc_26,read_phi,phi_rec_1844,0,0,0,billing,2025-03-30T21:35:32,benign
log_4635,doc_22,read_phi,phi_rec_1096,0,0,0,billing,2025-06-06T11:27:21,benign
log_4636,doc_19,read_phi,phi_rec_199,0,0,0,billing,2025-03-07T23:01:29,benign
log_4637,doc_5,read_phi,phi_rec_174,0,0,0,billing,2025-07-01T13:09:40,benign
log_4638,doc_28,read_phi,phi_rec_476,0,0,0,billing,2025-02-28T22:23:44,benign
log_4639,doc_46,read_phi,phi_rec_1356,0,0,0,marketing,2025-08-19T15:07:40,benign
log_4640,doc_13,read_phi,phi_rec_334,1,1,0,research,2025-03-21T22:57:07,benign
log_4641,bclerk_4,read_phi,phi_rec_577,0,0,1,billing,2025-08-22T23:03:17,benign
log_4642,doc_20,read_phi,phi_rec_60,0,0,0,billing,2025-02-12T07:06:12,benign
log_4643,doc_20,read_phi,phi_rec_1142,0,0,0,billing,2025-04-08T06:46:17,benign
log_4644,doc_49,read_phi,phi_rec_1942,0,0,0,diagnosis,2025-07-13T17:47:14,benign
log_4645,doc_20,read_phi,phi_rec_1821,0,0,0,marketing,2025-03-14T12:56:27,benign
log_4646,bclerk_7,read_phi,phi_rec_836,1,0,0,billing,2025-08-05T18:39:24,violation_hipaa_min_necessary
log_4647,doc_14,read_phi,phi_rec_1925,1,1,0,diagnosis,2025-04-30T11:44:44,benign
log_4648,doc_37,read_phi,phi_rec_553,1,1,0,research,2025-06-20T15:07:50,benign
log_4649,doc_19,read_phi,phi_rec_720,1,1,0,diagnosis,2025-04-02T17:18:11,benign
log_4650,doc_26,read_phi,phi_rec_1417,0,1,0,diagnosis,2025-06-15T04:40:50,benign
log_4651,doc_29,read_phi,phi_rec_1877,0,0,0,marketing,2025-05-12T14:46:45,benign
log_4652,bclerk_13,read_phi,phi_rec_184,0,0,1,billing,2025-05-20T16:28:32,benign
log_4653,doc_39,read_phi,phi_rec_269,1,1,0,research,2025-05-16T02:04:31,benign
log_4654,doc_43,read_phi,phi_rec_1049,1,1,0,diagnosis,2025-05-24T09:18:11,benign
log_4655,doc_18,read_phi,phi_rec_791,1,1,0,diagnosis,2025-08-04T02:08:07,benign
log_4656,doc_29,read_phi,phi_rec_319,0,0,0,billing,2025-02-23T02:29:11,benign
log_4657,doc_6,read_phi,phi_rec_439,0,0,0,marketing,2025-01-15T16:03:13,benign
log_4658,doc_45,read_phi,phi_rec_1711,1,0,0,diagnosis,2025-02-17T15:33:44,benign
log_4659,bclerk_2,read_phi,phi_rec_74,0,0,1,billing,2025-05-26T05:56:42,benign
log_4660,doc_40,read_phi,phi_rec_1544,0,0,0,billing,2025-03-14T17:26:04,benign
log_4661,doc_38,read_phi,phi_rec_1140,0,0,0,billing,2025-08-05T15:36:59,benign
log_4662,doc_2,read_phi,phi_rec_652,0,0,0,marketing,2025-02-09T02:19:17,benign
log_4663,doc_19,read_phi,phi_rec_1396,0,1,0,research,2025-05-05T16:20:05,benign
log_4664,doc_40,read_phi,phi_rec_1927,1,1,0,diagnosis,2025-01-04T07:22:38,benign
log_4665,doc_28,read_phi,phi_rec_1001,0,0,0,billing,2025-05-06T19:31:27,benign
log_4666,doc_20,read_phi,phi_rec_36,1,1,0,diagnosis,2025-02-23T08:02:02,benign
log_4667,doc_40,read_phi,phi_rec_915,0,0,0,billing,2025-01-21T16:17:10,benign
log_4668,doc_21,read_phi,phi_rec_1475,0,0,0,billing,2025-07-21T23:52:32,benign
log_4669,doc_7,read_phi,phi_rec_895,0,0,0,marketing,2025-07-11T09:53:57,benign
log_4670,doc_11,read_phi,phi_rec_1936,0,1,0,research,2025-01-21T19:18:35,violation_hipaa_auth
log_4671,bclerk_8,read_phi,phi_rec_1084,0,0,1,billing,2025-01-27T01:18:21,benign
log_4672,doc_30,read_phi,phi_rec_353,1,0,0,research,2025-03-18T19:08:05,benign
log_4673,bclerk_2,read_phi,phi_rec_679,0,0,1,billing,2025-06-11T16:20:13,benign
log_4674,doc_10,read_phi,phi_rec_1841,0,0,0,marketing,2025-02-21T15:26:53,benign
log_4675,doc_0,read_phi,phi_rec_1956,1,1,0,diagnosis,2025-02-16T06:51:35,benign
log_4676,doc_7,read_phi,phi_rec_978,1,0,0,research,2025-03-28T23:25:52,violation_gdpr_art18
log_4677,bclerk_0,read_phi,phi_rec_292,0,0,1,billing,2025-06-13T02:54:53,benign
log_4678,doc_20,read_phi,phi_rec_1146,1,1,0,diagnosis,2025-04-15T17:36:29,benign
log_4679,doc_27,read_phi,phi_rec_1990,1,1,0,research,2025-04-09T12:45:29,benign
log_4680,doc_17,read_phi,phi_rec_1502,1,1,0,research,2025-06-26T06:36:34,benign
log_4681,doc_2,read_phi,phi_rec_3,0,0,0,billing,2025-06-05T20:35:22,benign
log_4682,doc_22,read_phi,phi_rec_1964,0,1,0,research,2025-03-27T05:47:21,violation_hipaa_auth
log_4683,doc_27,read_phi,phi_rec_35,0,0,0,marketing,2025-03-29T02:47:13,benign
log_4684,doc_8,read_phi,phi_rec_1735,0,0,0,marketing,2025-04-26T08:03:48,benign
log_4685,bclerk_3,read_phi,phi_rec_1776,0,0,1,billing,2025-07-17T05:42:05,benign
log_4686,bclerk_8,read_phi,phi_rec_832,0,0,1,billing,2025-02-04T10:31:05,benign
log_4687,doc_43,read_phi,phi_rec_1852,0,0,0,billing,2025-06-14T12:49:31,benign
log_4688,doc_1,read_phi,phi_rec_916,0,1,0,research,2025-02-03T09:00:41,benign
log_4689,doc_41,read_phi,phi_rec_1997,1,1,0,diagnosis,2025-07-20T22:53:41,benign
log_4690,doc_47,read_phi,phi_rec_1265,0,0,0,billing,2025-06-06T15:27:50,benign
log_4691,doc_23,read_phi,phi_rec_175,0,0,0,billing,2025-03-14T00:49:43,benign
log_4692,doc_34,read_phi,phi_rec_83,0,0,0,marketing,2025-08-08T08:31:05,benign
log_4693,doc_26,read_phi,phi_rec_1844,0,0,0,billing,2025-03-14T17:47:05,benign
log_4694,doc_0,read_phi,phi_rec_1559,0,0,0,diagnosis,2025-01-14T12:43:21,benign
log_4695,doc_45,read_phi,phi_rec_1740,0,0,0,marketing,2025-01-18T13:21:46,benign
log_4696,doc_11,read_phi,phi_rec_1753,1,1,0,diagnosis,2025-01-18T12:12:14,benign
log_4697,bclerk_12,read_phi,phi_rec_325,0,0,1,billing,2025-01-09T10:12:56,benign
log_4698,doc_7,read_phi,phi_rec_748,1,1,0,research,2025-05-04T12:55:47,benign
log_4699,doc_29,read_phi,phi_rec_1616,0,1,0,research,2025-01-23T01:00:53,benign
log_4700,bclerk_1,read_phi,phi_rec_1292,0,0,1,billing,2025-04-22T20:45:17,benign
log_4701,bclerk_11,read_phi,phi_rec_500,0,0,1,billing,2025-05-12T12:35:37,benign
log_4702,doc_22,read_phi,phi_rec_1811,0,0,0,billing,2025-08-18T23:31:34,benign
log_4703,doc_12,read_phi,phi_rec_343,0,0,0,billing,2025-01-26T04:07:00,benign
log_4704,doc_46,read_phi,phi_rec_1370,1,1,0,research,2025-01-30T10:55:30,benign
log_4705,doc_6,read_phi,phi_rec_512,0,0,0,marketing,2025-08-29T22:31:27,benign
log_4706,doc_27,read_phi,phi_rec_1664,1,0,0,research,2025-08-12T22:12:08,benign
log_4707,doc_11,read_phi,phi_rec_857,0,1,0,diagnosis,2025-04-17T22:21:14,benign
log_4708,doc_19,read_phi,phi_rec_834,1,1,0,diagnosis,2025-03-06T03:45:44,benign
log_4709,bclerk_4,read_phi,phi_rec_189,0,0,1,billing,2025-05-06T08:02:22,benign
log_4710,doc_22,read_phi,phi_rec_1541,0,1,0,diagnosis,2025-04-17T08:03:33,benign
log_4711,bclerk_0,read_phi,phi_rec_807,0,0,1,billing,2025-03-24T18:58:00,benign
log_4712,doc_36,read_phi,phi_rec_171,0,0,0,billing,2025-03-18T06:16:03,benign
log_4713,bclerk_3,read_phi,phi_rec_1639,0,0,1,billing,2025-06-14T13:10:25,benign
log_4714,bclerk_11,read_phi,phi_rec_1292,0,0,1,billing,2025-07-07T01:16:42,benign
log_4715,bclerk_4,read_phi,phi_rec_1803,0,0,1,billing,2025-06-14T14:19:08,benign
log_4716,bclerk_14,read_phi,phi_rec_178,0,0,1,billing,2025-06-08T15:38:07,benign
log_4717,doc_26,read_phi,phi_rec_275,1,1,0,diagnosis,2025-02-15T10:55:02,benign
log_4718,doc_5,read_phi,phi_rec_90,0,1,0,research,2025-07-24T01:03:38,benign
log_4719,doc_45,read_phi,phi_rec_1765,0,0,0,marketing,2025-05-09T01:43:36,benign
log_4720,doc_23,read_phi,phi_rec_575,0,0,0,marketing,2025-02-28T04:34:45,benign
log_4721,doc_1,read_phi,phi_rec_144,0,0,0,marketing,2025-04-18T01:17:53,benign
log_4722,bclerk_5,read_phi,phi_rec_1784,0,0,1,billing,2025-06-28T11:02:48,benign
log_4723,doc_20,read_phi,phi_rec_1954,1,1,0,diagnosis,2025-06-10T15:33:23,benign
log_4724,doc_38,read_phi,phi_rec_1828,1,1,0,research,2025-02-05T01:15:23,benign
log_4725,doc_14,read_phi,phi_rec_1306,1,1,0,research,2025-08-01T10:09:43,benign
log_4726,doc_5,read_phi,phi_rec_837,1,1,0,research,2025-04-20T05:01:16,benign
log_4727,bclerk_3,read_phi,phi_rec_386,0,0,1,billing,2025-05-19T23:16:49,benign
log_4728,doc_14,read_phi,phi_rec_485,1,1,0,diagnosis,2025-01-29T19:52:09,benign
log_4729,doc_9,read_phi,phi_rec_572,1,1,0,diagnosis,2025-06-13T18:38:13,benign
log_4730,bclerk_7,read_phi,phi_rec_231,0,0,1,billing,2025-02-07T10:01:14,benign
log_4731,doc_1,read_phi,phi_rec_1869,1,1,0,research,2025-03-26T18:13:57,benign
log_4732,doc_0,read_phi,phi_rec_328,0,1,0,research,2025-02-11T02:58:48,violation_gdpr_art18
log_4733,bclerk_5,read_phi,phi_rec_1149,0,0,1,billing,2025-02-22T03:48:37,benign
log_4734,doc_43,read_phi,phi_rec_530,0,0,0,marketing,2025-08-27T12:05:46,benign
log_4735,doc_15,read_phi,phi_rec_947,0,0,0,billing,2025-08-16T09:13:13,benign
log_4736,doc_25,read_phi,phi_rec_913,0,0,0,marketing,2025-07-06T20:26:51,benign
log_4737,doc_25,read_phi,phi_rec_524,0,0,0,marketing,2025-08-29T22:52:50,benign
log_4738,doc_23,read_phi,phi_rec_575,0,0,0,billing,2025-03-15T08:12:47,benign
log_4739,doc_47,read_phi,phi_rec_966,1,1,0,diagnosis,2025-08-15T00:17:58,benign
log_4740,doc_21,read_phi,phi_rec_1827,0,0,0,marketing,2025-04-14T14:53:42,benign
log_4741,doc_0,read_phi,phi_rec_1674,1,1,0,diagnosis,2025-05-25T17:10:52,benign
log_4742,doc_33,read_phi,phi_rec_1626,0,0,0,marketing,2025-04-02T08:49:51,benign
log_4743,doc_1,read_phi,phi_rec_1858,1,1,0,diagnosis,2025-01-06T12:48:28,benign
log_4744,doc_4,read_phi,phi_rec_1843,0,0,0,billing,2025-07-16T01:13:26,benign
log_4745,bclerk_7,read_phi,phi_rec_630,0,0,1,billing,2025-01-22T23:41:57,benign
log_4746,doc_8,read_phi,phi_rec_109,1,1,0,diagnosis,2025-05-29T18:58:04,benign
log_4747,doc_40,read_phi,phi_rec_1274,0,0,0,billing,2025-04-16T03:21:50,benign
log_4748,doc_27,read_phi,phi_rec_737,0,0,0,marketing,2025-04-07T19:06:09,benign
log_4749,doc_0,read_phi,phi_rec_1559,0,0,0,marketing,2025-07-12T20:55:59,benign
log_4750,bclerk_5,read_phi,phi_rec_658,0,0,1,billing,2025-08-26T01:21:33,benign
log_4751,doc_43,read_phi,phi_rec_265,1,0,0,research,2025-02-03T18:43:21,benign
log_4752,doc_41,read_phi,phi_rec_999,1,1,0,research,2025-02-28T00:52:30,benign
log_4753,doc_31,read_phi,phi_rec_521,1,0,0,research,2025-06-11T01:39:39,benign
log_4754,doc_14,read_phi,phi_rec_806,0,1,0,diagnosis,2025-01-08T21:27:06,benign
log_4755,doc_49,read_phi,phi_rec_1912,0,0,0,billing,2025-03-18T21:54:44,benign
log_4756,doc_39,read_phi,phi_rec_890,1,1,0,research,2025-08-18T21:05:08,benign
log_4757,doc_42,read_phi,phi_rec_985,1,0,0,research,2025-03-08T17:47:38,benign
log_4758,bclerk_0,read_phi,phi_rec_1697,0,0,1,marketing,2025-03-16T11:52:54,violation_gdpr_art18
log_4759,bclerk_3,read_phi,phi_rec_1788,0,0,1,billing,2025-08-17T06:22:39,benign
log_4760,doc_33,read_phi,phi_rec_1517,0,1,0,diagnosis,2025-08-06T19:58:14,benign
log_4761,doc_38,read_phi,phi_rec_653,1,0,0,diagnosis,2025-08-15T09:23:52,benign
log_4762,bclerk_7,read_phi,phi_rec_296,1,0,0,billing,2025-06-05T07:07:09,violation_hipaa_min_necessary
log_4763,doc_49,read_phi,phi_rec_1564,1,0,0,diagnosis,2025-08-07T14:21:37,benign
log_4764,bclerk_9,read_phi,phi_rec_975,0,1,0,billing,2025-03-01T17:12:48,violation_hipaa_min_necessary
log_4765,bclerk_9,read_phi,phi_rec_1531,0,0,1,billing,2025-06-27T07:43:08,benign
log_4766,doc_2,read_phi,phi_rec_1897,1,1,0,research,2025-04-06T00:20:58,benign
log_4767,bclerk_14,read_phi,phi_rec_1894,1,0,0,billing,2025-06-03T11:28:50,violation_hipaa_min_necessary
log_4768,doc_19,read_phi,phi_rec_1164,1,1,0,diagnosis,2025-01-03T08:09:46,benign
log_4769,doc_1,read_phi,phi_rec_1952,0,0,0,billing,2025-03-29T18:00:56,benign
log_4770,doc_13,read_phi,phi_rec_1302,1,0,0,diagnosis,2025-03-10T15:24:32,benign
log_4771,doc_44,read_phi,phi_rec_383,1,1,0,research,2025-02-23T05:40:44,benign
log_4772,bclerk_12,read_phi,phi_rec_1727,0,0,1,billing,2025-04-30T12:31:43,benign
log_4773,doc_12,read_phi,phi_rec_1158,0,0,0,billing,2025-08-08T09:58:33,benign
log_4774,bclerk_2,read_phi,phi_rec_1075,1,0,0,billing,2025-04-22T19:08:53,violation_hipaa_min_necessary
log_4775,doc_34,read_phi,phi_rec_1885,0,0,0,billing,2025-05-01T05:04:57,benign
log_4776,bclerk_8,read_phi,phi_rec_1103,0,0,1,billing,2025-05-30T23:57:59,benign
log_4777,doc_8,read_phi,phi_rec_1126,1,1,0,diagnosis,2025-02-21T14:26:15,benign
log_4778,bclerk_13,read_phi,phi_rec_967,0,0,1,billing,2025-04-17T06:56:43,benign
log_4779,doc_22,read_phi,phi_rec_1864,0,0,0,billing,2025-03-31T10:06:11,benign
log_4780,doc_37,read_phi,phi_rec_553,1,1,0,diagnosis,2025-05-14T21:43:48,benign
log_4781,bclerk_5,read_phi,phi_rec_1386,0,0,1,billing,2025-08-21T07:13:31,benign
log_4782,bclerk_9,read_phi,phi_rec_389,0,0,1,billing,2025-01-13T15:12:48,benign
log_4783,doc_42,read_phi,phi_rec_1986,0,1,0,diagnosis,2025-03-30T09:23:42,benign
log_4784,bclerk_7,read_phi,phi_rec_1900,0,0,1,billing,2025-05-30T05:33:34,benign
log_4785,bclerk_6,read_phi,phi_rec_1750,0,0,1,billing,2025-01-03T08:04:23,benign
log_4786,doc_20,read_phi,phi_rec_545,0,0,0,billing,2025-03-16T03:29:43,benign
log_4787,doc_0,read_phi,phi_rec_1875,1,1,0,diagnosis,2025-06-01T19:55:03,benign
log_4788,doc_37,read_phi,phi_rec_1526,0,1,0,research,2025-08-21T02:58:35,benign
log_4789,bclerk_4,read_phi,phi_rec_831,0,0,1,billing,2025-07-24T17:23:53,benign
log_4790,doc_38,read_phi,phi_rec_1319,1,1,0,research,2025-02-04T13:19:38,benign
log_4791,doc_30,read_phi,phi_rec_1168,0,0,0,marketing,2025-05-15T10:24:55,benign
log_4792,doc_3,read_phi,phi_rec_669,1,1,0,research,2025-04-08T16:11:42,benign
log_4793,doc_21,read_phi,phi_rec_1918,1,1,0,diagnosis,2025-02-01T22:53:57,benign
log_4794,doc_35,read_phi,phi_rec_1799,0,0,0,billing,2025-06-15T04:36:38,benign
log_4795,doc_10,read_phi,phi_rec_1419,0,0,0,marketing,2025-07-16T04:27:56,benign
log_4796,doc_12,read_phi,phi_rec_513,1,1,0,diagnosis,2025-01-29T10:27:17,benign
log_4797,doc_25,read_phi,phi_rec_1730,0,0,0,billing,2025-03-23T12:25:14,benign
log_4798,doc_31,read_phi,phi_rec_1205,0,0,0,billing,2025-07-23T18:55:15,benign
log_4799,doc_21,read_phi,phi_rec_253,1,1,0,diagnosis,2025-08-09T05:33:58,benign
log_4800,doc_6,read_phi,phi_rec_647,1,1,0,research,2025-03-06T17:12:37,benign
log_4801,doc_25,read_phi,phi_rec_419,0,0,0,marketing,2025-01-26T10:37:18,benign
log_4802,doc_40,read_phi,phi_rec_458,0,1,0,research,2025-02-09T01:33:37,benign
log_4803,doc_30,read_phi,phi_rec_1737,1,1,0,diagnosis,2025-08-21T11:37:55,benign
log_4804,doc_21,read_phi,phi_rec_430,0,1,0,diagnosis,2025-01-21T15:18:57,violation_hipaa_auth
log_4805,bclerk_14,read_phi,phi_rec_1627,0,0,1,billing,2025-07-30T10:14:10,benign
log_4806,bclerk_2,read_phi,phi_rec_88,1,0,0,billing,2025-01-10T09:50:38,violation_hipaa_min_necessary
log_4807,doc_44,read_phi,phi_rec_1908,0,0,0,marketing,2025-05-02T13:13:18,benign
log_4808,doc_42,read_phi,phi_rec_1020,0,0,0,marketing,2025-02-08T16:45:05,benign
log_4809,bclerk_0,read_phi,phi_rec_680,0,0,1,marketing,2025-04-20T05:58:46,violation_gdpr_art18
log_4810,doc_18,read_phi,phi_rec_952,0,0,0,billing,2025-01-21T15:40:50,benign
log_4811,doc_16,read_phi,phi_rec_20,1,1,0,diagnosis,2025-01-02T01:40:02,benign
log_4812,doc_0,read_phi,phi_rec_1022,0,0,0,billing,2025-08-12T09:26:41,benign
log_4813,doc_40,read_phi,phi_rec_1376,0,0,0,marketing,2025-05-19T19:13:00,benign
log_4814,bclerk_0,read_phi,phi_rec_276,0,0,1,marketing,2025-07-09T00:21:09,violation_gdpr_art18
log_4815,bclerk_0,read_phi,phi_rec_1257,0,0,1,marketing,2025-07-09T18:00:54,violation_gdpr_art18
log_4816,bclerk_6,read_phi,phi_rec_1549,0,0,1,billing,2025-07-12T11:59:05,benign
log_4817,bclerk_10,read_phi,phi_rec_1337,0,0,1,billing,2025-04-01T17:10:32,benign
log_4818,bclerk_11,read_phi,phi_rec_1454,0,0,1,billing,2025-03-03T22:27:40,benign
log_4819,doc_17,read_phi,phi_rec_1292,0,1,0,diagnosis,2025-08-09T12:07:28,violation_hipaa_auth
log_4820,doc_45,read_phi,phi_rec_1738,0,1,0,research,2025-04-27T11:11:12,violation_gdpr_art18
log_4821,bclerk_7,read_phi,phi_rec_1609,0,0,1,billing,2025-07-17T09:25:18,benign
log_4822,doc_1,read_phi,phi_rec_189,0,0,0,marketing,2025-06-04T19:56:49,benign
log_4823,doc_2,read_phi,phi_rec_700,0,0,0,marketing,2025-03-16T06:01:10,benign
log_4824,doc_16,read_phi,phi_rec_1663,1,0,0,research,2025-03-16T10:16:10,benign
log_4825,doc_9,read_phi,phi_rec_1034,0,0,0,marketing,2025-04-26T09:52:56,benign
log_4826,doc_24,read_phi,phi_rec_1062,0,0,0,marketing,2025-06-28T22:57:11,benign
log_4827,bclerk_0,read_phi,phi_rec_170,0,0,1,marketing,2025-04-15T19:18:34,violation_gdpr_art18
log_4828,bclerk_12,read_phi,phi_rec_1420,0,0,1,billing,2025-05-16T08:01:22,benign
log_4829,doc_45,read_phi,phi_rec_926,0,0,0,billing,2025-06-11T01:30:23,benign
log_4830,doc_36,read_phi,phi_rec_1854,0,1,0,diagnosis,2025-07-15T17:35:47,benign
log_4831,bclerk_0,read_phi,phi_rec_1434,0,0,1,billing,2025-02-18T14:38:56,benign
log_4832,bclerk_9,read_phi,phi_rec_1547,0,0,1,billing,2025-06-27T12:21:20,benign
log_4833,bclerk_14,read_phi,phi_rec_1129,0,0,1,billing,2025-02-01T04:04:21,benign
log_4834,doc_21,read_phi,phi_rec_1137,0,0,0,billing,2025-02-23T23:26:25,benign
log_4835,doc_45,read_phi,phi_rec_1112,1,1,0,diagnosis,2025-01-12T11:04:23,benign
log_4836,doc_32,read_phi,phi_rec_1222,0,0,0,billing,2025-08-10T23:08:25,benign
log_4837,bclerk_1,read_phi,phi_rec_537,0,0,1,billing,2025-07-11T22:31:28,benign
log_4838,bclerk_5,read_phi,phi_rec_391,0,0,1,billing,2025-04-26T12:02:17,benign
log_4839,doc_10,read_phi,phi_rec_1435,1,1,0,diagnosis,2025-07-11T15:03:50,benign
log_4840,doc_38,read_phi,phi_rec_1828,1,0,0,research,2025-03-04T08:42:35,benign
log_4841,bclerk_7,read_phi,phi_rec_672,0,0,1,billing,2025-04-29T22:30:31,benign
log_4842,doc_26,read_phi,phi_rec_1405,1,1,0,diagnosis,2025-05-30T22:12:46,benign
log_4843,doc_43,read_phi,phi_rec_1870,0,1,0,diagnosis,2025-06-11T12:16:23,violation_hipaa_auth
log_4844,doc_35,read_phi,phi_rec_420,0,0,0,marketing,2025-01-24T19:25:03,benign
log_4845,doc_46,read_phi,phi_rec_186,0,0,0,billing,2025-08-07T08:02:24,benign
log_4846,doc_40,read_phi,phi_rec_793,0,0,0,billing,2025-08-09T03:01:42,benign
log_4847,doc_28,read_phi,phi_rec_839,1,1,0,research,2025-02-14T05:42:37,benign
log_4848,doc_41,read_phi,phi_rec_1251,1,1,0,diagnosis,2025-02-19T16:57:19,benign
log_4849,doc_39,read_phi,phi_rec_269,1,1,0,diagnosis,2025-02-07T03:30:45,benign
log_4850,doc_37,read_phi,phi_rec_1277,1,1,0,research,2025-04-12T10:21:03,benign
log_4851,doc_22,read_phi,phi_rec_492,1,0,0,diagnosis,2025-07-01T13:28:44,benign
log_4852,bclerk_1,read_phi,phi_rec_1881,0,0,1,billing,2025-01-20T10:42:26,benign
log_4853,bclerk_5,read_phi,phi_rec_1162,0,0,1,billing,2025-01-29T23:06:40,benign
log_4854,doc_14,read_phi,phi_rec_158,0,0,0,billing,2025-02-01T11:14:28,benign
log_4855,doc_35,read_phi,phi_rec_86,1,1,0,diagnosis,2025-04-24T23:32:38,benign
log_4856,bclerk_3,read_phi,phi_rec_154,0,0,1,billing,2025-07-26T16:07:57,benign
log_4857,doc_36,read_phi,phi_rec_608,0,0,0,billing,2025-08-02T17:44:15,benign
log_4858,doc_42,read_phi,phi_rec_244,0,0,0,billing,2025-04-10T23:13:23,benign
log_4859,doc_49,read_phi,phi_rec_869,0,0,0,billing,2025-01-04T23:46:35,benign
log_4860,doc_25,read_phi,phi_rec_1497,0,0,0,billing,2025-08-24T12:52:39,benign
log_4861,bclerk_7,read_phi,phi_rec_1320,0,0,1,billing,2025-03-26T15:14:17,benign
log_4862,doc_38,read_phi,phi_rec_1585,0,0,0,billing,2025-04-22T05:27:48,benign
log_4863,doc_24,read_phi,phi_rec_577,0,0,0,billing,2025-01-17T14:42:14,benign
log_4864,doc_14,read_phi,phi_rec_1306,1,0,0,research,2025-06-22T03:36:02,benign
log_4865,doc_34,read_phi,phi_rec_1598,1,1,0,diagnosis,2025-01-28T03:29:53,benign
log_4866,doc_0,read_phi,phi_rec_762,0,0,0,marketing,2025-02-11T11:58:47,benign
log_4867,doc_3,read_phi,phi_rec_1119,0,0,0,marketing,2025-04-01T08:55:38,benign
log_4868,doc_39,read_phi,phi_rec_37,1,1,0,diagnosis,2025-06-29T03:31:59,benign
log_4869,bclerk_8,read_phi,phi_rec_839,0,0,1,billing,2025-03-30T16:06:43,benign
log_4870,bclerk_9,read_phi,phi_rec_352,0,0,1,billing,2025-02-22T21:09:18,benign
log_4871,doc_1,read_phi,phi_rec_1230,0,0,0,marketing,2025-05-24T01:26:32,benign
log_4872,doc_38,read_phi,phi_rec_598,0,1,0,research,2025-04-04T19:05:47,benign
log_4873,doc_1,read_phi,phi_rec_651,0,1,0,diagnosis,2025-06-09T02:43:45,benign
log_4874,doc_32,read_phi,phi_rec_13,1,1,0,research,2025-06-10T17:38:40,benign
log_4875,doc_43,read_phi,phi_rec_29,0,1,0,research,2025-04-09T11:20:17,benign
log_4876,doc_31,read_phi,phi_rec_908,0,0,0,marketing,2025-05-30T01:45:18,benign
log_4877,doc_29,read_phi,phi_rec_1120,0,1,0,marketing,2025-07-20T05:51:52,violation_hipaa_auth
log_4878,bclerk_10,read_phi,phi_rec_790,0,0,1,billing,2025-04-09T19:42:09,benign
log_4879,doc_21,read_phi,phi_rec_944,1,1,0,research,2025-07-21T17:28:36,benign
log_4880,doc_40,read_phi,phi_rec_713,0,1,0,research,2025-02-27T01:22:57,benign
log_4881,bclerk_2,read_phi,phi_rec_280,1,0,0,billing,2025-04-29T01:00:17,violation_hipaa_min_necessary
log_4882,doc_19,read_phi,phi_rec_1269,0,0,0,billing,2025-05-15T04:51:54,benign
log_4883,doc_21,read_phi,phi_rec_408,0,0,0,billing,2025-02-20T02:19:54,benign
log_4884,bclerk_14,read_phi,phi_rec_1,0,0,1,billing,2025-01-14T10:09:02,benign
log_4885,doc_7,read_phi,phi_rec_1866,0,0,0,billing,2025-01-06T18:20:23,benign
log_4886,doc_7,read_phi,phi_rec_668,0,0,0,billing,2025-02-20T06:37:28,benign
log_4887,doc_1,read_phi,phi_rec_1374,0,0,0,marketing,2025-03-15T15:13:52,benign
log_4888,doc_37,read_phi,phi_rec_832,1,1,0,research,2025-08-25T08:58:44,benign
log_4889,doc_25,read_phi,phi_rec_913,1,1,0,research,2025-08-09T14:56:31,benign
log_4890,doc_39,read_phi,phi_rec_410,1,1,0,research,2025-04-24T10:35:01,benign
log_4891,doc_3,read_phi,phi_rec_1081,1,1,0,diagnosis,2025-03-31T05:16:41,benign
log_4892,doc_36,read_phi,phi_rec_724,0,0,0,billing,2025-04-03T16:25:06,benign
log_4893,doc_12,read_phi,phi_rec_180,0,0,0,billing,2025-01-21T15:33:24,benign
log_4894,doc_15,read_phi,phi_rec_1996,1,1,0,diagnosis,2025-01-03T22:05:27,benign
log_4895,doc_22,read_phi,phi_rec_1121,1,1,0,diagnosis,2025-07-13T05:37:18,benign
log_4896,bclerk_11,read_phi,phi_rec_1159,0,0,1,billing,2025-07-26T00:01:28,benign
log_4897,doc_22,read_phi,phi_rec_242,1,0,0,research,2025-04-02T16:31:44,violation_gdpr_art18
log_4898,doc_19,read_phi,phi_rec_25,1,1,0,diagnosis,2025-07-22T16:03:49,benign
log_4899,doc_39,read_phi,phi_rec_510,0,0,0,marketing,2025-05-18T10:57:43,benign
log_4900,bclerk_10,read_phi,phi_rec_1422,0,0,1,billing,2025-03-17T19:28:59,benign
log_4901,doc_43,read_phi,phi_rec_1491,1,1,0,research,2025-04-03T11:44:17,benign
log_4902,doc_13,read_phi,phi_rec_122,1,1,0,diagnosis,2025-04-05T13:15:27,benign
log_4903,doc_27,read_phi,phi_rec_450,1,0,0,diagnosis,2025-01-23T10:42:56,benign
log_4904,doc_19,read_phi,phi_rec_720,0,0,0,marketing,2025-03-07T13:06:44,benign
log_4905,bclerk_10,read_phi,phi_rec_200,0,0,1,billing,2025-07-05T06:15:06,benign
log_4906,doc_41,read_phi,phi_rec_346,1,1,0,research,2025-03-23T15:55:41,benign
log_4907,doc_32,read_phi,phi_rec_364,0,1,0,billing,2025-06-09T22:58:00,violation_hipaa_auth
log_4908,doc_1,read_phi,phi_rec_179,1,1,0,diagnosis,2025-08-24T14:58:15,benign
log_4909,doc_41,read_phi,phi_rec_1786,0,1,0,research,2025-04-08T14:11:54,benign
log_4910,doc_29,read_phi,phi_rec_1790,1,1,0,diagnosis,2025-02-27T16:06:26,benign
log_4911,doc_18,read_phi,phi_rec_1031,0,1,0,research,2025-02-04T14:26:24,benign
log_4912,bclerk_12,read_phi,phi_rec_922,0,0,1,billing,2025-08-27T23:26:13,benign
log_4913,bclerk_6,read_phi,phi_rec_1186,0,0,1,billing,2025-07-09T02:49:11,benign
log_4914,doc_0,read_phi,phi_rec_1381,0,0,0,billing,2025-03-01T09:13:17,benign
log_4915,doc_25,read_phi,phi_rec_1699,0,0,0,billing,2025-08-13T18:58:40,benign
log_4916,bclerk_0,read_phi,phi_rec_1841,0,0,1,billing,2025-03-28T06:29:32,benign
log_4917,doc_34,read_phi,phi_rec_1980,0,0,0,billing,2025-01-24T14:08:35,benign
log_4918,doc_23,read_phi,phi_rec_853,0,1,0,diagnosis,2025-04-28T15:45:41,benign
log_4919,doc_11,read_phi,phi_rec_777,1,0,0,research,2025-03-07T16:17:07,benign
log_4920,doc_33,read_phi,phi_rec_1803,1,1,0,diagnosis,2025-03-26T21:47:04,benign
log_4921,doc_0,read_phi,phi_rec_1592,0,0,0,billing,2025-03-14T01:55:33,benign
log_4922,doc_3,read_phi,phi_rec_1000,0,1,0,diagnosis,2025-08-16T04:44:47,benign
log_4923,doc_26,read_phi,phi_rec_731,1,0,0,diagnosis,2025-01-02T11:28:59,benign
log_4924,doc_4,read_phi,phi_rec_699,0,0,0,billing,2025-01-03T01:37:19,benign
log_4925,doc_7,read_phi,phi_rec_1025,1,1,0,diagnosis,2025-05-03T06:18:52,benign
log_4926,doc_10,read_phi,phi_rec_1575,0,0,0,billing,2025-07-05T05:04:45,benign
log_4927,doc_18,read_phi,phi_rec_1276,0,1,0,research,2025-07-26T20:46:46,benign
log_4928,bclerk_8,read_phi,phi_rec_1849,0,0,1,billing,2025-08-03T11:47:52,benign
log_4929,doc_10,read_phi,phi_rec_1419,0,0,0,billing,2025-07-23T02:03:44,benign
log_4930,doc_30,read_phi,phi_rec_989,1,1,0,research,2025-07-23T11:23:33,benign
log_4931,bclerk_3,read_phi,phi_rec_1239,0,0,1,billing,2025-05-22T21:32:01,benign
log_4932,doc_12,read_phi,phi_rec_322,1,0,0,diagnosis,2025-06-07T07:00:48,benign
log_4933,doc_40,read_phi,phi_rec_1226,0,0,0,marketing,2025-01-11T17:29:06,benign
log_4934,doc_34,read_phi,phi_rec_799,0,0,0,marketing,2025-04-24T12:01:54,benign
log_4935,bclerk_7,read_phi,phi_rec_1312,0,0,1,billing,2025-03-02T20:10:35,benign
log_4936,bclerk_14,read_phi,phi_rec_773,0,0,1,billing,2025-07-21T04:41:05,benign
log_4937,doc_2,read_phi,phi_rec_1897,0,0,0,research,2025-03-29T05:26:29,benign
log_4938,doc_25,read_phi,phi_rec_927,0,0,0,billing,2025-08-01T01:12:31,benign
log_4939,doc_39,read_phi,phi_rec_1621,0,0,0,billing,2025-02-01T16:52:47,benign
log_4940,doc_40,read_phi,phi_rec_1077,1,1,0,research,2025-01-25T06:11:23,benign
log_4941,doc_18,read_phi,phi_rec_681,0,0,0,billing,2025-08-12T16:30:01,benign
log_4942,doc_6,read_phi,phi_rec_193,0,0,0,billing,2025-08-15T08:32:28,benign
log_4943,doc_25,read_phi,phi_rec_329,0,0,0,marketing,2025-04-21T00:13:38,benign
log_4944,bclerk_8,read_phi,phi_rec_222,0,0,1,billing,2025-05-31T15:39:22,benign
log_4945,doc_11,read_phi,phi_rec_1397,1,1,0,diagnosis,2025-08-09T13:57:17,benign
log_4946,doc_40,read_phi,phi_rec_880,1,1,0,research,2025-02-02T07:27:46,benign
log_4947,doc_19,read_phi,phi_rec_986,0,1,0,diagnosis,2025-05-31T06:59:04,benign
log_4948,doc_39,read_phi,phi_rec_192,0,1,0,diagnosis,2025-01-10T11:33:58,benign
log_4949,doc_28,read_phi,phi_rec_89,1,1,0,research,2025-08-26T21:46:26,benign
log_4950,doc_31,read_phi,phi_rec_1673,0,0,0,marketing,2025-02-28T10:27:35,benign
log_4951,doc_30,read_phi,phi_rec_1168,1,0,0,diagnosis,2025-04-24T17:42:52,benign
log_4952,doc_47,read_phi,phi_rec_1455,1,1,0,diagnosis,2025-01-01T17:18:55,benign
log_4953,bclerk_1,read_phi,phi_rec_638,0,0,1,billing,2025-05-22T22:35:46,benign
log_4954,doc_3,read_phi,phi_rec_1248,0,0,0,billing,2025-06-27T21:53:04,benign
log_4955,doc_7,read_phi,phi_rec_1253,1,0,0,diagnosis,2025-06-09T06:41:55,benign
log_4956,doc_41,read_phi,phi_rec_363,0,0,0,billing,2025-01-24T23:57:07,benign
log_4957,doc_40,read_phi,phi_rec_161,0,0,0,billing,2025-08-10T12:06:32,benign
log_4958,doc_33,read_phi,phi_rec_946,0,1,0,research,2025-04-14T13:26:19,benign
log_4959,bclerk_7,read_phi,phi_rec_255,1,0,0,billing,2025-07-17T04:20:55,violation_hipaa_min_necessary
log_4960,doc_5,read_phi,phi_rec_856,0,0,0,billing,2025-08-28T16:13:23,benign
log_4961,doc_36,read_phi,phi_rec_160,0,0,0,billing,2025-02-17T15:39:28,benign
log_4962,doc_33,read_phi,phi_rec_560,0,0,0,billing,2025-06-19T09:20:11,benign
log_4963,doc_42,read_phi,phi_rec_244,1,1,0,diagnosis,2025-08-19T10:57:44,benign
log_4964,doc_45,read_phi,phi_rec_542,1,1,0,diagnosis,2025-01-22T08:27:33,benign
log_4965,doc_7,read_phi,phi_rec_1025,0,1,0,research,2025-06-15T03:42:03,benign
log_4966,doc_8,read_phi,phi_rec_1390,0,0,0,marketing,2025-04-25T00:38:55,benign
log_4967,doc_28,read_phi,phi_rec_692,1,1,0,diagnosis,2025-01-26T01:02:33,benign
log_4968,doc_23,read_phi,phi_rec_484,0,1,0,research,2025-04-29T14:35:32,benign
log_4969,bclerk_11,read_phi,phi_rec_1207,0,0,1,billing,2025-07-12T11:29:54,benign
log_4970,doc_2,read_phi,phi_rec_1617,1,1,0,diagnosis,2025-02-18T03:01:24,benign
log_4971,doc_2,read_phi,phi_rec_1172,0,0,0,marketing,2025-02-17T23:08:13,benign
log_4972,doc_31,read_phi,phi_rec_521,0,0,0,billing,2025-07-29T03:55:48,benign
log_4973,doc_45,read_phi,phi_rec_1053,0,0,0,billing,2025-01-16T13:46:36,benign
log_4974,bclerk_9,read_phi,phi_rec_73,0,1,0,billing,2025-07-15T19:17:22,violation_hipaa_min_necessary
log_4975,doc_38,read_phi,phi_rec_1549,1,1,0,diagnosis,2025-01-12T20:44:11,benign
log_4976,bclerk_8,read_phi,phi_rec_1127,0,0,1,billing,2025-01-28T12:46:24,benign
log_4977,doc_41,read_phi,phi_rec_1398,1,0,0,diagnosis,2025-05-20T18:36:02,benign
log_4978,doc_49,read_phi,phi_rec_1095,0,0,0,billing,2025-06-21T17:01:36,benign
log_4979,bclerk_5,read_phi,phi_rec_778,0,0,1,billing,2025-02-14T11:49:12,benign
log_4980,doc_39,read_phi,phi_rec_1788,0,0,0,billing,2025-04-09T11:16:26,benign
log_4981,doc_33,read_phi,phi_rec_1055,0,0,0,billing,2025-05-04T06:44:46,benign
log_4982,bclerk_3,read_phi,phi_rec_75,0,0,1,billing,2025-01-15T14:11:22,benign
log_4983,doc_36,read_phi,phi_rec_1523,0,1,0,research,2025-07-21T12:38:18,violation_gdpr_art18
log_4984,doc_45,read_phi,phi_rec_679,0,0,0,marketing,2025-07-06T03:23:14,benign
log_4985,doc_0,read_phi,phi_rec_399,0,0,0,billing,2025-01-19T16:53:37,benign
log_4986,bclerk_0,read_phi,phi_rec_1041,0,0,1,billing,2025-06-21T21:57:00,benign
log_4987,doc_28,read_phi,phi_rec_308,1,1,0,diagnosis,2025-02-01T10:25:20,benign
log_4988,doc_8,read_phi,phi_rec_1939,0,0,0,marketing,2025-05-28T16:25:22,benign
log_4989,doc_42,read_phi,phi_rec_985,0,0,0,billing,2025-05-13T12:33:27,benign
log_4990,bclerk_0,read_phi,phi_rec_541,0,0,1,marketing,2025-05-22T03:30:50,violation_gdpr_art18
log_4991,bclerk_1,read_phi,phi_rec_1349,0,0,1,billing,2025-07-01T00:36:16,benign
log_4992,doc_14,read_phi,phi_rec_1994,1,1,0,diagnosis,2025-01-13T20:46:01,benign
log_4993,doc_48,read_phi,phi_rec_1413,0,0,0,billing,2025-01-08T14:44:47,benign
log_4994,bclerk_14,read_phi,phi_rec_236,0,0,1,billing,2025-01-25T05:06:52,benign
log_4995,doc_11,read_phi,phi_rec_1759,1,1,0,diagnosis,2025-06-25T00:00:35,benign
log_4996,doc_43,read_phi,phi_rec_1129,1,1,0,diagnosis,2025-06-23T13:56:06,benign
log_4997,doc_5,read_phi,phi_rec_1090,1,1,0,diagnosis,2025-08-27T15:43:58,benign
log_4998,doc_3,read_phi,phi_rec_1500,0,0,0,billing,2025-02-11T13:03:56,benign
log_4999,doc_25,read_phi,phi_rec_913,0,0,0,billing,2025-03-25T05:48:12,benign
