kb_id,category,fact_name,arg1,arg2,arg3,start_date,end_date
1,CORE,has_role,doc_0,doctor,,2025-01-01,2027-01-01
2,CORE,has_role,doc_1,doctor,,2025-01-01,2027-01-01
3,CORE,has_role,doc_2,doctor,,2025-01-01,2027-01-01
4,CORE,has_role,doc_3,doctor,,2025-01-01,2027-01-01
5,CORE,has_role,doc_4,doctor,,2025-01-01,2027-01-01
6,CORE,has_role,pat_0,patient,,2025-01-01,2027-01-01
7,CORE,has_role,pat_1,patient,,2025-01-01,2027-01-01
8,CORE,has_role,pat_2,patient,,2025-01-01,2027-01-01
9,CORE,has_role,pat_3,patient,,2025-01-01,2027-01-01
10,CORE,has_role,pat_4,patient,,2025-01-01,2027-01-01
11,CORE,has_role,pat_5,patient,,2025-01-01,2027-01-01
12,CORE,has_role,pat_6,patient,,2025-01-01,2027-01-01
13,CORE,has_role,pat_7,patient,,2025-01-01,2027-01-01
14,CORE,has_role,pat_8,patient,,2025-01-01,2027-01-01
15,CORE,has_role,pat_9,patient,,2025-01-01,2027-01-01
16,CORE,has_role,pat_10,patient,,2025-01-01,2027-01-01
17,CORE,has_role,pat_11,patient,,2025-01-01,2027-01-01
18,CORE,has_role,pat_12,patient,,2025-01-01,2027-01-01
19,CORE,has_role,pat_13,patient,,2025-01-01,2027-01-01
20,CORE,has_role,pat_14,patient,,2025-01-01,2027-01-01
21,CORE,has_role,pat_15,patient,,2025-01-01,2027-01-01
22,CORE,has_role,pat_16,patient,,2025-01-01,2027-01-01
23,CORE,has_role,pat_17,patient,,2025-01-01,2027-01-01
24,CORE,has_role,pat_18,patient,,2025-01-01,2027-01-01
25,CORE,has_role,pat_19,patient,,2025-01-01,2027-01-01
26,CORE,has_role,pat_20,patient,,2025-01-01,2027-01-01
27,CORE,has_role,pat_21,patient,,2025-01-01,2027-01-01
28,CORE,has_role,pat_22,patient,,2025-01-01,2027-01-01
29,CORE,has_role,pat_23,patient,,2025-01-01,2027-01-01
30,CORE,has_role,pat_24,patient,,2025-01-01,2027-01-01
31,CORE,has_role,pat_25,patient,,2025-01-01,2027-01-01
32,CORE,has_role,pat_26,patient,,2025-01-01,2027-01-01
33,CORE,has_role,pat_27,patient,,2025-01-01,2027-01-01
34,CORE,has_role,pat_28,patient,,2025-01-01,2027-01-01
35,CORE,has_role,pat_29,patient,,2025-01-01,2027-01-01
36,CORE,has_role,pat_30,patient,,2025-01-01,2027-01-01
37,CORE,has_role,pat_31,patient,,2025-01-01,2027-01-01
38,CORE,has_role,pat_32,patient,,2025-01-01,2027-01-01
39,CORE,has_role,pat_33,patient,,2025-01-01,2027-01-01
40,CORE,has_role,pat_34,patient,,2025-01-01,2027-01-01
41,CORE,has_role,pat_35,patient,,2025-01-01,2027-01-01
42,CORE,has_role,pat_36,patient,,2025-01-01,2027-01-01
43,CORE,has_role,pat_37,patient,,2025-01-01,2027-01-01
44,CORE,has_role,pat_38,patient,,2025-01-01,2027-01-01
45,CORE,has_role,pat_39,patient,,2025-01-01,2027-01-01
46,CORE,has_role,pat_40,patient,,2025-01-01,2027-01-01
47,CORE,has_role,pat_41,patient,,2025-01-01,2027-01-01
48,CORE,has_role,pat_42,patient,,2025-01-01,2027-01-01
49,CORE,has_role,pat_43,patient,,2025-01-01,2027-01-01
50,CORE,has_role,pat_44,patient,,2025-01-01,2027-01-01
51,CORE,has_role,pat_45,patient,,2025-01-01,2027-01-01
52,CORE,has_role,pat_46,patient,,2025-01-01,2027-01-01
53,CORE,has_role,pat_47,patient,,2025-01-01,2027-01-01
54,CORE,has_role,pat_48,patient,,2025-01-01,2027-01-01
55,CORE,has_role,pat_49,patient,,2025-01-01,2027-01-01
56,CORE,has_role,pat_50,patient,,2025-01-01,2027-01-01
57,CORE,has_role,pat_51,patient,,2025-01-01,2027-01-01
58,CORE,has_role,pat_52,patient,,2025-01-01,2027-01-01
59,CORE,has_role,pat_53,patient,,2025-01-01,2027-01-01
60,CORE,has_role,pat_54,patient,,2025-01-01,2027-01-01
61,CORE,has_role,pat_55,patient,,2025-01-01,2027-01-01
62,CORE,has_role,pat_56,patient,,2025-01-01,2027-01-01
63,CORE,has_role,pat_57,patient,,2025-01-01,2027-01-01
64,CORE,has_role,pat_58,patient,,2025-01-01,2027-01-01
65,CORE,has_role,pat_59,patient,,2025-01-01,2027-01-01
66,CORE,has_role,pat_60,patient,,2025-01-01,2027-01-01
67,CORE,has_role,pat_61,patient,,2025-01-01,2027-01-01
68,CORE,has_role,pat_62,patient,,2025-01-01,2027-01-01
69,CORE,has_role,pat_63,patient,,2025-01-01,2027-01-01
70,CORE,has_role,pat_64,patient,,2025-01-01,2027-01-01
71,CORE,has_role,pat_65,patient,,2025-01-01,2027-01-01
72,CORE,has_role,pat_66,patient,,2025-01-01,2027-01-01
73,CORE,has_role,pat_67,patient,,2025-01-01,2027-01-01
74,CORE,has_role,pat_68,patient,,2025-01-01,2027-01-01
75,CORE,has_role,pat_69,patient,,2025-01-01,2027-01-01
76,CORE,has_role,pat_70,patient,,2025-01-01,2027-01-01
77,CORE,has_role,pat_71,patient,,2025-01-01,2027-01-01
78,CORE,has_role,pat_72,patient,,2025-01-01,2027-01-01
79,CORE,has_role,pat_73,patient,,2025-01-01,2027-01-01
80,CORE,has_role,pat_74,patient,,2025-01-01,2027-01-01
81,CORE,has_role,pat_75,patient,,2025-01-01,2027-01-01
82,CORE,has_role,pat_76,patient,,2025-01-01,2027-01-01
83,CORE,has_role,pat_77,patient,,2025-01-01,2027-01-01
84,CORE,has_role,pat_78,patient,,2025-01-01,2027-01-01
85,CORE,has_role,pat_79,patient,,2025-01-01,2027-01-01
86,CORE,has_role,pat_80,patient,,2025-01-01,2027-01-01
87,CORE,has_role,pat_81,patient,,2025-01-01,2027-01-01
88,CORE,has_role,pat_82,patient,,2025-01-01,2027-01-01
89,CORE,has_role,pat_83,patient,,2025-01-01,2027-01-01
90,CORE,has_role,pat_84,patient,,2025-01-01,2027-01-01
91,CORE,has_role,pat_85,patient,,2025-01-01,2027-01-01
92,CORE,has_role,pat_86,patient,,2025-01-01,2027-01-01
93,CORE,has_role,pat_87,patient,,2025-01-01,2027-01-01
94,CORE,has_role,pat_88,patient,,2025-01-01,2027-01-01
95,CORE,has_role,pat_89,patient,,2025-01-01,2027-01-01
96,CORE,has_role,pat_90,patient,,2025-01-01,2027-01-01
97,CORE,has_role,pat_91,patient,,2025-01-01,2027-01-01
98,CORE,has_role,pat_92,patient,,2025-01-01,2027-01-01
99,CORE,has_role,pat_93,patient,,2025-01-01,2027-01-01
100,CORE,has_role,pat_94,patient,,2025-01-01,2027-01-01
101,CORE,has_role,pat_95,patient,,2025-01-01,2027-01-01
102,CORE,has_role,pat_96,patient,,2025-01-01,2027-01-01
103,CORE,has_role,pat_97,patient,,2025-01-01,2027-01-01
104,CORE,has_role,pat_98,patient,,2025-01-01,2027-01-01
105,CORE,has_role,pat_99,patient,,2025-01-01,2027-01-01
106,CORE,has_role,pat_100,patient,,2025-01-01,2027-01-01
107,CORE,has_role,pat_101,patient,,2025-01-01,2027-01-01
108,CORE,has_role,pat_102,patient,,2025-01-01,2027-01-01
109,CORE,has_role,pat_103,patient,,2025-01-01,2027-01-01
110,CORE,has_role,pat_104,patient,,2025-01-01,2027-01-01
111,CORE,has_role,pat_105,patient,,2025-01-01,2027-01-01
112,CORE,has_role,pat_106,patient,,2025-01-01,2027-01-01
113,CORE,has_role,pat_107,patient,,2025-01-01,2027-01-01
114,CORE,has_role,pat_108,patient,,2025-01-01,2027-01-01
115,CORE,has_role,pat_109,patient,,2025-01-01,2027-01-01
116,CORE,has_role,pat_110,patient,,2025-01-01,2027-01-01
117,CORE,has_role,pat_111,patient,,2025-01-01,2027-01-01
118,CORE,has_role,pat_112,patient,,2025-01-01,2027-01-01
119,CORE,has_role,pat_113,patient,,2025-01-01,2027-01-01
120,CORE,has_role,pat_114,patient,,2025-01-01,2027-01-01
121,CORE,has_role,pat_115,patient,,2025-01-01,2027-01-01
122,CORE,has_role,pat_116,patient,,2025-01-01,2027-01-01
123,CORE,has_role,pat_117,patient,,2025-01-01,2027-01-01
124,CORE,has_role,pat_118,patient,,2025-01-01,2027-01-01
125,CORE,has_role,pat_119,patient,,2025-01-01,2027-01-01
126,CORE,has_role,pat_120,patient,,2025-01-01,2027-01-01
127,CORE,has_role,pat_121,patient,,2025-01-01,2027-01-01
128,CORE,has_role,pat_122,patient,,2025-01-01,2027-01-01
129,CORE,has_role,pat_123,patient,,2025-01-01,2027-01-01
130,CORE,has_role,pat_124,patient,,2025-01-01,2027-01-01
131,CORE,has_role,pat_125,patient,,2025-01-01,2027-01-01
132,CORE,has_role,pat_126,patient,,2025-01-01,2027-01-01
133,CORE,has_role,pat_127,patient,,2025-01-01,2027-01-01
134,CORE,has_role,pat_128,patient,,2025-01-01,2027-01-01
135,CORE,has_role,pat_129,patient,,2025-01-01,2027-01-01
136,CORE,has_role,pat_130,patient,,2025-01-01,2027-01-01
137,CORE,has_role,pat_131,patient,,2025-01-01,2027-01-01
138,CORE,has_role,pat_132,patient,,2025-01-01,2027-01-01
139,CORE,has_role,pat_133,patient,,2025-01-01,2027-01-01
140,CORE,has_role,pat_134,patient,,2025-01-01,2027-01-01
141,CORE,has_role,pat_135,patient,,2025-01-01,2027-01-01
142,CORE,has_role,pat_136,patient,,2025-01-01,2027-01-01
143,CORE,has_role,pat_137,patient,,2025-01-01,2027-01-01
144,CORE,has_role,pat_138,patient,,2025-01-01,2027-01-01
145,CORE,has_role,pat_139,patient,,2025-01-01,2027-01-01
146,CORE,has_role,pat_140,patient,,2025-01-01,2027-01-01
147,CORE,has_role,pat_141,patient,,2025-01-01,2027-01-01
148,CORE,has_role,pat_142,patient,,2025-01-01,2027-01-01
149,CORE,has_role,pat_143,patient,,2025-01-01,2027-01-01
150,CORE,has_role,pat_144,patient,,2025-01-01,2027-01-01
151,CORE,has_role,pat_145,patient,,2025-01-01,2027-01-01
152,CORE,has_role,pat_146,patient,,2025-01-01,2027-01-01
153,CORE,has_role,pat_147,patient,,2025-01-01,2027-01-01
154,CORE,has_role,pat_148,patient,,2025-01-01,2027-01-01
155,CORE,has_role,pat_149,patient,,2025-01-01,2027-01-01
156,CORE,has_role,pat_150,patient,,2025-01-01,2027-01-01
157,CORE,has_role,pat_151,patient,,2025-01-01,2027-01-01
158,CORE,has_role,pat_152,patient,,2025-01-01,2027-01-01
159,CORE,has_role,pat_153,patient,,2025-01-01,2027-01-01
160,CORE,has_role,pat_154,patient,,2025-01-01,2027-01-01
161,CORE,has_role,pat_155,patient,,2025-01-01,2027-01-01
162,CORE,has_role,pat_156,patient,,2025-01-01,2027-01-01
163,CORE,has_role,pat_157,patient,,2025-01-01,2027-01-01
164,CORE,has_role,pat_158,patient,,2025-01-01,2027-01-01
165,CORE,has_role,pat_159,patient,,2025-01-01,2027-01-01
166,CORE,has_role,pat_160,patient,,2025-01-01,2027-01-01
167,CORE,has_role,pat_161,patient,,2025-01-01,2027-01-01
168,CORE,has_role,pat_162,patient,,2025-01-01,2027-01-01
169,CORE,has_role,pat_163,patient,,2025-01-01,2027-01-01
170,CORE,has_role,pat_164,patient,,2025-01-01,2027-01-01
171,CORE,has_role,pat_165,patient,,2025-01-01,2027-01-01
172,CORE,has_role,pat_166,patient,,2025-01-01,2027-01-01
173,CORE,has_role,pat_167,patient,,2025-01-01,2027-01-01
174,CORE,has_role,pat_168,patient,,2025-01-01,2027-01-01
175,CORE,has_role,pat_169,patient,,2025-01-01,2027-01-01
176,CORE,has_role,pat_170,patient,,2025-01-01,2027-01-01
177,CORE,has_role,pat_171,patient,,2025-01-01,2027-01-01
178,CORE,has_role,pat_172,patient,,2025-01-01,2027-01-01
179,CORE,has_role,pat_173,patient,,2025-01-01,2027-01-01
180,CORE,has_role,pat_174,patient,,2025-01-01,2027-01-01
181,CORE,has_role,pat_175,patient,,2025-01-01,2027-01-01
182,CORE,has_role,pat_176,patient,,2025-01-01,2027-01-01
183,CORE,has_role,pat_177,patient,,2025-01-01,2027-01-01
184,CORE,has_role,pat_178,patient,,2025-01-01,2027-01-01
185,CORE,has_role,pat_179,patient,,2025-01-01,2027-01-01
186,CORE,has_role,pat_180,patient,,2025-01-01,2027-01-01
187,CORE,has_role,pat_181,patient,,2025-01-01,2027-01-01
188,CORE,has_role,pat_182,patient,,2025-01-01,2027-01-01
189,CORE,has_role,pat_183,patient,,2025-01-01,2027-01-01
190,CORE,has_role,pat_184,patient,,2025-01-01,2027-01-01
191,CORE,has_role,pat_185,patient,,2025-01-01,2027-01-01
192,CORE,has_role,pat_186,patient,,2025-01-01,2027-01-01
193,CORE,has_role,pat_187,patient,,2025-01-01,2027-01-01
194,CORE,has_role,pat_188,patient,,2025-01-01,2027-01-01
195,CORE,has_role,pat_189,patient,,2025-01-01,2027-01-01
196,CORE,has_role,pat_190,patient,,2025-01-01,2027-01-01
197,CORE,has_role,pat_191,patient,,2025-01-01,2027-01-01
198,CORE,has_role,pat_192,patient,,2025-01-01,2027-01-01
199,CORE,has_role,pat_193,patient,,2025-01-01,2027-01-01
200,CORE,has_role,pat_194,patient,,2025-01-01,2027-01-01
201,CORE,has_role,pat_195,patient,,2025-01-01,2027-01-01
202,CORE,has_role,pat_196,patient,,2025-01-01,2027-01-01
203,CORE,has_role,pat_197,patient,,2025-01-01,2027-01-01
204,CORE,has_role,pat_198,patient,,2025-01-01,2027-01-01
205,CORE,has_role,pat_199,patient,,2025-01-01,2027-01-01
206,CORE,has_role,bclerk_0,billing_clerk,,2025-01-01,2027-01-01
207,CORE,is_doctor_of,doc_3,pat_0,,2025-01-01,2027-01-01
208,CORE,owns_phi_record,pat_0,phi_rec_0,,2025-01-01,2027-01-01
209,CORE,is_phi,phi_rec_0,,,2025-01-01,2027-01-01
210,CORE,is_doctor_of,doc_3,pat_1,,2025-01-01,2027-01-01
211,CORE,owns_phi_record,pat_1,phi_rec_1,,2025-01-01,2027-01-01
212,CORE,is_phi,phi_rec_1,,,2025-01-01,2027-01-01
213,CORE,is_doctor_of,doc_0,pat_2,,2025-01-01,2027-01-01
214,CORE,owns_phi_record,pat_2,phi_rec_2,,2025-01-01,2027-01-01
215,CORE,is_phi,phi_rec_2,,,2025-01-01,2027-01-01
216,CORE,is_doctor_of,doc_2,pat_3,,2025-01-01,2027-01-01
217,CORE,owns_phi_record,pat_3,phi_rec_3,,2025-01-01,2027-01-01
218,CORE,is_phi,phi_rec_3,,,2025-01-01,2027-01-01
219,CORE,is_doctor_of,doc_4,pat_4,,2025-01-01,2027-01-01
220,CORE,owns_phi_record,pat_4,phi_rec_4,,2025-01-01,2027-01-01
221,CORE,is_phi,phi_rec_4,,,2025-01-01,2027-01-01
222,CORE,is_doctor_of,doc_3,pat_5,,2025-01-01,2027-01-01
223,CORE,owns_phi_record,pat_5,phi_rec_5,,2025-01-01,2027-01-01
224,CORE,is_phi,phi_rec_5,,,2025-01-01,2027-01-01
225,CORE,is_doctor_of,doc_3,pat_6,,2025-01-01,2027-01-01
226,CORE,owns_phi_record,pat_6,phi_rec_6,,2025-01-01,2027-01-01
227,CORE,is_phi,phi_rec_6,,,2025-01-01,2027-01-01
228,CORE,is_doctor_of,doc_2,pat_7,,2025-01-01,2027-01-01
229,CORE,owns_phi_record,pat_7,phi_rec_7,,2025-01-01,2027-01-01
230,CORE,is_phi,phi_rec_7,,,2025-01-01,2027-01-01
231,CORE,is_doctor_of,doc_3,pat_8,,2025-01-01,2027-01-01
232,CORE,owns_phi_record,pat_8,phi_rec_8,,2025-01-01,2027-01-01
233,CORE,is_phi,phi_rec_8,,,2025-01-01,2027-01-01
234,CORE,is_doctor_of,doc_2,pat_9,,2025-01-01,2027-01-01
235,CORE,owns_phi_record,pat_9,phi_rec_9,,2025-01-01,2027-01-01
236,CORE,is_phi,phi_rec_9,,,2025-01-01,2027-01-01
237,CORE,is_doctor_of,doc_4,pat_10,,2025-01-01,2027-01-01
238,CORE,owns_phi_record,pat_10,phi_rec_10,,2025-01-01,2027-01-01
239,CORE,is_phi,phi_rec_10,,,2025-01-01,2027-01-01
240,CORE,is_doctor_of,doc_1,pat_11,,2025-01-01,2027-01-01
241,CORE,owns_phi_record,pat_11,phi_rec_11,,2025-01-01,2027-01-01
242,CORE,is_phi,phi_rec_11,,,2025-01-01,2027-01-01
243,CORE,is_doctor_of,doc_4,pat_12,,2025-01-01,2027-01-01
244,CORE,owns_phi_record,pat_12,phi_rec_12,,2025-01-01,2027-01-01
245,CORE,is_phi,phi_rec_12,,,2025-01-01,2027-01-01
246,CORE,is_doctor_of,doc_1,pat_13,,2025-01-01,2027-01-01
247,CORE,owns_phi_record,pat_13,phi_rec_13,,2025-01-01,2027-01-01
248,CORE,is_phi,phi_rec_13,,,2025-01-01,2027-01-01
249,CORE,is_doctor_of,doc_2,pat_14,,2025-01-01,2027-01-01
250,CORE,owns_phi_record,pat_14,phi_rec_14,,2025-01-01,2027-01-01
251,CORE,is_phi,phi_rec_14,,,2025-01-01,2027-01-01
252,CORE,is_doctor_of,doc_1,pat_15,,2025-01-01,2027-01-01
253,CORE,owns_phi_record,pat_15,phi_rec_15,,2025-01-01,2027-01-01
254,CORE,is_phi,phi_rec_15,,,2025-01-01,2027-01-01
255,CORE,is_doctor_of,doc_0,pat_16,,2025-01-01,2027-01-01
256,CORE,owns_phi_record,pat_16,phi_rec_16,,2025-01-01,2027-01-01
257,CORE,is_phi,phi_rec_16,,,2025-01-01,2027-01-01
258,CORE,is_doctor_of,doc_4,pat_17,,2025-01-01,2027-01-01
259,CORE,owns_phi_record,pat_17,phi_rec_17,,2025-01-01,2027-01-01
260,CORE,is_phi,phi_rec_17,,,2025-01-01,2027-01-01
261,CORE,is_doctor_of,doc_2,pat_18,,2025-01-01,2027-01-01
262,CORE,owns_phi_record,pat_18,phi_rec_18,,2025-01-01,2027-01-01
263,CORE,is_phi,phi_rec_18,,,2025-01-01,2027-01-01
264,CORE,is_doctor_of,doc_4,pat_19,,2025-01-01,2027-01-01
265,CORE,owns_phi_record,pat_19,phi_rec_19,,2025-01-01,2027-01-01
266,CORE,is_phi,phi_rec_19,,,2025-01-01,2027-01-01
267,CORE,is_doctor_of,doc_4,pat_20,,2025-01-01,2027-01-01
268,CORE,owns_phi_record,pat_20,phi_rec_20,,2025-01-01,2027-01-01
269,CORE,is_phi,phi_rec_20,,,2025-01-01,2027-01-01
270,CORE,is_doctor_of,doc_1,pat_21,,2025-01-01,2027-01-01
271,CORE,owns_phi_record,pat_21,phi_rec_21,,2025-01-01,2027-01-01
272,CORE,is_phi,phi_rec_21,,,2025-01-01,2027-01-01
273,CORE,is_doctor_of,doc_2,pat_22,,2025-01-01,2027-01-01
274,CORE,owns_phi_record,pat_22,phi_rec_22,,2025-01-01,2027-01-01
275,CORE,is_phi,phi_rec_22,,,2025-01-01,2027-01-01
276,CORE,is_doctor_of,doc_0,pat_23,,2025-01-01,2027-01-01
277,CORE,owns_phi_record,pat_23,phi_rec_23,,2025-01-01,2027-01-01
278,CORE,is_phi,phi_rec_23,,,2025-01-01,2027-01-01
279,CORE,is_doctor_of,doc_0,pat_24,,2025-01-01,2027-01-01
280,CORE,owns_phi_record,pat_24,phi_rec_24,,2025-01-01,2027-01-01
281,CORE,is_phi,phi_rec_24,,,2025-01-01,2027-01-01
282,CORE,is_doctor_of,doc_2,pat_25,,2025-01-01,2027-01-01
283,CORE,owns_phi_record,pat_25,phi_rec_25,,2025-01-01,2027-01-01
284,CORE,is_phi,phi_rec_25,,,2025-01-01,2027-01-01
285,CORE,is_doctor_of,doc_3,pat_26,,2025-01-01,2027-01-01
286,CORE,owns_phi_record,pat_26,phi_rec_26,,2025-01-01,2027-01-01
287,CORE,is_phi,phi_rec_26,,,2025-01-01,2027-01-01
288,CORE,is_doctor_of,doc_4,pat_27,,2025-01-01,2027-01-01
289,CORE,owns_phi_record,pat_27,phi_rec_27,,2025-01-01,2027-01-01
290,CORE,is_phi,phi_rec_27,,,2025-01-01,2027-01-01
291,CORE,is_doctor_of,doc_0,pat_28,,2025-01-01,2027-01-01
292,CORE,owns_phi_record,pat_28,phi_rec_28,,2025-01-01,2027-01-01
293,CORE,is_phi,phi_rec_28,,,2025-01-01,2027-01-01
294,CORE,is_doctor_of,doc_2,pat_29,,2025-01-01,2027-01-01
295,CORE,owns_phi_record,pat_29,phi_rec_29,,2025-01-01,2027-01-01
296,CORE,is_phi,phi_rec_29,,,2025-01-01,2027-01-01
297,CORE,is_doctor_of,doc_3,pat_30,,2025-01-01,2027-01-01
298,CORE,owns_phi_record,pat_30,phi_rec_30,,2025-01-01,2027-01-01
299,CORE,is_phi,phi_rec_30,,,2025-01-01,2027-01-01
300,CORE,is_doctor_of,doc_2,pat_31,,2025-01-01,2027-01-01
301,CORE,owns_phi_record,pat_31,phi_rec_31,,2025-01-01,2027-01-01
302,CORE,is_phi,phi_rec_31,,,2025-01-01,2027-01-01
303,CORE,is_doctor_of,doc_4,pat_32,,2025-01-01,2027-01-01
304,CORE,owns_phi_record,pat_32,phi_rec_32,,2025-01-01,2027-01-01
305,CORE,is_phi,phi_rec_32,,,2025-01-01,2027-01-01
306,CORE,is_doctor_of,doc_1,pat_33,,2025-01-01,2027-01-01
307,CORE,owns_phi_record,pat_33,phi_rec_33,,2025-01-01,2027-01-01
308,CORE,is_phi,phi_rec_33,,,2025-01-01,2027-01-01
309,CORE,is_doctor_of,doc_4,pat_34,,2025-01-01,2027-01-01
310,CORE,owns_phi_record,pat_34,phi_rec_34,,2025-01-01,2027-01-01
311,CORE,is_phi,phi_rec_34,,,2025-01-01,2027-01-01
312,CORE,is_doctor_of,doc_3,pat_35,,2025-01-01,2027-01-01
313,CORE,owns_phi_record,pat_35,phi_rec_35,,2025-01-01,2027-01-01
314,CORE,is_phi,phi_rec_35,,,2025-01-01,2027-01-01
315,CORE,is_doctor_of,doc_3,pat_36,,2025-01-01,2027-01-01
316,CORE,owns_phi_record,pat_36,phi_rec_36,,2025-01-01,2027-01-01
317,CORE,is_phi,phi_rec_36,,,2025-01-01,2027-01-01
318,CORE,is_doctor_of,doc_4,pat_37,,2025-01-01,2027-01-01
319,CORE,owns_phi_record,pat_37,phi_rec_37,,2025-01-01,2027-01-01
320,CORE,is_phi,phi_rec_37,,,2025-01-01,2027-01-01
321,CORE,is_doctor_of,doc_2,pat_38,,2025-01-01,2027-01-01
322,CORE,owns_phi_record,pat_38,phi_rec_38,,2025-01-01,2027-01-01
323,CORE,is_phi,phi_rec_38,,,2025-01-01,2027-01-01
324,CORE,is_doctor_of,doc_0,pat_39,,2025-01-01,2027-01-01
325,CORE,owns_phi_record,pat_39,phi_rec_39,,2025-01-01,2027-01-01
326,CORE,is_phi,phi_rec_39,,,2025-01-01,2027-01-01
327,CORE,is_doctor_of,doc_4,pat_40,,2025-01-01,2027-01-01
328,CORE,owns_phi_record,pat_40,phi_rec_40,,2025-01-01,2027-01-01
329,CORE,is_phi,phi_rec_40,,,2025-01-01,2027-01-01
330,CORE,is_doctor_of,doc_0,pat_41,,2025-01-01,2027-01-01
331,CORE,owns_phi_record,pat_41,phi_rec_41,,2025-01-01,2027-01-01
332,CORE,is_phi,phi_rec_41,,,2025-01-01,2027-01-01
333,CORE,is_doctor_of,doc_0,pat_42,,2025-01-01,2027-01-01
334,CORE,owns_phi_record,pat_42,phi_rec_42,,2025-01-01,2027-01-01
335,CORE,is_phi,phi_rec_42,,,2025-01-01,2027-01-01
336,CORE,is_doctor_of,doc_3,pat_43,,2025-01-01,2027-01-01
337,CORE,owns_phi_record,pat_43,phi_rec_43,,2025-01-01,2027-01-01
338,CORE,is_phi,phi_rec_43,,,2025-01-01,2027-01-01
339,CORE,is_doctor_of,doc_0,pat_44,,2025-01-01,2027-01-01
340,CORE,owns_phi_record,pat_44,phi_rec_44,,2025-01-01,2027-01-01
341,CORE,is_phi,phi_rec_44,,,2025-01-01,2027-01-01
342,CORE,is_doctor_of,doc_4,pat_45,,2025-01-01,2027-01-01
343,CORE,owns_phi_record,pat_45,phi_rec_45,,2025-01-01,2027-01-01
344,CORE,is_phi,phi_rec_45,,,2025-01-01,2027-01-01
345,CORE,is_doctor_of,doc_3,pat_46,,2025-01-01,2027-01-01
346,CORE,owns_phi_record,pat_46,phi_rec_46,,2025-01-01,2027-01-01
347,CORE,is_phi,phi_rec_46,,,2025-01-01,2027-01-01
348,CORE,is_doctor_of,doc_2,pat_47,,2025-01-01,2027-01-01
349,CORE,owns_phi_record,pat_47,phi_rec_47,,2025-01-01,2027-01-01
350,CORE,is_phi,phi_rec_47,,,2025-01-01,2027-01-01
351,CORE,is_doctor_of,doc_1,pat_48,,2025-01-01,2027-01-01
352,CORE,owns_phi_record,pat_48,phi_rec_48,,2025-01-01,2027-01-01
353,CORE,is_phi,phi_rec_48,,,2025-01-01,2027-01-01
354,CORE,is_doctor_of,doc_2,pat_49,,2025-01-01,2027-01-01
355,CORE,owns_phi_record,pat_49,phi_rec_49,,2025-01-01,2027-01-01
356,CORE,is_phi,phi_rec_49,,,2025-01-01,2027-01-01
357,CORE,is_doctor_of,doc_0,pat_50,,2025-01-01,2027-01-01
358,CORE,owns_phi_record,pat_50,phi_rec_50,,2025-01-01,2027-01-01
359,CORE,is_phi,phi_rec_50,,,2025-01-01,2027-01-01
360,CORE,is_doctor_of,doc_1,pat_51,,2025-01-01,2027-01-01
361,CORE,owns_phi_record,pat_51,phi_rec_51,,2025-01-01,2027-01-01
362,CORE,is_phi,phi_rec_51,,,2025-01-01,2027-01-01
363,CORE,is_doctor_of,doc_4,pat_52,,2025-01-01,2027-01-01
364,CORE,owns_phi_record,pat_52,phi_rec_52,,2025-01-01,2027-01-01
365,CORE,is_phi,phi_rec_52,,,2025-01-01,2027-01-01
366,CORE,is_doctor_of,doc_1,pat_53,,2025-01-01,2027-01-01
367,CORE,owns_phi_record,pat_53,phi_rec_53,,2025-01-01,2027-01-01
368,CORE,is_phi,phi_rec_53,,,2025-01-01,2027-01-01
369,CORE,is_doctor_of,doc_1,pat_54,,2025-01-01,2027-01-01
370,CORE,owns_phi_record,pat_54,phi_rec_54,,2025-01-01,2027-01-01
371,CORE,is_phi,phi_rec_54,,,2025-01-01,2027-01-01
372,CORE,is_doctor_of,doc_1,pat_55,,2025-01-01,2027-01-01
373,CORE,owns_phi_record,pat_55,phi_rec_55,,2025-01-01,2027-01-01
374,CORE,is_phi,phi_rec_55,,,2025-01-01,2027-01-01
375,CORE,is_doctor_of,doc_4,pat_56,,2025-01-01,2027-01-01
376,CORE,owns_phi_record,pat_56,phi_rec_56,,2025-01-01,2027-01-01
377,CORE,is_phi,phi_rec_56,,,2025-01-01,2027-01-01
378,CORE,is_doctor_of,doc_3,pat_57,,2025-01-01,2027-01-01
379,CORE,owns_phi_record,pat_57,phi_rec_57,,2025-01-01,2027-01-01
380,CORE,is_phi,phi_rec_57,,,2025-01-01,2027-01-01
381,CORE,is_doctor_of,doc_0,pat_58,,2025-01-01,2027-01-01
382,CORE,owns_phi_record,pat_58,phi_rec_58,,2025-01-01,2027-01-01
383,CORE,is_phi,phi_rec_58,,,2025-01-01,2027-01-01
384,CORE,is_doctor_of,doc_0,pat_59,,2025-01-01,2027-01-01
385,CORE,owns_phi_record,pat_59,phi_rec_59,,2025-01-01,2027-01-01
386,CORE,is_phi,phi_rec_59,,,2025-01-01,2027-01-01
387,CORE,is_doctor_of,doc_2,pat_60,,2025-01-01,2027-01-01
388,CORE,owns_phi_record,pat_60,phi_rec_60,,2025-01-01,2027-01-01
389,CORE,is_phi,phi_rec_60,,,2025-01-01,2027-01-01
390,CORE,is_doctor_of,doc_4,pat_61,,2025-01-01,2027-01-01
391,CORE,owns_phi_record,pat_61,phi_rec_61,,2025-01-01,2027-01-01
392,CORE,is_phi,phi_rec_61,,,2025-01-01,2027-01-01
393,CORE,is_doctor_of,doc_3,pat_62,,2025-01-01,2027-01-01
394,CORE,owns_phi_record,pat_62,phi_rec_62,,2025-01-01,2027-01-01
395,CORE,is_phi,phi_rec_62,,,2025-01-01,2027-01-01
396,CORE,is_doctor_of,doc_0,pat_63,,2025-01-01,2027-01-01
397,CORE,owns_phi_record,pat_63,phi_rec_63,,2025-01-01,2027-01-01
398,CORE,is_phi,phi_rec_63,,,2025-01-01,2027-01-01
399,CORE,is_doctor_of,doc_2,pat_64,,2025-01-01,2027-01-01
400,CORE,owns_phi_record,pat_64,phi_rec_64,,2025-01-01,2027-01-01
401,CORE,is_phi,phi_rec_64,,,2025-01-01,2027-01-01
402,CORE,is_doctor_of,doc_4,pat_65,,2025-01-01,2027-01-01
403,CORE,owns_phi_record,pat_65,phi_rec_65,,2025-01-01,2027-01-01
404,CORE,is_phi,phi_rec_65,,,2025-01-01,2027-01-01
405,CORE,is_doctor_of,doc_2,pat_66,,2025-01-01,2027-01-01
406,CORE,owns_phi_record,pat_66,phi_rec_66,,2025-01-01,2027-01-01
407,CORE,is_phi,phi_rec_66,,,2025-01-01,2027-01-01
408,CORE,is_doctor_of,doc_0,pat_67,,2025-01-01,2027-01-01
409,CORE,owns_phi_record,pat_67,phi_rec_67,,2025-01-01,2027-01-01
410,CORE,is_phi,phi_rec_67,,,2025-01-01,2027-01-01
411,CORE,is_doctor_of,doc_4,pat_68,,2025-01-01,2027-01-01
412,CORE,owns_phi_record,pat_68,phi_rec_68,,2025-01-01,2027-01-01
413,CORE,is_phi,phi_rec_68,,,2025-01-01,2027-01-01
414,CORE,is_doctor_of,doc_2,pat_69,,2025-01-01,2027-01-01
415,CORE,owns_phi_record,pat_69,phi_rec_69,,2025-01-01,2027-01-01
416,CORE,is_phi,phi_rec_69,,,2025-01-01,2027-01-01
417,CORE,is_doctor_of,doc_4,pat_70,,2025-01-01,2027-01-01
418,CORE,owns_phi_record,pat_70,phi_rec_70,,2025-01-01,2027-01-01
419,CORE,is_phi,phi_rec_70,,,2025-01-01,2027-01-01
420,CORE,is_doctor_of,doc_1,pat_71,,2025-01-01,2027-01-01
421,CORE,owns_phi_record,pat_71,phi_rec_71,,2025-01-01,2027-01-01
422,CORE,is_phi,phi_rec_71,,,2025-01-01,2027-01-01
423,CORE,is_doctor_of,doc_4,pat_72,,2025-01-01,2027-01-01
424,CORE,owns_phi_record,pat_72,phi_rec_72,,2025-01-01,2027-01-01
425,CORE,is_phi,phi_rec_72,,,2025-01-01,2027-01-01
426,CORE,is_doctor_of,doc_4,pat_73,,2025-01-01,2027-01-01
427,CORE,owns_phi_record,pat_73,phi_rec_73,,2025-01-01,2027-01-01
428,CORE,is_phi,phi_rec_73,,,2025-01-01,2027-01-01
429,CORE,is_doctor_of,doc_4,pat_74,,2025-01-01,2027-01-01
430,CORE,owns_phi_record,pat_74,phi_rec_74,,2025-01-01,2027-01-01
431,CORE,is_phi,phi_rec_74,,,2025-01-01,2027-01-01
432,CORE,is_doctor_of,doc_2,pat_75,,2025-01-01,2027-01-01
433,CORE,owns_phi_record,pat_75,phi_rec_75,,2025-01-01,2027-01-01
434,CORE,is_phi,phi_rec_75,,,2025-01-01,2027-01-01
435,CORE,is_doctor_of,doc_3,pat_76,,2025-01-01,2027-01-01
436,CORE,owns_phi_record,pat_76,phi_rec_76,,2025-01-01,2027-01-01
437,CORE,is_phi,phi_rec_76,,,2025-01-01,2027-01-01
438,CORE,is_doctor_of,doc_0,pat_77,,2025-01-01,2027-01-01
439,CORE,owns_phi_record,pat_77,phi_rec_77,,2025-01-01,2027-01-01
440,CORE,is_phi,phi_rec_77,,,2025-01-01,2027-01-01
441,CORE,is_doctor_of,doc_4,pat_78,,2025-01-01,2027-01-01
442,CORE,owns_phi_record,pat_78,phi_rec_78,,2025-01-01,2027-01-01
443,CORE,is_phi,phi_rec_78,,,2025-01-01,2027-01-01
444,CORE,is_doctor_of,doc_3,pat_79,,2025-01-01,2027-01-01
445,CORE,owns_phi_record,pat_79,phi_rec_79,,2025-01-01,2027-01-01
446,CORE,is_phi,phi_rec_79,,,2025-01-01,2027-01-01
447,CORE,is_doctor_of,doc_2,pat_80,,2025-01-01,2027-01-01
448,CORE,owns_phi_record,pat_80,phi_rec_80,,2025-01-01,2027-01-01
449,CORE,is_phi,phi_rec_80,,,2025-01-01,2027-01-01
450,CORE,is_doctor_of,doc_4,pat_81,,2025-01-01,2027-01-01
451,CORE,owns_phi_record,pat_81,phi_rec_81,,2025-01-01,2027-01-01
452,CORE,is_phi,phi_rec_81,,,2025-01-01,2027-01-01
453,CORE,is_doctor_of,doc_1,pat_82,,2025-01-01,2027-01-01
454,CORE,owns_phi_record,pat_82,phi_rec_82,,2025-01-01,2027-01-01
455,CORE,is_phi,phi_rec_82,,,2025-01-01,2027-01-01
456,CORE,is_doctor_of,doc_2,pat_83,,2025-01-01,2027-01-01
457,CORE,owns_phi_record,pat_83,phi_rec_83,,2025-01-01,2027-01-01
458,CORE,is_phi,phi_rec_83,,,2025-01-01,2027-01-01
459,CORE,is_doctor_of,doc_1,pat_84,,2025-01-01,2027-01-01
460,CORE,owns_phi_record,pat_84,phi_rec_84,,2025-01-01,2027-01-01
461,CORE,is_phi,phi_rec_84,,,2025-01-01,2027-01-01
462,CORE,is_doctor_of,doc_1,pat_85,,2025-01-01,2027-01-01
463,CORE,owns_phi_record,pat_85,phi_rec_85,,2025-01-01,2027-01-01
464,CORE,is_phi,phi_rec_85,,,2025-01-01,2027-01-01
465,CORE,is_doctor_of,doc_1,pat_86,,2025-01-01,2027-01-01
466,CORE,owns_phi_record,pat_86,phi_rec_86,,2025-01-01,2027-01-01
467,CORE,is_phi,phi_rec_86,,,2025-01-01,2027-01-01
468,CORE,is_doctor_of,doc_0,pat_87,,2025-01-01,2027-01-01
469,CORE,owns_phi_record,pat_87,phi_rec_87,,2025-01-01,2027-01-01
470,CORE,is_phi,phi_rec_87,,,2025-01-01,2027-01-01
471,CORE,is_doctor_of,doc_4,pat_88,,2025-01-01,2027-01-01
472,CORE,owns_phi_record,pat_88,phi_rec_88,,2025-01-01,2027-01-01
473,CORE,is_phi,phi_rec_88,,,2025-01-01,2027-01-01
474,CORE,is_doctor_of,doc_2,pat_89,,2025-01-01,2027-01-01
475,CORE,owns_phi_record,pat_89,phi_rec_89,,2025-01-01,2027-01-01
476,CORE,is_phi,phi_rec_89,,,2025-01-01,2027-01-01
477,CORE,is_doctor_of,doc_3,pat_90,,2025-01-01,2027-01-01
478,CORE,owns_phi_record,pat_90,phi_rec_90,,2025-01-01,2027-01-01
479,CORE,is_phi,phi_rec_90,,,2025-01-01,2027-01-01
480,CORE,is_doctor_of,doc_0,pat_91,,2025-01-01,2027-01-01
481,CORE,owns_phi_record,pat_91,phi_rec_91,,2025-01-01,2027-01-01
482,CORE,is_phi,phi_rec_91,,,2025-01-01,2027-01-01
483,CORE,is_doctor_of,doc_0,pat_92,,2025-01-01,2027-01-01
484,CORE,owns_phi_record,pat_92,phi_rec_92,,2025-01-01,2027-01-01
485,CORE,is_phi,phi_rec_92,,,2025-01-01,2027-01-01
486,CORE,is_doctor_of,doc_1,pat_93,,2025-01-01,2027-01-01
487,CORE,owns_phi_record,pat_93,phi_rec_93,,2025-01-01,2027-01-01
488,CORE,is_phi,phi_rec_93,,,2025-01-01,2027-01-01
489,CORE,is_doctor_of,doc_1,pat_94,,2025-01-01,2027-01-01
490,CORE,owns_phi_record,pat_94,phi_rec_94,,2025-01-01,2027-01-01
491,CORE,is_phi,phi_rec_94,,,2025-01-01,2027-01-01
492,CORE,is_doctor_of,doc_0,pat_95,,2025-01-01,2027-01-01
493,CORE,owns_phi_record,pat_95,phi_rec_95,,2025-01-01,2027-01-01
494,CORE,is_phi,phi_rec_95,,,2025-01-01,2027-01-01
495,CORE,is_doctor_of,doc_0,pat_96,,2025-01-01,2027-01-01
496,CORE,owns_phi_record,pat_96,phi_rec_96,,2025-01-01,2027-01-01
497,CORE,is_phi,phi_rec_96,,,2025-01-01,2027-01-01
498,CORE,is_doctor_of,doc_4,pat_97,,2025-01-01,2027-01-01
499,CORE,owns_phi_record,pat_97,phi_rec_97,,2025-01-01,2027-01-01
500,CORE,is_phi,phi_rec_97,,,2025-01-01,2027-01-01
501,CORE,is_doctor_of,doc_3,pat_98,,2025-01-01,2027-01-01
502,CORE,owns_phi_record,pat_98,phi_rec_98,,2025-01-01,2027-01-01
503,CORE,is_phi,phi_rec_98,,,2025-01-01,2027-01-01
504,CORE,is_doctor_of,doc_4,pat_99,,2025-01-01,2027-01-01
505,CORE,owns_phi_record,pat_99,phi_rec_99,,2025-01-01,2027-01-01
506,CORE,is_phi,phi_rec_99,,,2025-01-01,2027-01-01
507,CORE,is_doctor_of,doc_2,pat_100,,2025-01-01,2027-01-01
508,CORE,owns_phi_record,pat_100,phi_rec_100,,2025-01-01,2027-01-01
509,CORE,is_phi,phi_rec_100,,,2025-01-01,2027-01-01
510,CORE,is_doctor_of,doc_4,pat_101,,2025-01-01,2027-01-01
511,CORE,owns_phi_record,pat_101,phi_rec_101,,2025-01-01,2027-01-01
512,CORE,is_phi,phi_rec_101,,,2025-01-01,2027-01-01
513,CORE,is_doctor_of,doc_1,pat_102,,2025-01-01,2027-01-01
514,CORE,owns_phi_record,pat_102,phi_rec_102,,2025-01-01,2027-01-01
515,CORE,is_phi,phi_rec_102,,,2025-01-01,2027-01-01
516,CORE,is_doctor_of,doc_1,pat_103,,2025-01-01,2027-01-01
517,CORE,owns_phi_record,pat_103,phi_rec_103,,2025-01-01,2027-01-01
518,CORE,is_phi,phi_rec_103,,,2025-01-01,2027-01-01
519,CORE,is_doctor_of,doc_4,pat_104,,2025-01-01,2027-01-01
520,CORE,owns_phi_record,pat_104,phi_rec_104,,2025-01-01,2027-01-01
521,CORE,is_phi,phi_rec_104,,,2025-01-01,2027-01-01
522,CORE,is_doctor_of,doc_3,pat_105,,2025-01-01,2027-01-01
523,CORE,owns_phi_record,pat_105,phi_rec_105,,2025-01-01,2027-01-01
524,CORE,is_phi,phi_rec_105,,,2025-01-01,2027-01-01
525,CORE,is_doctor_of,doc_4,pat_106,,2025-01-01,2027-01-01
526,CORE,owns_phi_record,pat_106,phi_rec_106,,2025-01-01,2027-01-01
527,CORE,is_phi,phi_rec_106,,,2025-01-01,2027-01-01
528,CORE,is_doctor_of,doc_2,pat_107,,2025-01-01,2027-01-01
529,CORE,owns_phi_record,pat_107,phi_rec_107,,2025-01-01,2027-01-01
530,CORE,is_phi,phi_rec_107,,,2025-01-01,2027-01-01
531,CORE,is_doctor_of,doc_3,pat_108,,2025-01-01,2027-01-01
532,CORE,owns_phi_record,pat_108,phi_rec_108,,2025-01-01,2027-01-01
533,CORE,is_phi,phi_rec_108,,,2025-01-01,2027-01-01
534,CORE,is_doctor_of,doc_3,pat_109,,2025-01-01,2027-01-01
535,CORE,owns_phi_record,pat_109,phi_rec_109,,2025-01-01,2027-01-01
536,CORE,is_phi,phi_rec_109,,,2025-01-01,2027-01-01
537,CORE,is_doctor_of,doc_2,pat_110,,2025-01-01,2027-01-01
538,CORE,owns_phi_record,pat_110,phi_rec_110,,2025-01-01,2027-01-01
539,CORE,is_phi,phi_rec_110,,,2025-01-01,2027-01-01
540,CORE,is_doctor_of,doc_0,pat_111,,2025-01-01,2027-01-01
541,CORE,owns_phi_record,pat_111,phi_rec_111,,2025-01-01,2027-01-01
542,CORE,is_phi,phi_rec_111,,,2025-01-01,2027-01-01
543,CORE,is_doctor_of,doc_2,pat_112,,2025-01-01,2027-01-01
544,CORE,owns_phi_record,pat_112,phi_rec_112,,2025-01-01,2027-01-01
545,CORE,is_phi,phi_rec_112,,,2025-01-01,2027-01-01
546,CORE,is_doctor_of,doc_4,pat_113,,2025-01-01,2027-01-01
547,CORE,owns_phi_record,pat_113,phi_rec_113,,2025-01-01,2027-01-01
548,CORE,is_phi,phi_rec_113,,,2025-01-01,2027-01-01
549,CORE,is_doctor_of,doc_0,pat_114,,2025-01-01,2027-01-01
550,CORE,owns_phi_record,pat_114,phi_rec_114,,2025-01-01,2027-01-01
551,CORE,is_phi,phi_rec_114,,,2025-01-01,2027-01-01
552,CORE,is_doctor_of,doc_3,pat_115,,2025-01-01,2027-01-01
553,CORE,owns_phi_record,pat_115,phi_rec_115,,2025-01-01,2027-01-01
554,CORE,is_phi,phi_rec_115,,,2025-01-01,2027-01-01
555,CORE,is_doctor_of,doc_4,pat_116,,2025-01-01,2027-01-01
556,CORE,owns_phi_record,pat_116,phi_rec_116,,2025-01-01,2027-01-01
557,CORE,is_phi,phi_rec_116,,,2025-01-01,2027-01-01
558,CORE,is_doctor_of,doc_2,pat_117,,2025-01-01,2027-01-01
559,CORE,owns_phi_record,pat_117,phi_rec_117,,2025-01-01,2027-01-01
560,CORE,is_phi,phi_rec_117,,,2025-01-01,2027-01-01
561,CORE,is_doctor_of,doc_1,pat_118,,2025-01-01,2027-01-01
562,CORE,owns_phi_record,pat_118,phi_rec_118,,2025-01-01,2027-01-01
563,CORE,is_phi,phi_rec_118,,,2025-01-01,2027-01-01
564,CORE,is_doctor_of,doc_1,pat_119,,2025-01-01,2027-01-01
565,CORE,owns_phi_record,pat_119,phi_rec_119,,2025-01-01,2027-01-01
566,CORE,is_phi,phi_rec_119,,,2025-01-01,2027-01-01
567,CORE,is_doctor_of,doc_0,pat_120,,2025-01-01,2027-01-01
568,CORE,owns_phi_record,pat_120,phi_rec_120,,2025-01-01,2027-01-01
569,CORE,is_phi,phi_rec_120,,,2025-01-01,2027-01-01
570,CORE,is_doctor_of,doc_2,pat_121,,2025-01-01,2027-01-01
571,CORE,owns_phi_record,pat_121,phi_rec_121,,2025-01-01,2027-01-01
572,CORE,is_phi,phi_rec_121,,,2025-01-01,2027-01-01
573,CORE,is_doctor_of,doc_0,pat_122,,2025-01-01,2027-01-01
574,CORE,owns_phi_record,pat_122,phi_rec_122,,2025-01-01,2027-01-01
575,CORE,is_phi,phi_rec_122,,,2025-01-01,2027-01-01
576,CORE,is_doctor_of,doc_1,pat_123,,2025-01-01,2027-01-01
577,CORE,owns_phi_record,pat_123,phi_rec_123,,2025-01-01,2027-01-01
578,CORE,is_phi,phi_rec_123,,,2025-01-01,2027-01-01
579,CORE,is_doctor_of,doc_2,pat_124,,2025-01-01,2027-01-01
580,CORE,owns_phi_record,pat_124,phi_rec_124,,2025-01-01,2027-01-01
581,CORE,is_phi,phi_rec_124,,,2025-01-01,2027-01-01
582,CORE,is_doctor_of,doc_1,pat_125,,2025-01-01,2027-01-01
583,CORE,owns_phi_record,pat_125,phi_rec_125,,2025-01-01,2027-01-01
584,CORE,is_phi,phi_rec_125,,,2025-01-01,2027-01-01
585,CORE,is_doctor_of,doc_2,pat_126,,2025-01-01,2027-01-01
586,CORE,owns_phi_record,pat_126,phi_rec_126,,2025-01-01,2027-01-01
587,CORE,is_phi,phi_rec_126,,,2025-01-01,2027-01-01
588,CORE,is_doctor_of,doc_3,pat_127,,2025-01-01,2027-01-01
589,CORE,owns_phi_record,pat_127,phi_rec_127,,2025-01-01,2027-01-01
590,CORE,is_phi,phi_rec_127,,,2025-01-01,2027-01-01
591,CORE,is_doctor_of,doc_0,pat_128,,2025-01-01,2027-01-01
592,CORE,owns_phi_record,pat_128,phi_rec_128,,2025-01-01,2027-01-01
593,CORE,is_phi,phi_rec_128,,,2025-01-01,2027-01-01
594,CORE,is_doctor_of,doc_0,pat_129,,2025-01-01,2027-01-01
595,CORE,owns_phi_record,pat_129,phi_rec_129,,2025-01-01,2027-01-01
596,CORE,is_phi,phi_rec_129,,,2025-01-01,2027-01-01
597,CORE,is_doctor_of,doc_1,pat_130,,2025-01-01,2027-01-01
598,CORE,owns_phi_record,pat_130,phi_rec_130,,2025-01-01,2027-01-01
599,CORE,is_phi,phi_rec_130,,,2025-01-01,2027-01-01
600,CORE,is_doctor_of,doc_1,pat_131,,2025-01-01,2027-01-01
601,CORE,owns_phi_record,pat_131,phi_rec_131,,2025-01-01,2027-01-01
602,CORE,is_phi,phi_rec_131,,,2025-01-01,2027-01-01
603,CORE,is_doctor_of,doc_0,pat_132,,2025-01-01,2027-01-01
604,CORE,owns_phi_record,pat_132,phi_rec_132,,2025-01-01,2027-01-01
605,CORE,is_phi,phi_rec_132,,,2025-01-01,2027-01-01
606,CORE,is_doctor_of,doc_4,pat_133,,2025-01-01,2027-01-01
607,CORE,owns_phi_record,pat_133,phi_rec_133,,2025-01-01,2027-01-01
608,CORE,is_phi,phi_rec_133,,,2025-01-01,2027-01-01
609,CORE,is_doctor_of,doc_4,pat_134,,2025-01-01,2027-01-01
610,CORE,owns_phi_record,pat_134,phi_rec_134,,2025-01-01,2027-01-01
611,CORE,is_phi,phi_rec_134,,,2025-01-01,2027-01-01
612,CORE,is_doctor_of,doc_4,pat_135,,2025-01-01,2027-01-01
613,CORE,owns_phi_record,pat_135,phi_rec_135,,2025-01-01,2027-01-01
614,CORE,is_phi,phi_rec_135,,,2025-01-01,2027-01-01
615,CORE,is_doctor_of,doc_0,pat_136,,2025-01-01,2027-01-01
616,CORE,owns_phi_record,pat_136,phi_rec_136,,2025-01-01,2027-01-01
617,CORE,is_phi,phi_rec_136,,,2025-01-01,2027-01-01
618,CORE,is_doctor_of,doc_0,pat_137,,2025-01-01,2027-01-01
619,CORE,owns_phi_record,pat_137,phi_rec_137,,2025-01-01,2027-01-01
620,CORE,is_phi,phi_rec_137,,,2025-01-01,2027-01-01
621,CORE,is_doctor_of,doc_0,pat_138,,2025-01-01,2027-01-01
622,CORE,owns_phi_record,pat_138,phi_rec_138,,2025-01-01,2027-01-01
623,CORE,is_phi,phi_rec_138,,,2025-01-01,2027-01-01
624,CORE,is_doctor_of,doc_1,pat_139,,2025-01-01,2027-01-01
625,CORE,owns_phi_record,pat_139,phi_rec_139,,2025-01-01,2027-01-01
626,CORE,is_phi,phi_rec_139,,,2025-01-01,2027-01-01
627,CORE,is_doctor_of,doc_4,pat_140,,2025-01-01,2027-01-01
628,CORE,owns_phi_record,pat_140,phi_rec_140,,2025-01-01,2027-01-01
629,CORE,is_phi,phi_rec_140,,,2025-01-01,2027-01-01
630,CORE,is_doctor_of,doc_4,pat_141,,2025-01-01,2027-01-01
631,CORE,owns_phi_record,pat_141,phi_rec_141,,2025-01-01,2027-01-01
632,CORE,is_phi,phi_rec_141,,,2025-01-01,2027-01-01
633,CORE,is_doctor_of,doc_0,pat_142,,2025-01-01,2027-01-01
634,CORE,owns_phi_record,pat_142,phi_rec_142,,2025-01-01,2027-01-01
635,CORE,is_phi,phi_rec_142,,,2025-01-01,2027-01-01
636,CORE,is_doctor_of,doc_3,pat_143,,2025-01-01,2027-01-01
637,CORE,owns_phi_record,pat_143,phi_rec_143,,2025-01-01,2027-01-01
638,CORE,is_phi,phi_rec_143,,,2025-01-01,2027-01-01
639,CORE,is_doctor_of,doc_0,pat_144,,2025-01-01,2027-01-01
640,CORE,owns_phi_record,pat_144,phi_rec_144,,2025-01-01,2027-01-01
641,CORE,is_phi,phi_rec_144,,,2025-01-01,2027-01-01
642,CORE,is_doctor_of,doc_2,pat_145,,2025-01-01,2027-01-01
643,CORE,owns_phi_record,pat_145,phi_rec_145,,2025-01-01,2027-01-01
644,CORE,is_phi,phi_rec_145,,,2025-01-01,2027-01-01
645,CORE,is_doctor_of,doc_0,pat_146,,2025-01-01,2027-01-01
646,CORE,owns_phi_record,pat_146,phi_rec_146,,2025-01-01,2027-01-01
647,CORE,is_phi,phi_rec_146,,,2025-01-01,2027-01-01
648,CORE,is_doctor_of,doc_0,pat_147,,2025-01-01,2027-01-01
649,CORE,owns_phi_record,pat_147,phi_rec_147,,2025-01-01,2027-01-01
650,CORE,is_phi,phi_rec_147,,,2025-01-01,2027-01-01
651,CORE,is_doctor_of,doc_4,pat_148,,2025-01-01,2027-01-01
652,CORE,owns_phi_record,pat_148,phi_rec_148,,2025-01-01,2027-01-01
653,CORE,is_phi,phi_rec_148,,,2025-01-01,2027-01-01
654,CORE,is_doctor_of,doc_0,pat_149,,2025-01-01,2027-01-01
655,CORE,owns_phi_record,pat_149,phi_rec_149,,2025-01-01,2027-01-01
656,CORE,is_phi,phi_rec_149,,,2025-01-01,2027-01-01
657,CORE,is_doctor_of,doc_1,pat_150,,2025-01-01,2027-01-01
658,CORE,owns_phi_record,pat_150,phi_rec_150,,2025-01-01,2027-01-01
659,CORE,is_phi,phi_rec_150,,,2025-01-01,2027-01-01
660,CORE,is_doctor_of,doc_1,pat_151,,2025-01-01,2027-01-01
661,CORE,owns_phi_record,pat_151,phi_rec_151,,2025-01-01,2027-01-01
662,CORE,is_phi,phi_rec_151,,,2025-01-01,2027-01-01
663,CORE,is_doctor_of,doc_0,pat_152,,2025-01-01,2027-01-01
664,CORE,owns_phi_record,pat_152,phi_rec_152,,2025-01-01,2027-01-01
665,CORE,is_phi,phi_rec_152,,,2025-01-01,2027-01-01
666,CORE,is_doctor_of,doc_3,pat_153,,2025-01-01,2027-01-01
667,CORE,owns_phi_record,pat_153,phi_rec_153,,2025-01-01,2027-01-01
668,CORE,is_phi,phi_rec_153,,,2025-01-01,2027-01-01
669,CORE,is_doctor_of,doc_1,pat_154,,2025-01-01,2027-01-01
670,CORE,owns_phi_record,pat_154,phi_rec_154,,2025-01-01,2027-01-01
671,CORE,is_phi,phi_rec_154,,,2025-01-01,2027-01-01
672,CORE,is_doctor_of,doc_0,pat_155,,2025-01-01,2027-01-01
673,CORE,owns_phi_record,pat_155,phi_rec_155,,2025-01-01,2027-01-01
674,CORE,is_phi,phi_rec_155,,,2025-01-01,2027-01-01
675,CORE,is_doctor_of,doc_0,pat_156,,2025-01-01,2027-01-01
676,CORE,owns_phi_record,pat_156,phi_rec_156,,2025-01-01,2027-01-01
677,CORE,is_phi,phi_rec_156,,,2025-01-01,2027-01-01
678,CORE,is_doctor_of,doc_4,pat_157,,2025-01-01,2027-01-01
679,CORE,owns_phi_record,pat_157,phi_rec_157,,2025-01-01,2027-01-01
680,CORE,is_phi,phi_rec_157,,,2025-01-01,2027-01-01
681,CORE,is_doctor_of,doc_3,pat_158,,2025-01-01,2027-01-01
682,CORE,owns_phi_record,pat_158,phi_rec_158,,2025-01-01,2027-01-01
683,CORE,is_phi,phi_rec_158,,,2025-01-01,2027-01-01
684,CORE,is_doctor_of,doc_4,pat_159,,2025-01-01,2027-01-01
685,CORE,owns_phi_record,pat_159,phi_rec_159,,2025-01-01,2027-01-01
686,CORE,is_phi,phi_rec_159,,,2025-01-01,2027-01-01
687,CORE,is_doctor_of,doc_0,pat_160,,2025-01-01,2027-01-01
688,CORE,owns_phi_record,pat_160,phi_rec_160,,2025-01-01,2027-01-01
689,CORE,is_phi,phi_rec_160,,,2025-01-01,2027-01-01
690,CORE,is_doctor_of,doc_2,pat_161,,2025-01-01,2027-01-01
691,CORE,owns_phi_record,pat_161,phi_rec_161,,2025-01-01,2027-01-01
692,CORE,is_phi,phi_rec_161,,,2025-01-01,2027-01-01
693,CORE,is_doctor_of,doc_0,pat_162,,2025-01-01,2027-01-01
694,CORE,owns_phi_record,pat_162,phi_rec_162,,2025-01-01,2027-01-01
695,CORE,is_phi,phi_rec_162,,,2025-01-01,2027-01-01
696,CORE,is_doctor_of,doc_1,pat_163,,2025-01-01,2027-01-01
697,CORE,owns_phi_record,pat_163,phi_rec_163,,2025-01-01,2027-01-01
698,CORE,is_phi,phi_rec_163,,,2025-01-01,2027-01-01
699,CORE,is_doctor_of,doc_0,pat_164,,2025-01-01,2027-01-01
700,CORE,owns_phi_record,pat_164,phi_rec_164,,2025-01-01,2027-01-01
701,CORE,is_phi,phi_rec_164,,,2025-01-01,2027-01-01
702,CORE,is_doctor_of,doc_2,pat_165,,2025-01-01,2027-01-01
703,CORE,owns_phi_record,pat_165,phi_rec_165,,2025-01-01,2027-01-01
704,CORE,is_phi,phi_rec_165,,,2025-01-01,2027-01-01
705,CORE,is_doctor_of,doc_2,pat_166,,2025-01-01,2027-01-01
706,CORE,owns_phi_record,pat_166,phi_rec_166,,2025-01-01,2027-01-01
707,CORE,is_phi,phi_rec_166,,,2025-01-01,2027-01-01
708,CORE,is_doctor_of,doc_3,pat_167,,2025-01-01,2027-01-01
709,CORE,owns_phi_record,pat_167,phi_rec_167,,2025-01-01,2027-01-01
710,CORE,is_phi,phi_rec_167,,,2025-01-01,2027-01-01
711,CORE,is_doctor_of,doc_1,pat_168,,2025-01-01,2027-01-01
712,CORE,owns_phi_record,pat_168,phi_rec_168,,2025-01-01,2027-01-01
713,CORE,is_phi,phi_rec_168,,,2025-01-01,2027-01-01
714,CORE,is_doctor_of,doc_0,pat_169,,2025-01-01,2027-01-01
715,CORE,owns_phi_record,pat_169,phi_rec_169,,2025-01-01,2027-01-01
716,CORE,is_phi,phi_rec_169,,,2025-01-01,2027-01-01
717,CORE,is_doctor_of,doc_4,pat_170,,2025-01-01,2027-01-01
718,CORE,owns_phi_record,pat_170,phi_rec_170,,2025-01-01,2027-01-01
719,CORE,is_phi,phi_rec_170,,,2025-01-01,2027-01-01
720,CORE,is_doctor_of,doc_3,pat_171,,2025-01-01,2027-01-01
721,CORE,owns_phi_record,pat_171,phi_rec_171,,2025-01-01,2027-01-01
722,CORE,is_phi,phi_rec_171,,,2025-01-01,2027-01-01
723,CORE,is_doctor_of,doc_0,pat_172,,2025-01-01,2027-01-01
724,CORE,owns_phi_record,pat_172,phi_rec_172,,2025-01-01,2027-01-01
725,CORE,is_phi,phi_rec_172,,,2025-01-01,2027-01-01
726,CORE,is_doctor_of,doc_4,pat_173,,2025-01-01,2027-01-01
727,CORE,owns_phi_record,pat_173,phi_rec_173,,2025-01-01,2027-01-01
728,CORE,is_phi,phi_rec_173,,,2025-01-01,2027-01-01
729,CORE,is_doctor_of,doc_0,pat_174,,2025-01-01,2027-01-01
730,CORE,owns_phi_record,pat_174,phi_rec_174,,2025-01-01,2027-01-01
731,CORE,is_phi,phi_rec_174,,,2025-01-01,2027-01-01
732,CORE,is_doctor_of,doc_3,pat_175,,2025-01-01,2027-01-01
733,CORE,owns_phi_record,pat_175,phi_rec_175,,2025-01-01,2027-01-01
734,CORE,is_phi,phi_rec_175,,,2025-01-01,2027-01-01
735,CORE,is_doctor_of,doc_1,pat_176,,2025-01-01,2027-01-01
736,CORE,owns_phi_record,pat_176,phi_rec_176,,2025-01-01,2027-01-01
737,CORE,is_phi,phi_rec_176,,,2025-01-01,2027-01-01
738,CORE,is_doctor_of,doc_2,pat_177,,2025-01-01,2027-01-01
739,CORE,owns_phi_record,pat_177,phi_rec_177,,2025-01-01,2027-01-01
740,CORE,is_phi,phi_rec_177,,,2025-01-01,2027-01-01
741,CORE,is_doctor_of,doc_2,pat_178,,2025-01-01,2027-01-01
742,CORE,owns_phi_record,pat_178,phi_rec_178,,2025-01-01,2027-01-01
743,CORE,is_phi,phi_rec_178,,,2025-01-01,2027-01-01
744,CORE,is_doctor_of,doc_3,pat_179,,2025-01-01,2027-01-01
745,CORE,owns_phi_record,pat_179,phi_rec_179,,2025-01-01,2027-01-01
746,CORE,is_phi,phi_rec_179,,,2025-01-01,2027-01-01
747,CORE,is_doctor_of,doc_4,pat_180,,2025-01-01,2027-01-01
748,CORE,owns_phi_record,pat_180,phi_rec_180,,2025-01-01,2027-01-01
749,CORE,is_phi,phi_rec_180,,,2025-01-01,2027-01-01
750,CORE,is_doctor_of,doc_1,pat_181,,2025-01-01,2027-01-01
751,CORE,owns_phi_record,pat_181,phi_rec_181,,2025-01-01,2027-01-01
752,CORE,is_phi,phi_rec_181,,,2025-01-01,2027-01-01
753,CORE,is_doctor_of,doc_1,pat_182,,2025-01-01,2027-01-01
754,CORE,owns_phi_record,pat_182,phi_rec_182,,2025-01-01,2027-01-01
755,CORE,is_phi,phi_rec_182,,,2025-01-01,2027-01-01
756,CORE,is_doctor_of,doc_0,pat_183,,2025-01-01,2027-01-01
757,CORE,owns_phi_record,pat_183,phi_rec_183,,2025-01-01,2027-01-01
758,CORE,is_phi,phi_rec_183,,,2025-01-01,2027-01-01
759,CORE,is_doctor_of,doc_1,pat_184,,2025-01-01,2027-01-01
760,CORE,owns_phi_record,pat_184,phi_rec_184,,2025-01-01,2027-01-01
761,CORE,is_phi,phi_rec_184,,,2025-01-01,2027-01-01
762,CORE,is_doctor_of,doc_1,pat_185,,2025-01-01,2027-01-01
763,CORE,owns_phi_record,pat_185,phi_rec_185,,2025-01-01,2027-01-01
764,CORE,is_phi,phi_rec_185,,,2025-01-01,2027-01-01
765,CORE,is_doctor_of,doc_2,pat_186,,2025-01-01,2027-01-01
766,CORE,owns_phi_record,pat_186,phi_rec_186,,2025-01-01,2027-01-01
767,CORE,is_phi,phi_rec_186,,,2025-01-01,2027-01-01
768,CORE,is_doctor_of,doc_4,pat_187,,2025-01-01,2027-01-01
769,CORE,owns_phi_record,pat_187,phi_rec_187,,2025-01-01,2027-01-01
770,CORE,is_phi,phi_rec_187,,,2025-01-01,2027-01-01
771,CORE,is_doctor_of,doc_2,pat_188,,2025-01-01,2027-01-01
772,CORE,owns_phi_record,pat_188,phi_rec_188,,2025-01-01,2027-01-01
773,CORE,is_phi,phi_rec_188,,,2025-01-01,2027-01-01
774,CORE,is_doctor_of,doc_0,pat_189,,2025-01-01,2027-01-01
775,CORE,owns_phi_record,pat_189,phi_rec_189,,2025-01-01,2027-01-01
776,CORE,is_phi,phi_rec_189,,,2025-01-01,2027-01-01
777,CORE,is_doctor_of,doc_4,pat_190,,2025-01-01,2027-01-01
778,CORE,owns_phi_record,pat_190,phi_rec_190,,2025-01-01,2027-01-01
779,CORE,is_phi,phi_rec_190,,,2025-01-01,2027-01-01
780,CORE,is_doctor_of,doc_3,pat_191,,2025-01-01,2027-01-01
781,CORE,owns_phi_record,pat_191,phi_rec_191,,2025-01-01,2027-01-01
782,CORE,is_phi,phi_rec_191,,,2025-01-01,2027-01-01
783,CORE,is_doctor_of,doc_1,pat_192,,2025-01-01,2027-01-01
784,CORE,owns_phi_record,pat_192,phi_rec_192,,2025-01-01,2027-01-01
785,CORE,is_phi,phi_rec_192,,,2025-01-01,2027-01-01
786,CORE,is_doctor_of,doc_0,pat_193,,2025-01-01,2027-01-01
787,CORE,owns_phi_record,pat_193,phi_rec_193,,2025-01-01,2027-01-01
788,CORE,is_phi,phi_rec_193,,,2025-01-01,2027-01-01
789,CORE,is_doctor_of,doc_3,pat_194,,2025-01-01,2027-01-01
790,CORE,owns_phi_record,pat_194,phi_rec_194,,2025-01-01,2027-01-01
791,CORE,is_phi,phi_rec_194,,,2025-01-01,2027-01-01
792,CORE,is_doctor_of,doc_3,pat_195,,2025-01-01,2027-01-01
793,CORE,owns_phi_record,pat_195,phi_rec_195,,2025-01-01,2027-01-01
794,CORE,is_phi,phi_rec_195,,,2025-01-01,2027-01-01
795,CORE,is_doctor_of,doc_4,pat_196,,2025-01-01,2027-01-01
796,CORE,owns_phi_record,pat_196,phi_rec_196,,2025-01-01,2027-01-01
797,CORE,is_phi,phi_rec_196,,,2025-01-01,2027-01-01
798,CORE,is_doctor_of,doc_4,pat_197,,2025-01-01,2027-01-01
799,CORE,owns_phi_record,pat_197,phi_rec_197,,2025-01-01,2027-01-01
800,CORE,is_phi,phi_rec_197,,,2025-01-01,2027-01-01
801,CORE,is_doctor_of,doc_2,pat_198,,2025-01-01,2027-01-01
802,CORE,owns_phi_record,pat_198,phi_rec_198,,2025-01-01,2027-01-01
803,CORE,is_phi,phi_rec_198,,,2025-01-01,2027-01-01
804,CORE,is_doctor_of,doc_2,pat_199,,2025-01-01,2027-01-01
805,CORE,owns_phi_record,pat_199,phi_rec_199,,2025-01-01,2027-01-01
806,CORE,is_phi,phi_rec_199,,,2025-01-01,2027-01-01
807,CORE,role_can_access_type,doctor,clinical_note,,2025-01-01,2027-01-01
808,CORE,role_can_access_type,doctor,lab_result,,2025-01-01,2027-01-01
809,CORE,role_can_access_type,billing_clerk,billing_info,,2025-01-01,2027-01-01
810,CONSENT,has_unrestricted_status,pat_0,diagnosis,,2025-01-01,2027-01-01
811,CONSENT,has_unrestricted_status,pat_0,billing,,2025-01-01,2027-01-01
812,CONSENT,has_unrestricted_status,pat_0,research,,2025-01-01,2027-01-01
813,CONSENT,has_unrestricted_status,pat_0,marketing,,2025-01-01,2027-01-01
814,CONSENT,has_unrestricted_status,pat_1,diagnosis,,2025-01-01,2027-01-01
815,CONSENT,has_unrestricted_status,pat_1,billing,,2025-01-01,2027-01-01
816,CONSENT,has_unrestricted_status,pat_1,research,,2025-01-01,2027-01-01
817,CONSENT,has_unrestricted_status,pat_1,marketing,,2025-01-01,2027-01-01
818,CONSENT,has_unrestricted_status,pat_2,diagnosis,,2025-01-01,2027-01-01
819,CONSENT,has_unrestricted_status,pat_2,billing,,2025-01-01,2027-01-01
820,CONSENT,has_unrestricted_status,pat_2,research,,2025-01-01,2027-01-01
821,CONSENT,has_unrestricted_status,pat_2,marketing,,2025-01-01,2027-01-01
822,CONSENT,has_unrestricted_status,pat_3,diagnosis,,2025-01-01,2027-01-01
823,CONSENT,has_unrestricted_status,pat_3,billing,,2025-01-01,2027-01-01
824,CONSENT,has_restriction,pat_3,research,,2025-01-01,2027-01-01
825,CONSENT,has_unrestricted_status,pat_3,marketing,,2025-01-01,2027-01-01
826,CONSENT,has_unrestricted_status,pat_4,diagnosis,,2025-01-01,2027-01-01
827,CONSENT,has_unrestricted_status,pat_4,billing,,2025-01-01,2027-01-01
828,CONSENT,has_unrestricted_status,pat_4,research,,2025-01-01,2027-01-01
829,CONSENT,has_restriction,pat_4,marketing,,2025-01-01,2027-01-01
830,CONSENT,has_unrestricted_status,pat_5,diagnosis,,2025-01-01,2027-01-01
831,CONSENT,has_unrestricted_status,pat_5,billing,,2025-01-01,2027-01-01
832,CONSENT,has_unrestricted_status,pat_5,research,,2025-01-01,2027-01-01
833,CONSENT,has_unrestricted_status,pat_5,marketing,,2025-01-01,2027-01-01
834,CONSENT,has_unrestricted_status,pat_6,diagnosis,,2025-01-01,2027-01-01
835,CONSENT,has_unrestricted_status,pat_6,billing,,2025-01-01,2027-01-01
836,CONSENT,has_unrestricted_status,pat_6,research,,2025-01-01,2027-01-01
837,CONSENT,has_unrestricted_status,pat_6,marketing,,2025-01-01,2027-01-01
838,CONSENT,has_unrestricted_status,pat_7,diagnosis,,2025-01-01,2027-01-01
839,CONSENT,has_unrestricted_status,pat_7,billing,,2025-01-01,2027-01-01
840,CONSENT,has_restriction,pat_7,research,,2025-01-01,2027-01-01
841,CONSENT,has_restriction,pat_7,marketing,,2025-01-01,2027-01-01
842,CONSENT,has_unrestricted_status,pat_8,diagnosis,,2025-01-01,2027-01-01
843,CONSENT,has_unrestricted_status,pat_8,billing,,2025-01-01,2027-01-01
844,CONSENT,has_unrestricted_status,pat_8,research,,2025-01-01,2027-01-01
845,CONSENT,has_unrestricted_status,pat_8,marketing,,2025-01-01,2027-01-01
846,CONSENT,has_unrestricted_status,pat_9,diagnosis,,2025-01-01,2027-01-01
847,CONSENT,has_unrestricted_status,pat_9,billing,,2025-01-01,2027-01-01
848,CONSENT,has_restriction,pat_9,research,,2025-01-01,2027-01-01
849,CONSENT,has_restriction,pat_9,marketing,,2025-01-01,2027-01-01
850,CONSENT,has_unrestricted_status,pat_10,diagnosis,,2025-01-01,2027-01-01
851,CONSENT,has_unrestricted_status,pat_10,billing,,2025-01-01,2027-01-01
852,CONSENT,has_unrestricted_status,pat_10,research,,2025-01-01,2027-01-01
853,CONSENT,has_unrestricted_status,pat_10,marketing,,2025-01-01,2027-01-01
854,CONSENT,has_unrestricted_status,pat_11,diagnosis,,2025-01-01,2027-01-01
855,CONSENT,has_unrestricted_status,pat_11,billing,,2025-01-01,2027-01-01
856,CONSENT,has_unrestricted_status,pat_11,research,,2025-01-01,2027-01-01
857,CONSENT,has_unrestricted_status,pat_11,marketing,,2025-01-01,2027-01-01
858,CONSENT,has_unrestricted_status,pat_12,diagnosis,,2025-01-01,2027-01-01
859,CONSENT,has_unrestricted_status,pat_12,billing,,2025-01-01,2027-01-01
860,CONSENT,has_unrestricted_status,pat_12,research,,2025-01-01,2027-01-01
861,CONSENT,has_unrestricted_status,pat_12,marketing,,2025-01-01,2027-01-01
862,CONSENT,has_unrestricted_status,pat_13,diagnosis,,2025-01-01,2027-01-01
863,CONSENT,has_unrestricted_status,pat_13,billing,,2025-01-01,2027-01-01
864,CONSENT,has_restriction,pat_13,research,,2025-01-01,2027-01-01
865,CONSENT,has_unrestricted_status,pat_13,marketing,,2025-01-01,2027-01-01
866,CONSENT,has_unrestricted_status,pat_14,diagnosis,,2025-01-01,2027-01-01
867,CONSENT,has_unrestricted_status,pat_14,billing,,2025-01-01,2027-01-01
868,CONSENT,has_restriction,pat_14,research,,2025-01-01,2027-01-01
869,CONSENT,has_unrestricted_status,pat_14,marketing,,2025-01-01,2027-01-01
870,CONSENT,has_unrestricted_status,pat_15,diagnosis,,2025-01-01,2027-01-01
871,CONSENT,has_unrestricted_status,pat_15,billing,,2025-01-01,2027-01-01
872,CONSENT,has_restriction,pat_15,research,,2025-01-01,2027-01-01
873,CONSENT,has_unrestricted_status,pat_15,marketing,,2025-01-01,2027-01-01
874,CONSENT,has_unrestricted_status,pat_16,diagnosis,,2025-01-01,2027-01-01
875,CONSENT,has_unrestricted_status,pat_16,billing,,2025-01-01,2027-01-01
876,CONSENT,has_restriction,pat_16,research,,2025-01-01,2027-01-01
877,CONSENT,has_restriction,pat_16,marketing,,2025-01-01,2027-01-01
878,CONSENT,has_unrestricted_status,pat_17,diagnosis,,2025-01-01,2027-01-01
879,CONSENT,has_unrestricted_status,pat_17,billing,,2025-01-01,2027-01-01
880,CONSENT,has_unrestricted_status,pat_17,research,,2025-01-01,2027-01-01
881,CONSENT,has_unrestricted_status,pat_17,marketing,,2025-01-01,2027-01-01
882,CONSENT,has_unrestricted_status,pat_18,diagnosis,,2025-01-01,2027-01-01
883,CONSENT,has_unrestricted_status,pat_18,billing,,2025-01-01,2027-01-01
884,CONSENT,has_restriction,pat_18,research,,2025-01-01,2027-01-01
885,CONSENT,has_unrestricted_status,pat_18,marketing,,2025-01-01,2027-01-01
886,CONSENT,has_unrestricted_status,pat_19,diagnosis,,2025-01-01,2027-01-01
887,CONSENT,has_unrestricted_status,pat_19,billing,,2025-01-01,2027-01-01
888,CONSENT,has_restriction,pat_19,research,,2025-01-01,2027-01-01
889,CONSENT,has_restriction,pat_19,marketing,,2025-01-01,2027-01-01
890,CONSENT,has_unrestricted_status,pat_20,diagnosis,,2025-01-01,2027-01-01
891,CONSENT,has_unrestricted_status,pat_20,billing,,2025-01-01,2027-01-01
892,CONSENT,has_unrestricted_status,pat_20,research,,2025-01-01,2027-01-01
893,CONSENT,has_unrestricted_status,pat_20,marketing,,2025-01-01,2027-01-01
894,CONSENT,has_unrestricted_status,pat_21,diagnosis,,2025-01-01,2027-01-01
895,CONSENT,has_unrestricted_status,pat_21,billing,,2025-01-01,2027-01-01
896,CONSENT,has_unrestricted_status,pat_21,research,,2025-01-01,2027-01-01
897,CONSENT,has_unrestricted_status,pat_21,marketing,,2025-01-01,2027-01-01
898,CONSENT,has_unrestricted_status,pat_22,diagnosis,,2025-01-01,2027-01-01
899,CONSENT,has_unrestricted_status,pat_22,billing,,2025-01-01,2027-01-01
900,CONSENT,has_restriction,pat_22,research,,2025-01-01,2027-01-01
901,CONSENT,has_unrestricted_status,pat_22,marketing,,2025-01-01,2027-01-01
902,CONSENT,has_unrestricted_status,pat_23,diagnosis,,2025-01-01,2027-01-01
903,CONSENT,has_unrestricted_status,pat_23,billing,,2025-01-01,2027-01-01
904,CONSENT,has_restriction,pat_23,research,,2025-01-01,2027-01-01
905,CONSENT,has_restriction,pat_23,marketing,,2025-01-01,2027-01-01
906,CONSENT,has_unrestricted_status,pat_24,diagnosis,,2025-01-01,2027-01-01
907,CONSENT,has_unrestricted_status,pat_24,billing,,2025-01-01,2027-01-01
908,CONSENT,has_unrestricted_status,pat_24,research,,2025-01-01,2027-01-01
909,CONSENT,has_unrestricted_status,pat_24,marketing,,2025-01-01,2027-01-01
910,CONSENT,has_unrestricted_status,pat_25,diagnosis,,2025-01-01,2027-01-01
911,CONSENT,has_unrestricted_status,pat_25,billing,,2025-01-01,2027-01-01
912,CONSENT,has_restriction,pat_25,research,,2025-01-01,2027-01-01
913,CONSENT,has_restriction,pat_25,marketing,,2025-01-01,2027-01-01
914,CONSENT,has_unrestricted_status,pat_26,diagnosis,,2025-01-01,2027-01-01
915,CONSENT,has_unrestricted_status,pat_26,billing,,2025-01-01,2027-01-01
916,CONSENT,has_restriction,pat_26,research,,2025-01-01,2027-01-01
917,CONSENT,has_restriction,pat_26,marketing,,2025-01-01,2027-01-01
918,CONSENT,has_unrestricted_status,pat_27,diagnosis,,2025-01-01,2027-01-01
919,CONSENT,has_unrestricted_status,pat_27,billing,,2025-01-01,2027-01-01
920,CONSENT,has_unrestricted_status,pat_27,research,,2025-01-01,2027-01-01
921,CONSENT,has_unrestricted_status,pat_27,marketing,,2025-01-01,2027-01-01
922,CONSENT,has_unrestricted_status,pat_28,diagnosis,,2025-01-01,2027-01-01
923,CONSENT,has_unrestricted_status,pat_28,billing,,2025-01-01,2027-01-01
924,CONSENT,has_restriction,pat_28,research,,2025-01-01,2027-01-01
925,CONSENT,has_unrestricted_status,pat_28,marketing,,2025-01-01,2027-01-01
926,CONSENT,has_unrestricted_status,pat_29,diagnosis,,2025-01-01,2027-01-01
927,CONSENT,has_unrestricted_status,pat_29,billing,,2025-01-01,2027-01-01
928,CONSENT,has_unrestricted_status,pat_29,research,,2025-01-01,2027-01-01
929,CONSENT,has_unrestricted_status,pat_29,marketing,,2025-01-01,2027-01-01
930,CONSENT,has_unrestricted_status,pat_30,diagnosis,,2025-01-01,2027-01-01
931,CONSENT,has_unrestricted_status,pat_30,billing,,2025-01-01,2027-01-01
932,CONSENT,has_restriction,pat_30,research,,2025-01-01,2027-01-01
933,CONSENT,has_restriction,pat_30,marketing,,2025-01-01,2027-01-01
934,CONSENT,has_unrestricted_status,pat_31,diagnosis,,2025-01-01,2027-01-01
935,CONSENT,has_unrestricted_status,pat_31,billing,,2025-01-01,2027-01-01
936,CONSENT,has_unrestricted_status,pat_31,research,,2025-01-01,2027-01-01
937,CONSENT,has_unrestricted_status,pat_31,marketing,,2025-01-01,2027-01-01
938,CONSENT,has_unrestricted_status,pat_32,diagnosis,,2025-01-01,2027-01-01
939,CONSENT,has_unrestricted_status,pat_32,billing,,2025-01-01,2027-01-01
940,CONSENT,has_unrestricted_status,pat_32,research,,2025-01-01,2027-01-01
941,CONSENT,has_unrestricted_status,pat_32,marketing,,2025-01-01,2027-01-01
942,CONSENT,has_unrestricted_status,pat_33,diagnosis,,2025-01-01,2027-01-01
943,CONSENT,has_unrestricted_status,pat_33,billing,,2025-01-01,2027-01-01
944,CONSENT,has_unrestricted_status,pat_33,research,,2025-01-01,2027-01-01
945,CONSENT,has_unrestricted_status,pat_33,marketing,,2025-01-01,2027-01-01
946,CONSENT,has_unrestricted_status,pat_34,diagnosis,,2025-01-01,2027-01-01
947,CONSENT,has_unrestricted_status,pat_34,billing,,2025-01-01,2027-01-01
948,CONSENT,has_unrestricted_status,pat_34,research,,2025-01-01,2027-01-01
949,CONSENT,has_unrestricted_status,pat_34,marketing,,2025-01-01,2027-01-01
950,CONSENT,has_unrestricted_status,pat_35,diagnosis,,2025-01-01,2027-01-01
951,CONSENT,has_unrestricted_status,pat_35,billing,,2025-01-01,2027-01-01
952,CONSENT,has_unrestricted_status,pat_35,research,,2025-01-01,2027-01-01
953,CONSENT,has_restriction,pat_35,marketing,,2025-01-01,2027-01-01
954,CONSENT,has_unrestricted_status,pat_36,diagnosis,,2025-01-01,2027-01-01
955,CONSENT,has_unrestricted_status,pat_36,billing,,2025-01-01,2027-01-01
956,CONSENT,has_unrestricted_status,pat_36,research,,2025-01-01,2027-01-01
957,CONSENT,has_unrestricted_status,pat_36,marketing,,2025-01-01,2027-01-01
958,CONSENT,has_unrestricted_status,pat_37,diagnosis,,2025-01-01,2027-01-01
959,CONSENT,has_unrestricted_status,pat_37,billing,,2025-01-01,2027-01-01
960,CONSENT,has_restriction,pat_37,research,,2025-01-01,2027-01-01
961,CONSENT,has_restriction,pat_37,marketing,,2025-01-01,2027-01-01
962,CONSENT,has_unrestricted_status,pat_38,diagnosis,,2025-01-01,2027-01-01
963,CONSENT,has_unrestricted_status,pat_38,billing,,2025-01-01,2027-01-01
964,CONSENT,has_unrestricted_status,pat_38,research,,2025-01-01,2027-01-01
965,CONSENT,has_unrestricted_status,pat_38,marketing,,2025-01-01,2027-01-01
966,CONSENT,has_unrestricted_status,pat_39,diagnosis,,2025-01-01,2027-01-01
967,CONSENT,has_unrestricted_status,pat_39,billing,,2025-01-01,2027-01-01
968,CONSENT,has_unrestricted_status,pat_39,research,,2025-01-01,2027-01-01
969,CONSENT,has_restriction,pat_39,marketing,,2025-01-01,2027-01-01
970,CONSENT,has_unrestricted_status,pat_40,diagnosis,,2025-01-01,2027-01-01
971,CONSENT,has_unrestricted_status,pat_40,billing,,2025-01-01,2027-01-01
972,CONSENT,has_unrestricted_status,pat_40,research,,2025-01-01,2027-01-01
973,CONSENT,has_unrestricted_status,pat_40,marketing,,2025-01-01,2027-01-01
974,CONSENT,has_unrestricted_status,pat_41,diagnosis,,2025-01-01,2027-01-01
975,CONSENT,has_unrestricted_status,pat_41,billing,,2025-01-01,2027-01-01
976,CONSENT,has_unrestricted_status,pat_41,research,,2025-01-01,2027-01-01
977,CONSENT,has_restriction,pat_41,marketing,,2025-01-01,2027-01-01
978,CONSENT,has_unrestricted_status,pat_42,diagnosis,,2025-01-01,2027-01-01
979,CONSENT,has_unrestricted_status,pat_42,billing,,2025-01-01,2027-01-01
980,CONSENT,has_unrestricted_status,pat_42,research,,2025-01-01,2027-01-01
981,CONSENT,has_unrestricted_status,pat_42,marketing,,2025-01-01,2027-01-01
982,CONSENT,has_unrestricted_status,pat_43,diagnosis,,2025-01-01,2027-01-01
983,CONSENT,has_unrestricted_status,pat_43,billing,,2025-01-01,2027-01-01
984,CONSENT,has_unrestricted_status,pat_43,research,,2025-01-01,2027-01-01
985,CONSENT,has_unrestricted_status,pat_43,marketing,,2025-01-01,2027-01-01
986,CONSENT,has_unrestricted_status,pat_44,diagnosis,,2025-01-01,2027-01-01
987,CONSENT,has_unrestricted_status,pat_44,billing,,2025-01-01,2027-01-01
988,CONSENT,has_unrestricted_status,pat_44,research,,2025-01-01,2027-01-01
989,CONSENT,has_unrestricted_status,pat_44,marketing,,2025-01-01,2027-01-01
990,CONSENT,has_unrestricted_status,pat_45,diagnosis,,2025-01-01,2027-01-01
991,CONSENT,has_unrestricted_status,pat_45,billing,,2025-01-01,2027-01-01
992,CONSENT,has_restriction,pat_45,research,,2025-01-01,2027-01-01
993,CONSENT,has_restriction,pat_45,marketing,,2025-01-01,2027-01-01
994,CONSENT,has_unrestricted_status,pat_46,diagnosis,,2025-01-01,2027-01-01
995,CONSENT,has_unrestricted_status,pat_46,billing,,2025-01-01,2027-01-01
996,CONSENT,has_restriction,pat_46,research,,2025-01-01,2027-01-01
997,CONSENT,has_unrestricted_status,pat_46,marketing,,2025-01-01,2027-01-01
998,CONSENT,has_unrestricted_status,pat_47,diagnosis,,2025-01-01,2027-01-01
999,CONSENT,has_unrestricted_status,pat_47,billing,,2025-01-01,2027-01-01
1000,CONSENT,has_unrestricted_status,pat_47,research,,2025-01-01,2027-01-01
1001,CONSENT,has_unrestricted_status,pat_47,marketing,,2025-01-01,2027-01-01
1002,CONSENT,has_unrestricted_status,pat_48,diagnosis,,2025-01-01,2027-01-01
1003,CONSENT,has_unrestricted_status,pat_48,billing,,2025-01-01,2027-01-01
1004,CONSENT,has_unrestricted_status,pat_48,research,,2025-01-01,2027-01-01
1005,CONSENT,has_unrestricted_status,pat_48,marketing,,2025-01-01,2027-01-01
1006,CONSENT,has_unrestricted_status,pat_49,diagnosis,,2025-01-01,2027-01-01
1007,CONSENT,has_unrestricted_status,pat_49,billing,,2025-01-01,2027-01-01
1008,CONSENT,has_restriction,pat_49,research,,2025-01-01,2027-01-01
1009,CONSENT,has_unrestricted_status,pat_49,marketing,,2025-01-01,2027-01-01
1010,CONSENT,has_unrestricted_status,pat_50,diagnosis,,2025-01-01,2027-01-01
1011,CONSENT,has_unrestricted_status,pat_50,billing,,2025-01-01,2027-01-01
1012,CONSENT,has_unrestricted_status,pat_50,research,,2025-01-01,2027-01-01
1013,CONSENT,has_unrestricted_status,pat_50,marketing,,2025-01-01,2027-01-01
1014,CONSENT,has_unrestricted_status,pat_51,diagnosis,,2025-01-01,2027-01-01
1015,CONSENT,has_unrestricted_status,pat_51,billing,,2025-01-01,2027-01-01
1016,CONSENT,has_unrestricted_status,pat_51,research,,2025-01-01,2027-01-01
1017,CONSENT,has_unrestricted_status,pat_51,marketing,,2025-01-01,2027-01-01
1018,CONSENT,has_unrestricted_status,pat_52,diagnosis,,2025-01-01,2027-01-01
1019,CONSENT,has_unrestricted_status,pat_52,billing,,2025-01-01,2027-01-01
1020,CONSENT,has_unrestricted_status,pat_52,research,,2025-01-01,2027-01-01
1021,CONSENT,has_unrestricted_status,pat_52,marketing,,2025-01-01,2027-01-01
1022,CONSENT,has_unrestricted_status,pat_53,diagnosis,,2025-01-01,2027-01-01
1023,CONSENT,has_unrestricted_status,pat_53,billing,,2025-01-01,2027-01-01
1024,CONSENT,has_unrestricted_status,pat_53,research,,2025-01-01,2027-01-01
1025,CONSENT,has_restriction,pat_53,marketing,,2025-01-01,2027-01-01
1026,CONSENT,has_unrestricted_status,pat_54,diagnosis,,2025-01-01,2027-01-01
1027,CONSENT,has_unrestricted_status,pat_54,billing,,2025-01-01,2027-01-01
1028,CONSENT,has_unrestricted_status,pat_54,research,,2025-01-01,2027-01-01
1029,CONSENT,has_unrestricted_status,pat_54,marketing,,2025-01-01,2027-01-01
1030,CONSENT,has_unrestricted_status,pat_55,diagnosis,,2025-01-01,2027-01-01
1031,CONSENT,has_unrestricted_status,pat_55,billing,,2025-01-01,2027-01-01
1032,CONSENT,has_unrestricted_status,pat_55,research,,2025-01-01,2027-01-01
1033,CONSENT,has_unrestricted_status,pat_55,marketing,,2025-01-01,2027-01-01
1034,CONSENT,has_unrestricted_status,pat_56,diagnosis,,2025-01-01,2027-01-01
1035,CONSENT,has_unrestricted_status,pat_56,billing,,2025-01-01,2027-01-01
1036,CONSENT,has_unrestricted_status,pat_56,research,,2025-01-01,2027-01-01
1037,CONSENT,has_restriction,pat_56,marketing,,2025-01-01,2027-01-01
1038,CONSENT,has_unrestricted_status,pat_57,diagnosis,,2025-01-01,2027-01-01
1039,CONSENT,has_unrestricted_status,pat_57,billing,,2025-01-01,2027-01-01
1040,CONSENT,has_unrestricted_status,pat_57,research,,2025-01-01,2027-01-01
1041,CONSENT,has_unrestricted_status,pat_57,marketing,,2025-01-01,2027-01-01
1042,CONSENT,has_unrestricted_status,pat_58,diagnosis,,2025-01-01,2027-01-01
1043,CONSENT,has_unrestricted_status,pat_58,billing,,2025-01-01,2027-01-01
1044,CONSENT,has_restriction,pat_58,research,,2025-01-01,2027-01-01
1045,CONSENT,has_restriction,pat_58,marketing,,2025-01-01,2027-01-01
1046,CONSENT,has_unrestricted_status,pat_59,diagnosis,,2025-01-01,2027-01-01
1047,CONSENT,has_unrestricted_status,pat_59,billing,,2025-01-01,2027-01-01
1048,CONSENT,has_unrestricted_status,pat_59,research,,2025-01-01,2027-01-01
1049,CONSENT,has_restriction,pat_59,marketing,,2025-01-01,2027-01-01
1050,CONSENT,has_unrestricted_status,pat_60,diagnosis,,2025-01-01,2027-01-01
1051,CONSENT,has_unrestricted_status,pat_60,billing,,2025-01-01,2027-01-01
1052,CONSENT,has_restriction,pat_60,research,,2025-01-01,2027-01-01
1053,CONSENT,has_unrestricted_status,pat_60,marketing,,2025-01-01,2027-01-01
1054,CONSENT,has_unrestricted_status,pat_61,diagnosis,,2025-01-01,2027-01-01
1055,CONSENT,has_unrestricted_status,pat_61,billing,,2025-01-01,2027-01-01
1056,CONSENT,has_restriction,pat_61,research,,2025-01-01,2027-01-01
1057,CONSENT,has_unrestricted_status,pat_61,marketing,,2025-01-01,2027-01-01
1058,CONSENT,has_unrestricted_status,pat_62,diagnosis,,2025-01-01,2027-01-01
1059,CONSENT,has_unrestricted_status,pat_62,billing,,2025-01-01,2027-01-01
1060,CONSENT,has_unrestricted_status,pat_62,research,,2025-01-01,2027-01-01
1061,CONSENT,has_unrestricted_status,pat_62,marketing,,2025-01-01,2027-01-01
1062,CONSENT,has_unrestricted_status,pat_63,diagnosis,,2025-01-01,2027-01-01
1063,CONSENT,has_unrestricted_status,pat_63,billing,,2025-01-01,2027-01-01
1064,CONSENT,has_unrestricted_status,pat_63,research,,2025-01-01,2027-01-01
1065,CONSENT,has_unrestricted_status,pat_63,marketing,,2025-01-01,2027-01-01
1066,CONSENT,has_unrestricted_status,pat_64,diagnosis,,2025-01-01,2027-01-01
1067,CONSENT,has_unrestricted_status,pat_64,billing,,2025-01-01,2027-01-01
1068,CONSENT,has_restriction,pat_64,research,,2025-01-01,2027-01-01
1069,CONSENT,has_restriction,pat_64,marketing,,2025-01-01,2027-01-01
1070,CONSENT,has_unrestricted_status,pat_65,diagnosis,,2025-01-01,2027-01-01
1071,CONSENT,has_unrestricted_status,pat_65,billing,,2025-01-01,2027-01-01
1072,CONSENT,has_unrestricted_status,pat_65,research,,2025-01-01,2027-01-01
1073,CONSENT,has_unrestricted_status,pat_65,marketing,,2025-01-01,2027-01-01
1074,CONSENT,has_unrestricted_status,pat_66,diagnosis,,2025-01-01,2027-01-01
1075,CONSENT,has_unrestricted_status,pat_66,billing,,2025-01-01,2027-01-01
1076,CONSENT,has_unrestricted_status,pat_66,research,,2025-01-01,2027-01-01
1077,CONSENT,has_unrestricted_status,pat_66,marketing,,2025-01-01,2027-01-01
1078,CONSENT,has_unrestricted_status,pat_67,diagnosis,,2025-01-01,2027-01-01
1079,CONSENT,has_unrestricted_status,pat_67,billing,,2025-01-01,2027-01-01
1080,CONSENT,has_unrestricted_status,pat_67,research,,2025-01-01,2027-01-01
1081,CONSENT,has_unrestricted_status,pat_67,marketing,,2025-01-01,2027-01-01
1082,CONSENT,has_unrestricted_status,pat_68,diagnosis,,2025-01-01,2027-01-01
1083,CONSENT,has_unrestricted_status,pat_68,billing,,2025-01-01,2027-01-01
1084,CONSENT,has_unrestricted_status,pat_68,research,,2025-01-01,2027-01-01
1085,CONSENT,has_unrestricted_status,pat_68,marketing,,2025-01-01,2027-01-01
1086,CONSENT,has_unrestricted_status,pat_69,diagnosis,,2025-01-01,2027-01-01
1087,CONSENT,has_unrestricted_status,pat_69,billing,,2025-01-01,2027-01-01
1088,CONSENT,has_unrestricted_status,pat_69,research,,2025-01-01,2027-01-01
1089,CONSENT,has_restriction,pat_69,marketing,,2025-01-01,2027-01-01
1090,CONSENT,has_unrestricted_status,pat_70,diagnosis,,2025-01-01,2027-01-01
1091,CONSENT,has_unrestricted_status,pat_70,billing,,2025-01-01,2027-01-01
1092,CONSENT,has_restriction,pat_70,research,,2025-01-01,2027-01-01
1093,CONSENT,has_unrestricted_status,pat_70,marketing,,2025-01-01,2027-01-01
1094,CONSENT,has_unrestricted_status,pat_71,diagnosis,,2025-01-01,2027-01-01
1095,CONSENT,has_unrestricted_status,pat_71,billing,,2025-01-01,2027-01-01
1096,CONSENT,has_restriction,pat_71,research,,2025-01-01,2027-01-01
1097,CONSENT,has_unrestricted_status,pat_71,marketing,,2025-01-01,2027-01-01
1098,CONSENT,has_unrestricted_status,pat_72,diagnosis,,2025-01-01,2027-01-01
1099,CONSENT,has_unrestricted_status,pat_72,billing,,2025-01-01,2027-01-01
1100,CONSENT,has_unrestricted_status,pat_72,research,,2025-01-01,2027-01-01
1101,CONSENT,has_unrestricted_status,pat_72,marketing,,2025-01-01,2027-01-01
1102,CONSENT,has_unrestricted_status,pat_73,diagnosis,,2025-01-01,2027-01-01
1103,CONSENT,has_unrestricted_status,pat_73,billing,,2025-01-01,2027-01-01
1104,CONSENT,has_unrestricted_status,pat_73,research,,2025-01-01,2027-01-01
1105,CONSENT,has_unrestricted_status,pat_73,marketing,,2025-01-01,2027-01-01
1106,CONSENT,has_unrestricted_status,pat_74,diagnosis,,2025-01-01,2027-01-01
1107,CONSENT,has_unrestricted_status,pat_74,billing,,2025-01-01,2027-01-01
1108,CONSENT,has_unrestricted_status,pat_74,research,,2025-01-01,2027-01-01
1109,CONSENT,has_restriction,pat_74,marketing,,2025-01-01,2027-01-01
1110,CONSENT,has_unrestricted_status,pat_75,diagnosis,,2025-01-01,2027-01-01
1111,CONSENT,has_unrestricted_status,pat_75,billing,,2025-01-01,2027-01-01
1112,CONSENT,has_restriction,pat_75,research,,2025-01-01,2027-01-01
1113,CONSENT,has_restriction,pat_75,marketing,,2025-01-01,2027-01-01
1114,CONSENT,has_unrestricted_status,pat_76,diagnosis,,2025-01-01,2027-01-01
1115,CONSENT,has_unrestricted_status,pat_76,billing,,2025-01-01,2027-01-01
1116,CONSENT,has_unrestricted_status,pat_76,research,,2025-01-01,2027-01-01
1117,CONSENT,has_unrestricted_status,pat_76,marketing,,2025-01-01,2027-01-01
1118,CONSENT,has_unrestricted_status,pat_77,diagnosis,,2025-01-01,2027-01-01
1119,CONSENT,has_unrestricted_status,pat_77,billing,,2025-01-01,2027-01-01
1120,CONSENT,has_unrestricted_status,pat_77,research,,2025-01-01,2027-01-01
1121,CONSENT,has_restriction,pat_77,marketing,,2025-01-01,2027-01-01
1122,CONSENT,has_unrestricted_status,pat_78,diagnosis,,2025-01-01,2027-01-01
1123,CONSENT,has_unrestricted_status,pat_78,billing,,2025-01-01,2027-01-01
1124,CONSENT,has_unrestricted_status,pat_78,research,,2025-01-01,2027-01-01
1125,CONSENT,has_unrestricted_status,pat_78,marketing,,2025-01-01,2027-01-01
1126,CONSENT,has_unrestricted_status,pat_79,diagnosis,,2025-01-01,2027-01-01
1127,CONSENT,has_unrestricted_status,pat_79,billing,,2025-01-01,2027-01-01
1128,CONSENT,has_unrestricted_status,pat_79,research,,2025-01-01,2027-01-01
1129,CONSENT,has_unrestricted_status,pat_79,marketing,,2025-01-01,2027-01-01
1130,CONSENT,has_unrestricted_status,pat_80,diagnosis,,2025-01-01,2027-01-01
1131,CONSENT,has_unrestricted_status,pat_80,billing,,2025-01-01,2027-01-01
1132,CONSENT,has_restriction,pat_80,research,,2025-01-01,2027-01-01
1133,CONSENT,has_restriction,pat_80,marketing,,2025-01-01,2027-01-01
1134,CONSENT,has_unrestricted_status,pat_81,diagnosis,,2025-01-01,2027-01-01
1135,CONSENT,has_unrestricted_status,pat_81,billing,,2025-01-01,2027-01-01
1136,CONSENT,has_unrestricted_status,pat_81,research,,2025-01-01,2027-01-01
1137,CONSENT,has_unrestricted_status,pat_81,marketing,,2025-01-01,2027-01-01
1138,CONSENT,has_unrestricted_status,pat_82,diagnosis,,2025-01-01,2027-01-01
1139,CONSENT,has_unrestricted_status,pat_82,billing,,2025-01-01,2027-01-01
1140,CONSENT,has_restriction,pat_82,research,,2025-01-01,2027-01-01
1141,CONSENT,has_unrestricted_status,pat_82,marketing,,2025-01-01,2027-01-01
1142,CONSENT,has_unrestricted_status,pat_83,diagnosis,,2025-01-01,2027-01-01
1143,CONSENT,has_unrestricted_status,pat_83,billing,,2025-01-01,2027-01-01
1144,CONSENT,has_unrestricted_status,pat_83,research,,2025-01-01,2027-01-01
1145,CONSENT,has_unrestricted_status,pat_83,marketing,,2025-01-01,2027-01-01
1146,CONSENT,has_unrestricted_status,pat_84,diagnosis,,2025-01-01,2027-01-01
1147,CONSENT,has_unrestricted_status,pat_84,billing,,2025-01-01,2027-01-01
1148,CONSENT,has_unrestricted_status,pat_84,research,,2025-01-01,2027-01-01
1149,CONSENT,has_restriction,pat_84,marketing,,2025-01-01,2027-01-01
1150,CONSENT,has_unrestricted_status,pat_85,diagnosis,,2025-01-01,2027-01-01
1151,CONSENT,has_unrestricted_status,pat_85,billing,,2025-01-01,2027-01-01
1152,CONSENT,has_restriction,pat_85,research,,2025-01-01,2027-01-01
1153,CONSENT,has_unrestricted_status,pat_85,marketing,,2025-01-01,2027-01-01
1154,CONSENT,has_unrestricted_status,pat_86,diagnosis,,2025-01-01,2027-01-01
1155,CONSENT,has_unrestricted_status,pat_86,billing,,2025-01-01,2027-01-01
1156,CONSENT,has_unrestricted_status,pat_86,research,,2025-01-01,2027-01-01
1157,CONSENT,has_unrestricted_status,pat_86,marketing,,2025-01-01,2027-01-01
1158,CONSENT,has_unrestricted_status,pat_87,diagnosis,,2025-01-01,2027-01-01
1159,CONSENT,has_unrestricted_status,pat_87,billing,,2025-01-01,2027-01-01
1160,CONSENT,has_unrestricted_status,pat_87,research,,2025-01-01,2027-01-01
1161,CONSENT,has_restriction,pat_87,marketing,,2025-01-01,2027-01-01
1162,CONSENT,has_unrestricted_status,pat_88,diagnosis,,2025-01-01,2027-01-01
1163,CONSENT,has_unrestricted_status,pat_88,billing,,2025-01-01,2027-01-01
1164,CONSENT,has_unrestricted_status,pat_88,research,,2025-01-01,2027-01-01
1165,CONSENT,has_unrestricted_status,pat_88,marketing,,2025-01-01,2027-01-01
1166,CONSENT,has_unrestricted_status,pat_89,diagnosis,,2025-01-01,2027-01-01
1167,CONSENT,has_unrestricted_status,pat_89,billing,,2025-01-01,2027-01-01
1168,CONSENT,has_unrestricted_status,pat_89,research,,2025-01-01,2027-01-01
1169,CONSENT,has_unrestricted_status,pat_89,marketing,,2025-01-01,2027-01-01
1170,CONSENT,has_unrestricted_status,pat_90,diagnosis,,2025-01-01,2027-01-01
1171,CONSENT,has_unrestricted_status,pat_90,billing,,2025-01-01,2027-01-01
1172,CONSENT,has_unrestricted_status,pat_90,research,,2025-01-01,2027-01-01
1173,CONSENT,has_unrestricted_status,pat_90,marketing,,2025-01-01,2027-01-01
1174,CONSENT,has_unrestricted_status,pat_91,diagnosis,,2025-01-01,2027-01-01
1175,CONSENT,has_unrestricted_status,pat_91,billing,,2025-01-01,2027-01-01
1176,CONSENT,has_unrestricted_status,pat_91,research,,2025-01-01,2027-01-01
1177,CONSENT,has_unrestricted_status,pat_91,marketing,,2025-01-01,2027-01-01
1178,CONSENT,has_unrestricted_status,pat_92,diagnosis,,2025-01-01,2027-01-01
1179,CONSENT,has_unrestricted_status,pat_92,billing,,2025-01-01,2027-01-01
1180,CONSENT,has_restriction,pat_92,research,,2025-01-01,2027-01-01
1181,CONSENT,has_restriction,pat_92,marketing,,2025-01-01,2027-01-01
1182,CONSENT,has_unrestricted_status,pat_93,diagnosis,,2025-01-01,2027-01-01
1183,CONSENT,has_unrestricted_status,pat_93,billing,,2025-01-01,2027-01-01
1184,CONSENT,has_restriction,pat_93,research,,2025-01-01,2027-01-01
1185,CONSENT,has_unrestricted_status,pat_93,marketing,,2025-01-01,2027-01-01
1186,CONSENT,has_unrestricted_status,pat_94,diagnosis,,2025-01-01,2027-01-01
1187,CONSENT,has_unrestricted_status,pat_94,billing,,2025-01-01,2027-01-01
1188,CONSENT,has_restriction,pat_94,research,,2025-01-01,2027-01-01
1189,CONSENT,has_unrestricted_status,pat_94,marketing,,2025-01-01,2027-01-01
1190,CONSENT,has_unrestricted_status,pat_95,diagnosis,,2025-01-01,2027-01-01
1191,CONSENT,has_unrestricted_status,pat_95,billing,,2025-01-01,2027-01-01
1192,CONSENT,has_restriction,pat_95,research,,2025-01-01,2027-01-01
1193,CONSENT,has_unrestricted_status,pat_95,marketing,,2025-01-01,2027-01-01
1194,CONSENT,has_unrestricted_status,pat_96,diagnosis,,2025-01-01,2027-01-01
1195,CONSENT,has_unrestricted_status,pat_96,billing,,2025-01-01,2027-01-01
1196,CONSENT,has_restriction,pat_96,research,,2025-01-01,2027-01-01
1197,CONSENT,has_restriction,pat_96,marketing,,2025-01-01,2027-01-01
1198,CONSENT,has_unrestricted_status,pat_97,diagnosis,,2025-01-01,2027-01-01
1199,CONSENT,has_unrestricted_status,pat_97,billing,,2025-01-01,2027-01-01
1200,CONSENT,has_unrestricted_status,pat_97,research,,2025-01-01,2027-01-01
1201,CONSENT,has_unrestricted_status,pat_97,marketing,,2025-01-01,2027-01-01
1202,CONSENT,has_unrestricted_status,pat_98,diagnosis,,2025-01-01,2027-01-01
1203,CONSENT,has_unrestricted_status,pat_98,billing,,2025-01-01,2027-01-01
1204,CONSENT,has_unrestricted_status,pat_98,research,,2025-01-01,2027-01-01
1205,CONSENT,has_restriction,pat_98,marketing,,2025-01-01,2027-01-01
1206,CONSENT,has_unrestricted_status,pat_99,diagnosis,,2025-01-01,2027-01-01
1207,CONSENT,has_unrestricted_status,pat_99,billing,,2025-01-01,2027-01-01
1208,CONSENT,has_unrestricted_status,pat_99,research,,2025-01-01,2027-01-01
1209,CONSENT,has_unrestricted_status,pat_99,marketing,,2025-01-01,2027-01-01
1210,CONSENT,has_unrestricted_status,pat_100,diagnosis,,2025-01-01,2027-01-01
1211,CONSENT,has_unrestricted_status,pat_100,billing,,2025-01-01,2027-01-01
1212,CONSENT,has_unrestricted_status,pat_100,research,,2025-01-01,2027-01-01
1213,CONSENT,has_unrestricted_status,pat_100,marketing,,2025-01-01,2027-01-01
1214,CONSENT,has_unrestricted_status,pat_101,diagnosis,,2025-01-01,2027-01-01
1215,CONSENT,has_unrestricted_status,pat_101,billing,,2025-01-01,2027-01-01
1216,CONSENT,has_restriction,pat_101,research,,2025-01-01,2027-01-01
1217,CONSENT,has_unrestricted_status,pat_101,marketing,,2025-01-01,2027-01-01
1218,CONSENT,has_unrestricted_status,pat_102,diagnosis,,2025-01-01,2027-01-01
1219,CONSENT,has_unrestricted_status,pat_102,billing,,2025-01-01,2027-01-01
1220,CONSENT,has_restriction,pat_102,research,,2025-01-01,2027-01-01
1221,CONSENT,has_unrestricted_status,pat_102,marketing,,2025-01-01,2027-01-01
1222,CONSENT,has_unrestricted_status,pat_103,diagnosis,,2025-01-01,2027-01-01
1223,CONSENT,has_unrestricted_status,pat_103,billing,,2025-01-01,2027-01-01
1224,CONSENT,has_restriction,pat_103,research,,2025-01-01,2027-01-01
1225,CONSENT,has_unrestricted_status,pat_103,marketing,,2025-01-01,2027-01-01
1226,CONSENT,has_unrestricted_status,pat_104,diagnosis,,2025-01-01,2027-01-01
1227,CONSENT,has_unrestricted_status,pat_104,billing,,2025-01-01,2027-01-01
1228,CONSENT,has_unrestricted_status,pat_104,research,,2025-01-01,2027-01-01
1229,CONSENT,has_unrestricted_status,pat_104,marketing,,2025-01-01,2027-01-01
1230,CONSENT,has_unrestricted_status,pat_105,diagnosis,,2025-01-01,2027-01-01
1231,CONSENT,has_unrestricted_status,pat_105,billing,,2025-01-01,2027-01-01
1232,CONSENT,has_restriction,pat_105,research,,2025-01-01,2027-01-01
1233,CONSENT,has_unrestricted_status,pat_105,marketing,,2025-01-01,2027-01-01
1234,CONSENT,has_unrestricted_status,pat_106,diagnosis,,2025-01-01,2027-01-01
1235,CONSENT,has_unrestricted_status,pat_106,billing,,2025-01-01,2027-01-01
1236,CONSENT,has_restriction,pat_106,research,,2025-01-01,2027-01-01
1237,CONSENT,has_restriction,pat_106,marketing,,2025-01-01,2027-01-01
1238,CONSENT,has_unrestricted_status,pat_107,diagnosis,,2025-01-01,2027-01-01
1239,CONSENT,has_unrestricted_status,pat_107,billing,,2025-01-01,2027-01-01
1240,CONSENT,has_restriction,pat_107,research,,2025-01-01,2027-01-01
1241,CONSENT,has_unrestricted_status,pat_107,marketing,,2025-01-01,2027-01-01
1242,CONSENT,has_unrestricted_status,pat_108,diagnosis,,2025-01-01,2027-01-01
1243,CONSENT,has_unrestricted_status,pat_108,billing,,2025-01-01,2027-01-01
1244,CONSENT,has_unrestricted_status,pat_108,research,,2025-01-01,2027-01-01
1245,CONSENT,has_unrestricted_status,pat_108,marketing,,2025-01-01,2027-01-01
1246,CONSENT,has_unrestricted_status,pat_109,diagnosis,,2025-01-01,2027-01-01
1247,CONSENT,has_unrestricted_status,pat_109,billing,,2025-01-01,2027-01-01
1248,CONSENT,has_unrestricted_status,pat_109,research,,2025-01-01,2027-01-01
1249,CONSENT,has_unrestricted_status,pat_109,marketing,,2025-01-01,2027-01-01
1250,CONSENT,has_unrestricted_status,pat_110,diagnosis,,2025-01-01,2027-01-01
1251,CONSENT,has_unrestricted_status,pat_110,billing,,2025-01-01,2027-01-01
1252,CONSENT,has_unrestricted_status,pat_110,research,,2025-01-01,2027-01-01
1253,CONSENT,has_restriction,pat_110,marketing,,2025-01-01,2027-01-01
1254,CONSENT,has_unrestricted_status,pat_111,diagnosis,,2025-01-01,2027-01-01
1255,CONSENT,has_unrestricted_status,pat_111,billing,,2025-01-01,2027-01-01
1256,CONSENT,has_unrestricted_status,pat_111,research,,2025-01-01,2027-01-01
1257,CONSENT,has_unrestricted_status,pat_111,marketing,,2025-01-01,2027-01-01
1258,CONSENT,has_unrestricted_status,pat_112,diagnosis,,2025-01-01,2027-01-01
1259,CONSENT,has_unrestricted_status,pat_112,billing,,2025-01-01,2027-01-01
1260,CONSENT,has_unrestricted_status,pat_112,research,,2025-01-01,2027-01-01
1261,CONSENT,has_unrestricted_status,pat_112,marketing,,2025-01-01,2027-01-01
1262,CONSENT,has_unrestricted_status,pat_113,diagnosis,,2025-01-01,2027-01-01
1263,CONSENT,has_unrestricted_status,pat_113,billing,,2025-01-01,2027-01-01
1264,CONSENT,has_restriction,pat_113,research,,2025-01-01,2027-01-01
1265,CONSENT,has_unrestricted_status,pat_113,marketing,,2025-01-01,2027-01-01
1266,CONSENT,has_unrestricted_status,pat_114,diagnosis,,2025-01-01,2027-01-01
1267,CONSENT,has_unrestricted_status,pat_114,billing,,2025-01-01,2027-01-01
1268,CONSENT,has_restriction,pat_114,research,,2025-01-01,2027-01-01
1269,CONSENT,has_unrestricted_status,pat_114,marketing,,2025-01-01,2027-01-01
1270,CONSENT,has_unrestricted_status,pat_115,diagnosis,,2025-01-01,2027-01-01
1271,CONSENT,has_unrestricted_status,pat_115,billing,,2025-01-01,2027-01-01
1272,CONSENT,has_restriction,pat_115,research,,2025-01-01,2027-01-01
1273,CONSENT,has_restriction,pat_115,marketing,,2025-01-01,2027-01-01
1274,CONSENT,has_unrestricted_status,pat_116,diagnosis,,2025-01-01,2027-01-01
1275,CONSENT,has_unrestricted_status,pat_116,billing,,2025-01-01,2027-01-01
1276,CONSENT,has_restriction,pat_116,research,,2025-01-01,2027-01-01
1277,CONSENT,has_unrestricted_status,pat_116,marketing,,2025-01-01,2027-01-01
1278,CONSENT,has_unrestricted_status,pat_117,diagnosis,,2025-01-01,2027-01-01
1279,CONSENT,has_unrestricted_status,pat_117,billing,,2025-01-01,2027-01-01
1280,CONSENT,has_unrestricted_status,pat_117,research,,2025-01-01,2027-01-01
1281,CONSENT,has_restriction,pat_117,marketing,,2025-01-01,2027-01-01
1282,CONSENT,has_unrestricted_status,pat_118,diagnosis,,2025-01-01,2027-01-01
1283,CONSENT,has_unrestricted_status,pat_118,billing,,2025-01-01,2027-01-01
1284,CONSENT,has_unrestricted_status,pat_118,research,,2025-01-01,2027-01-01
1285,CONSENT,has_restriction,pat_118,marketing,,2025-01-01,2027-01-01
1286,CONSENT,has_unrestricted_status,pat_119,diagnosis,,2025-01-01,2027-01-01
1287,CONSENT,has_unrestricted_status,pat_119,billing,,2025-01-01,2027-01-01
1288,CONSENT,has_restriction,pat_119,research,,2025-01-01,2027-01-01
1289,CONSENT,has_unrestricted_status,pat_119,marketing,,2025-01-01,2027-01-01
1290,CONSENT,has_unrestricted_status,pat_120,diagnosis,,2025-01-01,2027-01-01
1291,CONSENT,has_unrestricted_status,pat_120,billing,,2025-01-01,2027-01-01
1292,CONSENT,has_unrestricted_status,pat_120,research,,2025-01-01,2027-01-01
1293,CONSENT,has_unrestricted_status,pat_120,marketing,,2025-01-01,2027-01-01
1294,CONSENT,has_unrestricted_status,pat_121,diagnosis,,2025-01-01,2027-01-01
1295,CONSENT,has_unrestricted_status,pat_121,billing,,2025-01-01,2027-01-01
1296,CONSENT,has_unrestricted_status,pat_121,research,,2025-01-01,2027-01-01
1297,CONSENT,has_unrestricted_status,pat_121,marketing,,2025-01-01,2027-01-01
1298,CONSENT,has_unrestricted_status,pat_122,diagnosis,,2025-01-01,2027-01-01
1299,CONSENT,has_unrestricted_status,pat_122,billing,,2025-01-01,2027-01-01
1300,CONSENT,has_restriction,pat_122,research,,2025-01-01,2027-01-01
1301,CONSENT,has_restriction,pat_122,marketing,,2025-01-01,2027-01-01
1302,CONSENT,has_unrestricted_status,pat_123,diagnosis,,2025-01-01,2027-01-01
1303,CONSENT,has_unrestricted_status,pat_123,billing,,2025-01-01,2027-01-01
1304,CONSENT,has_unrestricted_status,pat_123,research,,2025-01-01,2027-01-01
1305,CONSENT,has_unrestricted_status,pat_123,marketing,,2025-01-01,2027-01-01
1306,CONSENT,has_unrestricted_status,pat_124,diagnosis,,2025-01-01,2027-01-01
1307,CONSENT,has_unrestricted_status,pat_124,billing,,2025-01-01,2027-01-01
1308,CONSENT,has_unrestricted_status,pat_124,research,,2025-01-01,2027-01-01
1309,CONSENT,has_restriction,pat_124,marketing,,2025-01-01,2027-01-01
1310,CONSENT,has_unrestricted_status,pat_125,diagnosis,,2025-01-01,2027-01-01
1311,CONSENT,has_unrestricted_status,pat_125,billing,,2025-01-01,2027-01-01
1312,CONSENT,has_unrestricted_status,pat_125,research,,2025-01-01,2027-01-01
1313,CONSENT,has_restriction,pat_125,marketing,,2025-01-01,2027-01-01
1314,CONSENT,has_unrestricted_status,pat_126,diagnosis,,2025-01-01,2027-01-01
1315,CONSENT,has_unrestricted_status,pat_126,billing,,2025-01-01,2027-01-01
1316,CONSENT,has_unrestricted_status,pat_126,research,,2025-01-01,2027-01-01
1317,CONSENT,has_restriction,pat_126,marketing,,2025-01-01,2027-01-01
1318,CONSENT,has_unrestricted_status,pat_127,diagnosis,,2025-01-01,2027-01-01
1319,CONSENT,has_unrestricted_status,pat_127,billing,,2025-01-01,2027-01-01
1320,CONSENT,has_unrestricted_status,pat_127,research,,2025-01-01,2027-01-01
1321,CONSENT,has_unrestricted_status,pat_127,marketing,,2025-01-01,2027-01-01
1322,CONSENT,has_unrestricted_status,pat_128,diagnosis,,2025-01-01,2027-01-01
1323,CONSENT,has_unrestricted_status,pat_128,billing,,2025-01-01,2027-01-01
1324,CONSENT,has_restriction,pat_128,research,,2025-01-01,2027-01-01
1325,CONSENT,has_unrestricted_status,pat_128,marketing,,2025-01-01,2027-01-01
1326,CONSENT,has_unrestricted_status,pat_129,diagnosis,,2025-01-01,2027-01-01
1327,CONSENT,has_unrestricted_status,pat_129,billing,,2025-01-01,2027-01-01
1328,CONSENT,has_unrestricted_status,pat_129,research,,2025-01-01,2027-01-01
1329,CONSENT,has_unrestricted_status,pat_129,marketing,,2025-01-01,2027-01-01
1330,CONSENT,has_unrestricted_status,pat_130,diagnosis,,2025-01-01,2027-01-01
1331,CONSENT,has_unrestricted_status,pat_130,billing,,2025-01-01,2027-01-01
1332,CONSENT,has_restriction,pat_130,research,,2025-01-01,2027-01-01
1333,CONSENT,has_unrestricted_status,pat_130,marketing,,2025-01-01,2027-01-01
1334,CONSENT,has_unrestricted_status,pat_131,diagnosis,,2025-01-01,2027-01-01
1335,CONSENT,has_unrestricted_status,pat_131,billing,,2025-01-01,2027-01-01
1336,CONSENT,has_unrestricted_status,pat_131,research,,2025-01-01,2027-01-01
1337,CONSENT,has_unrestricted_status,pat_131,marketing,,2025-01-01,2027-01-01
1338,CONSENT,has_unrestricted_status,pat_132,diagnosis,,2025-01-01,2027-01-01
1339,CONSENT,has_unrestricted_status,pat_132,billing,,2025-01-01,2027-01-01
1340,CONSENT,has_unrestricted_status,pat_132,research,,2025-01-01,2027-01-01
1341,CONSENT,has_unrestricted_status,pat_132,marketing,,2025-01-01,2027-01-01
1342,CONSENT,has_unrestricted_status,pat_133,diagnosis,,2025-01-01,2027-01-01
1343,CONSENT,has_unrestricted_status,pat_133,billing,,2025-01-01,2027-01-01
1344,CONSENT,has_restriction,pat_133,research,,2025-01-01,2027-01-01
1345,CONSENT,has_unrestricted_status,pat_133,marketing,,2025-01-01,2027-01-01
1346,CONSENT,has_unrestricted_status,pat_134,diagnosis,,2025-01-01,2027-01-01
1347,CONSENT,has_unrestricted_status,pat_134,billing,,2025-01-01,2027-01-01
1348,CONSENT,has_unrestricted_status,pat_134,research,,2025-01-01,2027-01-01
1349,CONSENT,has_unrestricted_status,pat_134,marketing,,2025-01-01,2027-01-01
1350,CONSENT,has_unrestricted_status,pat_135,diagnosis,,2025-01-01,2027-01-01
1351,CONSENT,has_unrestricted_status,pat_135,billing,,2025-01-01,2027-01-01
1352,CONSENT,has_unrestricted_status,pat_135,research,,2025-01-01,2027-01-01
1353,CONSENT,has_restriction,pat_135,marketing,,2025-01-01,2027-01-01
1354,CONSENT,has_unrestricted_status,pat_136,diagnosis,,2025-01-01,2027-01-01
1355,CONSENT,has_unrestricted_status,pat_136,billing,,2025-01-01,2027-01-01
1356,CONSENT,has_unrestricted_status,pat_136,research,,2025-01-01,2027-01-01
1357,CONSENT,has_unrestricted_status,pat_136,marketing,,2025-01-01,2027-01-01
1358,CONSENT,has_unrestricted_status,pat_137,diagnosis,,2025-01-01,2027-01-01
1359,CONSENT,has_unrestricted_status,pat_137,billing,,2025-01-01,2027-01-01
1360,CONSENT,has_restriction,pat_137,research,,2025-01-01,2027-01-01
1361,CONSENT,has_restriction,pat_137,marketing,,2025-01-01,2027-01-01
1362,CONSENT,has_unrestricted_status,pat_138,diagnosis,,2025-01-01,2027-01-01
1363,CONSENT,has_unrestricted_status,pat_138,billing,,2025-01-01,2027-01-01
1364,CONSENT,has_unrestricted_status,pat_138,research,,2025-01-01,2027-01-01
1365,CONSENT,has_unrestricted_status,pat_138,marketing,,2025-01-01,2027-01-01
1366,CONSENT,has_unrestricted_status,pat_139,diagnosis,,2025-01-01,2027-01-01
1367,CONSENT,has_unrestricted_status,pat_139,billing,,2025-01-01,2027-01-01
1368,CONSENT,has_restriction,pat_139,research,,2025-01-01,2027-01-01
1369,CONSENT,has_unrestricted_status,pat_139,marketing,,2025-01-01,2027-01-01
1370,CONSENT,has_unrestricted_status,pat_140,diagnosis,,2025-01-01,2027-01-01
1371,CONSENT,has_unrestricted_status,pat_140,billing,,2025-01-01,2027-01-01
1372,CONSENT,has_restriction,pat_140,research,,2025-01-01,2027-01-01
1373,CONSENT,has_unrestricted_status,pat_140,marketing,,2025-01-01,2027-01-01
1374,CONSENT,has_unrestricted_status,pat_141,diagnosis,,2025-01-01,2027-01-01
1375,CONSENT,has_unrestricted_status,pat_141,billing,,2025-01-01,2027-01-01
1376,CONSENT,has_restriction,pat_141,research,,2025-01-01,2027-01-01
1377,CONSENT,has_restriction,pat_141,marketing,,2025-01-01,2027-01-01
1378,CONSENT,has_unrestricted_status,pat_142,diagnosis,,2025-01-01,2027-01-01
1379,CONSENT,has_unrestricted_status,pat_142,billing,,2025-01-01,2027-01-01
1380,CONSENT,has_unrestricted_status,pat_142,research,,2025-01-01,2027-01-01
1381,CONSENT,has_restriction,pat_142,marketing,,2025-01-01,2027-01-01
1382,CONSENT,has_unrestricted_status,pat_143,diagnosis,,2025-01-01,2027-01-01
1383,CONSENT,has_unrestricted_status,pat_143,billing,,2025-01-01,2027-01-01
1384,CONSENT,has_restriction,pat_143,research,,2025-01-01,2027-01-01
1385,CONSENT,has_unrestricted_status,pat_143,marketing,,2025-01-01,2027-01-01
1386,CONSENT,has_unrestricted_status,pat_144,diagnosis,,2025-01-01,2027-01-01
1387,CONSENT,has_unrestricted_status,pat_144,billing,,2025-01-01,2027-01-01
1388,CONSENT,has_unrestricted_status,pat_144,research,,2025-01-01,2027-01-01
1389,CONSENT,has_restriction,pat_144,marketing,,2025-01-01,2027-01-01
1390,CONSENT,has_unrestricted_status,pat_145,diagnosis,,2025-01-01,2027-01-01
1391,CONSENT,has_unrestricted_status,pat_145,billing,,2025-01-01,2027-01-01
1392,CONSENT,has_restriction,pat_145,research,,2025-01-01,2027-01-01
1393,CONSENT,has_restriction,pat_145,marketing,,2025-01-01,2027-01-01
1394,CONSENT,has_unrestricted_status,pat_146,diagnosis,,2025-01-01,2027-01-01
1395,CONSENT,has_unrestricted_status,pat_146,billing,,2025-01-01,2027-01-01
1396,CONSENT,has_unrestricted_status,pat_146,research,,2025-01-01,2027-01-01
1397,CONSENT,has_restriction,pat_146,marketing,,2025-01-01,2027-01-01
1398,CONSENT,has_unrestricted_status,pat_147,diagnosis,,2025-01-01,2027-01-01
1399,CONSENT,has_unrestricted_status,pat_147,billing,,2025-01-01,2027-01-01
1400,CONSENT,has_restriction,pat_147,research,,2025-01-01,2027-01-01
1401,CONSENT,has_unrestricted_status,pat_147,marketing,,2025-01-01,2027-01-01
1402,CONSENT,has_unrestricted_status,pat_148,diagnosis,,2025-01-01,2027-01-01
1403,CONSENT,has_unrestricted_status,pat_148,billing,,2025-01-01,2027-01-01
1404,CONSENT,has_unrestricted_status,pat_148,research,,2025-01-01,2027-01-01
1405,CONSENT,has_unrestricted_status,pat_148,marketing,,2025-01-01,2027-01-01
1406,CONSENT,has_unrestricted_status,pat_149,diagnosis,,2025-01-01,2027-01-01
1407,CONSENT,has_unrestricted_status,pat_149,billing,,2025-01-01,2027-01-01
1408,CONSENT,has_unrestricted_status,pat_149,research,,2025-01-01,2027-01-01
1409,CONSENT,has_unrestricted_status,pat_149,marketing,,2025-01-01,2027-01-01
1410,CONSENT,has_unrestricted_status,pat_150,diagnosis,,2025-01-01,2027-01-01
1411,CONSENT,has_unrestricted_status,pat_150,billing,,2025-01-01,2027-01-01
1412,CONSENT,has_unrestricted_status,pat_150,research,,2025-01-01,2027-01-01
1413,CONSENT,has_restriction,pat_150,marketing,,2025-01-01,2027-01-01
1414,CONSENT,has_unrestricted_status,pat_151,diagnosis,,2025-01-01,2027-01-01
1415,CONSENT,has_unrestricted_status,pat_151,billing,,2025-01-01,2027-01-01
1416,CONSENT,has_restriction,pat_151,research,,2025-01-01,2027-01-01
1417,CONSENT,has_unrestricted_status,pat_151,marketing,,2025-01-01,2027-01-01
1418,CONSENT,has_unrestricted_status,pat_152,diagnosis,,2025-01-01,2027-01-01
1419,CONSENT,has_unrestricted_status,pat_152,billing,,2025-01-01,2027-01-01
1420,CONSENT,has_unrestricted_status,pat_152,research,,2025-01-01,2027-01-01
1421,CONSENT,has_unrestricted_status,pat_152,marketing,,2025-01-01,2027-01-01
1422,CONSENT,has_unrestricted_status,pat_153,diagnosis,,2025-01-01,2027-01-01
1423,CONSENT,has_unrestricted_status,pat_153,billing,,2025-01-01,2027-01-01
1424,CONSENT,has_unrestricted_status,pat_153,research,,2025-01-01,2027-01-01
1425,CONSENT,has_unrestricted_status,pat_153,marketing,,2025-01-01,2027-01-01
1426,CONSENT,has_unrestricted_status,pat_154,diagnosis,,2025-01-01,2027-01-01
1427,CONSENT,has_unrestricted_status,pat_154,billing,,2025-01-01,2027-01-01
1428,CONSENT,has_restriction,pat_154,research,,2025-01-01,2027-01-01
1429,CONSENT,has_unrestricted_status,pat_154,marketing,,2025-01-01,2027-01-01
1430,CONSENT,has_unrestricted_status,pat_155,diagnosis,,2025-01-01,2027-01-01
1431,CONSENT,has_unrestricted_status,pat_155,billing,,2025-01-01,2027-01-01
1432,CONSENT,has_restriction,pat_155,research,,2025-01-01,2027-01-01
1433,CONSENT,has_restriction,pat_155,marketing,,2025-01-01,2027-01-01
1434,CONSENT,has_unrestricted_status,pat_156,diagnosis,,2025-01-01,2027-01-01
1435,CONSENT,has_unrestricted_status,pat_156,billing,,2025-01-01,2027-01-01
1436,CONSENT,has_unrestricted_status,pat_156,research,,2025-01-01,2027-01-01
1437,CONSENT,has_unrestricted_status,pat_156,marketing,,2025-01-01,2027-01-01
1438,CONSENT,has_unrestricted_status,pat_157,diagnosis,,2025-01-01,2027-01-01
1439,CONSENT,has_unrestricted_status,pat_157,billing,,2025-01-01,2027-01-01
1440,CONSENT,has_unrestricted_status,pat_157,research,,2025-01-01,2027-01-01
1441,CONSENT,has_unrestricted_status,pat_157,marketing,,2025-01-01,2027-01-01
1442,CONSENT,has_unrestricted_status,pat_158,diagnosis,,2025-01-01,2027-01-01
1443,CONSENT,has_unrestricted_status,pat_158,billing,,2025-01-01,2027-01-01
1444,CONSENT,has_restriction,pat_158,research,,2025-01-01,2027-01-01
1445,CONSENT,has_unrestricted_status,pat_158,marketing,,2025-01-01,2027-01-01
1446,CONSENT,has_unrestricted_status,pat_159,diagnosis,,2025-01-01,2027-01-01
1447,CONSENT,has_unrestricted_status,pat_159,billing,,2025-01-01,2027-01-01
1448,CONSENT,has_restriction,pat_159,research,,2025-01-01,2027-01-01
1449,CONSENT,has_unrestricted_status,pat_159,marketing,,2025-01-01,2027-01-01
1450,CONSENT,has_unrestricted_status,pat_160,diagnosis,,2025-01-01,2027-01-01
1451,CONSENT,has_unrestricted_status,pat_160,billing,,2025-01-01,2027-01-01
1452,CONSENT,has_unrestricted_status,pat_160,research,,2025-01-01,2027-01-01
1453,CONSENT,has_unrestricted_status,pat_160,marketing,,2025-01-01,2027-01-01
1454,CONSENT,has_unrestricted_status,pat_161,diagnosis,,2025-01-01,2027-01-01
1455,CONSENT,has_unrestricted_status,pat_161,billing,,2025-01-01,2027-01-01
1456,CONSENT,has_unrestricted_status,pat_161,research,,2025-01-01,2027-01-01
1457,CONSENT,has_unrestricted_status,pat_161,marketing,,2025-01-01,2027-01-01
1458,CONSENT,has_unrestricted_status,pat_162,diagnosis,,2025-01-01,2027-01-01
1459,CONSENT,has_unrestricted_status,pat_162,billing,,2025-01-01,2027-01-01
1460,CONSENT,has_unrestricted_status,pat_162,research,,2025-01-01,2027-01-01
1461,CONSENT,has_restriction,pat_162,marketing,,2025-01-01,2027-01-01
1462,CONSENT,has_unrestricted_status,pat_163,diagnosis,,2025-01-01,2027-01-01
1463,CONSENT,has_unrestricted_status,pat_163,billing,,2025-01-01,2027-01-01
1464,CONSENT,has_restriction,pat_163,research,,2025-01-01,2027-01-01
1465,CONSENT,has_unrestricted_status,pat_163,marketing,,2025-01-01,2027-01-01
1466,CONSENT,has_unrestricted_status,pat_164,diagnosis,,2025-01-01,2027-01-01
1467,CONSENT,has_unrestricted_status,pat_164,billing,,2025-01-01,2027-01-01
1468,CONSENT,has_unrestricted_status,pat_164,research,,2025-01-01,2027-01-01
1469,CONSENT,has_unrestricted_status,pat_164,marketing,,2025-01-01,2027-01-01
1470,CONSENT,has_unrestricted_status,pat_165,diagnosis,,2025-01-01,2027-01-01
1471,CONSENT,has_unrestricted_status,pat_165,billing,,2025-01-01,2027-01-01
1472,CONSENT,has_restriction,pat_165,research,,2025-01-01,2027-01-01
1473,CONSENT,has_unrestricted_status,pat_165,marketing,,2025-01-01,2027-01-01
1474,CONSENT,has_unrestricted_status,pat_166,diagnosis,,2025-01-01,2027-01-01
1475,CONSENT,has_unrestricted_status,pat_166,billing,,2025-01-01,2027-01-01
1476,CONSENT,has_unrestricted_status,pat_166,research,,2025-01-01,2027-01-01
1477,CONSENT,has_unrestricted_status,pat_166,marketing,,2025-01-01,2027-01-01
1478,CONSENT,has_unrestricted_status,pat_167,diagnosis,,2025-01-01,2027-01-01
1479,CONSENT,has_unrestricted_status,pat_167,billing,,2025-01-01,2027-01-01
1480,CONSENT,has_unrestricted_status,pat_167,research,,2025-01-01,2027-01-01
1481,CONSENT,has_unrestricted_status,pat_167,marketing,,2025-01-01,2027-01-01
1482,CONSENT,has_unrestricted_status,pat_168,diagnosis,,2025-01-01,2027-01-01
1483,CONSENT,has_unrestricted_status,pat_168,billing,,2025-01-01,2027-01-01
1484,CONSENT,has_unrestricted_status,pat_168,research,,2025-01-01,2027-01-01
1485,CONSENT,has_unrestricted_status,pat_168,marketing,,2025-01-01,2027-01-01
1486,CONSENT,has_unrestricted_status,pat_169,diagnosis,,2025-01-01,2027-01-01
1487,CONSENT,has_unrestricted_status,pat_169,billing,,2025-01-01,2027-01-01
1488,CONSENT,has_restriction,pat_169,research,,2025-01-01,2027-01-01
1489,CONSENT,has_unrestricted_status,pat_169,marketing,,2025-01-01,2027-01-01
1490,CONSENT,has_unrestricted_status,pat_170,diagnosis,,2025-01-01,2027-01-01
1491,CONSENT,has_unrestricted_status,pat_170,billing,,2025-01-01,2027-01-01
1492,CONSENT,has_unrestricted_status,pat_170,research,,2025-01-01,2027-01-01
1493,CONSENT,has_unrestricted_status,pat_170,marketing,,2025-01-01,2027-01-01
1494,CONSENT,has_unrestricted_status,pat_171,diagnosis,,2025-01-01,2027-01-01
1495,CONSENT,has_unrestricted_status,pat_171,billing,,2025-01-01,2027-01-01
1496,CONSENT,has_unrestricted_status,pat_171,research,,2025-01-01,2027-01-01
1497,CONSENT,has_unrestricted_status,pat_171,marketing,,2025-01-01,2027-01-01
1498,CONSENT,has_unrestricted_status,pat_172,diagnosis,,2025-01-01,2027-01-01
1499,CONSENT,has_unrestricted_status,pat_172,billing,,2025-01-01,2027-01-01
1500,CONSENT,has_unrestricted_status,pat_172,research,,2025-01-01,2027-01-01
1501,CONSENT,has_restriction,pat_172,marketing,,2025-01-01,2027-01-01
1502,CONSENT,has_unrestricted_status,pat_173,diagnosis,,2025-01-01,2027-01-01
1503,CONSENT,has_unrestricted_status,pat_173,billing,,2025-01-01,2027-01-01
1504,CONSENT,has_restriction,pat_173,research,,2025-01-01,2027-01-01
1505,CONSENT,has_restriction,pat_173,marketing,,2025-01-01,2027-01-01
1506,CONSENT,has_unrestricted_status,pat_174,diagnosis,,2025-01-01,2027-01-01
1507,CONSENT,has_unrestricted_status,pat_174,billing,,2025-01-01,2027-01-01
1508,CONSENT,has_unrestricted_status,pat_174,research,,2025-01-01,2027-01-01
1509,CONSENT,has_unrestricted_status,pat_174,marketing,,2025-01-01,2027-01-01
1510,CONSENT,has_unrestricted_status,pat_175,diagnosis,,2025-01-01,2027-01-01
1511,CONSENT,has_unrestricted_status,pat_175,billing,,2025-01-01,2027-01-01
1512,CONSENT,has_restriction,pat_175,research,,2025-01-01,2027-01-01
1513,CONSENT,has_unrestricted_status,pat_175,marketing,,2025-01-01,2027-01-01
1514,CONSENT,has_unrestricted_status,pat_176,diagnosis,,2025-01-01,2027-01-01
1515,CONSENT,has_unrestricted_status,pat_176,billing,,2025-01-01,2027-01-01
1516,CONSENT,has_unrestricted_status,pat_176,research,,2025-01-01,2027-01-01
1517,CONSENT,has_unrestricted_status,pat_176,marketing,,2025-01-01,2027-01-01
1518,CONSENT,has_unrestricted_status,pat_177,diagnosis,,2025-01-01,2027-01-01
1519,CONSENT,has_unrestricted_status,pat_177,billing,,2025-01-01,2027-01-01
1520,CONSENT,has_unrestricted_status,pat_177,research,,2025-01-01,2027-01-01
1521,CONSENT,has_restriction,pat_177,marketing,,2025-01-01,2027-01-01
1522,CONSENT,has_unrestricted_status,pat_178,diagnosis,,2025-01-01,2027-01-01
1523,CONSENT,has_unrestricted_status,pat_178,billing,,2025-01-01,2027-01-01
1524,CONSENT,has_unrestricted_status,pat_178,research,,2025-01-01,2027-01-01
1525,CONSENT,has_unrestricted_status,pat_178,marketing,,2025-01-01,2027-01-01
1526,CONSENT,has_unrestricted_status,pat_179,diagnosis,,2025-01-01,2027-01-01
1527,CONSENT,has_unrestricted_status,pat_179,billing,,2025-01-01,2027-01-01
1528,CONSENT,has_unrestricted_status,pat_179,research,,2025-01-01,2027-01-01
1529,CONSENT,has_unrestricted_status,pat_179,marketing,,2025-01-01,2027-01-01
1530,CONSENT,has_unrestricted_status,pat_180,diagnosis,,2025-01-01,2027-01-01
1531,CONSENT,has_unrestricted_status,pat_180,billing,,2025-01-01,2027-01-01
1532,CONSENT,has_restriction,pat_180,research,,2025-01-01,2027-01-01
1533,CONSENT,has_unrestricted_status,pat_180,marketing,,2025-01-01,2027-01-01
1534,CONSENT,has_unrestricted_status,pat_181,diagnosis,,2025-01-01,2027-01-01
1535,CONSENT,has_unrestricted_status,pat_181,billing,,2025-01-01,2027-01-01
1536,CONSENT,has_restriction,pat_181,research,,2025-01-01,2027-01-01
1537,CONSENT,has_unrestricted_status,pat_181,marketing,,2025-01-01,2027-01-01
1538,CONSENT,has_unrestricted_status,pat_182,diagnosis,,2025-01-01,2027-01-01
1539,CONSENT,has_unrestricted_status,pat_182,billing,,2025-01-01,2027-01-01
1540,CONSENT,has_unrestricted_status,pat_182,research,,2025-01-01,2027-01-01
1541,CONSENT,has_unrestricted_status,pat_182,marketing,,2025-01-01,2027-01-01
1542,CONSENT,has_unrestricted_status,pat_183,diagnosis,,2025-01-01,2027-01-01
1543,CONSENT,has_unrestricted_status,pat_183,billing,,2025-01-01,2027-01-01
1544,CONSENT,has_unrestricted_status,pat_183,research,,2025-01-01,2027-01-01
1545,CONSENT,has_unrestricted_status,pat_183,marketing,,2025-01-01,2027-01-01
1546,CONSENT,has_unrestricted_status,pat_184,diagnosis,,2025-01-01,2027-01-01
1547,CONSENT,has_unrestricted_status,pat_184,billing,,2025-01-01,2027-01-01
1548,CONSENT,has_unrestricted_status,pat_184,research,,2025-01-01,2027-01-01
1549,CONSENT,has_unrestricted_status,pat_184,marketing,,2025-01-01,2027-01-01
1550,CONSENT,has_unrestricted_status,pat_185,diagnosis,,2025-01-01,2027-01-01
1551,CONSENT,has_unrestricted_status,pat_185,billing,,2025-01-01,2027-01-01
1552,CONSENT,has_unrestricted_status,pat_185,research,,2025-01-01,2027-01-01
1553,CONSENT,has_unrestricted_status,pat_185,marketing,,2025-01-01,2027-01-01
1554,CONSENT,has_unrestricted_status,pat_186,diagnosis,,2025-01-01,2027-01-01
1555,CONSENT,has_unrestricted_status,pat_186,billing,,2025-01-01,2027-01-01
1556,CONSENT,has_unrestricted_status,pat_186,research,,2025-01-01,2027-01-01
1557,CONSENT,has_unrestricted_status,pat_186,marketing,,2025-01-01,2027-01-01
1558,CONSENT,has_unrestricted_status,pat_187,diagnosis,,2025-01-01,2027-01-01
1559,CONSENT,has_unrestricted_status,pat_187,billing,,2025-01-01,2027-01-01
1560,CONSENT,has_unrestricted_status,pat_187,research,,2025-01-01,2027-01-01
1561,CONSENT,has_unrestricted_status,pat_187,marketing,,2025-01-01,2027-01-01
1562,CONSENT,has_unrestricted_status,pat_188,diagnosis,,2025-01-01,2027-01-01
1563,CONSENT,has_unrestricted_status,pat_188,billing,,2025-01-01,2027-01-01
1564,CONSENT,has_unrestricted_status,pat_188,research,,2025-01-01,2027-01-01
1565,CONSENT,has_unrestricted_status,pat_188,marketing,,2025-01-01,2027-01-01
1566,CONSENT,has_unrestricted_status,pat_189,diagnosis,,2025-01-01,2027-01-01
1567,CONSENT,has_unrestricted_status,pat_189,billing,,2025-01-01,2027-01-01
1568,CONSENT,has_restriction,pat_189,research,,2025-01-01,2027-01-01
1569,CONSENT,has_unrestricted_status,pat_189,marketing,,2025-01-01,2027-01-01
1570,CONSENT,has_unrestricted_status,pat_190,diagnosis,,2025-01-01,2027-01-01
1571,CONSENT,has_unrestricted_status,pat_190,billing,,2025-01-01,2027-01-01
1572,CONSENT,has_unrestricted_status,pat_190,research,,2025-01-01,2027-01-01
1573,CONSENT,has_restriction,pat_190,marketing,,2025-01-01,2027-01-01
1574,CONSENT,has_unrestricted_status,pat_191,diagnosis,,2025-01-01,2027-01-01
1575,CONSENT,has_unrestricted_status,pat_191,billing,,2025-01-01,2027-01-01
1576,CONSENT,has_unrestricted_status,pat_191,research,,2025-01-01,2027-01-01
1577,CONSENT,has_unrestricted_status,pat_191,marketing,,2025-01-01,2027-01-01
1578,CONSENT,has_unrestricted_status,pat_192,diagnosis,,2025-01-01,2027-01-01
1579,CONSENT,has_unrestricted_status,pat_192,billing,,2025-01-01,2027-01-01
1580,CONSENT,has_unrestricted_status,pat_192,research,,2025-01-01,2027-01-01
1581,CONSENT,has_restriction,pat_192,marketing,,2025-01-01,2027-01-01
1582,CONSENT,has_unrestricted_status,pat_193,diagnosis,,2025-01-01,2027-01-01
1583,CONSENT,has_unrestricted_status,pat_193,billing,,2025-01-01,2027-01-01
1584,CONSENT,has_unrestricted_status,pat_193,research,,2025-01-01,2027-01-01
1585,CONSENT,has_unrestricted_status,pat_193,marketing,,2025-01-01,2027-01-01
1586,CONSENT,has_unrestricted_status,pat_194,diagnosis,,2025-01-01,2027-01-01
1587,CONSENT,has_unrestricted_status,pat_194,billing,,2025-01-01,2027-01-01
1588,CONSENT,has_unrestricted_status,pat_194,research,,2025-01-01,2027-01-01
1589,CONSENT,has_unrestricted_status,pat_194,marketing,,2025-01-01,2027-01-01
1590,CONSENT,has_unrestricted_status,pat_195,diagnosis,,2025-01-01,2027-01-01
1591,CONSENT,has_unrestricted_status,pat_195,billing,,2025-01-01,2027-01-01
1592,CONSENT,has_unrestricted_status,pat_195,research,,2025-01-01,2027-01-01
1593,CONSENT,has_unrestricted_status,pat_195,marketing,,2025-01-01,2027-01-01
1594,CONSENT,has_unrestricted_status,pat_196,diagnosis,,2025-01-01,2027-01-01
1595,CONSENT,has_unrestricted_status,pat_196,billing,,2025-01-01,2027-01-01
1596,CONSENT,has_unrestricted_status,pat_196,research,,2025-01-01,2027-01-01
1597,CONSENT,has_unrestricted_status,pat_196,marketing,,2025-01-01,2027-01-01
1598,CONSENT,has_unrestricted_status,pat_197,diagnosis,,2025-01-01,2027-01-01
1599,CONSENT,has_unrestricted_status,pat_197,billing,,2025-01-01,2027-01-01
1600,CONSENT,has_unrestricted_status,pat_197,research,,2025-01-01,2027-01-01
1601,CONSENT,has_restriction,pat_197,marketing,,2025-01-01,2027-01-01
1602,CONSENT,has_unrestricted_status,pat_198,diagnosis,,2025-01-01,2027-01-01
1603,CONSENT,has_unrestricted_status,pat_198,billing,,2025-01-01,2027-01-01
1604,CONSENT,has_restriction,pat_198,research,,2025-01-01,2027-01-01
1605,CONSENT,has_unrestricted_status,pat_198,marketing,,2025-01-01,2027-01-01
1606,CONSENT,has_unrestricted_status,pat_199,diagnosis,,2025-01-01,2027-01-01
1607,CONSENT,has_unrestricted_status,pat_199,billing,,2025-01-01,2027-01-01
1608,CONSENT,has_unrestricted_status,pat_199,research,,2025-01-01,2027-01-01
1609,CONSENT,has_restriction,pat_199,marketing,,2025-01-01,2027-01-01
