log_id,principal,action,resource,lab_result,clinical_note,billing_info,request_timestamp,process_timestamp,label
req_vio_60,pat_170,request_access,phi_rec_170,1,1,0,2025-03-17T00:00:00,,violation_gdpr_art15
req_ben_1286,pat_113,request_deactivation,phi_rec_113,0,0,0,2025-08-19T00:00:00,2025-09-04T00:00:00,benign
req_ben_1309,pat_192,request_deactivation,phi_rec_192,0,0,0,2025-08-03T00:00:00,2025-08-06T00:00:00,benign
req_ben_3508,pat_1,request_access,phi_rec_1,1,1,0,2025-08-04T00:00:00,2025-08-23T00:00:00,benign
req_ben_4710,pat_57,request_access,phi_rec_57,1,1,1,2025-08-21T00:00:00,2025-08-29T00:00:00,benign
req_ben_870,pat_35,request_access,phi_rec_35,1,1,1,2025-08-26T00:00:00,2025-08-27T00:00:00,benign
req_ben_1060,pat_154,request_access,phi_rec_154,1,1,0,2025-08-03T00:00:00,2025-08-09T00:00:00,benign
req_ben_259,pat_2,request_access,phi_rec_2,1,1,1,2025-08-02T00:00:00,2025-08-24T00:00:00,benign
req_ben_3107,pat_92,request_access,phi_rec_92,0,1,1,2025-08-05T00:00:00,2025-08-11T00:00:00,benign
req_ben_1124,pat_86,request_access,phi_rec_86,1,1,1,2025-08-15T00:00:00,2025-08-18T00:00:00,benign
req_ben_4391,pat_52,request_access,phi_rec_52,1,1,1,2025-08-22T00:00:00,2025-09-09T00:00:00,benign
req_ben_2623,pat_135,request_access,phi_rec_135,0,0,1,2025-08-20T00:00:00,2025-08-21T00:00:00,benign
req_ben_815,pat_188,request_access,phi_rec_188,0,0,1,2025-08-26T00:00:00,2025-09-02T00:00:00,benign
req_ben_509,pat_17,request_access,phi_rec_17,0,1,0,2025-08-29T00:00:00,2025-08-30T00:00:00,benign
req_ben_3030,pat_181,request_access,phi_rec_181,0,1,0,2025-08-09T00:00:00,2025-08-18T00:00:00,benign
req_ben_881,pat_11,request_access,phi_rec_11,0,1,1,2025-08-02T00:00:00,2025-08-13T00:00:00,benign
req_ben_3405,pat_108,request_access,phi_rec_108,1,1,0,2025-08-25T00:00:00,2025-09-10T00:00:00,benign
req_ben_3790,pat_124,request_deactivation,phi_rec_124,0,0,0,2025-08-11T00:00:00,2025-08-17T00:00:00,benign
req_ben_4447,pat_60,request_deactivation,phi_rec_60,0,0,0,2025-08-05T00:00:00,2025-08-26T00:00:00,benign
req_ben_2505,pat_193,request_access,phi_rec_193,1,1,1,2025-08-15T00:00:00,2025-08-20T00:00:00,benign
req_ben_1196,pat_26,request_access,phi_rec_26,0,1,1,2025-08-12T00:00:00,2025-08-21T00:00:00,benign
req_ben_4176,pat_123,request_access,phi_rec_123,1,1,1,2025-08-02T00:00:00,2025-08-20T00:00:00,benign
req_ben_4683,pat_191,request_access,phi_rec_191,0,1,0,2025-08-10T00:00:00,2025-08-27T00:00:00,benign
req_vio_72,pat_8,request_access,phi_rec_8,1,1,1,2025-04-24T00:00:00,,violation_gdpr_art15
req_ben_1750,pat_32,request_access,phi_rec_32,0,1,1,2025-08-27T00:00:00,2025-08-28T00:00:00,benign
req_ben_4637,pat_126,request_access,phi_rec_126,1,0,0,2025-08-08T00:00:00,2025-08-27T00:00:00,benign
req_ben_1529,pat_146,request_access,phi_rec_146,1,0,1,2025-08-03T00:00:00,2025-08-19T00:00:00,benign
req_ben_2935,pat_101,request_access,phi_rec_101,0,1,0,2025-08-13T00:00:00,2025-08-31T00:00:00,benign
req_ben_1913,pat_97,request_access,phi_rec_97,1,1,0,2025-08-03T00:00:00,2025-08-04T00:00:00,benign
req_ben_3454,pat_100,request_access,phi_rec_100,0,1,1,2025-08-02T00:00:00,2025-08-08T00:00:00,benign
req_ben_4396,pat_84,request_access,phi_rec_84,0,1,1,2025-08-21T00:00:00,2025-09-01T00:00:00,benign
req_ben_866,pat_17,request_access,phi_rec_17,1,0,0,2025-08-04T00:00:00,2025-08-15T00:00:00,benign
req_ben_714,pat_41,request_access,phi_rec_41,1,1,1,2025-08-28T00:00:00,2025-08-29T00:00:00,benign
req_ben_472,pat_134,request_access,phi_rec_134,1,0,1,2025-08-10T00:00:00,2025-08-24T00:00:00,benign
req_ben_3320,pat_174,request_access,phi_rec_174,0,1,1,2025-08-25T00:00:00,2025-09-07T00:00:00,benign
req_ben_1918,pat_75,request_deactivation,phi_rec_75,0,0,0,2025-08-23T00:00:00,2025-08-30T00:00:00,benign
req_ben_4634,pat_172,request_access,phi_rec_172,1,1,0,2025-08-04T00:00:00,2025-08-28T00:00:00,benign
req_ben_2380,pat_195,request_access,phi_rec_195,1,1,1,2025-08-05T00:00:00,2025-08-28T00:00:00,benign
req_ben_2861,pat_167,request_deactivation,phi_rec_167,0,0,0,2025-08-26T00:00:00,2025-09-02T00:00:00,benign
req_ben_1343,pat_137,request_access,phi_rec_137,0,0,1,2025-08-10T00:00:00,2025-08-12T00:00:00,benign
req_ben_3779,pat_107,request_access,phi_rec_107,1,0,0,2025-08-25T00:00:00,2025-09-18T00:00:00,benign
req_ben_4161,pat_154,request_access,phi_rec_154,1,0,0,2025-08-18T00:00:00,2025-08-31T00:00:00,benign
req_ben_4285,pat_152,request_access,phi_rec_152,1,0,0,2025-08-27T00:00:00,2025-09-11T00:00:00,benign
req_ben_1177,pat_139,request_access,phi_rec_139,0,1,0,2025-08-22T00:00:00,2025-09-02T00:00:00,benign
req_ben_1071,pat_150,request_access,phi_rec_150,0,0,1,2025-08-10T00:00:00,2025-09-01T00:00:00,benign
req_ben_206,pat_48,request_access,phi_rec_48,0,1,0,2025-08-09T00:00:00,2025-08-10T00:00:00,benign
req_ben_3234,pat_16,request_access,phi_rec_16,1,0,0,2025-08-22T00:00:00,2025-09-05T00:00:00,benign
req_ben_1551,pat_134,request_deactivation,phi_rec_134,0,0,0,2025-08-02T00:00:00,2025-08-04T00:00:00,benign
req_ben_2237,pat_22,request_deactivation,phi_rec_22,0,0,0,2025-08-08T00:00:00,2025-08-16T00:00:00,benign
req_ben_2779,pat_118,request_access,phi_rec_118,1,1,1,2025-08-15T00:00:00,2025-08-26T00:00:00,benign
req_ben_1684,pat_101,request_access,phi_rec_101,1,1,1,2025-08-03T00:00:00,2025-08-06T00:00:00,benign
req_ben_1982,pat_107,request_deactivation,phi_rec_107,0,0,0,2025-08-08T00:00:00,2025-08-26T00:00:00,benign
req_ben_1042,pat_181,request_deactivation,phi_rec_181,0,0,0,2025-08-05T00:00:00,2025-08-09T00:00:00,benign
req_ben_4238,pat_110,request_access,phi_rec_110,1,0,1,2025-08-24T00:00:00,2025-09-18T00:00:00,benign
req_ben_3817,pat_130,request_access,phi_rec_130,1,0,0,2025-08-03T00:00:00,2025-08-09T00:00:00,benign
req_ben_4311,pat_90,request_deactivation,phi_rec_90,0,0,0,2025-08-18T00:00:00,2025-08-28T00:00:00,benign
req_ben_2571,pat_14,request_deactivation,phi_rec_14,0,0,0,2025-08-18T00:00:00,2025-08-19T00:00:00,benign
req_ben_110,pat_196,request_access,phi_rec_196,0,1,1,2025-08-13T00:00:00,2025-08-16T00:00:00,benign
req_ben_4283,pat_110,request_access,phi_rec_110,1,1,0,2025-08-11T00:00:00,2025-08-28T00:00:00,benign
req_ben_3557,pat_198,request_deactivation,phi_rec_198,0,0,0,2025-08-22T00:00:00,2025-09-15T00:00:00,benign
req_ben_1746,pat_146,request_access,phi_rec_146,1,0,0,2025-08-04T00:00:00,2025-08-17T00:00:00,benign
req_ben_1260,pat_61,request_access,phi_rec_61,0,0,1,2025-08-28T00:00:00,2025-09-05T00:00:00,benign
req_ben_3841,pat_26,request_access,phi_rec_26,1,0,0,2025-08-14T00:00:00,2025-08-22T00:00:00,benign
req_ben_257,pat_39,request_access,phi_rec_39,1,1,1,2025-08-30T00:00:00,2025-09-19T00:00:00,benign
req_ben_1130,pat_130,request_access,phi_rec_130,1,1,1,2025-08-02T00:00:00,2025-08-06T00:00:00,benign
req_ben_4171,pat_129,request_access,phi_rec_129,0,0,1,2025-08-25T00:00:00,2025-09-17T00:00:00,benign
req_ben_276,pat_194,request_access,phi_rec_194,0,0,1,2025-08-23T00:00:00,2025-09-17T00:00:00,benign
req_ben_3027,pat_105,request_deactivation,phi_rec_105,0,0,0,2025-08-06T00:00:00,2025-08-15T00:00:00,benign
req_ben_2105,pat_75,request_deactivation,phi_rec_75,0,0,0,2025-08-26T00:00:00,2025-09-08T00:00:00,benign
req_ben_4350,pat_60,request_deactivation,phi_rec_60,0,0,0,2025-08-30T00:00:00,2025-09-12T00:00:00,benign
req_vio_175,pat_55,request_deactivation,phi_rec_55,0,0,0,2025-05-29T00:00:00,,violation_gdpr_art17
req_ben_9,pat_27,request_access,phi_rec_27,0,0,1,2025-08-13T00:00:00,2025-08-24T00:00:00,benign
req_ben_3224,pat_60,request_deactivation,phi_rec_60,0,0,0,2025-08-06T00:00:00,2025-08-29T00:00:00,benign
req_ben_2838,pat_196,request_access,phi_rec_196,1,0,1,2025-08-09T00:00:00,2025-09-02T00:00:00,benign
req_ben_2432,pat_144,request_deactivation,phi_rec_144,0,0,0,2025-08-10T00:00:00,2025-09-01T00:00:00,benign
req_ben_4517,pat_95,request_access,phi_rec_95,0,1,0,2025-08-28T00:00:00,2025-09-08T00:00:00,benign
req_ben_3910,pat_157,request_deactivation,phi_rec_157,0,0,0,2025-08-15T00:00:00,2025-08-23T00:00:00,benign
req_ben_855,pat_119,request_access,phi_rec_119,0,1,0,2025-08-06T00:00:00,2025-08-15T00:00:00,benign
req_ben_3600,pat_10,request_access,phi_rec_10,0,1,0,2025-08-07T00:00:00,2025-08-31T00:00:00,benign
req_ben_1397,pat_109,request_access,phi_rec_109,1,1,0,2025-08-17T00:00:00,2025-08-30T00:00:00,benign
req_ben_1219,pat_93,request_access,phi_rec_93,1,1,1,2025-08-21T00:00:00,2025-09-06T00:00:00,benign
req_ben_1469,pat_149,request_access,phi_rec_149,0,1,0,2025-08-14T00:00:00,2025-08-21T00:00:00,benign
req_ben_485,pat_183,request_access,phi_rec_183,1,0,0,2025-08-19T00:00:00,2025-08-27T00:00:00,benign
req_ben_3891,pat_14,request_access,phi_rec_14,1,1,1,2025-08-18T00:00:00,2025-08-30T00:00:00,benign
req_vio_216,pat_142,request_access,phi_rec_142,0,1,1,2025-05-08T00:00:00,,violation_gdpr_art15
req_ben_2078,pat_73,request_access,phi_rec_73,0,0,1,2025-08-09T00:00:00,2025-08-11T00:00:00,benign
req_ben_3583,pat_141,request_access,phi_rec_141,0,0,1,2025-08-10T00:00:00,2025-08-18T00:00:00,benign
req_ben_4046,pat_41,request_access,phi_rec_41,0,1,0,2025-08-05T00:00:00,2025-08-11T00:00:00,benign
req_ben_3515,pat_169,request_access,phi_rec_169,1,1,1,2025-08-27T00:00:00,2025-08-31T00:00:00,benign
req_ben_3345,pat_115,request_access,phi_rec_115,1,0,1,2025-08-25T00:00:00,2025-09-11T00:00:00,benign
req_ben_4029,pat_121,request_access,phi_rec_121,0,1,1,2025-08-19T00:00:00,2025-08-21T00:00:00,benign
req_ben_636,pat_62,request_access,phi_rec_62,1,1,1,2025-08-17T00:00:00,2025-09-01T00:00:00,benign
req_ben_1204,pat_118,request_deactivation,phi_rec_118,0,0,0,2025-08-11T00:00:00,2025-08-31T00:00:00,benign
req_ben_2191,pat_110,request_access,phi_rec_110,1,1,1,2025-08-26T00:00:00,2025-08-30T00:00:00,benign
req_ben_2726,pat_131,request_deactivation,phi_rec_131,0,0,0,2025-08-24T00:00:00,2025-08-26T00:00:00,benign
req_ben_1031,pat_165,request_deactivation,phi_rec_165,0,0,0,2025-08-10T00:00:00,2025-09-04T00:00:00,benign
req_ben_3965,pat_4,request_deactivation,phi_rec_4,0,0,0,2025-08-29T00:00:00,2025-09-16T00:00:00,benign
req_ben_1251,pat_10,request_deactivation,phi_rec_10,0,0,0,2025-08-09T00:00:00,2025-08-30T00:00:00,benign
req_ben_1904,pat_145,request_deactivation,phi_rec_145,0,0,0,2025-08-03T00:00:00,2025-08-22T00:00:00,benign
req_ben_4329,pat_174,request_access,phi_rec_174,0,1,1,2025-08-04T00:00:00,2025-08-06T00:00:00,benign
req_ben_2816,pat_162,request_access,phi_rec_162,1,0,0,2025-08-08T00:00:00,2025-08-18T00:00:00,benign
req_ben_3967,pat_157,request_access,phi_rec_157,0,1,1,2025-08-13T00:00:00,2025-08-20T00:00:00,benign
req_ben_4669,pat_157,request_deactivation,phi_rec_157,0,0,0,2025-08-27T00:00:00,2025-09-13T00:00:00,benign
req_vio_9,pat_34,request_deactivation,phi_rec_34,0,0,0,2025-03-21T00:00:00,,violation_gdpr_art17
req_ben_4087,pat_44,request_access,phi_rec_44,0,1,0,2025-08-28T00:00:00,2025-09-03T00:00:00,benign
req_ben_1686,pat_42,request_access,phi_rec_42,0,1,0,2025-08-22T00:00:00,2025-08-28T00:00:00,benign
req_ben_3554,pat_3,request_access,phi_rec_3,1,0,1,2025-08-29T00:00:00,2025-08-31T00:00:00,benign
req_ben_3293,pat_180,request_access,phi_rec_180,1,1,0,2025-08-28T00:00:00,2025-09-08T00:00:00,benign
req_ben_1174,pat_138,request_access,phi_rec_138,1,1,1,2025-08-03T00:00:00,2025-08-11T00:00:00,benign
req_ben_2335,pat_95,request_deactivation,phi_rec_95,0,0,0,2025-08-30T00:00:00,2025-09-08T00:00:00,benign
req_ben_3629,pat_83,request_access,phi_rec_83,0,0,1,2025-08-04T00:00:00,2025-08-23T00:00:00,benign
req_ben_1335,pat_150,request_access,phi_rec_150,1,0,1,2025-08-20T00:00:00,2025-09-12T00:00:00,benign
req_ben_944,pat_51,request_deactivation,phi_rec_51,0,0,0,2025-08-26T00:00:00,2025-09-08T00:00:00,benign
req_vio_224,pat_179,request_access,phi_rec_179,1,0,0,2025-03-20T00:00:00,,violation_gdpr_art15
req_ben_1731,pat_196,request_access,phi_rec_196,1,1,1,2025-08-12T00:00:00,2025-08-26T00:00:00,benign
req_ben_2002,pat_131,request_access,phi_rec_131,1,0,1,2025-08-28T00:00:00,2025-09-04T00:00:00,benign
req_ben_4049,pat_198,request_access,phi_rec_198,1,0,1,2025-08-26T00:00:00,2025-09-07T00:00:00,benign
req_ben_3022,pat_84,request_access,phi_rec_84,1,0,1,2025-08-18T00:00:00,2025-09-03T00:00:00,benign
req_ben_1856,pat_65,request_access,phi_rec_65,0,1,1,2025-08-23T00:00:00,2025-09-10T00:00:00,benign
req_ben_4100,pat_84,request_access,phi_rec_84,1,0,0,2025-08-13T00:00:00,2025-09-05T00:00:00,benign
req_ben_60,pat_7,request_access,phi_rec_7,0,1,0,2025-08-06T00:00:00,2025-08-19T00:00:00,benign
req_ben_357,pat_155,request_access,phi_rec_155,1,1,0,2025-08-20T00:00:00,2025-08-30T00:00:00,benign
req_ben_30,pat_44,request_access,phi_rec_44,1,1,1,2025-08-15T00:00:00,2025-08-28T00:00:00,benign
req_ben_567,pat_182,request_deactivation,phi_rec_182,0,0,0,2025-08-02T00:00:00,2025-08-04T00:00:00,benign
req_ben_4690,pat_99,request_deactivation,phi_rec_99,0,0,0,2025-08-22T00:00:00,2025-09-08T00:00:00,benign
req_ben_2750,pat_6,request_access,phi_rec_6,0,0,1,2025-08-03T00:00:00,2025-08-23T00:00:00,benign
req_ben_2578,pat_31,request_access,phi_rec_31,1,1,1,2025-08-11T00:00:00,2025-08-28T00:00:00,benign
req_ben_503,pat_101,request_deactivation,phi_rec_101,0,0,0,2025-08-21T00:00:00,2025-08-23T00:00:00,benign
req_ben_4554,pat_50,request_deactivation,phi_rec_50,0,0,0,2025-08-04T00:00:00,2025-08-08T00:00:00,benign
req_ben_1046,pat_129,request_access,phi_rec_129,1,1,0,2025-08-05T00:00:00,2025-08-29T00:00:00,benign
req_ben_530,pat_198,request_access,phi_rec_198,1,1,1,2025-08-23T00:00:00,2025-09-09T00:00:00,benign
req_ben_2840,pat_70,request_access,phi_rec_70,1,1,1,2025-08-16T00:00:00,2025-09-10T00:00:00,benign
req_ben_3112,pat_81,request_access,phi_rec_81,1,1,1,2025-08-25T00:00:00,2025-08-26T00:00:00,benign
req_ben_3838,pat_87,request_deactivation,phi_rec_87,0,0,0,2025-08-15T00:00:00,2025-08-29T00:00:00,benign
req_ben_1074,pat_51,request_access,phi_rec_51,1,1,1,2025-08-06T00:00:00,2025-08-30T00:00:00,benign
req_ben_4136,pat_172,request_access,phi_rec_172,1,0,1,2025-08-13T00:00:00,2025-08-29T00:00:00,benign
req_ben_2202,pat_150,request_access,phi_rec_150,1,1,1,2025-08-25T00:00:00,2025-09-06T00:00:00,benign
req_ben_3136,pat_130,request_access,phi_rec_130,0,0,1,2025-08-04T00:00:00,2025-08-09T00:00:00,benign
req_ben_1070,pat_91,request_access,phi_rec_91,1,1,1,2025-08-09T00:00:00,2025-08-29T00:00:00,benign
req_ben_311,pat_37,request_access,phi_rec_37,0,1,0,2025-08-06T00:00:00,2025-08-21T00:00:00,benign
req_ben_2907,pat_3,request_access,phi_rec_3,1,0,0,2025-08-05T00:00:00,2025-08-23T00:00:00,benign
req_ben_930,pat_131,request_access,phi_rec_131,1,1,1,2025-08-12T00:00:00,2025-08-23T00:00:00,benign
req_ben_2127,pat_196,request_access,phi_rec_196,1,1,1,2025-08-30T00:00:00,2025-09-12T00:00:00,benign
req_ben_323,pat_74,request_deactivation,phi_rec_74,0,0,0,2025-08-11T00:00:00,2025-08-18T00:00:00,benign
req_vio_139,pat_188,request_deactivation,phi_rec_188,0,0,0,2025-04-11T00:00:00,,violation_gdpr_art17
req_ben_72,pat_123,request_access,phi_rec_123,0,0,1,2025-08-11T00:00:00,2025-08-12T00:00:00,benign
req_ben_721,pat_149,request_access,phi_rec_149,0,1,1,2025-08-11T00:00:00,2025-08-26T00:00:00,benign
req_ben_3784,pat_195,request_access,phi_rec_195,1,1,1,2025-08-13T00:00:00,2025-08-15T00:00:00,benign
req_ben_2029,pat_63,request_access,phi_rec_63,0,0,1,2025-08-14T00:00:00,2025-09-08T00:00:00,benign
req_ben_1313,pat_60,request_deactivation,phi_rec_60,0,0,0,2025-08-10T00:00:00,2025-08-12T00:00:00,benign
req_ben_391,pat_80,request_deactivation,phi_rec_80,0,0,0,2025-08-18T00:00:00,2025-09-05T00:00:00,benign
req_ben_4340,pat_2,request_access,phi_rec_2,0,1,1,2025-08-14T00:00:00,2025-08-26T00:00:00,benign
req_ben_1595,pat_112,request_deactivation,phi_rec_112,0,0,0,2025-08-16T00:00:00,2025-09-06T00:00:00,benign
req_ben_3009,pat_23,request_deactivation,phi_rec_23,0,0,0,2025-08-17T00:00:00,2025-08-22T00:00:00,benign
req_vio_233,pat_157,request_deactivation,phi_rec_157,0,0,0,2025-07-24T00:00:00,,violation_gdpr_art17
req_ben_895,pat_40,request_access,phi_rec_40,1,0,0,2025-08-10T00:00:00,2025-08-26T00:00:00,benign
req_ben_1228,pat_17,request_access,phi_rec_17,1,1,1,2025-08-02T00:00:00,2025-08-14T00:00:00,benign
req_ben_91,pat_184,request_access,phi_rec_184,0,1,0,2025-08-28T00:00:00,2025-09-20T00:00:00,benign
req_vio_190,pat_10,request_access,phi_rec_10,1,0,0,2025-07-16T00:00:00,,violation_gdpr_art15
req_ben_1426,pat_79,request_access,phi_rec_79,1,1,1,2025-08-23T00:00:00,2025-09-05T00:00:00,benign
req_ben_845,pat_40,request_access,phi_rec_40,1,1,1,2025-08-23T00:00:00,2025-09-07T00:00:00,benign
req_ben_24,pat_139,request_access,phi_rec_139,1,0,1,2025-08-11T00:00:00,2025-08-14T00:00:00,benign
req_ben_669,pat_195,request_access,phi_rec_195,0,1,1,2025-08-22T00:00:00,2025-09-12T00:00:00,benign
req_ben_165,pat_53,request_deactivation,phi_rec_53,0,0,0,2025-08-20T00:00:00,2025-08-28T00:00:00,benign
req_ben_1424,pat_186,request_deactivation,phi_rec_186,0,0,0,2025-08-09T00:00:00,2025-08-23T00:00:00,benign
req_ben_4737,pat_16,request_access,phi_rec_16,1,1,1,2025-08-10T00:00:00,2025-08-27T00:00:00,benign
req_ben_3482,pat_106,request_deactivation,phi_rec_106,0,0,0,2025-08-23T00:00:00,2025-09-11T00:00:00,benign
req_ben_3681,pat_28,request_access,phi_rec_28,0,1,1,2025-08-24T00:00:00,2025-09-08T00:00:00,benign
req_ben_4565,pat_77,request_access,phi_rec_77,1,1,0,2025-08-14T00:00:00,2025-08-18T00:00:00,benign
req_ben_681,pat_143,request_deactivation,phi_rec_143,0,0,0,2025-08-12T00:00:00,2025-09-01T00:00:00,benign
req_ben_2186,pat_146,request_deactivation,phi_rec_146,0,0,0,2025-08-30T00:00:00,2025-09-17T00:00:00,benign
req_ben_505,pat_169,request_deactivation,phi_rec_169,0,0,0,2025-08-15T00:00:00,2025-08-25T00:00:00,benign
req_ben_4569,pat_183,request_deactivation,phi_rec_183,0,0,0,2025-08-25T00:00:00,2025-08-30T00:00:00,benign
req_ben_2619,pat_176,request_access,phi_rec_176,0,0,1,2025-08-06T00:00:00,2025-08-11T00:00:00,benign
req_ben_3457,pat_74,request_deactivation,phi_rec_74,0,0,0,2025-08-06T00:00:00,2025-08-26T00:00:00,benign
req_ben_1716,pat_30,request_access,phi_rec_30,1,1,1,2025-08-19T00:00:00,2025-09-10T00:00:00,benign
req_ben_2231,pat_153,request_deactivation,phi_rec_153,0,0,0,2025-08-28T00:00:00,2025-09-05T00:00:00,benign
req_ben_367,pat_179,request_access,phi_rec_179,1,1,1,2025-08-06T00:00:00,2025-08-30T00:00:00,benign
req_ben_1859,pat_57,request_access,phi_rec_57,1,1,1,2025-08-06T00:00:00,2025-08-07T00:00:00,benign
req_ben_787,pat_77,request_access,phi_rec_77,1,0,1,2025-08-24T00:00:00,2025-09-04T00:00:00,benign
req_ben_4418,pat_172,request_access,phi_rec_172,1,0,0,2025-08-10T00:00:00,2025-08-24T00:00:00,benign
req_ben_234,pat_149,request_access,phi_rec_149,1,0,0,2025-08-09T00:00:00,2025-08-10T00:00:00,benign
req_ben_1817,pat_162,request_access,phi_rec_162,0,0,1,2025-08-09T00:00:00,2025-09-02T00:00:00,benign
req_ben_1495,pat_94,request_access,phi_rec_94,1,1,0,2025-08-25T00:00:00,2025-09-07T00:00:00,benign
req_ben_2050,pat_90,request_access,phi_rec_90,0,1,0,2025-08-26T00:00:00,2025-09-07T00:00:00,benign
req_ben_2872,pat_97,request_deactivation,phi_rec_97,0,0,0,2025-08-29T00:00:00,2025-09-17T00:00:00,benign
req_ben_583,pat_143,request_access,phi_rec_143,1,0,0,2025-08-03T00:00:00,2025-08-14T00:00:00,benign
req_ben_2824,pat_1,request_deactivation,phi_rec_1,0,0,0,2025-08-24T00:00:00,2025-08-26T00:00:00,benign
req_ben_4146,pat_73,request_access,phi_rec_73,1,1,1,2025-08-28T00:00:00,2025-09-12T00:00:00,benign
req_ben_1220,pat_82,request_deactivation,phi_rec_82,0,0,0,2025-08-23T00:00:00,2025-09-03T00:00:00,benign
req_ben_726,pat_104,request_access,phi_rec_104,1,1,0,2025-08-04T00:00:00,2025-08-18T00:00:00,benign
req_ben_2870,pat_125,request_access,phi_rec_125,1,0,1,2025-08-15T00:00:00,2025-08-23T00:00:00,benign
req_ben_3985,pat_19,request_deactivation,phi_rec_19,0,0,0,2025-08-13T00:00:00,2025-08-21T00:00:00,benign
req_ben_4595,pat_168,request_access,phi_rec_168,1,1,1,2025-08-25T00:00:00,2025-09-16T00:00:00,benign
req_ben_3473,pat_13,request_access,phi_rec_13,1,0,0,2025-08-07T00:00:00,2025-08-23T00:00:00,benign
req_ben_1467,pat_32,request_access,phi_rec_32,0,1,1,2025-08-19T00:00:00,2025-09-12T00:00:00,benign
req_ben_3062,pat_51,request_access,phi_rec_51,1,0,0,2025-08-08T00:00:00,2025-08-27T00:00:00,benign
req_ben_484,pat_154,request_access,phi_rec_154,0,1,1,2025-08-21T00:00:00,2025-09-14T00:00:00,benign
req_ben_1193,pat_31,request_access,phi_rec_31,0,1,1,2025-08-03T00:00:00,2025-08-15T00:00:00,benign
req_ben_183,pat_195,request_access,phi_rec_195,0,1,1,2025-08-06T00:00:00,2025-08-13T00:00:00,benign
req_ben_4099,pat_80,request_deactivation,phi_rec_80,0,0,0,2025-08-26T00:00:00,2025-09-04T00:00:00,benign
req_ben_4348,pat_43,request_deactivation,phi_rec_43,0,0,0,2025-08-03T00:00:00,2025-08-27T00:00:00,benign
req_ben_4629,pat_174,request_access,phi_rec_174,1,1,1,2025-08-17T00:00:00,2025-08-28T00:00:00,benign
req_ben_3701,pat_158,request_deactivation,phi_rec_158,0,0,0,2025-08-10T00:00:00,2025-08-19T00:00:00,benign
req_ben_1381,pat_46,request_access,phi_rec_46,1,1,1,2025-08-19T00:00:00,2025-08-25T00:00:00,benign
req_ben_1126,pat_22,request_access,phi_rec_22,0,1,1,2025-08-12T00:00:00,2025-08-15T00:00:00,benign
req_ben_2399,pat_148,request_access,phi_rec_148,1,1,1,2025-08-02T00:00:00,2025-08-22T00:00:00,benign
req_ben_4206,pat_34,request_access,phi_rec_34,1,0,0,2025-08-24T00:00:00,2025-09-12T00:00:00,benign
req_ben_2866,pat_153,request_access,phi_rec_153,1,1,1,2025-08-13T00:00:00,2025-08-25T00:00:00,benign
req_ben_3108,pat_69,request_access,phi_rec_69,0,0,1,2025-08-09T00:00:00,2025-08-23T00:00:00,benign
req_ben_584,pat_79,request_access,phi_rec_79,1,0,0,2025-08-06T00:00:00,2025-08-30T00:00:00,benign
req_ben_4471,pat_67,request_access,phi_rec_67,1,1,0,2025-08-18T00:00:00,2025-09-04T00:00:00,benign
req_ben_844,pat_155,request_access,phi_rec_155,0,1,0,2025-08-28T00:00:00,2025-09-22T00:00:00,benign
req_ben_2485,pat_48,request_access,phi_rec_48,1,1,1,2025-08-16T00:00:00,2025-09-08T00:00:00,benign
req_ben_704,pat_35,request_access,phi_rec_35,1,1,1,2025-08-30T00:00:00,2025-09-10T00:00:00,benign
req_ben_1357,pat_53,request_deactivation,phi_rec_53,0,0,0,2025-08-07T00:00:00,2025-08-31T00:00:00,benign
req_ben_1265,pat_189,request_deactivation,phi_rec_189,0,0,0,2025-08-02T00:00:00,2025-08-14T00:00:00,benign
req_ben_3287,pat_69,request_access,phi_rec_69,1,0,1,2025-08-06T00:00:00,2025-08-27T00:00:00,benign
req_ben_4426,pat_125,request_deactivation,phi_rec_125,0,0,0,2025-08-19T00:00:00,2025-09-05T00:00:00,benign
req_ben_2492,pat_6,request_access,phi_rec_6,1,1,1,2025-08-19T00:00:00,2025-09-04T00:00:00,benign
req_ben_3067,pat_102,request_deactivation,phi_rec_102,0,0,0,2025-08-08T00:00:00,2025-08-17T00:00:00,benign
req_ben_1332,pat_3,request_access,phi_rec_3,1,0,0,2025-08-19T00:00:00,2025-08-26T00:00:00,benign
req_ben_2897,pat_170,request_access,phi_rec_170,1,1,1,2025-08-19T00:00:00,2025-08-25T00:00:00,benign
req_vio_242,pat_61,request_access,phi_rec_61,1,1,1,2025-05-10T00:00:00,,violation_gdpr_art15
req_ben_2188,pat_141,request_access,phi_rec_141,1,1,1,2025-08-26T00:00:00,2025-09-09T00:00:00,benign
req_ben_2034,pat_157,request_access,phi_rec_157,1,1,1,2025-08-16T00:00:00,2025-08-23T00:00:00,benign
req_ben_4593,pat_14,request_access,phi_rec_14,1,0,1,2025-08-18T00:00:00,2025-08-22T00:00:00,benign
req_ben_3732,pat_145,request_access,phi_rec_145,1,1,1,2025-08-11T00:00:00,2025-08-21T00:00:00,benign
req_ben_1443,pat_60,request_access,phi_rec_60,1,0,1,2025-08-19T00:00:00,2025-09-11T00:00:00,benign
req_ben_3699,pat_181,request_access,phi_rec_181,1,1,1,2025-08-08T00:00:00,2025-08-31T00:00:00,benign
req_ben_4730,pat_51,request_deactivation,phi_rec_51,0,0,0,2025-08-24T00:00:00,2025-08-29T00:00:00,benign
req_ben_1805,pat_199,request_access,phi_rec_199,0,0,1,2025-08-07T00:00:00,2025-08-09T00:00:00,benign
req_ben_447,pat_9,request_access,phi_rec_9,1,1,1,2025-08-16T00:00:00,2025-09-05T00:00:00,benign
req_ben_4111,pat_104,request_access,phi_rec_104,1,0,1,2025-08-05T00:00:00,2025-08-15T00:00:00,benign
req_ben_4607,pat_57,request_access,phi_rec_57,1,1,0,2025-08-25T00:00:00,2025-08-31T00:00:00,benign
req_ben_2300,pat_193,request_deactivation,phi_rec_193,0,0,0,2025-08-04T00:00:00,2025-08-13T00:00:00,benign
req_ben_3550,pat_167,request_deactivation,phi_rec_167,0,0,0,2025-08-22T00:00:00,2025-09-08T00:00:00,benign
req_ben_1317,pat_128,request_access,phi_rec_128,1,0,0,2025-08-29T00:00:00,2025-09-23T00:00:00,benign
req_ben_3772,pat_105,request_access,phi_rec_105,1,0,0,2025-08-09T00:00:00,2025-09-03T00:00:00,benign
req_ben_1911,pat_92,request_access,phi_rec_92,1,1,1,2025-08-14T00:00:00,2025-08-21T00:00:00,benign
req_ben_896,pat_164,request_access,phi_rec_164,0,1,1,2025-08-30T00:00:00,2025-09-06T00:00:00,benign
req_ben_262,pat_6,request_deactivation,phi_rec_6,0,0,0,2025-08-02T00:00:00,2025-08-16T00:00:00,benign
req_ben_1713,pat_43,request_access,phi_rec_43,1,1,1,2025-08-23T00:00:00,2025-09-17T00:00:00,benign
req_ben_4619,pat_128,request_access,phi_rec_128,1,1,1,2025-08-03T00:00:00,2025-08-16T00:00:00,benign
req_ben_417,pat_186,request_deactivation,phi_rec_186,0,0,0,2025-08-28T00:00:00,2025-09-10T00:00:00,benign
req_ben_1215,pat_70,request_deactivation,phi_rec_70,0,0,0,2025-08-02T00:00:00,2025-08-05T00:00:00,benign
req_ben_4679,pat_104,request_access,phi_rec_104,0,1,0,2025-08-20T00:00:00,2025-08-22T00:00:00,benign
req_ben_2165,pat_165,request_access,phi_rec_165,1,1,1,2025-08-27T00:00:00,2025-09-11T00:00:00,benign
req_vio_31,pat_25,request_deactivation,phi_rec_25,0,0,0,2025-04-19T00:00:00,,violation_gdpr_art17
req_ben_63,pat_144,request_access,phi_rec_144,1,1,1,2025-08-10T00:00:00,2025-08-26T00:00:00,benign
req_ben_2773,pat_94,request_access,phi_rec_94,0,0,1,2025-08-11T00:00:00,2025-08-12T00:00:00,benign
req_ben_2548,pat_35,request_access,phi_rec_35,1,1,0,2025-08-27T00:00:00,2025-09-09T00:00:00,benign
req_ben_4613,pat_111,request_access,phi_rec_111,0,0,1,2025-08-17T00:00:00,2025-09-01T00:00:00,benign
req_ben_4325,pat_35,request_access,phi_rec_35,1,1,1,2025-08-13T00:00:00,2025-08-23T00:00:00,benign
req_ben_1012,pat_3,request_access,phi_rec_3,1,1,0,2025-08-26T00:00:00,2025-09-03T00:00:00,benign
req_ben_1036,pat_70,request_access,phi_rec_70,0,0,1,2025-08-08T00:00:00,2025-08-28T00:00:00,benign
req_ben_2657,pat_70,request_access,phi_rec_70,0,1,0,2025-08-21T00:00:00,2025-09-14T00:00:00,benign
req_ben_3614,pat_196,request_access,phi_rec_196,0,0,1,2025-08-22T00:00:00,2025-08-24T00:00:00,benign
req_ben_1689,pat_191,request_access,phi_rec_191,1,1,1,2025-08-25T00:00:00,2025-08-27T00:00:00,benign
req_ben_2898,pat_65,request_deactivation,phi_rec_65,0,0,0,2025-08-27T00:00:00,2025-09-17T00:00:00,benign
req_ben_3074,pat_59,request_access,phi_rec_59,1,1,1,2025-08-20T00:00:00,2025-09-02T00:00:00,benign
req_ben_1120,pat_41,request_deactivation,phi_rec_41,0,0,0,2025-08-02T00:00:00,2025-08-14T00:00:00,benign
req_ben_2663,pat_188,request_deactivation,phi_rec_188,0,0,0,2025-08-30T00:00:00,2025-08-31T00:00:00,benign
req_ben_3987,pat_144,request_deactivation,phi_rec_144,0,0,0,2025-08-22T00:00:00,2025-09-09T00:00:00,benign
req_ben_3391,pat_160,request_deactivation,phi_rec_160,0,0,0,2025-08-29T00:00:00,2025-08-30T00:00:00,benign
req_ben_1999,pat_80,request_deactivation,phi_rec_80,0,0,0,2025-08-21T00:00:00,2025-09-15T00:00:00,benign
req_ben_36,pat_102,request_access,phi_rec_102,1,0,0,2025-08-06T00:00:00,2025-08-21T00:00:00,benign
req_ben_1389,pat_135,request_deactivation,phi_rec_135,0,0,0,2025-08-10T00:00:00,2025-08-18T00:00:00,benign
req_ben_1815,pat_6,request_deactivation,phi_rec_6,0,0,0,2025-08-09T00:00:00,2025-08-10T00:00:00,benign
req_vio_246,pat_43,request_access,phi_rec_43,0,1,0,2025-03-28T00:00:00,,violation_gdpr_art15
req_ben_4105,pat_60,request_access,phi_rec_60,1,1,1,2025-08-16T00:00:00,2025-08-26T00:00:00,benign
req_ben_2634,pat_193,request_access,phi_rec_193,0,0,1,2025-08-08T00:00:00,2025-08-14T00:00:00,benign
req_ben_3503,pat_150,request_access,phi_rec_150,0,0,1,2025-08-19T00:00:00,2025-09-02T00:00:00,benign
req_ben_1940,pat_149,request_access,phi_rec_149,1,1,1,2025-08-03T00:00:00,2025-08-15T00:00:00,benign
req_ben_4543,pat_27,request_deactivation,phi_rec_27,0,0,0,2025-08-21T00:00:00,2025-09-13T00:00:00,benign
req_vio_91,pat_45,request_deactivation,phi_rec_45,0,0,0,2025-03-11T00:00:00,,violation_gdpr_art17
req_ben_3604,pat_140,request_deactivation,phi_rec_140,0,0,0,2025-08-03T00:00:00,2025-08-12T00:00:00,benign
req_ben_84,pat_9,request_access,phi_rec_9,0,1,0,2025-08-16T00:00:00,2025-08-28T00:00:00,benign
req_ben_2652,pat_167,request_access,phi_rec_167,1,1,0,2025-08-09T00:00:00,2025-08-26T00:00:00,benign
req_ben_1421,pat_146,request_access,phi_rec_146,0,0,1,2025-08-26T00:00:00,2025-09-04T00:00:00,benign
req_ben_455,pat_45,request_access,phi_rec_45,0,1,1,2025-08-27T00:00:00,2025-09-15T00:00:00,benign
req_ben_233,pat_41,request_access,phi_rec_41,1,1,1,2025-08-16T00:00:00,2025-08-22T00:00:00,benign
req_ben_4702,pat_82,request_deactivation,phi_rec_82,0,0,0,2025-08-20T00:00:00,2025-09-11T00:00:00,benign
req_ben_4005,pat_9,request_access,phi_rec_9,1,1,1,2025-08-28T00:00:00,2025-09-03T00:00:00,benign
req_ben_4465,pat_194,request_deactivation,phi_rec_194,0,0,0,2025-08-24T00:00:00,2025-09-13T00:00:00,benign
req_ben_768,pat_125,request_access,phi_rec_125,0,1,1,2025-08-05T00:00:00,2025-08-06T00:00:00,benign
req_ben_3696,pat_73,request_deactivation,phi_rec_73,0,0,0,2025-08-07T00:00:00,2025-08-18T00:00:00,benign
req_vio_200,pat_119,request_access,phi_rec_119,1,0,0,2025-04-14T00:00:00,,violation_gdpr_art15
req_ben_1492,pat_170,request_access,phi_rec_170,1,0,1,2025-08-07T00:00:00,2025-09-01T00:00:00,benign
req_ben_2239,pat_189,request_access,phi_rec_189,0,0,1,2025-08-02T00:00:00,2025-08-08T00:00:00,benign
req_ben_1563,pat_20,request_access,phi_rec_20,1,1,1,2025-08-12T00:00:00,2025-09-03T00:00:00,benign
req_ben_1723,pat_68,request_access,phi_rec_68,1,0,1,2025-08-12T00:00:00,2025-08-14T00:00:00,benign
req_ben_1745,pat_83,request_deactivation,phi_rec_83,0,0,0,2025-08-02T00:00:00,2025-08-24T00:00:00,benign
req_vio_172,pat_134,request_access,phi_rec_134,1,0,0,2025-05-26T00:00:00,,violation_gdpr_art15
req_ben_2600,pat_44,request_access,phi_rec_44,0,1,0,2025-08-16T00:00:00,2025-08-29T00:00:00,benign
req_ben_1041,pat_130,request_access,phi_rec_130,0,1,0,2025-08-29T00:00:00,2025-09-08T00:00:00,benign
req_ben_2814,pat_16,request_access,phi_rec_16,1,1,0,2025-08-18T00:00:00,2025-09-12T00:00:00,benign
req_ben_4701,pat_190,request_deactivation,phi_rec_190,0,0,0,2025-08-23T00:00:00,2025-09-01T00:00:00,benign
req_ben_1470,pat_111,request_access,phi_rec_111,0,1,1,2025-08-08T00:00:00,2025-08-11T00:00:00,benign
req_ben_3862,pat_123,request_deactivation,phi_rec_123,0,0,0,2025-08-08T00:00:00,2025-08-12T00:00:00,benign
req_ben_4632,pat_38,request_deactivation,phi_rec_38,0,0,0,2025-08-12T00:00:00,2025-08-16T00:00:00,benign
req_ben_2010,pat_93,request_deactivation,phi_rec_93,0,0,0,2025-08-24T00:00:00,2025-09-05T00:00:00,benign
req_ben_2850,pat_115,request_access,phi_rec_115,1,1,1,2025-08-12T00:00:00,2025-08-27T00:00:00,benign
req_ben_1914,pat_144,request_deactivation,phi_rec_144,0,0,0,2025-08-18T00:00:00,2025-08-25T00:00:00,benign
req_ben_1498,pat_11,request_access,phi_rec_11,0,1,1,2025-08-19T00:00:00,2025-09-08T00:00:00,benign
req_ben_489,pat_94,request_access,phi_rec_94,0,1,0,2025-08-24T00:00:00,2025-08-29T00:00:00,benign
req_ben_1059,pat_2,request_deactivation,phi_rec_2,0,0,0,2025-08-22T00:00:00,2025-09-11T00:00:00,benign
req_vio_155,pat_129,request_deactivation,phi_rec_129,0,0,0,2025-06-06T00:00:00,,violation_gdpr_art17
req_ben_2250,pat_115,request_access,phi_rec_115,1,1,0,2025-08-19T00:00:00,2025-09-02T00:00:00,benign
req_ben_3324,pat_192,request_access,phi_rec_192,0,1,0,2025-08-08T00:00:00,2025-08-11T00:00:00,benign
req_ben_4015,pat_34,request_access,phi_rec_34,1,1,1,2025-08-29T00:00:00,2025-09-07T00:00:00,benign
req_ben_647,pat_14,request_access,phi_rec_14,1,1,0,2025-08-08T00:00:00,2025-08-16T00:00:00,benign
req_ben_377,pat_195,request_access,phi_rec_195,0,0,1,2025-08-22T00:00:00,2025-09-03T00:00:00,benign
req_ben_4084,pat_116,request_access,phi_rec_116,1,1,1,2025-08-03T00:00:00,2025-08-13T00:00:00,benign
req_ben_1728,pat_189,request_access,phi_rec_189,1,0,1,2025-08-29T00:00:00,2025-08-30T00:00:00,benign
req_ben_3689,pat_105,request_access,phi_rec_105,1,1,0,2025-08-14T00:00:00,2025-09-07T00:00:00,benign
req_ben_3836,pat_71,request_access,phi_rec_71,0,1,1,2025-08-24T00:00:00,2025-08-30T00:00:00,benign
req_ben_1846,pat_173,request_deactivation,phi_rec_173,0,0,0,2025-08-07T00:00:00,2025-08-20T00:00:00,benign
req_ben_2355,pat_57,request_deactivation,phi_rec_57,0,0,0,2025-08-13T00:00:00,2025-08-16T00:00:00,benign
req_ben_2235,pat_92,request_access,phi_rec_92,1,1,1,2025-08-22T00:00:00,2025-09-14T00:00:00,benign
req_ben_1079,pat_105,request_access,phi_rec_105,0,1,0,2025-08-23T00:00:00,2025-09-07T00:00:00,benign
req_ben_372,pat_35,request_deactivation,phi_rec_35,0,0,0,2025-08-09T00:00:00,2025-08-25T00:00:00,benign
req_ben_4342,pat_88,request_access,phi_rec_88,1,1,0,2025-08-06T00:00:00,2025-08-08T00:00:00,benign
req_ben_3390,pat_30,request_access,phi_rec_30,1,1,1,2025-08-10T00:00:00,2025-08-20T00:00:00,benign
req_ben_2749,pat_167,request_access,phi_rec_167,1,0,1,2025-08-03T00:00:00,2025-08-21T00:00:00,benign
req_ben_2116,pat_140,request_access,phi_rec_140,0,1,0,2025-08-21T00:00:00,2025-09-09T00:00:00,benign
req_ben_951,pat_129,request_access,phi_rec_129,1,1,0,2025-08-06T00:00:00,2025-08-14T00:00:00,benign
req_ben_4075,pat_115,request_access,phi_rec_115,0,1,0,2025-08-19T00:00:00,2025-09-06T00:00:00,benign
req_ben_649,pat_170,request_deactivation,phi_rec_170,0,0,0,2025-08-19T00:00:00,2025-08-20T00:00:00,benign
req_ben_1858,pat_191,request_access,phi_rec_191,1,0,1,2025-08-07T00:00:00,2025-09-01T00:00:00,benign
req_ben_122,pat_90,request_deactivation,phi_rec_90,0,0,0,2025-08-18T00:00:00,2025-08-19T00:00:00,benign
req_ben_3264,pat_114,request_access,phi_rec_114,1,1,1,2025-08-26T00:00:00,2025-08-30T00:00:00,benign
req_ben_3177,pat_153,request_access,phi_rec_153,0,1,1,2025-08-08T00:00:00,2025-08-27T00:00:00,benign
req_ben_653,pat_189,request_access,phi_rec_189,1,0,1,2025-08-25T00:00:00,2025-08-28T00:00:00,benign
req_vio_151,pat_104,request_deactivation,phi_rec_104,0,0,0,2025-04-21T00:00:00,,violation_gdpr_art17
req_ben_2554,pat_166,request_access,phi_rec_166,1,0,1,2025-08-26T00:00:00,2025-09-17T00:00:00,benign
req_ben_2153,pat_60,request_deactivation,phi_rec_60,0,0,0,2025-08-10T00:00:00,2025-08-23T00:00:00,benign
req_ben_3668,pat_142,request_deactivation,phi_rec_142,0,0,0,2025-08-11T00:00:00,2025-08-23T00:00:00,benign
req_ben_2212,pat_120,request_access,phi_rec_120,0,0,1,2025-08-28T00:00:00,2025-09-09T00:00:00,benign
req_ben_2730,pat_74,request_deactivation,phi_rec_74,0,0,0,2025-08-07T00:00:00,2025-08-10T00:00:00,benign
req_ben_4013,pat_129,request_deactivation,phi_rec_129,0,0,0,2025-08-12T00:00:00,2025-09-01T00:00:00,benign
req_ben_409,pat_138,request_access,phi_rec_138,1,1,0,2025-08-02T00:00:00,2025-08-14T00:00:00,benign
req_ben_145,pat_195,request_deactivation,phi_rec_195,0,0,0,2025-08-17T00:00:00,2025-08-24T00:00:00,benign
req_ben_216,pat_109,request_access,phi_rec_109,0,1,1,2025-08-12T00:00:00,2025-09-02T00:00:00,benign
req_ben_1147,pat_13,request_deactivation,phi_rec_13,0,0,0,2025-08-26T00:00:00,2025-08-31T00:00:00,benign
req_ben_4313,pat_103,request_access,phi_rec_103,1,1,1,2025-08-23T00:00:00,2025-09-11T00:00:00,benign
req_ben_4691,pat_66,request_access,phi_rec_66,1,1,1,2025-08-20T00:00:00,2025-09-01T00:00:00,benign
req_ben_2661,pat_170,request_access,phi_rec_170,0,1,1,2025-08-29T00:00:00,2025-09-05T00:00:00,benign
req_ben_4338,pat_102,request_access,phi_rec_102,0,0,1,2025-08-28T00:00:00,2025-09-20T00:00:00,benign
req_ben_2801,pat_126,request_access,phi_rec_126,1,0,0,2025-08-27T00:00:00,2025-09-19T00:00:00,benign
req_ben_3954,pat_72,request_deactivation,phi_rec_72,0,0,0,2025-08-03T00:00:00,2025-08-22T00:00:00,benign
req_ben_2953,pat_120,request_deactivation,phi_rec_120,0,0,0,2025-08-14T00:00:00,2025-09-02T00:00:00,benign
req_ben_3149,pat_44,request_deactivation,phi_rec_44,0,0,0,2025-08-28T00:00:00,2025-09-01T00:00:00,benign
req_ben_429,pat_117,request_access,phi_rec_117,1,1,1,2025-08-17T00:00:00,2025-09-10T00:00:00,benign
req_ben_4317,pat_68,request_access,phi_rec_68,0,1,1,2025-08-15T00:00:00,2025-08-17T00:00:00,benign
req_ben_2625,pat_127,request_deactivation,phi_rec_127,0,0,0,2025-08-03T00:00:00,2025-08-14T00:00:00,benign
req_ben_2317,pat_76,request_deactivation,phi_rec_76,0,0,0,2025-08-29T00:00:00,2025-09-03T00:00:00,benign
req_ben_3570,pat_153,request_access,phi_rec_153,1,1,1,2025-08-14T00:00:00,2025-09-06T00:00:00,benign
req_ben_809,pat_185,request_access,phi_rec_185,1,1,1,2025-08-10T00:00:00,2025-09-01T00:00:00,benign
req_ben_1021,pat_163,request_access,phi_rec_163,1,0,1,2025-08-12T00:00:00,2025-09-03T00:00:00,benign
req_ben_4622,pat_184,request_access,phi_rec_184,1,1,1,2025-08-16T00:00:00,2025-08-23T00:00:00,benign
req_ben_966,pat_125,request_deactivation,phi_rec_125,0,0,0,2025-08-13T00:00:00,2025-09-02T00:00:00,benign
req_ben_4081,pat_76,request_deactivation,phi_rec_76,0,0,0,2025-08-24T00:00:00,2025-09-10T00:00:00,benign
req_ben_579,pat_175,request_access,phi_rec_175,1,1,1,2025-08-22T00:00:00,2025-09-06T00:00:00,benign
req_ben_153,pat_183,request_deactivation,phi_rec_183,0,0,0,2025-08-23T00:00:00,2025-08-31T00:00:00,benign
req_ben_1299,pat_138,request_access,phi_rec_138,1,1,1,2025-08-03T00:00:00,2025-08-15T00:00:00,benign
req_ben_4699,pat_195,request_deactivation,phi_rec_195,0,0,0,2025-08-18T00:00:00,2025-09-07T00:00:00,benign
req_ben_3671,pat_182,request_access,phi_rec_182,1,0,0,2025-08-14T00:00:00,2025-08-27T00:00:00,benign
req_ben_4439,pat_12,request_deactivation,phi_rec_12,0,0,0,2025-08-21T00:00:00,2025-08-29T00:00:00,benign
req_ben_55,pat_188,request_access,phi_rec_188,1,0,1,2025-08-25T00:00:00,2025-08-28T00:00:00,benign
req_ben_1269,pat_11,request_access,phi_rec_11,1,1,0,2025-08-16T00:00:00,2025-08-27T00:00:00,benign
req_ben_304,pat_86,request_access,phi_rec_86,1,1,1,2025-08-07T00:00:00,2025-08-28T00:00:00,benign
req_ben_1878,pat_142,request_access,phi_rec_142,1,1,1,2025-08-22T00:00:00,2025-09-16T00:00:00,benign
req_ben_1308,pat_9,request_deactivation,phi_rec_9,0,0,0,2025-08-26T00:00:00,2025-09-11T00:00:00,benign
req_ben_4571,pat_21,request_deactivation,phi_rec_21,0,0,0,2025-08-20T00:00:00,2025-08-27T00:00:00,benign
req_ben_4142,pat_162,request_access,phi_rec_162,1,1,0,2025-08-14T00:00:00,2025-08-15T00:00:00,benign
req_ben_4684,pat_186,request_deactivation,phi_rec_186,0,0,0,2025-08-16T00:00:00,2025-08-20T00:00:00,benign
req_ben_2660,pat_167,request_access,phi_rec_167,1,0,0,2025-08-25T00:00:00,2025-08-26T00:00:00,benign
req_ben_1294,pat_117,request_access,phi_rec_117,1,1,0,2025-08-22T00:00:00,2025-08-29T00:00:00,benign
req_ben_3400,pat_81,request_deactivation,phi_rec_81,0,0,0,2025-08-06T00:00:00,2025-08-22T00:00:00,benign
req_ben_1772,pat_26,request_access,phi_rec_26,0,1,0,2025-08-05T00:00:00,2025-08-24T00:00:00,benign
req_ben_1134,pat_134,request_deactivation,phi_rec_134,0,0,0,2025-08-23T00:00:00,2025-08-29T00:00:00,benign
req_ben_900,pat_107,request_access,phi_rec_107,1,1,0,2025-08-15T00:00:00,2025-08-26T00:00:00,benign
req_ben_722,pat_47,request_access,phi_rec_47,1,1,0,2025-08-17T00:00:00,2025-08-23T00:00:00,benign
req_ben_3016,pat_63,request_access,phi_rec_63,0,1,0,2025-08-16T00:00:00,2025-08-21T00:00:00,benign
req_ben_2025,pat_76,request_access,phi_rec_76,1,1,1,2025-08-08T00:00:00,2025-08-26T00:00:00,benign
req_ben_574,pat_23,request_access,phi_rec_23,1,1,0,2025-08-14T00:00:00,2025-08-19T00:00:00,benign
req_ben_769,pat_78,request_deactivation,phi_rec_78,0,0,0,2025-08-03T00:00:00,2025-08-10T00:00:00,benign
req_ben_4744,pat_157,request_access,phi_rec_157,1,0,1,2025-08-12T00:00:00,2025-08-27T00:00:00,benign
req_ben_3283,pat_69,request_access,phi_rec_69,0,0,1,2025-08-13T00:00:00,2025-08-31T00:00:00,benign
req_ben_1466,pat_19,request_deactivation,phi_rec_19,0,0,0,2025-08-04T00:00:00,2025-08-07T00:00:00,benign
req_ben_1403,pat_67,request_access,phi_rec_67,1,1,1,2025-08-12T00:00:00,2025-08-15T00:00:00,benign
req_ben_4271,pat_161,request_access,phi_rec_161,1,1,0,2025-08-02T00:00:00,2025-08-12T00:00:00,benign
req_ben_3514,pat_52,request_deactivation,phi_rec_52,0,0,0,2025-08-14T00:00:00,2025-08-31T00:00:00,benign
req_ben_3318,pat_14,request_access,phi_rec_14,1,1,1,2025-08-03T00:00:00,2025-08-06T00:00:00,benign
req_ben_3886,pat_159,request_access,phi_rec_159,1,0,1,2025-08-12T00:00:00,2025-09-02T00:00:00,benign
req_ben_108,pat_87,request_access,phi_rec_87,1,1,1,2025-08-19T00:00:00,2025-08-29T00:00:00,benign
req_ben_4065,pat_106,request_access,phi_rec_106,1,1,0,2025-08-30T00:00:00,2025-09-11T00:00:00,benign
req_ben_2778,pat_20,request_access,phi_rec_20,1,1,1,2025-08-21T00:00:00,2025-08-22T00:00:00,benign
req_ben_2927,pat_49,request_access,phi_rec_49,0,0,1,2025-08-20T00:00:00,2025-08-24T00:00:00,benign
req_ben_4259,pat_78,request_deactivation,phi_rec_78,0,0,0,2025-08-11T00:00:00,2025-09-03T00:00:00,benign
req_ben_1693,pat_95,request_deactivation,phi_rec_95,0,0,0,2025-08-07T00:00:00,2025-08-28T00:00:00,benign
req_ben_3055,pat_110,request_access,phi_rec_110,1,0,1,2025-08-04T00:00:00,2025-08-28T00:00:00,benign
req_ben_4088,pat_18,request_access,phi_rec_18,0,1,0,2025-08-11T00:00:00,2025-08-27T00:00:00,benign
req_ben_3807,pat_126,request_access,phi_rec_126,1,1,1,2025-08-22T00:00:00,2025-09-06T00:00:00,benign
req_vio_167,pat_141,request_deactivation,phi_rec_141,0,0,0,2025-06-15T00:00:00,,violation_gdpr_art17
req_ben_2815,pat_82,request_access,phi_rec_82,0,0,1,2025-08-27T00:00:00,2025-09-18T00:00:00,benign
req_ben_2302,pat_36,request_deactivation,phi_rec_36,0,0,0,2025-08-09T00:00:00,2025-09-03T00:00:00,benign
req_ben_376,pat_197,request_access,phi_rec_197,1,1,0,2025-08-04T00:00:00,2025-08-26T00:00:00,benign
req_ben_3850,pat_145,request_access,phi_rec_145,1,1,1,2025-08-03T00:00:00,2025-08-22T00:00:00,benign
req_ben_1837,pat_42,request_access,phi_rec_42,0,1,1,2025-08-20T00:00:00,2025-09-14T00:00:00,benign
req_vio_71,pat_55,request_deactivation,phi_rec_55,0,0,0,2025-03-09T00:00:00,,violation_gdpr_art17
req_ben_729,pat_147,request_deactivation,phi_rec_147,0,0,0,2025-08-23T00:00:00,2025-09-01T00:00:00,benign
req_ben_1369,pat_111,request_access,phi_rec_111,1,1,1,2025-08-17T00:00:00,2025-08-26T00:00:00,benign
req_ben_359,pat_97,request_access,phi_rec_97,1,1,1,2025-08-12T00:00:00,2025-08-26T00:00:00,benign
req_ben_1984,pat_60,request_access,phi_rec_60,1,0,1,2025-08-10T00:00:00,2025-08-21T00:00:00,benign
req_ben_3291,pat_130,request_access,phi_rec_130,1,1,1,2025-08-27T00:00:00,2025-09-06T00:00:00,benign
req_ben_3569,pat_116,request_access,phi_rec_116,0,0,1,2025-08-29T00:00:00,2025-09-12T00:00:00,benign
req_ben_87,pat_198,request_access,phi_rec_198,1,0,0,2025-08-14T00:00:00,2025-08-28T00:00:00,benign
req_ben_4575,pat_103,request_access,phi_rec_103,1,1,0,2025-08-16T00:00:00,2025-09-04T00:00:00,benign
req_ben_904,pat_114,request_access,phi_rec_114,1,1,1,2025-08-13T00:00:00,2025-09-07T00:00:00,benign
req_ben_4435,pat_81,request_deactivation,phi_rec_81,0,0,0,2025-08-08T00:00:00,2025-08-19T00:00:00,benign
req_ben_292,pat_34,request_deactivation,phi_rec_34,0,0,0,2025-08-22T00:00:00,2025-09-14T00:00:00,benign
req_ben_2477,pat_178,request_access,phi_rec_178,1,1,1,2025-08-26T00:00:00,2025-09-18T00:00:00,benign
req_ben_1035,pat_83,request_deactivation,phi_rec_83,0,0,0,2025-08-29T00:00:00,2025-08-30T00:00:00,benign
req_ben_1925,pat_133,request_access,phi_rec_133,1,1,0,2025-08-04T00:00:00,2025-08-11T00:00:00,benign
req_ben_1028,pat_114,request_deactivation,phi_rec_114,0,0,0,2025-08-04T00:00:00,2025-08-27T00:00:00,benign
req_ben_1882,pat_53,request_access,phi_rec_53,1,1,1,2025-08-07T00:00:00,2025-08-18T00:00:00,benign
req_ben_3197,pat_113,request_access,phi_rec_113,0,0,1,2025-08-27T00:00:00,2025-09-16T00:00:00,benign
req_ben_4036,pat_56,request_deactivation,phi_rec_56,0,0,0,2025-08-23T00:00:00,2025-09-16T00:00:00,benign
req_ben_4373,pat_156,request_deactivation,phi_rec_156,0,0,0,2025-08-14T00:00:00,2025-08-15T00:00:00,benign
req_ben_4441,pat_114,request_access,phi_rec_114,1,1,1,2025-08-20T00:00:00,2025-08-29T00:00:00,benign
req_ben_1508,pat_4,request_access,phi_rec_4,0,0,1,2025-08-05T00:00:00,2025-08-14T00:00:00,benign
req_ben_3976,pat_28,request_access,phi_rec_28,0,0,1,2025-08-23T00:00:00,2025-09-03T00:00:00,benign
req_vio_147,pat_173,request_deactivation,phi_rec_173,0,0,0,2025-04-05T00:00:00,,violation_gdpr_art17
req_ben_2207,pat_9,request_deactivation,phi_rec_9,0,0,0,2025-08-20T00:00:00,2025-08-27T00:00:00,benign
req_ben_856,pat_197,request_access,phi_rec_197,0,1,0,2025-08-02T00:00:00,2025-08-14T00:00:00,benign
req_ben_3770,pat_180,request_access,phi_rec_180,1,1,1,2025-08-11T00:00:00,2025-09-01T00:00:00,benign
req_ben_3958,pat_107,request_access,phi_rec_107,0,0,1,2025-08-05T00:00:00,2025-08-21T00:00:00,benign
req_ben_4158,pat_48,request_access,phi_rec_48,0,1,1,2025-08-17T00:00:00,2025-08-25T00:00:00,benign
req_ben_2141,pat_176,request_deactivation,phi_rec_176,0,0,0,2025-08-29T00:00:00,2025-09-21T00:00:00,benign
req_ben_1773,pat_56,request_access,phi_rec_56,1,1,1,2025-08-19T00:00:00,2025-08-21T00:00:00,benign
req_ben_1812,pat_56,request_access,phi_rec_56,1,1,1,2025-08-22T00:00:00,2025-09-03T00:00:00,benign
req_ben_2928,pat_164,request_access,phi_rec_164,1,0,0,2025-08-26T00:00:00,2025-09-10T00:00:00,benign
req_ben_2440,pat_154,request_deactivation,phi_rec_154,0,0,0,2025-08-08T00:00:00,2025-08-20T00:00:00,benign
req_ben_2808,pat_141,request_deactivation,phi_rec_141,0,0,0,2025-08-29T00:00:00,2025-09-14T00:00:00,benign
req_ben_1352,pat_0,request_deactivation,phi_rec_0,0,0,0,2025-08-08T00:00:00,2025-08-09T00:00:00,benign
req_ben_865,pat_96,request_access,phi_rec_96,1,0,1,2025-08-08T00:00:00,2025-08-15T00:00:00,benign
req_ben_2771,pat_60,request_deactivation,phi_rec_60,0,0,0,2025-08-28T00:00:00,2025-09-17T00:00:00,benign
req_ben_3716,pat_111,request_access,phi_rec_111,1,1,0,2025-08-20T00:00:00,2025-09-13T00:00:00,benign
req_vio_171,pat_93,request_deactivation,phi_rec_93,0,0,0,2025-06-02T00:00:00,,violation_gdpr_art17
req_vio_210,pat_25,request_access,phi_rec_25,1,0,1,2025-05-26T00:00:00,,violation_gdpr_art15
req_ben_877,pat_21,request_deactivation,phi_rec_21,0,0,0,2025-08-15T00:00:00,2025-08-23T00:00:00,benign
req_ben_4376,pat_140,request_access,phi_rec_140,0,0,1,2025-08-04T00:00:00,2025-08-23T00:00:00,benign
req_ben_3720,pat_95,request_access,phi_rec_95,0,0,1,2025-08-30T00:00:00,2025-09-24T00:00:00,benign
req_ben_4336,pat_43,request_deactivation,phi_rec_43,0,0,0,2025-08-28T00:00:00,2025-09-15T00:00:00,benign
req_ben_3110,pat_142,request_access,phi_rec_142,1,0,0,2025-08-24T00:00:00,2025-09-01T00:00:00,benign
req_ben_3044,pat_17,request_access,phi_rec_17,1,1,1,2025-08-28T00:00:00,2025-09-13T00:00:00,benign
req_ben_3634,pat_47,request_deactivation,phi_rec_47,0,0,0,2025-08-17T00:00:00,2025-09-09T00:00:00,benign
req_ben_888,pat_173,request_access,phi_rec_173,0,1,0,2025-08-05T00:00:00,2025-08-19T00:00:00,benign
req_ben_2587,pat_31,request_access,phi_rec_31,0,1,0,2025-08-04T00:00:00,2025-08-15T00:00:00,benign
req_ben_2113,pat_164,request_access,phi_rec_164,0,0,1,2025-08-19T00:00:00,2025-08-21T00:00:00,benign
req_ben_1586,pat_105,request_access,phi_rec_105,0,1,0,2025-08-20T00:00:00,2025-09-14T00:00:00,benign
req_vio_229,pat_77,request_deactivation,phi_rec_77,0,0,0,2025-07-04T00:00:00,,violation_gdpr_art17
req_vio_21,pat_140,request_deactivation,phi_rec_140,0,0,0,2025-03-07T00:00:00,,violation_gdpr_art17
req_ben_1092,pat_3,request_access,phi_rec_3,1,1,0,2025-08-25T00:00:00,2025-09-16T00:00:00,benign
req_vio_129,pat_199,request_deactivation,phi_rec_199,0,0,0,2025-04-10T00:00:00,,violation_gdpr_art17
req_ben_395,pat_134,request_access,phi_rec_134,1,1,1,2025-08-12T00:00:00,2025-08-31T00:00:00,benign
req_ben_1623,pat_24,request_access,phi_rec_24,0,1,1,2025-08-26T00:00:00,2025-09-13T00:00:00,benign
req_ben_3552,pat_30,request_access,phi_rec_30,0,1,1,2025-08-20T00:00:00,2025-09-04T00:00:00,benign
req_ben_3326,pat_159,request_deactivation,phi_rec_159,0,0,0,2025-08-18T00:00:00,2025-08-28T00:00:00,benign
req_ben_3906,pat_2,request_access,phi_rec_2,1,1,1,2025-08-18T00:00:00,2025-09-12T00:00:00,benign
req_ben_2596,pat_2,request_deactivation,phi_rec_2,0,0,0,2025-08-06T00:00:00,2025-08-14T00:00:00,benign
req_ben_123,pat_134,request_deactivation,phi_rec_134,0,0,0,2025-08-09T00:00:00,2025-08-31T00:00:00,benign
req_ben_4364,pat_57,request_deactivation,phi_rec_57,0,0,0,2025-08-16T00:00:00,2025-08-22T00:00:00,benign
req_ben_858,pat_35,request_access,phi_rec_35,0,1,0,2025-08-20T00:00:00,2025-09-01T00:00:00,benign
req_ben_1489,pat_188,request_access,phi_rec_188,1,1,1,2025-08-15T00:00:00,2025-08-17T00:00:00,benign
req_ben_214,pat_85,request_deactivation,phi_rec_85,0,0,0,2025-08-15T00:00:00,2025-08-17T00:00:00,benign
req_vio_43,pat_102,request_deactivation,phi_rec_102,0,0,0,2025-06-14T00:00:00,,violation_gdpr_art17
req_ben_3458,pat_65,request_access,phi_rec_65,0,0,1,2025-08-08T00:00:00,2025-08-15T00:00:00,benign
req_ben_4557,pat_13,request_access,phi_rec_13,1,0,0,2025-08-26T00:00:00,2025-09-19T00:00:00,benign
req_ben_998,pat_79,request_deactivation,phi_rec_79,0,0,0,2025-08-09T00:00:00,2025-08-31T00:00:00,benign
req_ben_3213,pat_115,request_access,phi_rec_115,1,1,0,2025-08-07T00:00:00,2025-08-14T00:00:00,benign
req_ben_1748,pat_41,request_access,phi_rec_41,0,1,0,2025-08-25T00:00:00,2025-09-06T00:00:00,benign
req_ben_2118,pat_80,request_access,phi_rec_80,0,1,1,2025-08-30T00:00:00,2025-09-17T00:00:00,benign
req_ben_2077,pat_84,request_access,phi_rec_84,0,1,1,2025-08-09T00:00:00,2025-08-31T00:00:00,benign
req_ben_471,pat_93,request_access,phi_rec_93,1,0,1,2025-08-28T00:00:00,2025-08-29T00:00:00,benign
req_vio_227,pat_101,request_deactivation,phi_rec_101,0,0,0,2025-05-02T00:00:00,,violation_gdpr_art17
req_ben_4652,pat_51,request_access,phi_rec_51,0,1,0,2025-08-25T00:00:00,2025-09-04T00:00:00,benign
req_ben_3940,pat_30,request_access,phi_rec_30,0,0,1,2025-08-03T00:00:00,2025-08-24T00:00:00,benign
req_ben_612,pat_33,request_access,phi_rec_33,1,0,0,2025-08-12T00:00:00,2025-08-20T00:00:00,benign
req_ben_4560,pat_59,request_access,phi_rec_59,1,0,1,2025-08-23T00:00:00,2025-09-07T00:00:00,benign
req_ben_529,pat_190,request_access,phi_rec_190,0,1,1,2025-08-07T00:00:00,2025-08-08T00:00:00,benign
req_ben_85,pat_161,request_deactivation,phi_rec_161,0,0,0,2025-08-29T00:00:00,2025-08-31T00:00:00,benign
req_ben_4055,pat_97,request_access,phi_rec_97,0,1,0,2025-08-30T00:00:00,2025-09-01T00:00:00,benign
req_ben_3479,pat_12,request_deactivation,phi_rec_12,0,0,0,2025-08-29T00:00:00,2025-09-04T00:00:00,benign
req_ben_3095,pat_105,request_deactivation,phi_rec_105,0,0,0,2025-08-18T00:00:00,2025-08-27T00:00:00,benign
req_ben_811,pat_117,request_access,phi_rec_117,1,0,1,2025-08-07T00:00:00,2025-08-20T00:00:00,benign
req_ben_2353,pat_181,request_access,phi_rec_181,0,0,1,2025-08-05T00:00:00,2025-08-15T00:00:00,benign
req_ben_3518,pat_101,request_access,phi_rec_101,1,1,1,2025-08-27T00:00:00,2025-09-10T00:00:00,benign
req_ben_2489,pat_164,request_access,phi_rec_164,0,0,1,2025-08-28T00:00:00,2025-09-16T00:00:00,benign
req_ben_3727,pat_171,request_access,phi_rec_171,1,1,1,2025-08-19T00:00:00,2025-09-03T00:00:00,benign
req_ben_459,pat_36,request_access,phi_rec_36,1,1,0,2025-08-03T00:00:00,2025-08-28T00:00:00,benign
req_ben_4719,pat_4,request_access,phi_rec_4,0,0,1,2025-08-06T00:00:00,2025-08-10T00:00:00,benign
req_ben_4224,pat_186,request_deactivation,phi_rec_186,0,0,0,2025-08-06T00:00:00,2025-08-16T00:00:00,benign
req_ben_3017,pat_81,request_deactivation,phi_rec_81,0,0,0,2025-08-06T00:00:00,2025-08-31T00:00:00,benign
req_ben_2289,pat_46,request_deactivation,phi_rec_46,0,0,0,2025-08-08T00:00:00,2025-08-13T00:00:00,benign
req_ben_1712,pat_197,request_access,phi_rec_197,1,1,1,2025-08-22T00:00:00,2025-08-25T00:00:00,benign
req_ben_2886,pat_78,request_deactivation,phi_rec_78,0,0,0,2025-08-27T00:00:00,2025-08-30T00:00:00,benign
req_ben_2238,pat_24,request_deactivation,phi_rec_24,0,0,0,2025-08-17T00:00:00,2025-08-24T00:00:00,benign
req_ben_2446,pat_38,request_deactivation,phi_rec_38,0,0,0,2025-08-20T00:00:00,2025-09-03T00:00:00,benign
req_ben_3190,pat_127,request_access,phi_rec_127,0,1,1,2025-08-02T00:00:00,2025-08-19T00:00:00,benign
req_ben_3931,pat_149,request_deactivation,phi_rec_149,0,0,0,2025-08-18T00:00:00,2025-08-23T00:00:00,benign
req_ben_2039,pat_172,request_access,phi_rec_172,0,1,1,2025-08-04T00:00:00,2025-08-29T00:00:00,benign
req_ben_185,pat_150,request_deactivation,phi_rec_150,0,0,0,2025-08-25T00:00:00,2025-08-30T00:00:00,benign
req_ben_1425,pat_117,request_access,phi_rec_117,1,0,0,2025-08-17T00:00:00,2025-08-24T00:00:00,benign
req_ben_4434,pat_5,request_access,phi_rec_5,1,0,1,2025-08-19T00:00:00,2025-09-13T00:00:00,benign
req_ben_1138,pat_95,request_access,phi_rec_95,0,1,0,2025-08-03T00:00:00,2025-08-25T00:00:00,benign
req_ben_2513,pat_2,request_deactivation,phi_rec_2,0,0,0,2025-08-13T00:00:00,2025-08-22T00:00:00,benign
req_ben_4413,pat_133,request_access,phi_rec_133,1,1,0,2025-08-17T00:00:00,2025-08-19T00:00:00,benign
req_ben_0,pat_98,request_access,phi_rec_98,1,1,1,2025-08-29T00:00:00,2025-09-14T00:00:00,benign
req_ben_213,pat_49,request_access,phi_rec_49,1,0,1,2025-08-11T00:00:00,2025-09-03T00:00:00,benign
req_ben_3441,pat_175,request_access,phi_rec_175,1,0,0,2025-08-02T00:00:00,2025-08-16T00:00:00,benign
req_ben_3433,pat_83,request_deactivation,phi_rec_83,0,0,0,2025-08-27T00:00:00,2025-09-18T00:00:00,benign
req_ben_3658,pat_9,request_deactivation,phi_rec_9,0,0,0,2025-08-04T00:00:00,2025-08-09T00:00:00,benign
req_vio_27,pat_178,request_deactivation,phi_rec_178,0,0,0,2025-05-03T00:00:00,,violation_gdpr_art17
req_ben_937,pat_28,request_access,phi_rec_28,1,1,1,2025-08-03T00:00:00,2025-08-09T00:00:00,benign
req_ben_4290,pat_89,request_access,phi_rec_89,1,1,0,2025-08-16T00:00:00,2025-09-07T00:00:00,benign
req_ben_565,pat_96,request_access,phi_rec_96,1,0,1,2025-08-06T00:00:00,2025-08-28T00:00:00,benign
req_ben_2413,pat_162,request_access,phi_rec_162,0,0,1,2025-08-28T00:00:00,2025-09-14T00:00:00,benign
req_ben_2193,pat_51,request_deactivation,phi_rec_51,0,0,0,2025-08-17T00:00:00,2025-09-10T00:00:00,benign
req_ben_1518,pat_75,request_access,phi_rec_75,0,1,1,2025-08-21T00:00:00,2025-08-24T00:00:00,benign
req_ben_1226,pat_84,request_access,phi_rec_84,0,0,1,2025-08-03T00:00:00,2025-08-28T00:00:00,benign
req_vio_13,pat_66,request_deactivation,phi_rec_66,0,0,0,2025-07-23T00:00:00,,violation_gdpr_art17
req_ben_1544,pat_74,request_deactivation,phi_rec_74,0,0,0,2025-08-16T00:00:00,2025-09-04T00:00:00,benign
req_ben_3034,pat_129,request_access,phi_rec_129,1,1,1,2025-08-03T00:00:00,2025-08-27T00:00:00,benign
req_ben_1456,pat_150,request_access,phi_rec_150,1,1,1,2025-08-09T00:00:00,2025-09-01T00:00:00,benign
req_ben_2556,pat_164,request_access,phi_rec_164,1,0,1,2025-08-22T00:00:00,2025-09-16T00:00:00,benign
req_ben_4189,pat_139,request_access,phi_rec_139,1,1,1,2025-08-12T00:00:00,2025-09-02T00:00:00,benign
req_ben_2923,pat_4,request_access,phi_rec_4,1,0,0,2025-08-08T00:00:00,2025-08-25T00:00:00,benign
req_ben_3860,pat_42,request_deactivation,phi_rec_42,0,0,0,2025-08-26T00:00:00,2025-09-13T00:00:00,benign
req_ben_3092,pat_103,request_access,phi_rec_103,1,0,0,2025-08-30T00:00:00,2025-09-12T00:00:00,benign
req_ben_4505,pat_88,request_access,phi_rec_88,0,1,1,2025-08-15T00:00:00,2025-08-16T00:00:00,benign
req_ben_2366,pat_28,request_access,phi_rec_28,1,0,0,2025-08-14T00:00:00,2025-08-29T00:00:00,benign
req_ben_3031,pat_131,request_access,phi_rec_131,1,1,1,2025-08-24T00:00:00,2025-08-28T00:00:00,benign
req_ben_1479,pat_37,request_deactivation,phi_rec_37,0,0,0,2025-08-04T00:00:00,2025-08-15T00:00:00,benign
req_ben_1801,pat_33,request_access,phi_rec_33,1,1,1,2025-08-29T00:00:00,2025-09-06T00:00:00,benign
req_ben_1629,pat_70,request_deactivation,phi_rec_70,0,0,0,2025-08-06T00:00:00,2025-08-08T00:00:00,benign
req_ben_4275,pat_111,request_access,phi_rec_111,1,1,1,2025-08-02T00:00:00,2025-08-16T00:00:00,benign
req_ben_2148,pat_141,request_deactivation,phi_rec_141,0,0,0,2025-08-23T00:00:00,2025-08-27T00:00:00,benign
req_ben_4470,pat_128,request_access,phi_rec_128,1,0,0,2025-08-04T00:00:00,2025-08-07T00:00:00,benign
req_ben_624,pat_155,request_deactivation,phi_rec_155,0,0,0,2025-08-03T00:00:00,2025-08-28T00:00:00,benign
req_ben_1653,pat_194,request_deactivation,phi_rec_194,0,0,0,2025-08-08T00:00:00,2025-08-11T00:00:00,benign
req_vio_160,pat_15,request_access,phi_rec_15,1,1,1,2025-02-15T00:00:00,,violation_gdpr_art15
req_ben_1700,pat_156,request_deactivation,phi_rec_156,0,0,0,2025-08-14T00:00:00,2025-08-17T00:00:00,benign
req_ben_3042,pat_26,request_access,phi_rec_26,1,0,1,2025-08-18T00:00:00,2025-09-09T00:00:00,benign
req_ben_2382,pat_179,request_access,phi_rec_179,1,1,1,2025-08-23T00:00:00,2025-09-16T00:00:00,benign
req_ben_3771,pat_173,request_access,phi_rec_173,0,1,1,2025-08-17T00:00:00,2025-08-28T00:00:00,benign
req_ben_4108,pat_30,request_access,phi_rec_30,1,1,1,2025-08-05T00:00:00,2025-08-10T00:00:00,benign
req_ben_1885,pat_171,request_access,phi_rec_171,0,1,0,2025-08-29T00:00:00,2025-09-18T00:00:00,benign
req_ben_2712,pat_182,request_access,phi_rec_182,1,1,1,2025-08-08T00:00:00,2025-08-09T00:00:00,benign
req_ben_1247,pat_4,request_access,phi_rec_4,0,1,1,2025-08-21T00:00:00,2025-09-03T00:00:00,benign
req_ben_2263,pat_74,request_deactivation,phi_rec_74,0,0,0,2025-08-03T00:00:00,2025-08-13T00:00:00,benign
req_ben_802,pat_59,request_deactivation,phi_rec_59,0,0,0,2025-08-20T00:00:00,2025-08-29T00:00:00,benign
req_ben_4215,pat_122,request_access,phi_rec_122,1,1,1,2025-08-18T00:00:00,2025-09-05T00:00:00,benign
req_ben_4738,pat_167,request_access,phi_rec_167,1,1,0,2025-08-05T00:00:00,2025-08-15T00:00:00,benign
req_ben_168,pat_138,request_access,phi_rec_138,1,1,0,2025-08-07T00:00:00,2025-08-28T00:00:00,benign
req_ben_2682,pat_181,request_deactivation,phi_rec_181,0,0,0,2025-08-22T00:00:00,2025-09-05T00:00:00,benign
req_ben_3517,pat_149,request_deactivation,phi_rec_149,0,0,0,2025-08-10T00:00:00,2025-08-15T00:00:00,benign
req_ben_3360,pat_163,request_access,phi_rec_163,0,0,1,2025-08-26T00:00:00,2025-09-09T00:00:00,benign
req_ben_1358,pat_40,request_deactivation,phi_rec_40,0,0,0,2025-08-08T00:00:00,2025-08-22T00:00:00,benign
req_ben_1594,pat_35,request_deactivation,phi_rec_35,0,0,0,2025-08-28T00:00:00,2025-09-12T00:00:00,benign
req_ben_331,pat_8,request_access,phi_rec_8,1,0,0,2025-08-11T00:00:00,2025-09-03T00:00:00,benign
req_ben_3725,pat_198,request_access,phi_rec_198,1,1,1,2025-08-22T00:00:00,2025-08-29T00:00:00,benign
req_ben_974,pat_101,request_access,phi_rec_101,1,1,1,2025-08-05T00:00:00,2025-08-10T00:00:00,benign
req_ben_2690,pat_186,request_access,phi_rec_186,1,1,1,2025-08-06T00:00:00,2025-08-17T00:00:00,benign
req_ben_222,pat_46,request_deactivation,phi_rec_46,0,0,0,2025-08-16T00:00:00,2025-08-23T00:00:00,benign
req_ben_869,pat_76,request_access,phi_rec_76,0,1,0,2025-08-20T00:00:00,2025-09-11T00:00:00,benign
req_ben_665,pat_157,request_access,phi_rec_157,0,1,1,2025-08-24T00:00:00,2025-09-01T00:00:00,benign
req_ben_1697,pat_6,request_deactivation,phi_rec_6,0,0,0,2025-08-15T00:00:00,2025-09-03T00:00:00,benign
req_ben_4080,pat_104,request_deactivation,phi_rec_104,0,0,0,2025-08-13T00:00:00,2025-08-16T00:00:00,benign
req_ben_4204,pat_185,request_access,phi_rec_185,1,1,1,2025-08-21T00:00:00,2025-08-22T00:00:00,benign
req_ben_3901,pat_39,request_access,phi_rec_39,1,1,1,2025-08-21T00:00:00,2025-08-23T00:00:00,benign
req_ben_3759,pat_166,request_access,phi_rec_166,1,1,1,2025-08-15T00:00:00,2025-09-09T00:00:00,benign
req_ben_2882,pat_25,request_access,phi_rec_25,1,0,1,2025-08-30T00:00:00,2025-09-09T00:00:00,benign
req_ben_3028,pat_110,request_access,phi_rec_110,1,1,1,2025-08-06T00:00:00,2025-08-07T00:00:00,benign
req_ben_271,pat_35,request_access,phi_rec_35,1,1,1,2025-08-04T00:00:00,2025-08-06T00:00:00,benign
req_ben_1930,pat_125,request_access,phi_rec_125,1,0,1,2025-08-05T00:00:00,2025-08-06T00:00:00,benign
req_ben_3229,pat_156,request_access,phi_rec_156,1,1,1,2025-08-22T00:00:00,2025-08-28T00:00:00,benign
req_ben_788,pat_54,request_access,phi_rec_54,0,1,0,2025-08-05T00:00:00,2025-08-22T00:00:00,benign
req_ben_3506,pat_13,request_access,phi_rec_13,1,1,1,2025-08-30T00:00:00,2025-09-05T00:00:00,benign
req_ben_910,pat_57,request_access,phi_rec_57,0,1,0,2025-08-25T00:00:00,2025-09-18T00:00:00,benign
req_ben_2537,pat_80,request_access,phi_rec_80,0,0,1,2025-08-05T00:00:00,2025-08-16T00:00:00,benign
req_ben_3498,pat_160,request_access,phi_rec_160,1,1,1,2025-08-24T00:00:00,2025-09-16T00:00:00,benign
req_ben_757,pat_130,request_deactivation,phi_rec_130,0,0,0,2025-08-05T00:00:00,2025-08-17T00:00:00,benign
req_ben_34,pat_79,request_access,phi_rec_79,1,1,1,2025-08-07T00:00:00,2025-08-30T00:00:00,benign
req_ben_2738,pat_149,request_deactivation,phi_rec_149,0,0,0,2025-08-20T00:00:00,2025-08-29T00:00:00,benign
req_ben_1636,pat_34,request_deactivation,phi_rec_34,0,0,0,2025-08-22T00:00:00,2025-09-01T00:00:00,benign
req_ben_3546,pat_93,request_access,phi_rec_93,1,1,1,2025-08-12T00:00:00,2025-09-02T00:00:00,benign
req_ben_3947,pat_50,request_deactivation,phi_rec_50,0,0,0,2025-08-07T00:00:00,2025-08-10T00:00:00,benign
req_ben_3787,pat_133,request_access,phi_rec_133,1,0,0,2025-08-18T00:00:00,2025-09-06T00:00:00,benign
req_ben_4442,pat_70,request_access,phi_rec_70,0,1,0,2025-08-17T00:00:00,2025-08-29T00:00:00,benign
req_ben_439,pat_67,request_access,phi_rec_67,0,1,0,2025-08-10T00:00:00,2025-08-22T00:00:00,benign
req_ben_1765,pat_160,request_deactivation,phi_rec_160,0,0,0,2025-08-19T00:00:00,2025-09-08T00:00:00,benign
req_ben_3269,pat_184,request_access,phi_rec_184,1,1,1,2025-08-21T00:00:00,2025-09-12T00:00:00,benign
req_ben_1503,pat_83,request_access,phi_rec_83,0,1,0,2025-08-19T00:00:00,2025-08-27T00:00:00,benign
req_ben_3573,pat_15,request_access,phi_rec_15,1,0,1,2025-08-14T00:00:00,2025-09-02T00:00:00,benign
req_ben_1825,pat_126,request_access,phi_rec_126,0,1,1,2025-08-09T00:00:00,2025-08-16T00:00:00,benign
req_ben_2057,pat_199,request_access,phi_rec_199,1,1,1,2025-08-30T00:00:00,2025-09-05T00:00:00,benign
req_ben_1747,pat_46,request_access,phi_rec_46,0,1,1,2025-08-25T00:00:00,2025-08-30T00:00:00,benign
req_ben_1272,pat_56,request_deactivation,phi_rec_56,0,0,0,2025-08-23T00:00:00,2025-08-26T00:00:00,benign
req_ben_2447,pat_80,request_access,phi_rec_80,1,1,0,2025-08-07T00:00:00,2025-08-24T00:00:00,benign
req_ben_1098,pat_164,request_access,phi_rec_164,1,1,1,2025-08-13T00:00:00,2025-09-05T00:00:00,benign
req_ben_1652,pat_77,request_access,phi_rec_77,1,0,0,2025-08-13T00:00:00,2025-09-05T00:00:00,benign
req_ben_533,pat_59,request_access,phi_rec_59,0,1,0,2025-08-29T00:00:00,2025-09-16T00:00:00,benign
req_ben_3855,pat_21,request_access,phi_rec_21,1,1,1,2025-08-18T00:00:00,2025-08-25T00:00:00,benign
req_ben_4273,pat_99,request_deactivation,phi_rec_99,0,0,0,2025-08-05T00:00:00,2025-08-21T00:00:00,benign
req_ben_1325,pat_168,request_access,phi_rec_168,1,1,1,2025-08-29T00:00:00,2025-09-18T00:00:00,benign
req_ben_138,pat_86,request_deactivation,phi_rec_86,0,0,0,2025-08-11T00:00:00,2025-08-22T00:00:00,benign
req_ben_3521,pat_42,request_access,phi_rec_42,0,1,1,2025-08-24T00:00:00,2025-09-18T00:00:00,benign
req_vio_107,pat_48,request_deactivation,phi_rec_48,0,0,0,2025-07-10T00:00:00,,violation_gdpr_art17
req_ben_4153,pat_66,request_access,phi_rec_66,1,1,0,2025-08-16T00:00:00,2025-08-25T00:00:00,benign
req_vio_46,pat_101,request_access,phi_rec_101,1,0,0,2025-04-22T00:00:00,,violation_gdpr_art15
req_ben_4696,pat_163,request_access,phi_rec_163,1,0,0,2025-08-22T00:00:00,2025-09-13T00:00:00,benign
req_ben_4530,pat_48,request_deactivation,phi_rec_48,0,0,0,2025-08-21T00:00:00,2025-08-28T00:00:00,benign
req_ben_1420,pat_87,request_access,phi_rec_87,0,1,0,2025-08-29T00:00:00,2025-09-08T00:00:00,benign
req_ben_2254,pat_8,request_access,phi_rec_8,1,1,1,2025-08-19T00:00:00,2025-09-12T00:00:00,benign
req_vio_52,pat_18,request_access,phi_rec_18,1,1,0,2025-06-04T00:00:00,,violation_gdpr_art15
req_ben_4025,pat_129,request_access,phi_rec_129,0,0,1,2025-08-22T00:00:00,2025-09-07T00:00:00,benign
req_ben_3603,pat_170,request_access,phi_rec_170,1,0,1,2025-08-22T00:00:00,2025-08-31T00:00:00,benign
req_ben_1084,pat_191,request_access,phi_rec_191,1,0,0,2025-08-12T00:00:00,2025-08-17T00:00:00,benign
req_ben_3690,pat_132,request_access,phi_rec_132,1,0,1,2025-08-03T00:00:00,2025-08-19T00:00:00,benign
req_ben_2523,pat_65,request_access,phi_rec_65,1,1,1,2025-08-02T00:00:00,2025-08-13T00:00:00,benign
req_ben_221,pat_104,request_access,phi_rec_104,1,1,1,2025-08-16T00:00:00,2025-08-30T00:00:00,benign
req_ben_3431,pat_76,request_deactivation,phi_rec_76,0,0,0,2025-08-08T00:00:00,2025-08-14T00:00:00,benign
req_ben_3371,pat_21,request_access,phi_rec_21,0,0,1,2025-08-19T00:00:00,2025-08-24T00:00:00,benign
req_ben_988,pat_151,request_access,phi_rec_151,1,0,0,2025-08-16T00:00:00,2025-08-18T00:00:00,benign
req_vio_29,pat_134,request_deactivation,phi_rec_134,0,0,0,2025-04-04T00:00:00,,violation_gdpr_art17
req_ben_3551,pat_162,request_access,phi_rec_162,1,1,1,2025-08-12T00:00:00,2025-08-16T00:00:00,benign
req_ben_2644,pat_81,request_deactivation,phi_rec_81,0,0,0,2025-08-30T00:00:00,2025-09-07T00:00:00,benign
req_ben_3386,pat_99,request_access,phi_rec_99,1,1,1,2025-08-20T00:00:00,2025-09-04T00:00:00,benign
req_ben_617,pat_152,request_deactivation,phi_rec_152,0,0,0,2025-08-08T00:00:00,2025-08-19T00:00:00,benign
req_ben_40,pat_80,request_access,phi_rec_80,0,0,1,2025-08-24T00:00:00,2025-09-10T00:00:00,benign
req_ben_4630,pat_49,request_access,phi_rec_49,0,1,0,2025-08-30T00:00:00,2025-09-18T00:00:00,benign
req_ben_3036,pat_23,request_access,phi_rec_23,1,0,0,2025-08-25T00:00:00,2025-09-13T00:00:00,benign
req_ben_3106,pat_36,request_access,phi_rec_36,0,1,1,2025-08-16T00:00:00,2025-08-24T00:00:00,benign
req_ben_2809,pat_53,request_deactivation,phi_rec_53,0,0,0,2025-08-25T00:00:00,2025-09-01T00:00:00,benign
req_ben_31,pat_168,request_access,phi_rec_168,0,1,0,2025-08-26T00:00:00,2025-09-19T00:00:00,benign
req_ben_1883,pat_42,request_access,phi_rec_42,1,1,1,2025-08-15T00:00:00,2025-08-19T00:00:00,benign
req_ben_2396,pat_148,request_deactivation,phi_rec_148,0,0,0,2025-08-17T00:00:00,2025-09-11T00:00:00,benign
req_ben_3905,pat_17,request_access,phi_rec_17,1,1,1,2025-08-13T00:00:00,2025-08-20T00:00:00,benign
req_ben_2514,pat_167,request_access,phi_rec_167,0,1,0,2025-08-06T00:00:00,2025-08-21T00:00:00,benign
req_ben_2693,pat_135,request_deactivation,phi_rec_135,0,0,0,2025-08-18T00:00:00,2025-08-31T00:00:00,benign
req_ben_912,pat_16,request_deactivation,phi_rec_16,0,0,0,2025-08-24T00:00:00,2025-09-13T00:00:00,benign
req_ben_3200,pat_60,request_access,phi_rec_60,0,0,1,2025-08-27T00:00:00,2025-09-06T00:00:00,benign
req_ben_2502,pat_115,request_access,phi_rec_115,1,0,1,2025-08-08T00:00:00,2025-08-30T00:00:00,benign
req_ben_2461,pat_75,request_access,phi_rec_75,0,0,1,2025-08-10T00:00:00,2025-09-02T00:00:00,benign
req_ben_4379,pat_168,request_access,phi_rec_168,1,1,1,2025-08-03T00:00:00,2025-08-05T00:00:00,benign
req_ben_2392,pat_34,request_access,phi_rec_34,1,1,1,2025-08-25T00:00:00,2025-09-09T00:00:00,benign
req_ben_1548,pat_8,request_deactivation,phi_rec_8,0,0,0,2025-08-16T00:00:00,2025-08-24T00:00:00,benign
req_ben_204,pat_144,request_deactivation,phi_rec_144,0,0,0,2025-08-20T00:00:00,2025-09-02T00:00:00,benign
req_ben_1990,pat_72,request_access,phi_rec_72,1,1,1,2025-08-14T00:00:00,2025-08-25T00:00:00,benign
req_ben_1971,pat_83,request_access,phi_rec_83,1,1,1,2025-08-28T00:00:00,2025-09-04T00:00:00,benign
req_ben_3872,pat_117,request_access,phi_rec_117,0,0,1,2025-08-05T00:00:00,2025-08-28T00:00:00,benign
req_ben_2979,pat_171,request_access,phi_rec_171,1,0,1,2025-08-29T00:00:00,2025-09-10T00:00:00,benign
req_ben_4203,pat_52,request_access,phi_rec_52,0,0,1,2025-08-03T00:00:00,2025-08-09T00:00:00,benign
req_ben_282,pat_47,request_access,phi_rec_47,1,1,1,2025-08-15T00:00:00,2025-09-01T00:00:00,benign
req_ben_420,pat_35,request_access,phi_rec_35,1,1,0,2025-08-02T00:00:00,2025-08-26T00:00:00,benign
req_ben_171,pat_34,request_access,phi_rec_34,1,1,0,2025-08-16T00:00:00,2025-09-06T00:00:00,benign
req_ben_953,pat_56,request_deactivation,phi_rec_56,0,0,0,2025-08-11T00:00:00,2025-08-29T00:00:00,benign
req_ben_2490,pat_174,request_access,phi_rec_174,1,1,1,2025-08-17T00:00:00,2025-08-22T00:00:00,benign
req_ben_1621,pat_109,request_deactivation,phi_rec_109,0,0,0,2025-08-08T00:00:00,2025-08-29T00:00:00,benign
req_ben_235,pat_6,request_access,phi_rec_6,1,0,0,2025-08-14T00:00:00,2025-09-02T00:00:00,benign
req_ben_3231,pat_3,request_access,phi_rec_3,0,1,1,2025-08-03T00:00:00,2025-08-21T00:00:00,benign
req_ben_2650,pat_95,request_access,phi_rec_95,0,1,1,2025-08-25T00:00:00,2025-09-12T00:00:00,benign
req_ben_218,pat_187,request_access,phi_rec_187,1,1,1,2025-08-30T00:00:00,2025-09-20T00:00:00,benign
req_vio_150,pat_57,request_access,phi_rec_57,1,1,0,2025-04-10T00:00:00,,violation_gdpr_art15
req_ben_1279,pat_137,request_access,phi_rec_137,1,1,1,2025-08-24T00:00:00,2025-09-16T00:00:00,benign
req_ben_3543,pat_43,request_deactivation,phi_rec_43,0,0,0,2025-08-19T00:00:00,2025-09-13T00:00:00,benign
req_ben_772,pat_5,request_access,phi_rec_5,1,1,1,2025-08-29T00:00:00,2025-09-19T00:00:00,benign
req_ben_352,pat_185,request_deactivation,phi_rec_185,0,0,0,2025-08-02T00:00:00,2025-08-21T00:00:00,benign
req_ben_2558,pat_129,request_deactivation,phi_rec_129,0,0,0,2025-08-27T00:00:00,2025-08-28T00:00:00,benign
req_ben_4207,pat_145,request_access,phi_rec_145,1,1,1,2025-08-18T00:00:00,2025-09-06T00:00:00,benign
req_ben_1678,pat_119,request_access,phi_rec_119,1,1,0,2025-08-09T00:00:00,2025-08-18T00:00:00,benign
req_vio_65,pat_150,request_deactivation,phi_rec_150,0,0,0,2025-04-29T00:00:00,,violation_gdpr_art17
req_ben_1436,pat_71,request_deactivation,phi_rec_71,0,0,0,2025-08-26T00:00:00,2025-09-02T00:00:00,benign
req_ben_1348,pat_98,request_access,phi_rec_98,1,0,1,2025-08-18T00:00:00,2025-08-28T00:00:00,benign
req_ben_160,pat_194,request_access,phi_rec_194,0,0,1,2025-08-19T00:00:00,2025-09-04T00:00:00,benign
req_ben_2896,pat_140,request_deactivation,phi_rec_140,0,0,0,2025-08-19T00:00:00,2025-08-28T00:00:00,benign
req_ben_1941,pat_89,request_access,phi_rec_89,1,1,1,2025-08-17T00:00:00,2025-08-20T00:00:00,benign
req_ben_3812,pat_64,request_access,phi_rec_64,1,1,1,2025-08-04T00:00:00,2025-08-24T00:00:00,benign
req_ben_1280,pat_118,request_deactivation,phi_rec_118,0,0,0,2025-08-22T00:00:00,2025-09-16T00:00:00,benign
req_ben_351,pat_62,request_access,phi_rec_62,0,1,1,2025-08-16T00:00:00,2025-08-25T00:00:00,benign
req_ben_93,pat_152,request_access,phi_rec_152,1,1,1,2025-08-24T00:00:00,2025-09-03T00:00:00,benign
req_ben_1692,pat_104,request_access,phi_rec_104,0,1,1,2025-08-26T00:00:00,2025-08-29T00:00:00,benign
req_ben_2493,pat_45,request_access,phi_rec_45,1,0,1,2025-08-13T00:00:00,2025-08-28T00:00:00,benign
req_ben_3173,pat_172,request_access,phi_rec_172,1,0,1,2025-08-22T00:00:00,2025-09-12T00:00:00,benign
req_ben_3304,pat_145,request_access,phi_rec_145,1,0,1,2025-08-11T00:00:00,2025-08-31T00:00:00,benign
req_ben_4106,pat_8,request_access,phi_rec_8,1,1,1,2025-08-16T00:00:00,2025-09-10T00:00:00,benign
req_ben_4552,pat_33,request_access,phi_rec_33,1,1,1,2025-08-06T00:00:00,2025-08-27T00:00:00,benign
req_ben_724,pat_105,request_access,phi_rec_105,0,1,1,2025-08-24T00:00:00,2025-09-15T00:00:00,benign
req_ben_1513,pat_116,request_access,phi_rec_116,0,0,1,2025-08-18T00:00:00,2025-08-21T00:00:00,benign
req_ben_4296,pat_32,request_deactivation,phi_rec_32,0,0,0,2025-08-28T00:00:00,2025-08-30T00:00:00,benign
req_ben_2135,pat_39,request_access,phi_rec_39,1,1,1,2025-08-07T00:00:00,2025-08-15T00:00:00,benign
req_ben_4227,pat_199,request_deactivation,phi_rec_199,0,0,0,2025-08-11T00:00:00,2025-08-17T00:00:00,benign
req_ben_2473,pat_75,request_access,phi_rec_75,0,0,1,2025-08-30T00:00:00,2025-09-15T00:00:00,benign
req_ben_4397,pat_126,request_deactivation,phi_rec_126,0,0,0,2025-08-19T00:00:00,2025-09-04T00:00:00,benign
req_ben_564,pat_169,request_access,phi_rec_169,1,0,1,2025-08-25T00:00:00,2025-08-29T00:00:00,benign
req_ben_1954,pat_135,request_access,phi_rec_135,1,1,1,2025-08-28T00:00:00,2025-08-31T00:00:00,benign
req_ben_3392,pat_130,request_deactivation,phi_rec_130,0,0,0,2025-08-25T00:00:00,2025-08-28T00:00:00,benign
req_ben_3851,pat_154,request_deactivation,phi_rec_154,0,0,0,2025-08-30T00:00:00,2025-09-15T00:00:00,benign
req_ben_639,pat_46,request_access,phi_rec_46,1,1,0,2025-08-22T00:00:00,2025-08-28T00:00:00,benign
req_ben_1688,pat_80,request_access,phi_rec_80,1,1,0,2025-08-30T00:00:00,2025-09-10T00:00:00,benign
req_ben_3663,pat_166,request_access,phi_rec_166,1,1,1,2025-08-05T00:00:00,2025-08-18T00:00:00,benign
req_ben_3493,pat_99,request_access,phi_rec_99,1,1,0,2025-08-07T00:00:00,2025-08-09T00:00:00,benign
req_ben_4641,pat_0,request_deactivation,phi_rec_0,0,0,0,2025-08-20T00:00:00,2025-08-22T00:00:00,benign
req_ben_3483,pat_166,request_deactivation,phi_rec_166,0,0,0,2025-08-24T00:00:00,2025-09-14T00:00:00,benign
req_ben_2311,pat_93,request_access,phi_rec_93,1,1,1,2025-08-15T00:00:00,2025-08-25T00:00:00,benign
req_ben_560,pat_195,request_deactivation,phi_rec_195,0,0,0,2025-08-10T00:00:00,2025-08-19T00:00:00,benign
req_ben_1383,pat_131,request_deactivation,phi_rec_131,0,0,0,2025-08-19T00:00:00,2025-09-07T00:00:00,benign
req_ben_3442,pat_64,request_deactivation,phi_rec_64,0,0,0,2025-08-28T00:00:00,2025-09-02T00:00:00,benign
req_ben_3263,pat_192,request_access,phi_rec_192,0,1,0,2025-08-17T00:00:00,2025-08-24T00:00:00,benign
req_ben_691,pat_67,request_access,phi_rec_67,0,1,1,2025-08-07T00:00:00,2025-08-18T00:00:00,benign
req_ben_4121,pat_39,request_access,phi_rec_39,1,0,0,2025-08-21T00:00:00,2025-09-07T00:00:00,benign
req_ben_4366,pat_123,request_access,phi_rec_123,0,0,1,2025-08-13T00:00:00,2025-09-02T00:00:00,benign
req_ben_3328,pat_55,request_deactivation,phi_rec_55,0,0,0,2025-08-20T00:00:00,2025-09-03T00:00:00,benign
req_ben_2312,pat_69,request_deactivation,phi_rec_69,0,0,0,2025-08-20T00:00:00,2025-08-31T00:00:00,benign
req_ben_1015,pat_126,request_access,phi_rec_126,0,1,1,2025-08-04T00:00:00,2025-08-12T00:00:00,benign
req_ben_4661,pat_17,request_access,phi_rec_17,0,1,0,2025-08-08T00:00:00,2025-08-12T00:00:00,benign
req_vio_159,pat_7,request_deactivation,phi_rec_7,0,0,0,2025-05-21T00:00:00,,violation_gdpr_art17
req_ben_2204,pat_122,request_deactivation,phi_rec_122,0,0,0,2025-08-27T00:00:00,2025-09-11T00:00:00,benign
req_ben_59,pat_198,request_access,phi_rec_198,1,0,0,2025-08-17T00:00:00,2025-09-09T00:00:00,benign
req_ben_879,pat_122,request_access,phi_rec_122,1,1,1,2025-08-12T00:00:00,2025-09-01T00:00:00,benign
req_ben_890,pat_91,request_access,phi_rec_91,0,1,0,2025-08-09T00:00:00,2025-08-21T00:00:00,benign
req_ben_1624,pat_180,request_access,phi_rec_180,0,1,1,2025-08-04T00:00:00,2025-08-11T00:00:00,benign
req_ben_692,pat_3,request_access,phi_rec_3,1,0,0,2025-08-27T00:00:00,2025-09-09T00:00:00,benign
req_ben_732,pat_35,request_access,phi_rec_35,0,1,1,2025-08-24T00:00:00,2025-09-17T00:00:00,benign
req_ben_1998,pat_128,request_access,phi_rec_128,1,0,1,2025-08-12T00:00:00,2025-09-06T00:00:00,benign
req_ben_1679,pat_56,request_access,phi_rec_56,1,0,0,2025-08-07T00:00:00,2025-08-20T00:00:00,benign
req_ben_2474,pat_86,request_access,phi_rec_86,1,0,0,2025-08-10T00:00:00,2025-08-12T00:00:00,benign
req_ben_4606,pat_30,request_access,phi_rec_30,0,0,1,2025-08-08T00:00:00,2025-08-26T00:00:00,benign
req_ben_3421,pat_53,request_access,phi_rec_53,0,1,0,2025-08-15T00:00:00,2025-08-17T00:00:00,benign
req_ben_2234,pat_52,request_access,phi_rec_52,1,1,0,2025-08-18T00:00:00,2025-08-20T00:00:00,benign
req_ben_3394,pat_89,request_access,phi_rec_89,1,0,1,2025-08-30T00:00:00,2025-09-08T00:00:00,benign
req_ben_4177,pat_52,request_access,phi_rec_52,1,1,0,2025-08-29T00:00:00,2025-09-07T00:00:00,benign
req_ben_4357,pat_89,request_access,phi_rec_89,0,0,1,2025-08-15T00:00:00,2025-09-09T00:00:00,benign
req_ben_65,pat_180,request_access,phi_rec_180,1,1,1,2025-08-04T00:00:00,2025-08-17T00:00:00,benign
req_ben_2307,pat_185,request_access,phi_rec_185,1,1,1,2025-08-11T00:00:00,2025-08-29T00:00:00,benign
req_ben_163,pat_123,request_deactivation,phi_rec_123,0,0,0,2025-08-08T00:00:00,2025-08-17T00:00:00,benign
req_ben_3039,pat_112,request_access,phi_rec_112,1,1,0,2025-08-12T00:00:00,2025-09-05T00:00:00,benign
req_ben_785,pat_77,request_access,phi_rec_77,0,1,1,2025-08-03T00:00:00,2025-08-14T00:00:00,benign
req_ben_2181,pat_30,request_access,phi_rec_30,1,1,1,2025-08-19T00:00:00,2025-09-11T00:00:00,benign
req_ben_386,pat_2,request_deactivation,phi_rec_2,0,0,0,2025-08-14T00:00:00,2025-08-17T00:00:00,benign
req_ben_4749,pat_36,request_access,phi_rec_36,0,0,1,2025-08-04T00:00:00,2025-08-28T00:00:00,benign
req_ben_3359,pat_123,request_deactivation,phi_rec_123,0,0,0,2025-08-26T00:00:00,2025-08-29T00:00:00,benign
req_ben_346,pat_143,request_deactivation,phi_rec_143,0,0,0,2025-08-02T00:00:00,2025-08-24T00:00:00,benign
req_ben_1591,pat_143,request_access,phi_rec_143,1,1,1,2025-08-05T00:00:00,2025-08-08T00:00:00,benign
req_ben_3194,pat_95,request_deactivation,phi_rec_95,0,0,0,2025-08-11T00:00:00,2025-08-31T00:00:00,benign
req_ben_3741,pat_49,request_deactivation,phi_rec_49,0,0,0,2025-08-03T00:00:00,2025-08-22T00:00:00,benign
req_ben_1581,pat_125,request_deactivation,phi_rec_125,0,0,0,2025-08-10T00:00:00,2025-08-11T00:00:00,benign
req_ben_635,pat_107,request_deactivation,phi_rec_107,0,0,0,2025-08-14T00:00:00,2025-09-03T00:00:00,benign
req_ben_4280,pat_116,request_access,phi_rec_116,1,1,1,2025-08-08T00:00:00,2025-08-12T00:00:00,benign
req_ben_668,pat_9,request_deactivation,phi_rec_9,0,0,0,2025-08-16T00:00:00,2025-08-25T00:00:00,benign
req_ben_3381,pat_7,request_access,phi_rec_7,1,1,0,2025-08-27T00:00:00,2025-09-13T00:00:00,benign
req_ben_609,pat_33,request_access,phi_rec_33,0,1,0,2025-08-20T00:00:00,2025-09-04T00:00:00,benign
req_ben_2841,pat_38,request_access,phi_rec_38,1,1,1,2025-08-10T00:00:00,2025-09-02T00:00:00,benign
req_ben_4524,pat_0,request_access,phi_rec_0,0,1,1,2025-08-29T00:00:00,2025-09-20T00:00:00,benign
req_ben_12,pat_8,request_access,phi_rec_8,1,1,1,2025-08-15T00:00:00,2025-08-18T00:00:00,benign
req_ben_2990,pat_31,request_access,phi_rec_31,0,1,0,2025-08-28T00:00:00,2025-09-01T00:00:00,benign
req_ben_1231,pat_173,request_access,phi_rec_173,0,1,1,2025-08-19T00:00:00,2025-09-01T00:00:00,benign
req_ben_2601,pat_185,request_access,phi_rec_185,1,1,1,2025-08-29T00:00:00,2025-09-19T00:00:00,benign
req_ben_4712,pat_21,request_access,phi_rec_21,0,1,1,2025-08-12T00:00:00,2025-08-18T00:00:00,benign
req_ben_230,pat_163,request_deactivation,phi_rec_163,0,0,0,2025-08-02T00:00:00,2025-08-13T00:00:00,benign
req_ben_23,pat_183,request_access,phi_rec_183,0,0,1,2025-08-15T00:00:00,2025-08-16T00:00:00,benign
req_ben_1148,pat_177,request_access,phi_rec_177,1,0,0,2025-08-16T00:00:00,2025-08-23T00:00:00,benign
req_vio_141,pat_54,request_deactivation,phi_rec_54,0,0,0,2025-07-09T00:00:00,,violation_gdpr_art17
req_ben_1919,pat_193,request_access,phi_rec_193,0,0,1,2025-08-07T00:00:00,2025-08-22T00:00:00,benign
req_ben_4567,pat_102,request_access,phi_rec_102,1,1,0,2025-08-02T00:00:00,2025-08-22T00:00:00,benign
req_ben_1881,pat_40,request_access,phi_rec_40,1,1,1,2025-08-19T00:00:00,2025-08-23T00:00:00,benign
req_ben_3782,pat_196,request_access,phi_rec_196,1,1,0,2025-08-19T00:00:00,2025-08-28T00:00:00,benign
req_ben_28,pat_43,request_access,phi_rec_43,1,1,1,2025-08-06T00:00:00,2025-08-23T00:00:00,benign
req_ben_1776,pat_174,request_deactivation,phi_rec_174,0,0,0,2025-08-02T00:00:00,2025-08-24T00:00:00,benign
req_ben_232,pat_162,request_access,phi_rec_162,0,1,0,2025-08-20T00:00:00,2025-08-28T00:00:00,benign
req_ben_2777,pat_55,request_deactivation,phi_rec_55,0,0,0,2025-08-21T00:00:00,2025-09-15T00:00:00,benign
req_ben_4681,pat_27,request_access,phi_rec_27,0,1,0,2025-08-06T00:00:00,2025-08-15T00:00:00,benign
req_ben_3374,pat_102,request_access,phi_rec_102,1,0,0,2025-08-04T00:00:00,2025-08-26T00:00:00,benign
req_ben_1106,pat_78,request_access,phi_rec_78,0,1,0,2025-08-04T00:00:00,2025-08-13T00:00:00,benign
req_ben_3753,pat_116,request_deactivation,phi_rec_116,0,0,0,2025-08-14T00:00:00,2025-08-23T00:00:00,benign
req_ben_309,pat_175,request_access,phi_rec_175,0,1,1,2025-08-25T00:00:00,2025-09-07T00:00:00,benign
req_ben_2719,pat_46,request_deactivation,phi_rec_46,0,0,0,2025-08-14T00:00:00,2025-08-29T00:00:00,benign
req_ben_585,pat_45,request_deactivation,phi_rec_45,0,0,0,2025-08-18T00:00:00,2025-09-04T00:00:00,benign
req_ben_4748,pat_0,request_deactivation,phi_rec_0,0,0,0,2025-08-11T00:00:00,2025-09-04T00:00:00,benign
req_ben_4191,pat_79,request_access,phi_rec_79,0,1,0,2025-08-16T00:00:00,2025-08-21T00:00:00,benign
req_ben_483,pat_118,request_access,phi_rec_118,0,0,1,2025-08-25T00:00:00,2025-09-08T00:00:00,benign
req_ben_2989,pat_162,request_access,phi_rec_162,0,1,0,2025-08-04T00:00:00,2025-08-17T00:00:00,benign
req_ben_2067,pat_42,request_access,phi_rec_42,0,0,1,2025-08-28T00:00:00,2025-09-04T00:00:00,benign
req_ben_1988,pat_95,request_access,phi_rec_95,1,1,1,2025-08-08T00:00:00,2025-08-23T00:00:00,benign
req_ben_2696,pat_0,request_access,phi_rec_0,1,0,1,2025-08-26T00:00:00,2025-09-13T00:00:00,benign
req_ben_148,pat_90,request_access,phi_rec_90,1,0,1,2025-08-17T00:00:00,2025-09-09T00:00:00,benign
req_ben_4330,pat_184,request_access,phi_rec_184,1,1,0,2025-08-23T00:00:00,2025-09-05T00:00:00,benign
req_ben_3260,pat_136,request_access,phi_rec_136,0,1,1,2025-08-28T00:00:00,2025-09-09T00:00:00,benign
req_ben_1690,pat_70,request_deactivation,phi_rec_70,0,0,0,2025-08-29T00:00:00,2025-09-14T00:00:00,benign
req_ben_2610,pat_52,request_deactivation,phi_rec_52,0,0,0,2025-08-03T00:00:00,2025-08-07T00:00:00,benign
req_ben_2747,pat_90,request_access,phi_rec_90,0,0,1,2025-08-25T00:00:00,2025-09-01T00:00:00,benign
req_ben_62,pat_26,request_access,phi_rec_26,1,1,1,2025-08-16T00:00:00,2025-08-21T00:00:00,benign
req_ben_2908,pat_188,request_access,phi_rec_188,0,1,0,2025-08-17T00:00:00,2025-08-21T00:00:00,benign
req_ben_1018,pat_136,request_access,phi_rec_136,1,1,1,2025-08-29T00:00:00,2025-08-30T00:00:00,benign
req_ben_3052,pat_70,request_access,phi_rec_70,0,0,1,2025-08-21T00:00:00,2025-08-24T00:00:00,benign
req_ben_1994,pat_75,request_access,phi_rec_75,0,1,0,2025-08-04T00:00:00,2025-08-08T00:00:00,benign
req_ben_2516,pat_3,request_access,phi_rec_3,1,1,1,2025-08-16T00:00:00,2025-09-04T00:00:00,benign
req_ben_268,pat_40,request_access,phi_rec_40,0,1,0,2025-08-03T00:00:00,2025-08-06T00:00:00,benign
req_vio_128,pat_5,request_access,phi_rec_5,1,1,1,2025-05-04T00:00:00,,violation_gdpr_art15
req_ben_3878,pat_14,request_deactivation,phi_rec_14,0,0,0,2025-08-25T00:00:00,2025-09-03T00:00:00,benign
req_ben_3227,pat_162,request_access,phi_rec_162,0,1,1,2025-08-03T00:00:00,2025-08-04T00:00:00,benign
req_ben_143,pat_185,request_deactivation,phi_rec_185,0,0,0,2025-08-29T00:00:00,2025-09-12T00:00:00,benign
req_ben_71,pat_52,request_deactivation,phi_rec_52,0,0,0,2025-08-13T00:00:00,2025-08-27T00:00:00,benign
req_ben_1330,pat_46,request_deactivation,phi_rec_46,0,0,0,2025-08-03T00:00:00,2025-08-26T00:00:00,benign
req_ben_1464,pat_158,request_deactivation,phi_rec_158,0,0,0,2025-08-18T00:00:00,2025-09-05T00:00:00,benign
req_vio_217,pat_6,request_deactivation,phi_rec_6,0,0,0,2025-04-21T00:00:00,,violation_gdpr_art17
req_ben_4233,pat_183,request_deactivation,phi_rec_183,0,0,0,2025-08-10T00:00:00,2025-08-21T00:00:00,benign
req_ben_2563,pat_97,request_deactivation,phi_rec_97,0,0,0,2025-08-03T00:00:00,2025-08-28T00:00:00,benign
req_ben_2498,pat_182,request_deactivation,phi_rec_182,0,0,0,2025-08-10T00:00:00,2025-08-30T00:00:00,benign
req_ben_4559,pat_140,request_access,phi_rec_140,0,1,0,2025-08-12T00:00:00,2025-09-01T00:00:00,benign
req_ben_3950,pat_50,request_deactivation,phi_rec_50,0,0,0,2025-08-25T00:00:00,2025-09-15T00:00:00,benign
req_ben_1312,pat_51,request_access,phi_rec_51,1,0,1,2025-08-21T00:00:00,2025-09-15T00:00:00,benign
req_ben_4149,pat_133,request_access,phi_rec_133,1,1,0,2025-08-12T00:00:00,2025-08-23T00:00:00,benign
req_ben_2285,pat_0,request_deactivation,phi_rec_0,0,0,0,2025-08-25T00:00:00,2025-09-13T00:00:00,benign
req_ben_3314,pat_38,request_access,phi_rec_38,1,1,0,2025-08-04T00:00:00,2025-08-09T00:00:00,benign
req_ben_536,pat_153,request_deactivation,phi_rec_153,0,0,0,2025-08-09T00:00:00,2025-08-16T00:00:00,benign
req_ben_3939,pat_33,request_deactivation,phi_rec_33,0,0,0,2025-08-08T00:00:00,2025-08-18T00:00:00,benign
req_ben_1854,pat_43,request_access,phi_rec_43,1,0,1,2025-08-12T00:00:00,2025-08-13T00:00:00,benign
req_ben_196,pat_135,request_access,phi_rec_135,0,1,1,2025-08-09T00:00:00,2025-08-10T00:00:00,benign
req_vio_92,pat_77,request_access,phi_rec_77,1,1,1,2025-02-28T00:00:00,,violation_gdpr_art15
req_ben_1465,pat_86,request_deactivation,phi_rec_86,0,0,0,2025-08-09T00:00:00,2025-09-01T00:00:00,benign
req_ben_1725,pat_190,request_access,phi_rec_190,0,0,1,2025-08-22T00:00:00,2025-08-26T00:00:00,benign
req_ben_2629,pat_115,request_access,phi_rec_115,1,0,0,2025-08-25T00:00:00,2025-09-08T00:00:00,benign
req_ben_889,pat_91,request_deactivation,phi_rec_91,0,0,0,2025-08-02T00:00:00,2025-08-15T00:00:00,benign
req_ben_157,pat_39,request_deactivation,phi_rec_39,0,0,0,2025-08-14T00:00:00,2025-08-19T00:00:00,benign
req_ben_595,pat_124,request_deactivation,phi_rec_124,0,0,0,2025-08-15T00:00:00,2025-08-29T00:00:00,benign
req_ben_4116,pat_38,request_access,phi_rec_38,0,1,1,2025-08-05T00:00:00,2025-08-10T00:00:00,benign
req_ben_3273,pat_117,request_access,phi_rec_117,1,0,0,2025-08-11T00:00:00,2025-09-04T00:00:00,benign
req_ben_2954,pat_42,request_access,phi_rec_42,1,0,1,2025-08-08T00:00:00,2025-09-02T00:00:00,benign
req_ben_1386,pat_18,request_access,phi_rec_18,1,1,1,2025-08-11T00:00:00,2025-08-31T00:00:00,benign
req_ben_229,pat_37,request_deactivation,phi_rec_37,0,0,0,2025-08-25T00:00:00,2025-08-31T00:00:00,benign
req_ben_113,pat_171,request_access,phi_rec_171,1,1,1,2025-08-30T00:00:00,2025-09-03T00:00:00,benign
req_vio_158,pat_79,request_access,phi_rec_79,1,0,1,2025-07-21T00:00:00,,violation_gdpr_art15
req_ben_1850,pat_40,request_access,phi_rec_40,0,1,1,2025-08-06T00:00:00,2025-08-10T00:00:00,benign
req_ben_3884,pat_83,request_access,phi_rec_83,1,1,1,2025-08-17T00:00:00,2025-08-23T00:00:00,benign
req_ben_684,pat_141,request_access,phi_rec_141,1,1,1,2025-08-09T00:00:00,2025-08-22T00:00:00,benign
req_ben_3358,pat_133,request_access,phi_rec_133,1,0,1,2025-08-05T00:00:00,2025-08-10T00:00:00,benign
req_ben_1014,pat_11,request_access,phi_rec_11,1,1,0,2025-08-13T00:00:00,2025-08-29T00:00:00,benign
req_ben_3253,pat_4,request_access,phi_rec_4,1,0,0,2025-08-07T00:00:00,2025-09-01T00:00:00,benign
req_ben_4072,pat_80,request_access,phi_rec_80,0,0,1,2025-08-02T00:00:00,2025-08-09T00:00:00,benign
req_ben_4742,pat_158,request_access,phi_rec_158,1,1,0,2025-08-21T00:00:00,2025-09-11T00:00:00,benign
req_ben_4416,pat_105,request_access,phi_rec_105,1,1,1,2025-08-26T00:00:00,2025-09-16T00:00:00,benign
req_ben_4675,pat_158,request_access,phi_rec_158,1,0,0,2025-08-22T00:00:00,2025-08-24T00:00:00,benign
req_vio_4,pat_147,request_access,phi_rec_147,0,1,1,2025-04-20T00:00:00,,violation_gdpr_art15
req_ben_1200,pat_33,request_access,phi_rec_33,1,0,1,2025-08-15T00:00:00,2025-08-22T00:00:00,benign
req_ben_1417,pat_22,request_access,phi_rec_22,0,0,1,2025-08-28T00:00:00,2025-09-18T00:00:00,benign
req_ben_3306,pat_15,request_access,phi_rec_15,1,0,1,2025-08-25T00:00:00,2025-08-31T00:00:00,benign
req_ben_2313,pat_125,request_access,phi_rec_125,0,0,1,2025-08-25T00:00:00,2025-08-27T00:00:00,benign
req_ben_4058,pat_57,request_access,phi_rec_57,0,1,0,2025-08-07T00:00:00,2025-08-08T00:00:00,benign
req_ben_3644,pat_100,request_deactivation,phi_rec_100,0,0,0,2025-08-18T00:00:00,2025-08-28T00:00:00,benign
req_ben_719,pat_64,request_deactivation,phi_rec_64,0,0,0,2025-08-24T00:00:00,2025-08-30T00:00:00,benign
req_ben_1179,pat_123,request_access,phi_rec_123,1,1,1,2025-08-11T00:00:00,2025-08-12T00:00:00,benign
req_ben_4260,pat_0,request_deactivation,phi_rec_0,0,0,0,2025-08-25T00:00:00,2025-09-05T00:00:00,benign
req_ben_1122,pat_149,request_deactivation,phi_rec_149,0,0,0,2025-08-14T00:00:00,2025-08-22T00:00:00,benign
req_vio_70,pat_140,request_access,phi_rec_140,1,1,1,2025-03-31T00:00:00,,violation_gdpr_art15
req_ben_491,pat_20,request_access,phi_rec_20,1,1,1,2025-08-30T00:00:00,2025-09-06T00:00:00,benign
req_ben_2488,pat_122,request_access,phi_rec_122,1,1,1,2025-08-13T00:00:00,2025-08-24T00:00:00,benign
req_ben_270,pat_123,request_access,phi_rec_123,0,1,0,2025-08-04T00:00:00,2025-08-08T00:00:00,benign
req_ben_4535,pat_177,request_deactivation,phi_rec_177,0,0,0,2025-08-29T00:00:00,2025-09-20T00:00:00,benign
req_ben_366,pat_100,request_access,phi_rec_100,1,1,0,2025-08-07T00:00:00,2025-08-11T00:00:00,benign
req_ben_4145,pat_157,request_deactivation,phi_rec_157,0,0,0,2025-08-14T00:00:00,2025-08-15T00:00:00,benign
req_ben_2324,pat_182,request_access,phi_rec_182,0,0,1,2025-08-09T00:00:00,2025-08-28T00:00:00,benign
req_ben_1370,pat_6,request_access,phi_rec_6,1,1,1,2025-08-27T00:00:00,2025-08-28T00:00:00,benign
req_ben_3896,pat_90,request_access,phi_rec_90,1,1,1,2025-08-10T00:00:00,2025-08-14T00:00:00,benign
req_ben_4653,pat_174,request_deactivation,phi_rec_174,0,0,0,2025-08-02T00:00:00,2025-08-18T00:00:00,benign
req_ben_2245,pat_148,request_deactivation,phi_rec_148,0,0,0,2025-08-22T00:00:00,2025-09-10T00:00:00,benign
req_ben_116,pat_74,request_access,phi_rec_74,1,1,1,2025-08-14T00:00:00,2025-08-28T00:00:00,benign
req_ben_41,pat_156,request_access,phi_rec_156,1,1,1,2025-08-24T00:00:00,2025-09-16T00:00:00,benign
req_ben_3519,pat_74,request_access,phi_rec_74,1,1,1,2025-08-22T00:00:00,2025-09-03T00:00:00,benign
req_ben_4023,pat_5,request_access,phi_rec_5,1,1,1,2025-08-17T00:00:00,2025-09-06T00:00:00,benign
req_ben_4388,pat_24,request_access,phi_rec_24,0,1,0,2025-08-25T00:00:00,2025-09-07T00:00:00,benign
req_vio_153,pat_82,request_deactivation,phi_rec_82,0,0,0,2025-06-24T00:00:00,,violation_gdpr_art17
req_ben_4626,pat_46,request_access,phi_rec_46,1,0,0,2025-08-09T00:00:00,2025-08-22T00:00:00,benign
req_ben_3064,pat_153,request_access,phi_rec_153,1,1,1,2025-08-10T00:00:00,2025-09-01T00:00:00,benign
req_ben_767,pat_99,request_deactivation,phi_rec_99,0,0,0,2025-08-26T00:00:00,2025-09-13T00:00:00,benign
req_ben_1840,pat_126,request_access,phi_rec_126,1,1,1,2025-08-08T00:00:00,2025-08-11T00:00:00,benign
req_ben_1483,pat_165,request_access,phi_rec_165,0,1,0,2025-08-17T00:00:00,2025-08-25T00:00:00,benign
req_ben_2103,pat_9,request_deactivation,phi_rec_9,0,0,0,2025-08-25T00:00:00,2025-09-09T00:00:00,benign
req_ben_2228,pat_151,request_deactivation,phi_rec_151,0,0,0,2025-08-04T00:00:00,2025-08-06T00:00:00,benign
req_ben_490,pat_168,request_access,phi_rec_168,1,1,1,2025-08-07T00:00:00,2025-08-14T00:00:00,benign
req_vio_237,pat_4,request_deactivation,phi_rec_4,0,0,0,2025-03-02T00:00:00,,violation_gdpr_art17
req_ben_3960,pat_45,request_access,phi_rec_45,1,0,0,2025-08-17T00:00:00,2025-09-05T00:00:00,benign
req_ben_3118,pat_81,request_access,phi_rec_81,0,1,0,2025-08-03T00:00:00,2025-08-25T00:00:00,benign
req_ben_191,pat_71,request_access,phi_rec_71,1,1,1,2025-08-14T00:00:00,2025-08-31T00:00:00,benign
req_ben_1209,pat_161,request_deactivation,phi_rec_161,0,0,0,2025-08-26T00:00:00,2025-09-14T00:00:00,benign
req_ben_3412,pat_157,request_access,phi_rec_157,0,1,0,2025-08-16T00:00:00,2025-08-19T00:00:00,benign
req_ben_3946,pat_191,request_access,phi_rec_191,1,0,0,2025-08-04T00:00:00,2025-08-10T00:00:00,benign
req_ben_1517,pat_19,request_access,phi_rec_19,1,1,1,2025-08-04T00:00:00,2025-08-05T00:00:00,benign
req_ben_3975,pat_126,request_access,phi_rec_126,0,1,0,2025-08-20T00:00:00,2025-09-08T00:00:00,benign
req_ben_751,pat_142,request_access,phi_rec_142,1,0,0,2025-08-26T00:00:00,2025-09-16T00:00:00,benign
req_ben_3683,pat_56,request_access,phi_rec_56,1,1,0,2025-08-25T00:00:00,2025-09-16T00:00:00,benign
req_ben_3066,pat_120,request_access,phi_rec_120,0,1,0,2025-08-23T00:00:00,2025-08-31T00:00:00,benign
req_ben_2666,pat_97,request_deactivation,phi_rec_97,0,0,0,2025-08-28T00:00:00,2025-09-05T00:00:00,benign
req_ben_4175,pat_191,request_deactivation,phi_rec_191,0,0,0,2025-08-05T00:00:00,2025-08-18T00:00:00,benign
req_ben_4064,pat_196,request_access,phi_rec_196,0,0,1,2025-08-28T00:00:00,2025-09-09T00:00:00,benign
req_ben_1004,pat_186,request_access,phi_rec_186,1,0,1,2025-08-02T00:00:00,2025-08-24T00:00:00,benign
req_ben_423,pat_179,request_access,phi_rec_179,1,0,0,2025-08-05T00:00:00,2025-08-10T00:00:00,benign
req_ben_4276,pat_118,request_deactivation,phi_rec_118,0,0,0,2025-08-12T00:00:00,2025-08-30T00:00:00,benign
req_ben_1274,pat_199,request_access,phi_rec_199,1,0,0,2025-08-11T00:00:00,2025-08-27T00:00:00,benign
req_ben_4423,pat_35,request_deactivation,phi_rec_35,0,0,0,2025-08-21T00:00:00,2025-08-29T00:00:00,benign
req_ben_666,pat_150,request_deactivation,phi_rec_150,0,0,0,2025-08-22T00:00:00,2025-09-15T00:00:00,benign
req_ben_4150,pat_147,request_deactivation,phi_rec_147,0,0,0,2025-08-21T00:00:00,2025-08-24T00:00:00,benign
req_ben_1390,pat_179,request_access,phi_rec_179,0,1,0,2025-08-21T00:00:00,2025-09-06T00:00:00,benign
req_ben_4451,pat_73,request_access,phi_rec_73,1,1,1,2025-08-14T00:00:00,2025-08-27T00:00:00,benign
req_ben_458,pat_5,request_access,phi_rec_5,0,0,1,2025-08-10T00:00:00,2025-09-03T00:00:00,benign
req_ben_321,pat_111,request_access,phi_rec_111,1,0,0,2025-08-06T00:00:00,2025-08-29T00:00:00,benign
req_ben_2331,pat_166,request_deactivation,phi_rec_166,0,0,0,2025-08-06T00:00:00,2025-08-17T00:00:00,benign
req_ben_4561,pat_155,request_deactivation,phi_rec_155,0,0,0,2025-08-10T00:00:00,2025-08-17T00:00:00,benign
req_ben_4586,pat_22,request_access,phi_rec_22,1,0,1,2025-08-12T00:00:00,2025-08-30T00:00:00,benign
req_ben_3054,pat_48,request_deactivation,phi_rec_48,0,0,0,2025-08-14T00:00:00,2025-08-24T00:00:00,benign
req_ben_2499,pat_18,request_access,phi_rec_18,1,1,0,2025-08-14T00:00:00,2025-08-25T00:00:00,benign
req_ben_334,pat_61,request_access,phi_rec_61,1,0,0,2025-08-09T00:00:00,2025-08-10T00:00:00,benign
req_ben_1399,pat_23,request_access,phi_rec_23,0,1,1,2025-08-02T00:00:00,2025-08-18T00:00:00,benign
req_ben_3587,pat_192,request_access,phi_rec_192,0,1,0,2025-08-20T00:00:00,2025-09-09T00:00:00,benign
req_vio_249,pat_195,request_deactivation,phi_rec_195,0,0,0,2025-05-04T00:00:00,,violation_gdpr_art17
req_ben_3114,pat_126,request_access,phi_rec_126,1,1,1,2025-08-12T00:00:00,2025-08-15T00:00:00,benign
req_ben_3342,pat_149,request_deactivation,phi_rec_149,0,0,0,2025-08-23T00:00:00,2025-09-08T00:00:00,benign
req_ben_3859,pat_154,request_access,phi_rec_154,1,1,0,2025-08-10T00:00:00,2025-08-24T00:00:00,benign
req_ben_2276,pat_42,request_access,phi_rec_42,0,1,1,2025-08-12T00:00:00,2025-08-23T00:00:00,benign
req_ben_1777,pat_161,request_access,phi_rec_161,1,1,0,2025-08-05T00:00:00,2025-08-13T00:00:00,benign
req_ben_3595,pat_58,request_access,phi_rec_58,0,0,1,2025-08-15T00:00:00,2025-08-29T00:00:00,benign
req_ben_3700,pat_5,request_access,phi_rec_5,0,0,1,2025-08-24T00:00:00,2025-08-26T00:00:00,benign
req_ben_4132,pat_147,request_access,phi_rec_147,1,1,1,2025-08-15T00:00:00,2025-08-27T00:00:00,benign
req_ben_4462,pat_176,request_access,phi_rec_176,0,1,1,2025-08-10T00:00:00,2025-08-15T00:00:00,benign
req_ben_716,pat_4,request_deactivation,phi_rec_4,0,0,0,2025-08-12T00:00:00,2025-08-24T00:00:00,benign
req_ben_1362,pat_187,request_access,phi_rec_187,1,0,1,2025-08-21T00:00:00,2025-09-09T00:00:00,benign
req_ben_2737,pat_148,request_access,phi_rec_148,1,1,1,2025-08-11T00:00:00,2025-08-22T00:00:00,benign
req_ben_272,pat_103,request_access,phi_rec_103,0,1,1,2025-08-08T00:00:00,2025-09-02T00:00:00,benign
req_ben_1104,pat_114,request_access,phi_rec_114,1,0,0,2025-08-21T00:00:00,2025-08-25T00:00:00,benign
req_ben_318,pat_71,request_access,phi_rec_71,1,1,1,2025-08-18T00:00:00,2025-08-21T00:00:00,benign
req_ben_1326,pat_143,request_access,phi_rec_143,0,1,0,2025-08-22T00:00:00,2025-09-04T00:00:00,benign
req_ben_2800,pat_122,request_deactivation,phi_rec_122,0,0,0,2025-08-21T00:00:00,2025-08-22T00:00:00,benign
req_ben_3590,pat_172,request_deactivation,phi_rec_172,0,0,0,2025-08-25T00:00:00,2025-09-02T00:00:00,benign
req_ben_3366,pat_49,request_deactivation,phi_rec_49,0,0,0,2025-08-06T00:00:00,2025-08-29T00:00:00,benign
req_vio_50,pat_136,request_access,phi_rec_136,1,1,1,2025-03-13T00:00:00,,violation_gdpr_art15
req_ben_1090,pat_42,request_access,phi_rec_42,1,0,1,2025-08-24T00:00:00,2025-08-25T00:00:00,benign
req_ben_465,pat_68,request_access,phi_rec_68,1,1,0,2025-08-04T00:00:00,2025-08-20T00:00:00,benign
req_ben_588,pat_39,request_access,phi_rec_39,0,1,0,2025-08-28T00:00:00,2025-09-22T00:00:00,benign
req_ben_1898,pat_189,request_access,phi_rec_189,1,1,1,2025-08-06T00:00:00,2025-08-17T00:00:00,benign
req_ben_199,pat_115,request_access,phi_rec_115,0,1,0,2025-08-24T00:00:00,2025-09-14T00:00:00,benign
req_ben_2664,pat_131,request_access,phi_rec_131,1,1,1,2025-08-09T00:00:00,2025-08-15T00:00:00,benign
req_ben_4073,pat_13,request_deactivation,phi_rec_13,0,0,0,2025-08-06T00:00:00,2025-08-09T00:00:00,benign
req_ben_1334,pat_126,request_access,phi_rec_126,0,1,0,2025-08-02T00:00:00,2025-08-08T00:00:00,benign
req_ben_3959,pat_90,request_access,phi_rec_90,1,0,0,2025-08-05T00:00:00,2025-08-13T00:00:00,benign
req_ben_2551,pat_23,request_access,phi_rec_23,0,1,0,2025-08-24T00:00:00,2025-09-06T00:00:00,benign
req_ben_2971,pat_121,request_access,phi_rec_121,1,0,0,2025-08-08T00:00:00,2025-08-21T00:00:00,benign
req_ben_3871,pat_111,request_access,phi_rec_111,1,1,1,2025-08-25T00:00:00,2025-09-11T00:00:00,benign
req_ben_4643,pat_145,request_deactivation,phi_rec_145,0,0,0,2025-08-18T00:00:00,2025-09-12T00:00:00,benign
req_ben_1488,pat_189,request_access,phi_rec_189,1,0,0,2025-08-07T00:00:00,2025-08-25T00:00:00,benign
req_ben_1962,pat_4,request_access,phi_rec_4,1,1,1,2025-08-08T00:00:00,2025-08-11T00:00:00,benign
req_ben_1695,pat_37,request_access,phi_rec_37,1,0,1,2025-08-25T00:00:00,2025-09-01T00:00:00,benign
req_ben_2857,pat_49,request_deactivation,phi_rec_49,0,0,0,2025-08-19T00:00:00,2025-09-12T00:00:00,benign
req_ben_343,pat_14,request_deactivation,phi_rec_14,0,0,0,2025-08-08T00:00:00,2025-08-25T00:00:00,benign
req_ben_699,pat_5,request_access,phi_rec_5,0,1,1,2025-08-04T00:00:00,2025-08-27T00:00:00,benign
req_ben_2706,pat_147,request_deactivation,phi_rec_147,0,0,0,2025-08-24T00:00:00,2025-09-11T00:00:00,benign
req_ben_1081,pat_2,request_access,phi_rec_2,1,1,1,2025-08-19T00:00:00,2025-09-09T00:00:00,benign
req_ben_3961,pat_173,request_access,phi_rec_173,1,1,1,2025-08-28T00:00:00,2025-09-14T00:00:00,benign
req_ben_3449,pat_158,request_access,phi_rec_158,0,1,1,2025-08-11T00:00:00,2025-08-26T00:00:00,benign
req_ben_4155,pat_2,request_access,phi_rec_2,1,0,1,2025-08-18T00:00:00,2025-08-30T00:00:00,benign
req_ben_672,pat_30,request_access,phi_rec_30,1,0,0,2025-08-30T00:00:00,2025-09-01T00:00:00,benign
req_ben_2976,pat_162,request_access,phi_rec_162,0,1,0,2025-08-07T00:00:00,2025-08-31T00:00:00,benign
req_ben_3146,pat_1,request_access,phi_rec_1,1,1,1,2025-08-11T00:00:00,2025-08-12T00:00:00,benign
req_ben_4536,pat_32,request_deactivation,phi_rec_32,0,0,0,2025-08-12T00:00:00,2025-08-27T00:00:00,benign
req_ben_1861,pat_186,request_access,phi_rec_186,1,0,1,2025-08-27T00:00:00,2025-08-29T00:00:00,benign
req_ben_4128,pat_164,request_deactivation,phi_rec_164,0,0,0,2025-08-03T00:00:00,2025-08-15T00:00:00,benign
req_ben_2018,pat_12,request_access,phi_rec_12,1,0,0,2025-08-16T00:00:00,2025-09-05T00:00:00,benign
req_ben_1432,pat_146,request_access,phi_rec_146,0,0,1,2025-08-12T00:00:00,2025-08-16T00:00:00,benign
req_ben_11,pat_98,request_access,phi_rec_98,1,0,0,2025-08-12T00:00:00,2025-08-18T00:00:00,benign
req_ben_3592,pat_88,request_access,phi_rec_88,0,1,1,2025-08-13T00:00:00,2025-08-24T00:00:00,benign
req_ben_4473,pat_178,request_access,phi_rec_178,1,1,1,2025-08-29T00:00:00,2025-09-11T00:00:00,benign
req_ben_4739,pat_191,request_access,phi_rec_191,0,0,1,2025-08-18T00:00:00,2025-09-01T00:00:00,benign
req_ben_1822,pat_180,request_access,phi_rec_180,1,1,1,2025-08-23T00:00:00,2025-08-26T00:00:00,benign
req_ben_2713,pat_24,request_access,phi_rec_24,1,0,0,2025-08-03T00:00:00,2025-08-17T00:00:00,benign
req_ben_4743,pat_99,request_deactivation,phi_rec_99,0,0,0,2025-08-14T00:00:00,2025-08-30T00:00:00,benign
req_ben_894,pat_40,request_access,phi_rec_40,0,1,1,2025-08-12T00:00:00,2025-08-22T00:00:00,benign
req_ben_1400,pat_128,request_access,phi_rec_128,0,1,1,2025-08-20T00:00:00,2025-09-08T00:00:00,benign
req_ben_2958,pat_111,request_access,phi_rec_111,0,0,1,2025-08-10T00:00:00,2025-08-14T00:00:00,benign
req_ben_356,pat_5,request_deactivation,phi_rec_5,0,0,0,2025-08-05T00:00:00,2025-08-12T00:00:00,benign
req_ben_1705,pat_83,request_access,phi_rec_83,1,0,0,2025-08-05T00:00:00,2025-08-19T00:00:00,benign
req_ben_2541,pat_55,request_deactivation,phi_rec_55,0,0,0,2025-08-27T00:00:00,2025-08-28T00:00:00,benign
req_ben_2435,pat_101,request_access,phi_rec_101,1,1,1,2025-08-19T00:00:00,2025-09-08T00:00:00,benign
req_ben_136,pat_41,request_access,phi_rec_41,1,0,0,2025-08-30T00:00:00,2025-09-02T00:00:00,benign
req_ben_2849,pat_110,request_access,phi_rec_110,1,1,1,2025-08-04T00:00:00,2025-08-09T00:00:00,benign
req_ben_2757,pat_85,request_deactivation,phi_rec_85,0,0,0,2025-08-24T00:00:00,2025-09-03T00:00:00,benign
req_ben_3206,pat_8,request_deactivation,phi_rec_8,0,0,0,2025-08-09T00:00:00,2025-08-20T00:00:00,benign
req_ben_907,pat_154,request_access,phi_rec_154,1,0,1,2025-08-09T00:00:00,2025-08-18T00:00:00,benign
req_ben_973,pat_156,request_access,phi_rec_156,1,1,0,2025-08-23T00:00:00,2025-08-30T00:00:00,benign
req_ben_1682,pat_147,request_access,phi_rec_147,1,0,0,2025-08-08T00:00:00,2025-08-31T00:00:00,benign
req_ben_1181,pat_197,request_access,phi_rec_197,0,1,1,2025-08-12T00:00:00,2025-08-22T00:00:00,benign
req_ben_4477,pat_135,request_access,phi_rec_135,1,0,1,2025-08-03T00:00:00,2025-08-22T00:00:00,benign
req_ben_3576,pat_27,request_access,phi_rec_27,1,0,0,2025-08-14T00:00:00,2025-08-27T00:00:00,benign
req_ben_3549,pat_135,request_deactivation,phi_rec_135,0,0,0,2025-08-30T00:00:00,2025-09-15T00:00:00,benign
req_ben_4211,pat_6,request_access,phi_rec_6,1,0,0,2025-08-02T00:00:00,2025-08-09T00:00:00,benign
req_ben_4289,pat_52,request_access,phi_rec_52,1,1,1,2025-08-26T00:00:00,2025-09-04T00:00:00,benign
req_ben_2992,pat_167,request_deactivation,phi_rec_167,0,0,0,2025-08-21T00:00:00,2025-08-28T00:00:00,benign
req_ben_2985,pat_178,request_access,phi_rec_178,1,1,1,2025-08-06T00:00:00,2025-08-24T00:00:00,benign
req_ben_2138,pat_146,request_access,phi_rec_146,0,0,1,2025-08-04T00:00:00,2025-08-18T00:00:00,benign
req_ben_2975,pat_80,request_access,phi_rec_80,1,0,1,2025-08-27T00:00:00,2025-09-15T00:00:00,benign
req_ben_2371,pat_1,request_access,phi_rec_1,1,1,1,2025-08-24T00:00:00,2025-08-28T00:00:00,benign
req_ben_1266,pat_46,request_access,phi_rec_46,0,1,0,2025-08-23T00:00:00,2025-09-10T00:00:00,benign
req_ben_986,pat_57,request_access,phi_rec_57,0,0,1,2025-08-16T00:00:00,2025-08-24T00:00:00,benign
req_ben_328,pat_51,request_access,phi_rec_51,1,1,1,2025-08-19T00:00:00,2025-09-03T00:00:00,benign
req_ben_1094,pat_70,request_deactivation,phi_rec_70,0,0,0,2025-08-12T00:00:00,2025-08-27T00:00:00,benign
req_ben_3484,pat_190,request_deactivation,phi_rec_190,0,0,0,2025-08-11T00:00:00,2025-09-05T00:00:00,benign
req_ben_4068,pat_73,request_deactivation,phi_rec_73,0,0,0,2025-08-07T00:00:00,2025-08-27T00:00:00,benign
req_ben_3505,pat_76,request_deactivation,phi_rec_76,0,0,0,2025-08-22T00:00:00,2025-09-11T00:00:00,benign
req_ben_516,pat_63,request_deactivation,phi_rec_63,0,0,0,2025-08-07T00:00:00,2025-08-20T00:00:00,benign
req_ben_1905,pat_189,request_access,phi_rec_189,0,1,1,2025-08-12T00:00:00,2025-09-04T00:00:00,benign
req_ben_4395,pat_47,request_access,phi_rec_47,1,1,1,2025-08-17T00:00:00,2025-08-20T00:00:00,benign
req_vio_187,pat_104,request_deactivation,phi_rec_104,0,0,0,2025-04-01T00:00:00,,violation_gdpr_art17
req_ben_1484,pat_147,request_access,phi_rec_147,1,0,1,2025-08-12T00:00:00,2025-08-25T00:00:00,benign
req_ben_3181,pat_78,request_deactivation,phi_rec_78,0,0,0,2025-08-10T00:00:00,2025-09-03T00:00:00,benign
req_ben_19,pat_56,request_access,phi_rec_56,1,1,1,2025-08-04T00:00:00,2025-08-08T00:00:00,benign
req_ben_2792,pat_148,request_access,phi_rec_148,1,0,0,2025-08-25T00:00:00,2025-09-03T00:00:00,benign
req_ben_2969,pat_116,request_deactivation,phi_rec_116,0,0,0,2025-08-28T00:00:00,2025-09-21T00:00:00,benign
req_ben_4497,pat_33,request_access,phi_rec_33,0,1,0,2025-08-28T00:00:00,2025-09-13T00:00:00,benign
req_ben_4438,pat_151,request_access,phi_rec_151,1,1,1,2025-08-24T00:00:00,2025-08-30T00:00:00,benign
req_vio_3,pat_55,request_deactivation,phi_rec_55,0,0,0,2025-06-14T00:00:00,,violation_gdpr_art17
req_ben_2220,pat_84,request_access,phi_rec_84,1,0,1,2025-08-24T00:00:00,2025-09-06T00:00:00,benign
req_ben_1828,pat_151,request_access,phi_rec_151,0,1,1,2025-08-11T00:00:00,2025-09-05T00:00:00,benign
req_ben_4455,pat_55,request_access,phi_rec_55,1,1,0,2025-08-02T00:00:00,2025-08-17T00:00:00,benign
req_ben_826,pat_157,request_deactivation,phi_rec_157,0,0,0,2025-08-08T00:00:00,2025-08-18T00:00:00,benign
req_ben_1411,pat_87,request_access,phi_rec_87,1,1,0,2025-08-27T00:00:00,2025-09-14T00:00:00,benign
req_ben_4331,pat_57,request_deactivation,phi_rec_57,0,0,0,2025-08-24T00:00:00,2025-09-17T00:00:00,benign
req_ben_3311,pat_12,request_access,phi_rec_12,1,1,1,2025-08-12T00:00:00,2025-08-17T00:00:00,benign
req_ben_298,pat_114,request_access,phi_rec_114,1,1,0,2025-08-13T00:00:00,2025-08-21T00:00:00,benign
req_ben_2766,pat_193,request_access,phi_rec_193,0,0,1,2025-08-06T00:00:00,2025-08-12T00:00:00,benign
req_ben_224,pat_45,request_access,phi_rec_45,0,1,0,2025-08-11T00:00:00,2025-08-26T00:00:00,benign
req_ben_891,pat_54,request_access,phi_rec_54,1,1,0,2025-08-20T00:00:00,2025-08-28T00:00:00,benign
req_ben_1655,pat_49,request_access,phi_rec_49,0,1,0,2025-08-14T00:00:00,2025-08-27T00:00:00,benign
req_ben_2301,pat_67,request_access,phi_rec_67,1,1,0,2025-08-05T00:00:00,2025-08-13T00:00:00,benign
req_ben_4217,pat_182,request_access,phi_rec_182,1,1,1,2025-08-17T00:00:00,2025-08-19T00:00:00,benign
req_ben_3648,pat_92,request_deactivation,phi_rec_92,0,0,0,2025-08-10T00:00:00,2025-08-26T00:00:00,benign
req_ben_3638,pat_97,request_deactivation,phi_rec_97,0,0,0,2025-08-30T00:00:00,2025-09-05T00:00:00,benign
req_ben_2072,pat_74,request_access,phi_rec_74,1,1,1,2025-08-05T00:00:00,2025-08-19T00:00:00,benign
req_ben_1481,pat_86,request_deactivation,phi_rec_86,0,0,0,2025-08-20T00:00:00,2025-09-05T00:00:00,benign
req_ben_2284,pat_126,request_deactivation,phi_rec_126,0,0,0,2025-08-18T00:00:00,2025-08-26T00:00:00,benign
req_ben_3157,pat_199,request_access,phi_rec_199,0,0,1,2025-08-09T00:00:00,2025-08-12T00:00:00,benign
req_ben_2608,pat_2,request_deactivation,phi_rec_2,0,0,0,2025-08-17T00:00:00,2025-08-24T00:00:00,benign
req_ben_4003,pat_49,request_access,phi_rec_49,0,1,1,2025-08-13T00:00:00,2025-08-15T00:00:00,benign
req_ben_4112,pat_173,request_access,phi_rec_173,1,1,0,2025-08-29T00:00:00,2025-08-30T00:00:00,benign
req_ben_526,pat_26,request_deactivation,phi_rec_26,0,0,0,2025-08-06T00:00:00,2025-08-19T00:00:00,benign
req_ben_192,pat_161,request_access,phi_rec_161,1,1,0,2025-08-06T00:00:00,2025-08-20T00:00:00,benign
req_ben_3245,pat_184,request_access,phi_rec_184,1,1,1,2025-08-27T00:00:00,2025-09-12T00:00:00,benign
req_ben_3623,pat_155,request_access,phi_rec_155,1,1,0,2025-08-02T00:00:00,2025-08-20T00:00:00,benign
req_ben_774,pat_89,request_access,phi_rec_89,0,0,1,2025-08-11T00:00:00,2025-08-28T00:00:00,benign
req_vio_51,pat_134,request_deactivation,phi_rec_134,0,0,0,2025-04-24T00:00:00,,violation_gdpr_art17
req_ben_1227,pat_148,request_deactivation,phi_rec_148,0,0,0,2025-08-30T00:00:00,2025-09-01T00:00:00,benign
req_ben_2424,pat_46,request_access,phi_rec_46,1,1,1,2025-08-16T00:00:00,2025-09-06T00:00:00,benign
req_ben_1841,pat_159,request_access,phi_rec_159,1,1,1,2025-08-22T00:00:00,2025-09-10T00:00:00,benign
req_vio_244,pat_93,request_access,phi_rec_93,1,1,1,2025-04-21T00:00:00,,violation_gdpr_art15
req_ben_4186,pat_156,request_deactivation,phi_rec_156,0,0,0,2025-08-13T00:00:00,2025-08-21T00:00:00,benign
req_ben_94,pat_94,request_access,phi_rec_94,1,0,0,2025-08-11T00:00:00,2025-08-26T00:00:00,benign
req_ben_549,pat_112,request_deactivation,phi_rec_112,0,0,0,2025-08-15T00:00:00,2025-08-24T00:00:00,benign
req_ben_425,pat_81,request_access,phi_rec_81,0,1,1,2025-08-09T00:00:00,2025-08-17T00:00:00,benign
req_ben_2848,pat_147,request_access,phi_rec_147,0,1,1,2025-08-03T00:00:00,2025-08-10T00:00:00,benign
req_ben_2584,pat_110,request_deactivation,phi_rec_110,0,0,0,2025-08-23T00:00:00,2025-08-30T00:00:00,benign
req_ben_1650,pat_172,request_access,phi_rec_172,1,1,1,2025-08-29T00:00:00,2025-09-03T00:00:00,benign
req_ben_4082,pat_116,request_access,phi_rec_116,1,1,1,2025-08-21T00:00:00,2025-08-28T00:00:00,benign
req_ben_860,pat_128,request_access,phi_rec_128,0,1,0,2025-08-29T00:00:00,2025-09-17T00:00:00,benign
req_ben_382,pat_102,request_deactivation,phi_rec_102,0,0,0,2025-08-13T00:00:00,2025-08-23T00:00:00,benign
req_ben_820,pat_102,request_access,phi_rec_102,0,1,0,2025-08-12T00:00:00,2025-08-19T00:00:00,benign
req_ben_3692,pat_71,request_access,phi_rec_71,0,0,1,2025-08-22T00:00:00,2025-08-30T00:00:00,benign
req_ben_2791,pat_98,request_access,phi_rec_98,0,0,1,2025-08-08T00:00:00,2025-08-21T00:00:00,benign
req_ben_2603,pat_75,request_access,phi_rec_75,1,1,1,2025-08-13T00:00:00,2025-08-20T00:00:00,benign
req_ben_274,pat_70,request_access,phi_rec_70,1,1,1,2025-08-30T00:00:00,2025-09-09T00:00:00,benign
req_ben_166,pat_87,request_deactivation,phi_rec_87,0,0,0,2025-08-09T00:00:00,2025-08-31T00:00:00,benign
req_ben_2162,pat_169,request_access,phi_rec_169,1,1,0,2025-08-21T00:00:00,2025-08-22T00:00:00,benign
req_ben_2717,pat_101,request_access,phi_rec_101,1,0,0,2025-08-26T00:00:00,2025-08-28T00:00:00,benign
req_ben_3262,pat_145,request_access,phi_rec_145,0,0,1,2025-08-04T00:00:00,2025-08-26T00:00:00,benign
req_ben_679,pat_196,request_access,phi_rec_196,1,0,0,2025-08-11T00:00:00,2025-08-16T00:00:00,benign
req_ben_2465,pat_94,request_access,phi_rec_94,1,1,1,2025-08-03T00:00:00,2025-08-26T00:00:00,benign
req_ben_885,pat_199,request_access,phi_rec_199,0,1,0,2025-08-02T00:00:00,2025-08-20T00:00:00,benign
req_ben_4648,pat_134,request_access,phi_rec_134,1,0,0,2025-08-23T00:00:00,2025-08-24T00:00:00,benign
req_ben_1284,pat_134,request_access,phi_rec_134,1,1,1,2025-08-05T00:00:00,2025-08-26T00:00:00,benign
req_vio_57,pat_103,request_deactivation,phi_rec_103,0,0,0,2025-03-05T00:00:00,,violation_gdpr_art17
req_ben_1208,pat_113,request_access,phi_rec_113,0,0,1,2025-08-06T00:00:00,2025-08-10T00:00:00,benign
req_ben_2997,pat_88,request_access,phi_rec_88,0,1,0,2025-08-22T00:00:00,2025-09-09T00:00:00,benign
req_ben_211,pat_179,request_access,phi_rec_179,1,1,0,2025-08-05T00:00:00,2025-08-23T00:00:00,benign
req_ben_3175,pat_48,request_access,phi_rec_48,0,0,1,2025-08-27T00:00:00,2025-09-05T00:00:00,benign
req_ben_2045,pat_166,request_deactivation,phi_rec_166,0,0,0,2025-08-25T00:00:00,2025-09-10T00:00:00,benign
req_ben_1273,pat_155,request_deactivation,phi_rec_155,0,0,0,2025-08-17T00:00:00,2025-08-25T00:00:00,benign
req_vio_81,pat_8,request_deactivation,phi_rec_8,0,0,0,2025-05-18T00:00:00,,violation_gdpr_art17
req_ben_6,pat_171,request_access,phi_rec_171,1,1,0,2025-08-11T00:00:00,2025-09-03T00:00:00,benign
req_ben_3697,pat_152,request_access,phi_rec_152,1,0,1,2025-08-26T00:00:00,2025-09-07T00:00:00,benign
req_ben_3198,pat_73,request_deactivation,phi_rec_73,0,0,0,2025-08-12T00:00:00,2025-08-15T00:00:00,benign
req_ben_3598,pat_66,request_access,phi_rec_66,1,1,1,2025-08-19T00:00:00,2025-08-28T00:00:00,benign
req_ben_4270,pat_109,request_access,phi_rec_109,1,1,1,2025-08-15T00:00:00,2025-08-21T00:00:00,benign
req_ben_4585,pat_149,request_access,phi_rec_149,1,1,1,2025-08-28T00:00:00,2025-09-11T00:00:00,benign
req_ben_4540,pat_26,request_deactivation,phi_rec_26,0,0,0,2025-08-12T00:00:00,2025-08-15T00:00:00,benign
req_ben_2912,pat_128,request_access,phi_rec_128,1,1,1,2025-08-15T00:00:00,2025-08-24T00:00:00,benign
req_ben_705,pat_123,request_access,phi_rec_123,0,0,1,2025-08-22T00:00:00,2025-09-08T00:00:00,benign
req_ben_2333,pat_29,request_access,phi_rec_29,1,1,1,2025-08-26T00:00:00,2025-08-27T00:00:00,benign
req_ben_3280,pat_186,request_access,phi_rec_186,1,1,1,2025-08-24T00:00:00,2025-09-02T00:00:00,benign
req_ben_2590,pat_196,request_access,phi_rec_196,1,1,1,2025-08-19T00:00:00,2025-09-07T00:00:00,benign
req_ben_2290,pat_194,request_access,phi_rec_194,1,0,1,2025-08-30T00:00:00,2025-09-01T00:00:00,benign
req_ben_4602,pat_148,request_access,phi_rec_148,1,1,1,2025-08-15T00:00:00,2025-09-04T00:00:00,benign
req_vio_94,pat_61,request_access,phi_rec_61,1,0,1,2025-06-18T00:00:00,,violation_gdpr_art15
req_ben_327,pat_133,request_access,phi_rec_133,1,1,1,2025-08-19T00:00:00,2025-09-01T00:00:00,benign
req_ben_2400,pat_102,request_access,phi_rec_102,0,0,1,2025-08-06T00:00:00,2025-08-14T00:00:00,benign
req_ben_305,pat_176,request_access,phi_rec_176,0,0,1,2025-08-02T00:00:00,2025-08-17T00:00:00,benign
req_ben_1292,pat_19,request_access,phi_rec_19,1,1,1,2025-08-26T00:00:00,2025-09-16T00:00:00,benign
req_ben_1823,pat_99,request_deactivation,phi_rec_99,0,0,0,2025-08-14T00:00:00,2025-08-30T00:00:00,benign
req_ben_3248,pat_195,request_deactivation,phi_rec_195,0,0,0,2025-08-19T00:00:00,2025-09-13T00:00:00,benign
req_ben_695,pat_141,request_access,phi_rec_141,1,1,0,2025-08-06T00:00:00,2025-08-19T00:00:00,benign
req_ben_4170,pat_173,request_access,phi_rec_173,1,1,0,2025-08-02T00:00:00,2025-08-15T00:00:00,benign
req_ben_939,pat_15,request_access,phi_rec_15,1,0,0,2025-08-27T00:00:00,2025-09-14T00:00:00,benign
req_ben_4007,pat_118,request_access,phi_rec_118,1,1,1,2025-08-30T00:00:00,2025-09-02T00:00:00,benign
req_ben_3494,pat_75,request_deactivation,phi_rec_75,0,0,0,2025-08-30T00:00:00,2025-09-15T00:00:00,benign
req_ben_2074,pat_48,request_access,phi_rec_48,0,0,1,2025-08-29T00:00:00,2025-09-16T00:00:00,benign
req_ben_353,pat_62,request_access,phi_rec_62,0,0,1,2025-08-03T00:00:00,2025-08-06T00:00:00,benign
req_vio_74,pat_49,request_access,phi_rec_49,0,1,0,2025-04-23T00:00:00,,violation_gdpr_art15
req_ben_3444,pat_93,request_access,phi_rec_93,1,1,1,2025-08-14T00:00:00,2025-08-18T00:00:00,benign
req_ben_1063,pat_154,request_access,phi_rec_154,1,1,0,2025-08-02T00:00:00,2025-08-06T00:00:00,benign
req_ben_1507,pat_105,request_deactivation,phi_rec_105,0,0,0,2025-08-10T00:00:00,2025-08-30T00:00:00,benign
req_ben_756,pat_133,request_deactivation,phi_rec_133,0,0,0,2025-08-17T00:00:00,2025-08-24T00:00:00,benign
req_ben_3743,pat_21,request_deactivation,phi_rec_21,0,0,0,2025-08-16T00:00:00,2025-08-18T00:00:00,benign
req_ben_1613,pat_49,request_deactivation,phi_rec_49,0,0,0,2025-08-08T00:00:00,2025-08-17T00:00:00,benign
req_ben_2226,pat_115,request_access,phi_rec_115,1,0,1,2025-08-28T00:00:00,2025-09-13T00:00:00,benign
req_ben_4651,pat_153,request_access,phi_rec_153,1,1,1,2025-08-05T00:00:00,2025-08-27T00:00:00,benign
req_ben_1959,pat_177,request_access,phi_rec_177,1,0,1,2025-08-30T00:00:00,2025-09-17T00:00:00,benign
req_ben_1380,pat_197,request_deactivation,phi_rec_197,0,0,0,2025-08-07T00:00:00,2025-08-08T00:00:00,benign
req_ben_803,pat_22,request_access,phi_rec_22,0,1,0,2025-08-27T00:00:00,2025-09-08T00:00:00,benign
req_ben_1512,pat_25,request_access,phi_rec_25,0,0,1,2025-08-25T00:00:00,2025-09-18T00:00:00,benign
req_ben_1787,pat_180,request_access,phi_rec_180,1,0,0,2025-08-30T00:00:00,2025-09-19T00:00:00,benign
req_ben_3178,pat_156,request_access,phi_rec_156,1,1,1,2025-08-21T00:00:00,2025-09-09T00:00:00,benign
req_vio_140,pat_193,request_access,phi_rec_193,1,1,1,2025-07-12T00:00:00,,violation_gdpr_art15
req_ben_3520,pat_139,request_access,phi_rec_139,1,0,0,2025-08-12T00:00:00,2025-09-02T00:00:00,benign
req_ben_823,pat_145,request_access,phi_rec_145,1,0,0,2025-08-05T00:00:00,2025-08-14T00:00:00,benign
req_ben_1341,pat_14,request_deactivation,phi_rec_14,0,0,0,2025-08-12T00:00:00,2025-09-03T00:00:00,benign
req_ben_4717,pat_84,request_deactivation,phi_rec_84,0,0,0,2025-08-22T00:00:00,2025-08-26T00:00:00,benign
req_ben_3035,pat_196,request_access,phi_rec_196,1,1,0,2025-08-29T00:00:00,2025-09-03T00:00:00,benign
req_ben_1323,pat_119,request_deactivation,phi_rec_119,0,0,0,2025-08-28T00:00:00,2025-09-08T00:00:00,benign
req_ben_2062,pat_153,request_access,phi_rec_153,1,1,1,2025-08-15T00:00:00,2025-09-08T00:00:00,benign
req_ben_1574,pat_167,request_access,phi_rec_167,1,1,1,2025-08-17T00:00:00,2025-08-22T00:00:00,benign
req_ben_4312,pat_152,request_deactivation,phi_rec_152,0,0,0,2025-08-19T00:00:00,2025-09-06T00:00:00,benign
req_ben_2232,pat_163,request_access,phi_rec_163,1,0,0,2025-08-21T00:00:00,2025-08-30T00:00:00,benign
req_ben_2430,pat_129,request_deactivation,phi_rec_129,0,0,0,2025-08-06T00:00:00,2025-08-17T00:00:00,benign
req_ben_654,pat_122,request_access,phi_rec_122,1,0,1,2025-08-19T00:00:00,2025-09-03T00:00:00,benign
req_ben_49,pat_69,request_deactivation,phi_rec_69,0,0,0,2025-08-20T00:00:00,2025-09-12T00:00:00,benign
req_ben_1069,pat_81,request_access,phi_rec_81,1,1,0,2025-08-14T00:00:00,2025-08-16T00:00:00,benign
req_ben_2640,pat_7,request_access,phi_rec_7,1,1,1,2025-08-29T00:00:00,2025-08-30T00:00:00,benign
req_ben_2296,pat_86,request_access,phi_rec_86,0,1,1,2025-08-23T00:00:00,2025-08-26T00:00:00,benign
req_ben_2642,pat_7,request_deactivation,phi_rec_7,0,0,0,2025-08-02T00:00:00,2025-08-15T00:00:00,benign
req_ben_1546,pat_64,request_access,phi_rec_64,1,1,1,2025-08-22T00:00:00,2025-08-30T00:00:00,benign
req_ben_862,pat_80,request_deactivation,phi_rec_80,0,0,0,2025-08-08T00:00:00,2025-08-28T00:00:00,benign
req_ben_130,pat_150,request_access,phi_rec_150,0,0,1,2025-08-02T00:00:00,2025-08-05T00:00:00,benign
req_ben_310,pat_112,request_deactivation,phi_rec_112,0,0,0,2025-08-03T00:00:00,2025-08-06T00:00:00,benign
req_ben_1102,pat_149,request_access,phi_rec_149,1,1,1,2025-08-18T00:00:00,2025-09-06T00:00:00,benign
req_ben_4302,pat_27,request_deactivation,phi_rec_27,0,0,0,2025-08-22T00:00:00,2025-09-16T00:00:00,benign
req_ben_4599,pat_8,request_deactivation,phi_rec_8,0,0,0,2025-08-10T00:00:00,2025-09-03T00:00:00,benign
req_ben_2436,pat_143,request_access,phi_rec_143,1,0,0,2025-08-30T00:00:00,2025-09-20T00:00:00,benign
req_ben_3510,pat_189,request_access,phi_rec_189,1,0,1,2025-08-19T00:00:00,2025-09-04T00:00:00,benign
req_ben_2337,pat_67,request_deactivation,phi_rec_67,0,0,0,2025-08-16T00:00:00,2025-08-22T00:00:00,benign
req_ben_152,pat_31,request_access,phi_rec_31,1,1,1,2025-08-10T00:00:00,2025-09-01T00:00:00,benign
req_ben_3416,pat_164,request_access,phi_rec_164,1,0,1,2025-08-17T00:00:00,2025-08-24T00:00:00,benign
req_ben_522,pat_35,request_deactivation,phi_rec_35,0,0,0,2025-08-25T00:00:00,2025-09-06T00:00:00,benign
req_vio_179,pat_69,request_deactivation,phi_rec_69,0,0,0,2025-06-07T00:00:00,,violation_gdpr_art17
req_ben_1505,pat_175,request_access,phi_rec_175,1,1,1,2025-08-04T00:00:00,2025-08-09T00:00:00,benign
req_ben_621,pat_7,request_access,phi_rec_7,1,1,0,2025-08-04T00:00:00,2025-08-07T00:00:00,benign
req_ben_4369,pat_88,request_deactivation,phi_rec_88,0,0,0,2025-08-18T00:00:00,2025-09-07T00:00:00,benign
req_ben_4382,pat_198,request_deactivation,phi_rec_198,0,0,0,2025-08-21T00:00:00,2025-08-27T00:00:00,benign
req_ben_1374,pat_137,request_deactivation,phi_rec_137,0,0,0,2025-08-08T00:00:00,2025-09-01T00:00:00,benign
req_ben_1947,pat_141,request_deactivation,phi_rec_141,0,0,0,2025-08-29T00:00:00,2025-09-22T00:00:00,benign
req_ben_1892,pat_13,request_deactivation,phi_rec_13,0,0,0,2025-08-04T00:00:00,2025-08-13T00:00:00,benign
req_ben_237,pat_145,request_access,phi_rec_145,0,1,0,2025-08-08T00:00:00,2025-08-25T00:00:00,benign
req_ben_847,pat_12,request_access,phi_rec_12,1,1,0,2025-08-10T00:00:00,2025-08-26T00:00:00,benign
req_ben_2180,pat_91,request_access,phi_rec_91,1,1,1,2025-08-11T00:00:00,2025-08-13T00:00:00,benign
req_ben_2711,pat_161,request_access,phi_rec_161,1,1,1,2025-08-17T00:00:00,2025-08-19T00:00:00,benign
req_ben_3491,pat_82,request_deactivation,phi_rec_82,0,0,0,2025-08-29T00:00:00,2025-09-05T00:00:00,benign
req_ben_3193,pat_137,request_access,phi_rec_137,1,1,1,2025-08-02T00:00:00,2025-08-27T00:00:00,benign
req_ben_686,pat_131,request_access,phi_rec_131,1,1,1,2025-08-16T00:00:00,2025-09-08T00:00:00,benign
req_ben_3597,pat_77,request_deactivation,phi_rec_77,0,0,0,2025-08-12T00:00:00,2025-09-04T00:00:00,benign
req_ben_3466,pat_25,request_access,phi_rec_25,1,1,1,2025-08-05T00:00:00,2025-08-10T00:00:00,benign
req_ben_3372,pat_197,request_access,phi_rec_197,1,1,1,2025-08-29T00:00:00,2025-09-02T00:00:00,benign
req_ben_1658,pat_47,request_deactivation,phi_rec_47,0,0,0,2025-08-12T00:00:00,2025-09-06T00:00:00,benign
req_ben_4500,pat_23,request_access,phi_rec_23,0,1,1,2025-08-12T00:00:00,2025-09-03T00:00:00,benign
req_ben_2734,pat_43,request_deactivation,phi_rec_43,0,0,0,2025-08-07T00:00:00,2025-08-22T00:00:00,benign
req_ben_2070,pat_49,request_access,phi_rec_49,0,1,0,2025-08-14T00:00:00,2025-08-24T00:00:00,benign
req_ben_1980,pat_117,request_access,phi_rec_117,1,0,1,2025-08-17T00:00:00,2025-08-25T00:00:00,benign
req_ben_1099,pat_85,request_access,phi_rec_85,1,0,0,2025-08-23T00:00:00,2025-09-04T00:00:00,benign
req_ben_2321,pat_13,request_deactivation,phi_rec_13,0,0,0,2025-08-19T00:00:00,2025-09-05T00:00:00,benign
req_ben_475,pat_23,request_access,phi_rec_23,1,0,0,2025-08-06T00:00:00,2025-08-18T00:00:00,benign
req_ben_3912,pat_68,request_access,phi_rec_68,0,1,1,2025-08-29T00:00:00,2025-09-10T00:00:00,benign
req_vio_35,pat_10,request_deactivation,phi_rec_10,0,0,0,2025-03-23T00:00:00,,violation_gdpr_art17
req_ben_3302,pat_68,request_access,phi_rec_68,1,0,0,2025-08-03T00:00:00,2025-08-12T00:00:00,benign
req_ben_789,pat_93,request_access,phi_rec_93,1,1,0,2025-08-03T00:00:00,2025-08-09T00:00:00,benign
req_ben_3664,pat_63,request_deactivation,phi_rec_63,0,0,0,2025-08-16T00:00:00,2025-09-02T00:00:00,benign
req_ben_3739,pat_37,request_access,phi_rec_37,0,1,1,2025-08-29T00:00:00,2025-09-01T00:00:00,benign
req_ben_510,pat_75,request_access,phi_rec_75,1,1,1,2025-08-29T00:00:00,2025-09-14T00:00:00,benign
req_ben_4152,pat_159,request_deactivation,phi_rec_159,0,0,0,2025-08-29T00:00:00,2025-08-30T00:00:00,benign
req_ben_451,pat_93,request_access,phi_rec_93,1,1,1,2025-08-27T00:00:00,2025-09-11T00:00:00,benign
req_ben_316,pat_5,request_deactivation,phi_rec_5,0,0,0,2025-08-11T00:00:00,2025-08-12T00:00:00,benign
req_vio_245,pat_177,request_deactivation,phi_rec_177,0,0,0,2025-03-16T00:00:00,,violation_gdpr_art17
req_ben_796,pat_37,request_access,phi_rec_37,1,1,1,2025-08-23T00:00:00,2025-09-02T00:00:00,benign
req_ben_3288,pat_142,request_deactivation,phi_rec_142,0,0,0,2025-08-10T00:00:00,2025-08-30T00:00:00,benign
req_ben_2418,pat_148,request_access,phi_rec_148,0,0,1,2025-08-10T00:00:00,2025-08-28T00:00:00,benign
req_ben_2361,pat_25,request_access,phi_rec_25,1,0,1,2025-08-10T00:00:00,2025-09-01T00:00:00,benign
req_ben_1561,pat_12,request_access,phi_rec_12,1,1,1,2025-08-20T00:00:00,2025-09-10T00:00:00,benign
req_ben_1515,pat_105,request_access,phi_rec_105,1,0,0,2025-08-18T00:00:00,2025-08-22T00:00:00,benign
req_ben_3426,pat_163,request_access,phi_rec_163,0,1,1,2025-08-20T00:00:00,2025-09-07T00:00:00,benign
req_ben_992,pat_82,request_access,phi_rec_82,1,0,0,2025-08-21T00:00:00,2025-08-29T00:00:00,benign
req_ben_569,pat_38,request_access,phi_rec_38,0,1,0,2025-08-04T00:00:00,2025-08-07T00:00:00,benign
req_ben_86,pat_124,request_access,phi_rec_124,1,1,1,2025-08-02T00:00:00,2025-08-05T00:00:00,benign
req_ben_299,pat_64,request_access,phi_rec_64,0,1,1,2025-08-15T00:00:00,2025-09-05T00:00:00,benign
req_ben_4127,pat_92,request_access,phi_rec_92,1,1,1,2025-08-11T00:00:00,2025-08-24T00:00:00,benign
req_ben_4531,pat_44,request_access,phi_rec_44,1,1,1,2025-08-03T00:00:00,2025-08-18T00:00:00,benign
req_ben_760,pat_83,request_access,phi_rec_83,1,0,0,2025-08-27T00:00:00,2025-09-06T00:00:00,benign
req_ben_1903,pat_104,request_deactivation,phi_rec_104,0,0,0,2025-08-29T00:00:00,2025-09-04T00:00:00,benign
req_ben_694,pat_116,request_access,phi_rec_116,0,0,1,2025-08-22T00:00:00,2025-08-28T00:00:00,benign
req_ben_3080,pat_198,request_access,phi_rec_198,1,1,1,2025-08-18T00:00:00,2025-08-20T00:00:00,benign
req_ben_3934,pat_133,request_access,phi_rec_133,0,1,0,2025-08-25T00:00:00,2025-09-07T00:00:00,benign
req_ben_3333,pat_15,request_access,phi_rec_15,1,1,1,2025-08-16T00:00:00,2025-09-06T00:00:00,benign
req_ben_3754,pat_155,request_access,phi_rec_155,0,1,0,2025-08-16T00:00:00,2025-08-25T00:00:00,benign
req_ben_2017,pat_112,request_access,phi_rec_112,1,1,1,2025-08-26T00:00:00,2025-09-15T00:00:00,benign
req_ben_1720,pat_114,request_access,phi_rec_114,0,1,1,2025-08-24T00:00:00,2025-08-28T00:00:00,benign
req_ben_3962,pat_70,request_access,phi_rec_70,1,1,1,2025-08-18T00:00:00,2025-08-29T00:00:00,benign
req_ben_3586,pat_141,request_deactivation,phi_rec_141,0,0,0,2025-08-21T00:00:00,2025-09-11T00:00:00,benign
req_ben_3343,pat_170,request_access,phi_rec_170,0,1,0,2025-08-06T00:00:00,2025-08-18T00:00:00,benign
req_ben_3,pat_120,request_access,phi_rec_120,1,1,1,2025-08-19T00:00:00,2025-09-03T00:00:00,benign
req_ben_3922,pat_33,request_access,phi_rec_33,1,1,0,2025-08-07T00:00:00,2025-08-22T00:00:00,benign
req_ben_1091,pat_178,request_access,phi_rec_178,1,1,1,2025-08-16T00:00:00,2025-09-07T00:00:00,benign
req_ben_364,pat_47,request_access,phi_rec_47,1,0,1,2025-08-09T00:00:00,2025-08-10T00:00:00,benign
req_vio_181,pat_132,request_deactivation,phi_rec_132,0,0,0,2025-07-22T00:00:00,,violation_gdpr_art17
req_ben_4501,pat_90,request_deactivation,phi_rec_90,0,0,0,2025-08-23T00:00:00,2025-09-17T00:00:00,benign
req_vio_26,pat_142,request_access,phi_rec_142,0,1,1,2025-04-24T00:00:00,,violation_gdpr_art15
req_ben_3788,pat_191,request_deactivation,phi_rec_191,0,0,0,2025-08-13T00:00:00,2025-08-19T00:00:00,benign
req_ben_830,pat_0,request_access,phi_rec_0,1,1,0,2025-08-03T00:00:00,2025-08-10T00:00:00,benign
req_ben_4321,pat_153,request_access,phi_rec_153,0,1,0,2025-08-24T00:00:00,2025-09-09T00:00:00,benign
req_ben_3844,pat_106,request_access,phi_rec_106,1,0,1,2025-08-20T00:00:00,2025-08-26T00:00:00,benign
req_ben_906,pat_15,request_deactivation,phi_rec_15,0,0,0,2025-08-14T00:00:00,2025-08-21T00:00:00,benign
req_ben_1598,pat_58,request_access,phi_rec_58,1,1,1,2025-08-15T00:00:00,2025-09-01T00:00:00,benign
req_ben_3748,pat_20,request_access,phi_rec_20,1,1,1,2025-08-05T00:00:00,2025-08-15T00:00:00,benign
req_ben_2046,pat_153,request_access,phi_rec_153,0,1,0,2025-08-26T00:00:00,2025-09-12T00:00:00,benign
req_ben_2381,pat_121,request_access,phi_rec_121,0,0,1,2025-08-11T00:00:00,2025-08-27T00:00:00,benign
req_ben_1666,pat_151,request_access,phi_rec_151,1,1,1,2025-08-27T00:00:00,2025-09-09T00:00:00,benign
req_ben_2685,pat_103,request_access,phi_rec_103,0,0,1,2025-08-07T00:00:00,2025-08-24T00:00:00,benign
req_ben_3765,pat_194,request_access,phi_rec_194,1,0,0,2025-08-27T00:00:00,2025-09-21T00:00:00,benign
req_ben_4034,pat_178,request_access,phi_rec_178,1,1,0,2025-08-06T00:00:00,2025-08-14T00:00:00,benign
req_vio_112,pat_102,request_access,phi_rec_102,1,0,0,2025-04-24T00:00:00,,violation_gdpr_art15
req_vio_182,pat_51,request_access,phi_rec_51,1,1,0,2025-03-25T00:00:00,,violation_gdpr_art15
req_ben_3209,pat_93,request_access,phi_rec_93,0,0,1,2025-08-05T00:00:00,2025-08-26T00:00:00,benign
req_ben_1373,pat_168,request_access,phi_rec_168,0,1,0,2025-08-06T00:00:00,2025-08-18T00:00:00,benign
req_ben_4608,pat_106,request_deactivation,phi_rec_106,0,0,0,2025-08-25T00:00:00,2025-08-29T00:00:00,benign
req_ben_2598,pat_72,request_access,phi_rec_72,0,0,1,2025-08-25T00:00:00,2025-09-04T00:00:00,benign
req_ben_245,pat_118,request_access,phi_rec_118,1,1,0,2025-08-25T00:00:00,2025-09-19T00:00:00,benign
req_ben_4022,pat_93,request_deactivation,phi_rec_93,0,0,0,2025-08-09T00:00:00,2025-09-02T00:00:00,benign
req_ben_4519,pat_128,request_deactivation,phi_rec_128,0,0,0,2025-08-29T00:00:00,2025-09-12T00:00:00,benign
req_ben_4298,pat_107,request_access,phi_rec_107,0,1,1,2025-08-23T00:00:00,2025-09-13T00:00:00,benign
req_ben_4628,pat_123,request_access,phi_rec_123,0,1,0,2025-08-04T00:00:00,2025-08-22T00:00:00,benign
req_ben_3452,pat_149,request_access,phi_rec_149,1,0,1,2025-08-15T00:00:00,2025-09-06T00:00:00,benign
req_ben_244,pat_100,request_deactivation,phi_rec_100,0,0,0,2025-08-27T00:00:00,2025-09-16T00:00:00,benign
req_ben_3150,pat_74,request_access,phi_rec_74,1,1,0,2025-08-17T00:00:00,2025-08-21T00:00:00,benign
req_ben_1800,pat_130,request_access,phi_rec_130,1,1,1,2025-08-02T00:00:00,2025-08-08T00:00:00,benign
req_ben_2338,pat_61,request_deactivation,phi_rec_61,0,0,0,2025-08-22T00:00:00,2025-09-13T00:00:00,benign
req_ben_2184,pat_77,request_deactivation,phi_rec_77,0,0,0,2025-08-22T00:00:00,2025-09-07T00:00:00,benign
req_ben_4558,pat_75,request_access,phi_rec_75,1,1,1,2025-08-24T00:00:00,2025-09-02T00:00:00,benign
req_ben_365,pat_155,request_deactivation,phi_rec_155,0,0,0,2025-08-04T00:00:00,2025-08-12T00:00:00,benign
req_ben_1039,pat_55,request_access,phi_rec_55,1,1,0,2025-08-17T00:00:00,2025-09-05T00:00:00,benign
req_ben_709,pat_80,request_deactivation,phi_rec_80,0,0,0,2025-08-05T00:00:00,2025-08-24T00:00:00,benign
req_ben_1402,pat_165,request_access,phi_rec_165,1,0,1,2025-08-02T00:00:00,2025-08-05T00:00:00,benign
req_ben_2811,pat_129,request_access,phi_rec_129,1,1,1,2025-08-18T00:00:00,2025-09-05T00:00:00,benign
req_ben_1396,pat_106,request_access,phi_rec_106,1,1,0,2025-08-19T00:00:00,2025-09-11T00:00:00,benign
req_ben_2956,pat_38,request_access,phi_rec_38,0,1,1,2025-08-03T00:00:00,2025-08-08T00:00:00,benign
req_ben_2158,pat_177,request_access,phi_rec_177,0,1,0,2025-08-29T00:00:00,2025-09-17T00:00:00,benign
req_ben_2764,pat_45,request_access,phi_rec_45,1,0,0,2025-08-12T00:00:00,2025-08-17T00:00:00,benign
req_ben_2468,pat_56,request_access,phi_rec_56,1,1,1,2025-08-05T00:00:00,2025-08-17T00:00:00,benign
req_ben_2349,pat_40,request_access,phi_rec_40,1,0,1,2025-08-27T00:00:00,2025-09-18T00:00:00,benign
req_ben_713,pat_34,request_access,phi_rec_34,1,0,0,2025-08-02T00:00:00,2025-08-20T00:00:00,benign
req_ben_4092,pat_14,request_access,phi_rec_14,1,1,1,2025-08-13T00:00:00,2025-08-15T00:00:00,benign
req_ben_4580,pat_83,request_access,phi_rec_83,1,1,1,2025-08-04T00:00:00,2025-08-26T00:00:00,benign
req_ben_2484,pat_81,request_deactivation,phi_rec_81,0,0,0,2025-08-10T00:00:00,2025-08-21T00:00:00,benign
req_ben_3257,pat_12,request_deactivation,phi_rec_12,0,0,0,2025-08-16T00:00:00,2025-09-01T00:00:00,benign
req_ben_3079,pat_35,request_access,phi_rec_35,1,1,1,2025-08-05T00:00:00,2025-08-09T00:00:00,benign
req_ben_4181,pat_25,request_access,phi_rec_25,1,1,1,2025-08-06T00:00:00,2025-08-17T00:00:00,benign
req_ben_1011,pat_63,request_access,phi_rec_63,1,1,1,2025-08-06T00:00:00,2025-08-22T00:00:00,benign
req_ben_2609,pat_30,request_access,phi_rec_30,1,0,0,2025-08-19T00:00:00,2025-08-20T00:00:00,benign
req_ben_2947,pat_108,request_access,phi_rec_108,1,1,1,2025-08-02T00:00:00,2025-08-13T00:00:00,benign
req_ben_2475,pat_18,request_access,phi_rec_18,0,1,0,2025-08-07T00:00:00,2025-08-30T00:00:00,benign
req_ben_2087,pat_159,request_access,phi_rec_159,1,1,0,2025-08-02T00:00:00,2025-08-23T00:00:00,benign
req_ben_1111,pat_176,request_deactivation,phi_rec_176,0,0,0,2025-08-14T00:00:00,2025-08-23T00:00:00,benign
req_ben_2510,pat_46,request_access,phi_rec_46,1,0,1,2025-08-02T00:00:00,2025-08-09T00:00:00,benign
req_ben_1133,pat_10,request_access,phi_rec_10,1,1,1,2025-08-14T00:00:00,2025-08-17T00:00:00,benign
req_ben_3601,pat_16,request_deactivation,phi_rec_16,0,0,0,2025-08-18T00:00:00,2025-09-10T00:00:00,benign
req_ben_675,pat_16,request_access,phi_rec_16,1,0,1,2025-08-22T00:00:00,2025-09-15T00:00:00,benign
req_ben_3346,pat_126,request_access,phi_rec_126,0,1,0,2025-08-27T00:00:00,2025-08-28T00:00:00,benign
req_ben_1476,pat_190,request_deactivation,phi_rec_190,0,0,0,2025-08-26T00:00:00,2025-09-10T00:00:00,benign
req_ben_4201,pat_156,request_access,phi_rec_156,1,0,1,2025-08-05T00:00:00,2025-08-16T00:00:00,benign
req_ben_1554,pat_180,request_access,phi_rec_180,1,0,1,2025-08-09T00:00:00,2025-08-26T00:00:00,benign
req_ben_3241,pat_164,request_deactivation,phi_rec_164,0,0,0,2025-08-19T00:00:00,2025-09-09T00:00:00,benign
req_ben_2453,pat_148,request_deactivation,phi_rec_148,0,0,0,2025-08-12T00:00:00,2025-08-17T00:00:00,benign
req_ben_2457,pat_40,request_access,phi_rec_40,1,0,0,2025-08-26T00:00:00,2025-09-20T00:00:00,benign
req_ben_1440,pat_100,request_deactivation,phi_rec_100,0,0,0,2025-08-18T00:00:00,2025-08-20T00:00:00,benign
req_ben_531,pat_162,request_access,phi_rec_162,1,1,1,2025-08-25T00:00:00,2025-09-04T00:00:00,benign
req_ben_2066,pat_107,request_deactivation,phi_rec_107,0,0,0,2025-08-14T00:00:00,2025-08-28T00:00:00,benign
req_ben_3056,pat_147,request_access,phi_rec_147,1,0,1,2025-08-09T00:00:00,2025-08-13T00:00:00,benign
req_ben_3534,pat_60,request_deactivation,phi_rec_60,0,0,0,2025-08-30T00:00:00,2025-09-13T00:00:00,benign
req_ben_4220,pat_30,request_deactivation,phi_rec_30,0,0,0,2025-08-06T00:00:00,2025-08-14T00:00:00,benign
req_ben_643,pat_77,request_access,phi_rec_77,1,1,1,2025-08-20T00:00:00,2025-08-29T00:00:00,benign
req_ben_1202,pat_127,request_access,phi_rec_127,0,0,1,2025-08-11T00:00:00,2025-08-22T00:00:00,benign
req_vio_149,pat_85,request_deactivation,phi_rec_85,0,0,0,2025-05-27T00:00:00,,violation_gdpr_art17
req_ben_4214,pat_104,request_deactivation,phi_rec_104,0,0,0,2025-08-24T00:00:00,2025-09-11T00:00:00,benign
req_ben_1608,pat_155,request_deactivation,phi_rec_155,0,0,0,2025-08-11T00:00:00,2025-09-02T00:00:00,benign
req_ben_3047,pat_76,request_access,phi_rec_76,1,1,1,2025-08-21T00:00:00,2025-09-04T00:00:00,benign
req_ben_2352,pat_163,request_access,phi_rec_163,1,1,1,2025-08-25T00:00:00,2025-08-26T00:00:00,benign
req_ben_967,pat_196,request_access,phi_rec_196,1,1,1,2025-08-04T00:00:00,2025-08-20T00:00:00,benign
req_ben_553,pat_35,request_deactivation,phi_rec_35,0,0,0,2025-08-28T00:00:00,2025-09-04T00:00:00,benign
req_ben_651,pat_51,request_access,phi_rec_51,0,0,1,2025-08-07T00:00:00,2025-08-21T00:00:00,benign
req_ben_4279,pat_165,request_access,phi_rec_165,1,1,1,2025-08-10T00:00:00,2025-08-13T00:00:00,benign
req_ben_3010,pat_72,request_access,phi_rec_72,1,1,1,2025-08-30T00:00:00,2025-09-11T00:00:00,benign
req_ben_1917,pat_170,request_access,phi_rec_170,1,1,1,2025-08-13T00:00:00,2025-08-29T00:00:00,benign
req_ben_1813,pat_72,request_deactivation,phi_rec_72,0,0,0,2025-08-28T00:00:00,2025-09-21T00:00:00,benign
req_ben_4208,pat_177,request_deactivation,phi_rec_177,0,0,0,2025-08-18T00:00:00,2025-09-09T00:00:00,benign
req_ben_2378,pat_50,request_access,phi_rec_50,1,1,1,2025-08-18T00:00:00,2025-09-04T00:00:00,benign
req_ben_114,pat_191,request_access,phi_rec_191,1,1,1,2025-08-19T00:00:00,2025-08-22T00:00:00,benign
req_ben_1638,pat_98,request_deactivation,phi_rec_98,0,0,0,2025-08-12T00:00:00,2025-08-14T00:00:00,benign
req_ben_1405,pat_127,request_access,phi_rec_127,1,0,0,2025-08-24T00:00:00,2025-08-29T00:00:00,benign
req_ben_283,pat_118,request_access,phi_rec_118,1,1,0,2025-08-09T00:00:00,2025-08-20T00:00:00,benign
req_ben_3966,pat_87,request_access,phi_rec_87,0,1,1,2025-08-24T00:00:00,2025-09-18T00:00:00,benign
req_ben_3478,pat_175,request_access,phi_rec_175,1,1,1,2025-08-25T00:00:00,2025-09-03T00:00:00,benign
req_ben_1708,pat_124,request_deactivation,phi_rec_124,0,0,0,2025-08-23T00:00:00,2025-09-15T00:00:00,benign
req_ben_3911,pat_185,request_access,phi_rec_185,1,1,0,2025-08-05T00:00:00,2025-08-25T00:00:00,benign
req_ben_507,pat_15,request_deactivation,phi_rec_15,0,0,0,2025-08-23T00:00:00,2025-09-07T00:00:00,benign
req_ben_3937,pat_149,request_deactivation,phi_rec_149,0,0,0,2025-08-15T00:00:00,2025-09-01T00:00:00,benign
req_ben_3501,pat_15,request_deactivation,phi_rec_15,0,0,0,2025-08-14T00:00:00,2025-08-20T00:00:00,benign
req_ben_4047,pat_123,request_deactivation,phi_rec_123,0,0,0,2025-08-27T00:00:00,2025-09-01T00:00:00,benign
req_ben_1172,pat_191,request_access,phi_rec_191,0,1,0,2025-08-22T00:00:00,2025-09-14T00:00:00,benign
req_ben_622,pat_173,request_access,phi_rec_173,0,1,1,2025-08-13T00:00:00,2025-08-31T00:00:00,benign
req_ben_3367,pat_190,request_access,phi_rec_190,0,1,0,2025-08-11T00:00:00,2025-08-12T00:00:00,benign
req_ben_4433,pat_114,request_deactivation,phi_rec_114,0,0,0,2025-08-09T00:00:00,2025-08-27T00:00:00,benign
req_ben_1730,pat_101,request_access,phi_rec_101,1,0,0,2025-08-08T00:00:00,2025-08-28T00:00:00,benign
req_ben_3712,pat_48,request_access,phi_rec_48,0,1,1,2025-08-19T00:00:00,2025-08-27T00:00:00,benign
req_ben_720,pat_153,request_access,phi_rec_153,0,1,0,2025-08-04T00:00:00,2025-08-23T00:00:00,benign
req_vio_100,pat_164,request_access,phi_rec_164,1,1,0,2025-05-27T00:00:00,,violation_gdpr_art15
req_ben_1975,pat_56,request_access,phi_rec_56,1,0,0,2025-08-30T00:00:00,2025-09-20T00:00:00,benign
req_ben_470,pat_44,request_deactivation,phi_rec_44,0,0,0,2025-08-17T00:00:00,2025-08-31T00:00:00,benign
req_ben_2922,pat_69,request_access,phi_rec_69,0,1,1,2025-08-22T00:00:00,2025-08-29T00:00:00,benign
req_ben_3099,pat_113,request_deactivation,phi_rec_113,0,0,0,2025-08-13T00:00:00,2025-09-02T00:00:00,benign
req_ben_177,pat_154,request_access,phi_rec_154,1,1,1,2025-08-22T00:00:00,2025-09-12T00:00:00,benign
req_ben_158,pat_195,request_deactivation,phi_rec_195,0,0,0,2025-08-05T00:00:00,2025-08-21T00:00:00,benign
req_ben_3649,pat_167,request_deactivation,phi_rec_167,0,0,0,2025-08-05T00:00:00,2025-08-28T00:00:00,benign
req_ben_1790,pat_106,request_access,phi_rec_106,0,0,1,2025-08-29T00:00:00,2025-09-20T00:00:00,benign
req_ben_3561,pat_134,request_access,phi_rec_134,1,1,0,2025-08-12T00:00:00,2025-08-15T00:00:00,benign
req_ben_4640,pat_127,request_deactivation,phi_rec_127,0,0,0,2025-08-02T00:00:00,2025-08-04T00:00:00,benign
req_ben_1171,pat_27,request_access,phi_rec_27,1,1,1,2025-08-09T00:00:00,2025-09-02T00:00:00,benign
req_ben_4735,pat_116,request_deactivation,phi_rec_116,0,0,0,2025-08-26T00:00:00,2025-09-08T00:00:00,benign
req_ben_1256,pat_48,request_access,phi_rec_48,1,0,1,2025-08-04T00:00:00,2025-08-13T00:00:00,benign
req_ben_2901,pat_196,request_deactivation,phi_rec_196,0,0,0,2025-08-07T00:00:00,2025-08-21T00:00:00,benign
req_ben_652,pat_172,request_access,phi_rec_172,0,1,0,2025-08-25T00:00:00,2025-09-18T00:00:00,benign
req_ben_1539,pat_99,request_deactivation,phi_rec_99,0,0,0,2025-08-12T00:00:00,2025-08-29T00:00:00,benign
req_vio_219,pat_81,request_deactivation,phi_rec_81,0,0,0,2025-07-17T00:00:00,,violation_gdpr_art17
req_ben_133,pat_192,request_deactivation,phi_rec_192,0,0,0,2025-08-06T00:00:00,2025-08-18T00:00:00,benign
req_ben_260,pat_115,request_access,phi_rec_115,1,1,1,2025-08-12T00:00:00,2025-08-30T00:00:00,benign
req_ben_2518,pat_198,request_access,phi_rec_198,0,0,1,2025-08-25T00:00:00,2025-09-05T00:00:00,benign
req_ben_842,pat_12,request_access,phi_rec_12,1,1,1,2025-08-29T00:00:00,2025-09-14T00:00:00,benign
req_vio_204,pat_105,request_access,phi_rec_105,1,0,1,2025-05-17T00:00:00,,violation_gdpr_art15
req_vio_197,pat_64,request_deactivation,phi_rec_64,0,0,0,2025-05-06T00:00:00,,violation_gdpr_art17
req_ben_4570,pat_34,request_deactivation,phi_rec_34,0,0,0,2025-08-26T00:00:00,2025-09-10T00:00:00,benign
req_ben_1929,pat_99,request_access,phi_rec_99,0,0,1,2025-08-05T00:00:00,2025-08-29T00:00:00,benign
req_ben_142,pat_182,request_access,phi_rec_182,1,1,1,2025-08-29T00:00:00,2025-09-14T00:00:00,benign
req_ben_4515,pat_125,request_access,phi_rec_125,1,1,1,2025-08-09T00:00:00,2025-08-19T00:00:00,benign
req_ben_4117,pat_103,request_access,phi_rec_103,0,0,1,2025-08-17T00:00:00,2025-09-06T00:00:00,benign
req_ben_3465,pat_54,request_deactivation,phi_rec_54,0,0,0,2025-08-02T00:00:00,2025-08-19T00:00:00,benign
req_ben_2374,pat_109,request_access,phi_rec_109,0,1,1,2025-08-14T00:00:00,2025-09-04T00:00:00,benign
req_ben_4358,pat_47,request_access,phi_rec_47,1,1,1,2025-08-20T00:00:00,2025-08-31T00:00:00,benign
req_ben_4018,pat_11,request_deactivation,phi_rec_11,0,0,0,2025-08-07T00:00:00,2025-08-29T00:00:00,benign
req_ben_1806,pat_20,request_access,phi_rec_20,1,0,0,2025-08-21T00:00:00,2025-09-12T00:00:00,benign
req_ben_3656,pat_185,request_deactivation,phi_rec_185,0,0,0,2025-08-12T00:00:00,2025-08-24T00:00:00,benign
req_ben_88,pat_144,request_deactivation,phi_rec_144,0,0,0,2025-08-28T00:00:00,2025-09-11T00:00:00,benign
req_ben_4381,pat_167,request_deactivation,phi_rec_167,0,0,0,2025-08-07T00:00:00,2025-08-18T00:00:00,benign
req_ben_2370,pat_27,request_access,phi_rec_27,0,1,1,2025-08-25T00:00:00,2025-08-27T00:00:00,benign
req_ben_4694,pat_111,request_access,phi_rec_111,1,1,1,2025-08-02T00:00:00,2025-08-21T00:00:00,benign
req_ben_2406,pat_0,request_access,phi_rec_0,1,0,1,2025-08-03T00:00:00,2025-08-13T00:00:00,benign
req_ben_2966,pat_66,request_access,phi_rec_66,1,1,1,2025-08-08T00:00:00,2025-09-02T00:00:00,benign
req_ben_3708,pat_156,request_access,phi_rec_156,1,1,0,2025-08-18T00:00:00,2025-08-22T00:00:00,benign
req_ben_2405,pat_171,request_access,phi_rec_171,1,1,0,2025-08-06T00:00:00,2025-08-20T00:00:00,benign
req_ben_3889,pat_78,request_access,phi_rec_78,0,1,0,2025-08-04T00:00:00,2025-08-28T00:00:00,benign
req_ben_1626,pat_94,request_access,phi_rec_94,1,0,1,2025-08-18T00:00:00,2025-08-25T00:00:00,benign
req_ben_1766,pat_135,request_deactivation,phi_rec_135,0,0,0,2025-08-26T00:00:00,2025-08-28T00:00:00,benign
req_ben_2566,pat_47,request_access,phi_rec_47,1,1,0,2025-08-17T00:00:00,2025-09-05T00:00:00,benign
req_ben_1931,pat_181,request_access,phi_rec_181,0,1,0,2025-08-25T00:00:00,2025-09-13T00:00:00,benign
req_vio_191,pat_168,request_deactivation,phi_rec_168,0,0,0,2025-05-20T00:00:00,,violation_gdpr_art17
req_ben_1867,pat_142,request_access,phi_rec_142,1,0,1,2025-08-25T00:00:00,2025-09-04T00:00:00,benign
req_ben_1182,pat_32,request_access,phi_rec_32,1,0,1,2025-08-30T00:00:00,2025-09-02T00:00:00,benign
req_ben_4182,pat_58,request_access,phi_rec_58,1,1,1,2025-08-16T00:00:00,2025-09-05T00:00:00,benign
req_ben_2970,pat_112,request_deactivation,phi_rec_112,0,0,0,2025-08-08T00:00:00,2025-08-30T00:00:00,benign
req_ben_2568,pat_69,request_access,phi_rec_69,1,1,0,2025-08-27T00:00:00,2025-08-29T00:00:00,benign
req_ben_3046,pat_188,request_access,phi_rec_188,1,1,1,2025-08-13T00:00:00,2025-08-26T00:00:00,benign
req_ben_3804,pat_20,request_access,phi_rec_20,1,0,0,2025-08-08T00:00:00,2025-08-23T00:00:00,benign
req_ben_3945,pat_47,request_access,phi_rec_47,0,1,0,2025-08-02T00:00:00,2025-08-16T00:00:00,benign
req_ben_3037,pat_85,request_access,phi_rec_85,1,1,1,2025-08-07T00:00:00,2025-08-24T00:00:00,benign
req_ben_4078,pat_61,request_deactivation,phi_rec_61,0,0,0,2025-08-13T00:00:00,2025-08-21T00:00:00,benign
req_ben_2020,pat_33,request_access,phi_rec_33,1,1,1,2025-08-09T00:00:00,2025-08-11T00:00:00,benign
req_ben_2298,pat_181,request_deactivation,phi_rec_181,0,0,0,2025-08-13T00:00:00,2025-08-14T00:00:00,benign
req_ben_1567,pat_111,request_deactivation,phi_rec_111,0,0,0,2025-08-20T00:00:00,2025-09-14T00:00:00,benign
req_ben_2772,pat_152,request_access,phi_rec_152,1,1,1,2025-08-19T00:00:00,2025-09-01T00:00:00,benign
req_ben_1095,pat_22,request_deactivation,phi_rec_22,0,0,0,2025-08-08T00:00:00,2025-08-26T00:00:00,benign
req_ben_3993,pat_19,request_deactivation,phi_rec_19,0,0,0,2025-08-12T00:00:00,2025-09-06T00:00:00,benign
req_ben_3455,pat_180,request_deactivation,phi_rec_180,0,0,0,2025-08-11T00:00:00,2025-08-31T00:00:00,benign
req_ben_4110,pat_114,request_access,phi_rec_114,0,1,0,2025-08-17T00:00:00,2025-09-08T00:00:00,benign
req_ben_771,pat_109,request_deactivation,phi_rec_109,0,0,0,2025-08-12T00:00:00,2025-08-30T00:00:00,benign
req_ben_2258,pat_33,request_access,phi_rec_33,0,1,0,2025-08-02T00:00:00,2025-08-24T00:00:00,benign
req_ben_2464,pat_140,request_access,phi_rec_140,1,1,1,2025-08-23T00:00:00,2025-09-06T00:00:00,benign
req_ben_2522,pat_101,request_access,phi_rec_101,1,1,1,2025-08-28T00:00:00,2025-09-10T00:00:00,benign
req_ben_1197,pat_91,request_access,phi_rec_91,0,1,0,2025-08-12T00:00:00,2025-08-15T00:00:00,benign
req_ben_610,pat_1,request_access,phi_rec_1,0,1,0,2025-08-26T00:00:00,2025-09-01T00:00:00,benign
req_ben_1711,pat_110,request_access,phi_rec_110,1,0,0,2025-08-14T00:00:00,2025-08-31T00:00:00,benign
req_vio_202,pat_35,request_access,phi_rec_35,1,1,0,2025-05-22T00:00:00,,violation_gdpr_art15
req_ben_404,pat_109,request_access,phi_rec_109,1,0,1,2025-08-23T00:00:00,2025-09-01T00:00:00,benign
req_ben_2438,pat_83,request_access,phi_rec_83,0,0,1,2025-08-02T00:00:00,2025-08-26T00:00:00,benign
req_ben_2687,pat_133,request_deactivation,phi_rec_133,0,0,0,2025-08-11T00:00:00,2025-09-01T00:00:00,benign
req_ben_5,pat_3,request_deactivation,phi_rec_3,0,0,0,2025-08-07T00:00:00,2025-08-30T00:00:00,benign
req_ben_3763,pat_162,request_access,phi_rec_162,1,1,1,2025-08-02T00:00:00,2025-08-16T00:00:00,benign
req_ben_840,pat_186,request_access,phi_rec_186,1,1,1,2025-08-03T00:00:00,2025-08-12T00:00:00,benign
req_ben_1413,pat_197,request_deactivation,phi_rec_197,0,0,0,2025-08-23T00:00:00,2025-09-07T00:00:00,benign
req_vio_193,pat_37,request_deactivation,phi_rec_37,0,0,0,2025-07-26T00:00:00,,violation_gdpr_art17
req_ben_2175,pat_189,request_access,phi_rec_189,1,1,1,2025-08-09T00:00:00,2025-08-12T00:00:00,benign
req_ben_1740,pat_11,request_deactivation,phi_rec_11,0,0,0,2025-08-18T00:00:00,2025-09-06T00:00:00,benign
req_ben_2946,pat_83,request_access,phi_rec_83,0,0,1,2025-08-02T00:00:00,2025-08-17T00:00:00,benign
req_ben_4533,pat_69,request_access,phi_rec_69,0,1,1,2025-08-19T00:00:00,2025-09-11T00:00:00,benign
req_ben_3970,pat_178,request_access,phi_rec_178,1,0,1,2025-08-07T00:00:00,2025-08-11T00:00:00,benign
req_ben_3710,pat_165,request_access,phi_rec_165,0,0,1,2025-08-20T00:00:00,2025-09-12T00:00:00,benign
req_ben_266,pat_116,request_access,phi_rec_116,0,1,1,2025-08-15T00:00:00,2025-09-02T00:00:00,benign
req_ben_1207,pat_144,request_access,phi_rec_144,0,1,0,2025-08-18T00:00:00,2025-09-03T00:00:00,benign
req_ben_561,pat_18,request_access,phi_rec_18,0,1,1,2025-08-16T00:00:00,2025-08-24T00:00:00,benign
req_ben_3810,pat_24,request_access,phi_rec_24,0,0,1,2025-08-04T00:00:00,2025-08-12T00:00:00,benign
req_vio_137,pat_153,request_deactivation,phi_rec_153,0,0,0,2025-07-02T00:00:00,,violation_gdpr_art17
req_ben_3805,pat_72,request_access,phi_rec_72,1,0,0,2025-08-12T00:00:00,2025-08-14T00:00:00,benign
req_ben_3355,pat_174,request_access,phi_rec_174,1,1,1,2025-08-27T00:00:00,2025-09-20T00:00:00,benign
req_ben_4157,pat_102,request_access,phi_rec_102,0,1,1,2025-08-16T00:00:00,2025-09-03T00:00:00,benign
req_ben_658,pat_74,request_deactivation,phi_rec_74,0,0,0,2025-08-17T00:00:00,2025-09-05T00:00:00,benign
req_ben_4510,pat_157,request_access,phi_rec_157,0,1,1,2025-08-14T00:00:00,2025-09-06T00:00:00,benign
req_ben_1564,pat_190,request_deactivation,phi_rec_190,0,0,0,2025-08-12T00:00:00,2025-09-05T00:00:00,benign
req_ben_2504,pat_186,request_access,phi_rec_186,1,0,0,2025-08-29T00:00:00,2025-09-05T00:00:00,benign
req_ben_4050,pat_110,request_access,phi_rec_110,1,1,1,2025-08-11T00:00:00,2025-08-31T00:00:00,benign
req_ben_3205,pat_12,request_deactivation,phi_rec_12,0,0,0,2025-08-08T00:00:00,2025-08-26T00:00:00,benign
req_ben_2673,pat_49,request_access,phi_rec_49,1,1,1,2025-08-23T00:00:00,2025-08-25T00:00:00,benign
req_ben_1667,pat_63,request_access,phi_rec_63,1,1,1,2025-08-09T00:00:00,2025-08-29T00:00:00,benign
req_ben_3347,pat_118,request_deactivation,phi_rec_118,0,0,0,2025-08-09T00:00:00,2025-09-03T00:00:00,benign
req_ben_2756,pat_27,request_access,phi_rec_27,1,1,0,2025-08-27T00:00:00,2025-09-08T00:00:00,benign
req_ben_3243,pat_197,request_access,phi_rec_197,0,1,1,2025-08-23T00:00:00,2025-09-15T00:00:00,benign
req_ben_3437,pat_33,request_deactivation,phi_rec_33,0,0,0,2025-08-16T00:00:00,2025-08-28T00:00:00,benign
req_ben_1034,pat_37,request_access,phi_rec_37,1,1,1,2025-08-28T00:00:00,2025-09-15T00:00:00,benign
req_ben_137,pat_109,request_access,phi_rec_109,0,1,0,2025-08-11T00:00:00,2025-08-18T00:00:00,benign
req_ben_2994,pat_60,request_access,phi_rec_60,1,0,1,2025-08-10T00:00:00,2025-08-31T00:00:00,benign
req_ben_2373,pat_76,request_access,phi_rec_76,1,1,1,2025-08-14T00:00:00,2025-08-29T00:00:00,benign
req_ben_4293,pat_150,request_deactivation,phi_rec_150,0,0,0,2025-08-08T00:00:00,2025-08-13T00:00:00,benign
req_ben_717,pat_198,request_access,phi_rec_198,1,1,1,2025-08-20T00:00:00,2025-08-23T00:00:00,benign
req_ben_2965,pat_88,request_access,phi_rec_88,0,1,1,2025-08-13T00:00:00,2025-09-02T00:00:00,benign
req_vio_93,pat_44,request_deactivation,phi_rec_44,0,0,0,2025-07-25T00:00:00,,violation_gdpr_art17
req_ben_4223,pat_137,request_deactivation,phi_rec_137,0,0,0,2025-08-23T00:00:00,2025-09-14T00:00:00,benign
req_ben_1902,pat_48,request_deactivation,phi_rec_48,0,0,0,2025-08-03T00:00:00,2025-08-19T00:00:00,benign
req_ben_4478,pat_161,request_access,phi_rec_161,1,0,0,2025-08-18T00:00:00,2025-08-30T00:00:00,benign
req_ben_2179,pat_134,request_access,phi_rec_134,1,1,1,2025-08-15T00:00:00,2025-08-31T00:00:00,benign
req_ben_418,pat_181,request_deactivation,phi_rec_181,0,0,0,2025-08-06T00:00:00,2025-08-26T00:00:00,benign
req_ben_3254,pat_3,request_access,phi_rec_3,1,1,0,2025-08-23T00:00:00,2025-08-30T00:00:00,benign
req_ben_79,pat_38,request_access,phi_rec_38,0,0,1,2025-08-29T00:00:00,2025-09-09T00:00:00,benign
req_ben_3734,pat_119,request_access,phi_rec_119,1,1,1,2025-08-29T00:00:00,2025-09-21T00:00:00,benign
req_ben_4673,pat_54,request_deactivation,phi_rec_54,0,0,0,2025-08-25T00:00:00,2025-09-07T00:00:00,benign
req_ben_4009,pat_139,request_access,phi_rec_139,0,0,1,2025-08-25T00:00:00,2025-08-29T00:00:00,benign
req_ben_3957,pat_81,request_deactivation,phi_rec_81,0,0,0,2025-08-11T00:00:00,2025-08-31T00:00:00,benign
req_ben_4180,pat_198,request_access,phi_rec_198,1,0,1,2025-08-26T00:00:00,2025-09-11T00:00:00,benign
req_ben_982,pat_24,request_access,phi_rec_24,1,1,1,2025-08-11T00:00:00,2025-08-14T00:00:00,benign
req_ben_955,pat_117,request_deactivation,phi_rec_117,0,0,0,2025-08-02T00:00:00,2025-08-05T00:00:00,benign
req_ben_3650,pat_137,request_deactivation,phi_rec_137,0,0,0,2025-08-25T00:00:00,2025-09-07T00:00:00,benign
req_ben_1847,pat_127,request_deactivation,phi_rec_127,0,0,0,2025-08-02T00:00:00,2025-08-13T00:00:00,benign
req_ben_267,pat_165,request_access,phi_rec_165,0,0,1,2025-08-15T00:00:00,2025-08-27T00:00:00,benign
req_ben_3816,pat_27,request_deactivation,phi_rec_27,0,0,0,2025-08-27T00:00:00,2025-08-29T00:00:00,benign
req_ben_527,pat_142,request_access,phi_rec_142,0,1,0,2025-08-29T00:00:00,2025-08-31T00:00:00,benign
req_ben_2534,pat_71,request_access,phi_rec_71,1,1,1,2025-08-20T00:00:00,2025-09-08T00:00:00,benign
req_ben_3404,pat_75,request_deactivation,phi_rec_75,0,0,0,2025-08-02T00:00:00,2025-08-26T00:00:00,benign
req_ben_632,pat_1,request_access,phi_rec_1,1,1,1,2025-08-08T00:00:00,2025-08-11T00:00:00,benign
req_ben_2042,pat_74,request_access,phi_rec_74,0,0,1,2025-08-17T00:00:00,2025-08-29T00:00:00,benign
req_ben_3285,pat_34,request_access,phi_rec_34,1,1,0,2025-08-03T00:00:00,2025-08-26T00:00:00,benign
req_ben_631,pat_102,request_access,phi_rec_102,0,1,1,2025-08-17T00:00:00,2025-08-27T00:00:00,benign
req_ben_1494,pat_117,request_access,phi_rec_117,1,1,0,2025-08-05T00:00:00,2025-08-11T00:00:00,benign
req_ben_1533,pat_32,request_access,phi_rec_32,0,1,0,2025-08-26T00:00:00,2025-08-31T00:00:00,benign
req_ben_4174,pat_48,request_deactivation,phi_rec_48,0,0,0,2025-08-22T00:00:00,2025-09-03T00:00:00,benign
req_ben_3133,pat_60,request_access,phi_rec_60,0,0,1,2025-08-19T00:00:00,2025-09-07T00:00:00,benign
req_ben_923,pat_86,request_access,phi_rec_86,0,1,0,2025-08-13T00:00:00,2025-08-28T00:00:00,benign
req_ben_4529,pat_76,request_access,phi_rec_76,1,1,1,2025-08-05T00:00:00,2025-08-19T00:00:00,benign
req_ben_176,pat_43,request_access,phi_rec_43,1,1,1,2025-08-08T00:00:00,2025-08-28T00:00:00,benign
req_ben_4464,pat_127,request_access,phi_rec_127,0,1,1,2025-08-12T00:00:00,2025-08-19T00:00:00,benign
req_ben_403,pat_116,request_access,phi_rec_116,1,1,1,2025-08-11T00:00:00,2025-08-28T00:00:00,benign
req_ben_4306,pat_72,request_deactivation,phi_rec_72,0,0,0,2025-08-16T00:00:00,2025-09-09T00:00:00,benign
req_ben_2123,pat_36,request_access,phi_rec_36,1,1,1,2025-08-30T00:00:00,2025-09-11T00:00:00,benign
req_ben_1687,pat_196,request_access,phi_rec_196,1,0,0,2025-08-28T00:00:00,2025-09-14T00:00:00,benign
req_ben_3329,pat_26,request_access,phi_rec_26,0,0,1,2025-08-09T00:00:00,2025-08-11T00:00:00,benign
req_vio_205,pat_186,request_deactivation,phi_rec_186,0,0,0,2025-05-27T00:00:00,,violation_gdpr_art17
req_ben_1733,pat_67,request_access,phi_rec_67,0,1,1,2025-08-06T00:00:00,2025-08-21T00:00:00,benign
req_ben_3068,pat_168,request_access,phi_rec_168,0,1,1,2025-08-03T00:00:00,2025-08-04T00:00:00,benign
req_ben_1318,pat_11,request_deactivation,phi_rec_11,0,0,0,2025-08-16T00:00:00,2025-09-01T00:00:00,benign
req_ben_4685,pat_177,request_access,phi_rec_177,1,0,1,2025-08-11T00:00:00,2025-08-16T00:00:00,benign
req_ben_2662,pat_154,request_deactivation,phi_rec_154,0,0,0,2025-08-19T00:00:00,2025-09-01T00:00:00,benign
req_ben_3153,pat_121,request_access,phi_rec_121,0,1,1,2025-08-22T00:00:00,2025-08-25T00:00:00,benign
req_ben_4657,pat_9,request_access,phi_rec_9,1,0,1,2025-08-18T00:00:00,2025-09-04T00:00:00,benign
req_ben_3325,pat_55,request_deactivation,phi_rec_55,0,0,0,2025-08-22T00:00:00,2025-09-12T00:00:00,benign
req_ben_4422,pat_108,request_access,phi_rec_108,1,1,1,2025-08-19T00:00:00,2025-09-04T00:00:00,benign
req_ben_2415,pat_162,request_deactivation,phi_rec_162,0,0,0,2025-08-15T00:00:00,2025-08-23T00:00:00,benign
req_ben_4030,pat_94,request_access,phi_rec_94,1,0,1,2025-08-21T00:00:00,2025-09-05T00:00:00,benign
req_ben_3272,pat_48,request_access,phi_rec_48,1,1,1,2025-08-04T00:00:00,2025-08-17T00:00:00,benign
req_ben_3916,pat_25,request_deactivation,phi_rec_25,0,0,0,2025-08-29T00:00:00,2025-09-08T00:00:00,benign
req_ben_674,pat_62,request_access,phi_rec_62,0,1,1,2025-08-06T00:00:00,2025-08-07T00:00:00,benign
req_ben_82,pat_182,request_deactivation,phi_rec_182,0,0,0,2025-08-05T00:00:00,2025-08-18T00:00:00,benign
req_ben_623,pat_183,request_access,phi_rec_183,0,0,1,2025-08-06T00:00:00,2025-08-25T00:00:00,benign
req_ben_297,pat_89,request_deactivation,phi_rec_89,0,0,0,2025-08-06T00:00:00,2025-08-07T00:00:00,benign
req_ben_1415,pat_163,request_access,phi_rec_163,1,1,1,2025-08-24T00:00:00,2025-09-08T00:00:00,benign
req_ben_3166,pat_59,request_access,phi_rec_59,1,0,0,2025-08-26T00:00:00,2025-09-14T00:00:00,benign
req_ben_3410,pat_70,request_deactivation,phi_rec_70,0,0,0,2025-08-02T00:00:00,2025-08-27T00:00:00,benign
req_ben_3018,pat_73,request_access,phi_rec_73,0,1,0,2025-08-28T00:00:00,2025-09-15T00:00:00,benign
req_ben_1577,pat_79,request_access,phi_rec_79,1,1,1,2025-08-23T00:00:00,2025-09-02T00:00:00,benign
req_ben_1808,pat_31,request_access,phi_rec_31,1,0,1,2025-08-18T00:00:00,2025-08-27T00:00:00,benign
req_ben_1890,pat_24,request_access,phi_rec_24,1,0,1,2025-08-12T00:00:00,2025-08-23T00:00:00,benign
req_ben_2879,pat_91,request_access,phi_rec_91,1,0,0,2025-08-08T00:00:00,2025-08-09T00:00:00,benign
req_ben_1192,pat_153,request_access,phi_rec_153,1,1,1,2025-08-05T00:00:00,2025-08-30T00:00:00,benign
req_ben_4354,pat_148,request_deactivation,phi_rec_148,0,0,0,2025-08-29T00:00:00,2025-09-16T00:00:00,benign
req_ben_766,pat_115,request_access,phi_rec_115,1,1,1,2025-08-11T00:00:00,2025-08-20T00:00:00,benign
req_ben_1987,pat_120,request_access,phi_rec_120,1,1,1,2025-08-09T00:00:00,2025-08-20T00:00:00,benign
req_ben_320,pat_81,request_deactivation,phi_rec_81,0,0,0,2025-08-07T00:00:00,2025-08-11T00:00:00,benign
req_ben_1371,pat_98,request_access,phi_rec_98,0,0,1,2025-08-15T00:00:00,2025-08-17T00:00:00,benign
req_ben_1835,pat_186,request_deactivation,phi_rec_186,0,0,0,2025-08-13T00:00:00,2025-08-27T00:00:00,benign
req_ben_1195,pat_91,request_deactivation,phi_rec_91,0,0,0,2025-08-22T00:00:00,2025-09-04T00:00:00,benign
req_ben_4096,pat_155,request_access,phi_rec_155,1,0,0,2025-08-09T00:00:00,2025-08-17T00:00:00,benign
req_ben_1236,pat_1,request_access,phi_rec_1,1,1,1,2025-08-23T00:00:00,2025-09-02T00:00:00,benign
req_vio_86,pat_67,request_access,phi_rec_67,0,0,1,2025-05-02T00:00:00,,violation_gdpr_art15
req_ben_2926,pat_59,request_access,phi_rec_59,0,1,1,2025-08-26T00:00:00,2025-09-11T00:00:00,benign
req_ben_1250,pat_117,request_access,phi_rec_117,0,1,1,2025-08-22T00:00:00,2025-09-10T00:00:00,benign
req_ben_2977,pat_164,request_deactivation,phi_rec_164,0,0,0,2025-08-22T00:00:00,2025-09-07T00:00:00,benign
req_ben_2085,pat_55,request_access,phi_rec_55,1,1,1,2025-08-11T00:00:00,2025-08-15T00:00:00,benign
req_ben_4263,pat_79,request_access,phi_rec_79,1,1,0,2025-08-08T00:00:00,2025-08-10T00:00:00,benign
req_vio_232,pat_20,request_access,phi_rec_20,1,1,0,2025-06-17T00:00:00,,violation_gdpr_art15
req_ben_4668,pat_32,request_deactivation,phi_rec_32,0,0,0,2025-08-07T00:00:00,2025-08-29T00:00:00,benign
req_ben_4523,pat_179,request_deactivation,phi_rec_179,0,0,0,2025-08-26T00:00:00,2025-09-19T00:00:00,benign
req_ben_2037,pat_130,request_access,phi_rec_130,1,1,1,2025-08-25T00:00:00,2025-09-09T00:00:00,benign
req_ben_3899,pat_99,request_access,phi_rec_99,1,0,1,2025-08-20T00:00:00,2025-08-22T00:00:00,benign
req_ben_3003,pat_132,request_deactivation,phi_rec_132,0,0,0,2025-08-29T00:00:00,2025-08-31T00:00:00,benign
req_ben_2780,pat_53,request_access,phi_rec_53,0,1,0,2025-08-17T00:00:00,2025-09-04T00:00:00,benign
req_ben_1049,pat_184,request_access,phi_rec_184,0,1,0,2025-08-27T00:00:00,2025-09-04T00:00:00,benign
req_ben_1665,pat_59,request_access,phi_rec_59,0,0,1,2025-08-22T00:00:00,2025-09-12T00:00:00,benign
req_ben_4503,pat_183,request_deactivation,phi_rec_183,0,0,0,2025-08-03T00:00:00,2025-08-25T00:00:00,benign
req_ben_2648,pat_71,request_access,phi_rec_71,1,1,1,2025-08-02T00:00:00,2025-08-17T00:00:00,benign
req_ben_969,pat_156,request_access,phi_rec_156,0,0,1,2025-08-22T00:00:00,2025-08-23T00:00:00,benign
req_ben_2,pat_64,request_access,phi_rec_64,0,0,1,2025-08-21T00:00:00,2025-09-01T00:00:00,benign
req_ben_1032,pat_165,request_access,phi_rec_165,1,0,0,2025-08-26T00:00:00,2025-09-12T00:00:00,benign
req_ben_1261,pat_180,request_access,phi_rec_180,0,1,0,2025-08-14T00:00:00,2025-09-02T00:00:00,benign
req_ben_3023,pat_20,request_deactivation,phi_rec_20,0,0,0,2025-08-19T00:00:00,2025-08-20T00:00:00,benign
req_ben_542,pat_118,request_access,phi_rec_118,0,1,1,2025-08-22T00:00:00,2025-09-04T00:00:00,benign
req_ben_3621,pat_10,request_access,phi_rec_10,1,0,0,2025-08-27T00:00:00,2025-09-14T00:00:00,benign
req_ben_3818,pat_8,request_access,phi_rec_8,1,1,1,2025-08-29T00:00:00,2025-09-04T00:00:00,benign
req_ben_3907,pat_21,request_access,phi_rec_21,1,0,1,2025-08-09T00:00:00,2025-09-01T00:00:00,benign
req_ben_551,pat_130,request_deactivation,phi_rec_130,0,0,0,2025-08-18T00:00:00,2025-09-08T00:00:00,benign
req_ben_1576,pat_66,request_deactivation,phi_rec_66,0,0,0,2025-08-07T00:00:00,2025-08-16T00:00:00,benign
req_ben_4026,pat_57,request_access,phi_rec_57,1,1,0,2025-08-23T00:00:00,2025-09-11T00:00:00,benign
req_ben_2096,pat_66,request_access,phi_rec_66,1,0,0,2025-08-30T00:00:00,2025-09-24T00:00:00,benign
req_ben_4688,pat_124,request_access,phi_rec_124,0,1,1,2025-08-20T00:00:00,2025-09-05T00:00:00,benign
req_ben_1880,pat_96,request_access,phi_rec_96,1,1,1,2025-08-18T00:00:00,2025-08-26T00:00:00,benign
req_ben_730,pat_4,request_deactivation,phi_rec_4,0,0,0,2025-08-05T00:00:00,2025-08-21T00:00:00,benign
req_ben_4579,pat_8,request_access,phi_rec_8,0,0,1,2025-08-22T00:00:00,2025-08-28T00:00:00,benign
req_ben_4002,pat_23,request_access,phi_rec_23,1,1,1,2025-08-22T00:00:00,2025-09-02T00:00:00,benign
req_ben_3750,pat_87,request_deactivation,phi_rec_87,0,0,0,2025-08-08T00:00:00,2025-08-19T00:00:00,benign
req_ben_3928,pat_25,request_access,phi_rec_25,0,0,1,2025-08-10T00:00:00,2025-08-21T00:00:00,benign
req_vio_8,pat_164,request_access,phi_rec_164,1,1,1,2025-07-24T00:00:00,,violation_gdpr_art15
req_ben_492,pat_157,request_deactivation,phi_rec_157,0,0,0,2025-08-04T00:00:00,2025-08-29T00:00:00,benign
req_ben_952,pat_48,request_access,phi_rec_48,1,0,0,2025-08-30T00:00:00,2025-09-02T00:00:00,benign
req_ben_867,pat_96,request_deactivation,phi_rec_96,0,0,0,2025-08-02T00:00:00,2025-08-22T00:00:00,benign
req_ben_2322,pat_154,request_access,phi_rec_154,0,1,0,2025-08-22T00:00:00,2025-08-31T00:00:00,benign
req_vio_124,pat_18,request_access,phi_rec_18,0,1,1,2025-05-05T00:00:00,,violation_gdpr_art15
req_ben_827,pat_167,request_access,phi_rec_167,1,1,0,2025-08-12T00:00:00,2025-09-01T00:00:00,benign
req_ben_2941,pat_114,request_access,phi_rec_114,0,1,0,2025-08-09T00:00:00,2025-08-29T00:00:00,benign
req_ben_4659,pat_118,request_deactivation,phi_rec_118,0,0,0,2025-08-13T00:00:00,2025-08-29T00:00:00,benign
req_ben_1585,pat_154,request_access,phi_rec_154,1,0,0,2025-08-24T00:00:00,2025-09-09T00:00:00,benign
req_ben_3691,pat_163,request_access,phi_rec_163,1,1,1,2025-08-12T00:00:00,2025-08-19T00:00:00,benign
req_ben_993,pat_92,request_deactivation,phi_rec_92,0,0,0,2025-08-19T00:00:00,2025-08-27T00:00:00,benign
req_ben_2890,pat_64,request_access,phi_rec_64,0,1,0,2025-08-30T00:00:00,2025-09-09T00:00:00,benign
req_ben_2081,pat_27,request_deactivation,phi_rec_27,0,0,0,2025-08-08T00:00:00,2025-08-15T00:00:00,benign
req_ben_1956,pat_84,request_deactivation,phi_rec_84,0,0,0,2025-08-24T00:00:00,2025-09-02T00:00:00,benign
req_vio_134,pat_27,request_access,phi_rec_27,1,1,1,2025-03-30T00:00:00,,violation_gdpr_art15
req_ben_3853,pat_124,request_access,phi_rec_124,1,0,0,2025-08-16T00:00:00,2025-08-25T00:00:00,benign
req_ben_3647,pat_190,request_access,phi_rec_190,1,0,1,2025-08-15T00:00:00,2025-09-09T00:00:00,benign
req_ben_2564,pat_1,request_access,phi_rec_1,0,0,1,2025-08-16T00:00:00,2025-08-20T00:00:00,benign
req_ben_279,pat_71,request_deactivation,phi_rec_71,0,0,0,2025-08-18T00:00:00,2025-09-10T00:00:00,benign
req_ben_2253,pat_123,request_deactivation,phi_rec_123,0,0,0,2025-08-30T00:00:00,2025-09-18T00:00:00,benign
req_ben_3527,pat_2,request_deactivation,phi_rec_2,0,0,0,2025-08-09T00:00:00,2025-08-21T00:00:00,benign
req_ben_1701,pat_185,request_access,phi_rec_185,1,1,1,2025-08-17T00:00:00,2025-08-20T00:00:00,benign
req_ben_2559,pat_150,request_access,phi_rec_150,1,1,0,2025-08-10T00:00:00,2025-09-01T00:00:00,benign
req_ben_3925,pat_135,request_access,phi_rec_135,1,1,1,2025-08-21T00:00:00,2025-09-03T00:00:00,benign
req_ben_1895,pat_101,request_access,phi_rec_101,1,0,1,2025-08-17T00:00:00,2025-09-05T00:00:00,benign
req_ben_2567,pat_106,request_access,phi_rec_106,1,1,1,2025-08-22T00:00:00,2025-09-06T00:00:00,benign
req_vio_59,pat_70,request_deactivation,phi_rec_70,0,0,0,2025-07-06T00:00:00,,violation_gdpr_art17
req_ben_2769,pat_62,request_deactivation,phi_rec_62,0,0,0,2025-08-22T00:00:00,2025-09-02T00:00:00,benign
req_ben_2776,pat_140,request_access,phi_rec_140,1,1,1,2025-08-19T00:00:00,2025-09-02T00:00:00,benign
req_ben_1210,pat_132,request_access,phi_rec_132,1,0,1,2025-08-12T00:00:00,2025-08-30T00:00:00,benign
req_ben_3230,pat_120,request_access,phi_rec_120,1,1,1,2025-08-20T00:00:00,2025-08-23T00:00:00,benign
req_ben_3223,pat_163,request_deactivation,phi_rec_163,0,0,0,2025-08-12T00:00:00,2025-08-28T00:00:00,benign
req_ben_1637,pat_134,request_deactivation,phi_rec_134,0,0,0,2025-08-03T00:00:00,2025-08-08T00:00:00,benign
req_ben_4037,pat_29,request_access,phi_rec_29,1,0,1,2025-08-12T00:00:00,2025-09-04T00:00:00,benign
req_ben_1795,pat_168,request_access,phi_rec_168,1,1,1,2025-08-19T00:00:00,2025-08-30T00:00:00,benign
req_ben_3584,pat_65,request_access,phi_rec_65,0,0,1,2025-08-17T00:00:00,2025-08-22T00:00:00,benign
req_ben_1180,pat_154,request_access,phi_rec_154,1,1,1,2025-08-13T00:00:00,2025-08-30T00:00:00,benign
req_ben_4458,pat_88,request_access,phi_rec_88,1,1,1,2025-08-16T00:00:00,2025-08-19T00:00:00,benign
req_ben_687,pat_111,request_access,phi_rec_111,0,0,1,2025-08-07T00:00:00,2025-08-18T00:00:00,benign
req_ben_2536,pat_151,request_access,phi_rec_151,0,1,0,2025-08-21T00:00:00,2025-08-29T00:00:00,benign
req_vio_118,pat_172,request_access,phi_rec_172,1,1,1,2025-03-30T00:00:00,,violation_gdpr_art15
req_ben_1002,pat_131,request_access,phi_rec_131,1,1,0,2025-08-06T00:00:00,2025-08-27T00:00:00,benign
req_ben_4195,pat_30,request_access,phi_rec_30,0,1,0,2025-08-22T00:00:00,2025-09-12T00:00:00,benign
req_vio_10,pat_141,request_access,phi_rec_141,1,1,1,2025-06-27T00:00:00,,violation_gdpr_art15
req_ben_4197,pat_127,request_access,phi_rec_127,0,0,1,2025-08-18T00:00:00,2025-09-06T00:00:00,benign
req_ben_1096,pat_79,request_access,phi_rec_79,1,1,1,2025-08-15T00:00:00,2025-08-19T00:00:00,benign
req_ben_2000,pat_74,request_access,phi_rec_74,1,0,1,2025-08-09T00:00:00,2025-08-17T00:00:00,benign
req_ben_3684,pat_119,request_access,phi_rec_119,1,1,1,2025-08-29T00:00:00,2025-09-19T00:00:00,benign
req_ben_127,pat_43,request_access,phi_rec_43,1,1,1,2025-08-17T00:00:00,2025-09-09T00:00:00,benign
req_ben_3948,pat_11,request_deactivation,phi_rec_11,0,0,0,2025-08-16T00:00:00,2025-08-26T00:00:00,benign
req_ben_1157,pat_66,request_access,phi_rec_66,0,1,0,2025-08-22T00:00:00,2025-09-03T00:00:00,benign
req_ben_2223,pat_168,request_access,phi_rec_168,0,0,1,2025-08-29T00:00:00,2025-09-20T00:00:00,benign
req_ben_2450,pat_188,request_access,phi_rec_188,1,0,0,2025-08-12T00:00:00,2025-09-03T00:00:00,benign
req_ben_863,pat_158,request_deactivation,phi_rec_158,0,0,0,2025-08-04T00:00:00,2025-08-29T00:00:00,benign
req_ben_3894,pat_165,request_access,phi_rec_165,1,1,0,2025-08-27T00:00:00,2025-09-20T00:00:00,benign
req_ben_1050,pat_30,request_access,phi_rec_30,0,1,1,2025-08-08T00:00:00,2025-08-23T00:00:00,benign
req_ben_3334,pat_66,request_access,phi_rec_66,0,1,0,2025-08-27T00:00:00,2025-09-05T00:00:00,benign
req_ben_4444,pat_38,request_access,phi_rec_38,0,1,0,2025-08-08T00:00:00,2025-08-27T00:00:00,benign
req_ben_2124,pat_25,request_access,phi_rec_25,1,0,0,2025-08-29T00:00:00,2025-09-16T00:00:00,benign
req_ben_1277,pat_49,request_deactivation,phi_rec_49,0,0,0,2025-08-26T00:00:00,2025-09-16T00:00:00,benign
req_ben_436,pat_59,request_access,phi_rec_59,1,0,1,2025-08-27T00:00:00,2025-09-13T00:00:00,benign
req_vio_24,pat_169,request_access,phi_rec_169,0,1,0,2025-03-23T00:00:00,,violation_gdpr_art15
req_vio_98,pat_154,request_access,phi_rec_154,1,0,1,2025-05-27T00:00:00,,violation_gdpr_art15
req_ben_4489,pat_149,request_access,phi_rec_149,0,0,1,2025-08-16T00:00:00,2025-09-09T00:00:00,benign
req_ben_743,pat_40,request_access,phi_rec_40,0,1,1,2025-08-27T00:00:00,2025-09-06T00:00:00,benign
req_ben_1514,pat_186,request_access,phi_rec_186,0,1,1,2025-08-02T00:00:00,2025-08-27T00:00:00,benign
req_ben_776,pat_25,request_access,phi_rec_25,0,0,1,2025-08-25T00:00:00,2025-09-02T00:00:00,benign
req_ben_711,pat_172,request_deactivation,phi_rec_172,0,0,0,2025-08-03T00:00:00,2025-08-14T00:00:00,benign
req_ben_1974,pat_171,request_deactivation,phi_rec_171,0,0,0,2025-08-10T00:00:00,2025-09-01T00:00:00,benign
req_ben_2637,pat_27,request_deactivation,phi_rec_27,0,0,0,2025-08-04T00:00:00,2025-08-07T00:00:00,benign
req_ben_1683,pat_153,request_access,phi_rec_153,1,1,0,2025-08-07T00:00:00,2025-08-12T00:00:00,benign
req_ben_3591,pat_152,request_deactivation,phi_rec_152,0,0,0,2025-08-06T00:00:00,2025-08-14T00:00:00,benign
req_ben_4104,pat_41,request_access,phi_rec_41,1,1,1,2025-08-22T00:00:00,2025-08-28T00:00:00,benign
req_ben_1019,pat_60,request_access,phi_rec_60,0,1,1,2025-08-24T00:00:00,2025-09-03T00:00:00,benign
req_ben_1943,pat_147,request_access,phi_rec_147,0,0,1,2025-08-16T00:00:00,2025-08-25T00:00:00,benign
req_ben_1763,pat_35,request_deactivation,phi_rec_35,0,0,0,2025-08-25T00:00:00,2025-08-29T00:00:00,benign
req_ben_3609,pat_69,request_access,phi_rec_69,1,1,1,2025-08-27T00:00:00,2025-09-09T00:00:00,benign
req_ben_4292,pat_98,request_access,phi_rec_98,1,0,0,2025-08-08T00:00:00,2025-08-30T00:00:00,benign
req_ben_1672,pat_116,request_access,phi_rec_116,1,1,1,2025-08-12T00:00:00,2025-09-03T00:00:00,benign
req_ben_3330,pat_92,request_access,phi_rec_92,1,1,0,2025-08-09T00:00:00,2025-08-12T00:00:00,benign
req_vio_130,pat_74,request_access,phi_rec_74,0,1,1,2025-06-18T00:00:00,,violation_gdpr_art15
req_ben_4237,pat_121,request_access,phi_rec_121,0,0,1,2025-08-11T00:00:00,2025-08-26T00:00:00,benign
req_ben_2163,pat_96,request_deactivation,phi_rec_96,0,0,0,2025-08-23T00:00:00,2025-09-09T00:00:00,benign
req_ben_935,pat_122,request_access,phi_rec_122,1,0,0,2025-08-25T00:00:00,2025-09-10T00:00:00,benign
req_ben_4179,pat_124,request_access,phi_rec_124,1,0,1,2025-08-05T00:00:00,2025-08-23T00:00:00,benign
req_vio_1,pat_105,request_deactivation,phi_rec_105,0,0,0,2025-05-22T00:00:00,,violation_gdpr_art17
req_ben_3033,pat_140,request_deactivation,phi_rec_140,0,0,0,2025-08-24T00:00:00,2025-09-09T00:00:00,benign
req_ben_1271,pat_119,request_access,phi_rec_119,0,0,1,2025-08-19T00:00:00,2025-09-07T00:00:00,benign
req_ben_1839,pat_184,request_access,phi_rec_184,1,0,0,2025-08-28T00:00:00,2025-09-03T00:00:00,benign
req_ben_4332,pat_180,request_access,phi_rec_180,0,0,1,2025-08-15T00:00:00,2025-08-20T00:00:00,benign
req_ben_3951,pat_36,request_access,phi_rec_36,1,1,1,2025-08-24T00:00:00,2025-09-16T00:00:00,benign
req_ben_4200,pat_97,request_access,phi_rec_97,1,1,1,2025-08-14T00:00:00,2025-08-25T00:00:00,benign
req_ben_1315,pat_11,request_access,phi_rec_11,0,0,1,2025-08-14T00:00:00,2025-08-17T00:00:00,benign
req_ben_1993,pat_152,request_access,phi_rec_152,0,1,0,2025-08-27T00:00:00,2025-09-08T00:00:00,benign
req_ben_2785,pat_159,request_deactivation,phi_rec_159,0,0,0,2025-08-17T00:00:00,2025-08-20T00:00:00,benign
req_ben_4361,pat_115,request_access,phi_rec_115,0,1,1,2025-08-15T00:00:00,2025-09-01T00:00:00,benign
req_ben_2006,pat_137,request_deactivation,phi_rec_137,0,0,0,2025-08-14T00:00:00,2025-08-26T00:00:00,benign
req_ben_1600,pat_136,request_deactivation,phi_rec_136,0,0,0,2025-08-28T00:00:00,2025-09-03T00:00:00,benign
req_ben_4371,pat_59,request_access,phi_rec_59,1,0,0,2025-08-05T00:00:00,2025-08-13T00:00:00,benign
req_ben_4486,pat_32,request_access,phi_rec_32,1,1,1,2025-08-25T00:00:00,2025-09-08T00:00:00,benign
req_ben_745,pat_85,request_access,phi_rec_85,1,1,1,2025-08-03T00:00:00,2025-08-14T00:00:00,benign
req_ben_3979,pat_134,request_deactivation,phi_rec_134,0,0,0,2025-08-13T00:00:00,2025-09-03T00:00:00,benign
req_ben_1305,pat_29,request_access,phi_rec_29,1,1,0,2025-08-22T00:00:00,2025-09-05T00:00:00,benign
req_ben_2375,pat_59,request_access,phi_rec_59,0,1,1,2025-08-21T00:00:00,2025-08-30T00:00:00,benign
req_ben_4252,pat_19,request_access,phi_rec_19,1,1,0,2025-08-25T00:00:00,2025-08-31T00:00:00,benign
req_ben_1888,pat_167,request_deactivation,phi_rec_167,0,0,0,2025-08-27T00:00:00,2025-09-06T00:00:00,benign
req_ben_1248,pat_175,request_access,phi_rec_175,0,1,0,2025-08-07T00:00:00,2025-08-17T00:00:00,benign
req_vio_235,pat_95,request_deactivation,phi_rec_95,0,0,0,2025-03-09T00:00:00,,violation_gdpr_art17
req_ben_248,pat_141,request_access,phi_rec_141,1,1,0,2025-08-29T00:00:00,2025-09-10T00:00:00,benign
req_ben_1024,pat_15,request_access,phi_rec_15,0,1,1,2025-08-22T00:00:00,2025-08-24T00:00:00,benign
req_ben_1115,pat_50,request_deactivation,phi_rec_50,0,0,0,2025-08-08T00:00:00,2025-08-22T00:00:00,benign
req_ben_3808,pat_110,request_deactivation,phi_rec_110,0,0,0,2025-08-25T00:00:00,2025-09-18T00:00:00,benign
req_ben_506,pat_187,request_access,phi_rec_187,1,1,1,2025-08-21T00:00:00,2025-08-24T00:00:00,benign
req_ben_1865,pat_73,request_access,phi_rec_73,1,0,1,2025-08-16T00:00:00,2025-08-29T00:00:00,benign
req_ben_620,pat_90,request_access,phi_rec_90,1,0,1,2025-08-26T00:00:00,2025-09-08T00:00:00,benign
req_ben_2665,pat_79,request_access,phi_rec_79,0,1,1,2025-08-07T00:00:00,2025-08-24T00:00:00,benign
req_ben_3261,pat_0,request_deactivation,phi_rec_0,0,0,0,2025-08-11T00:00:00,2025-08-31T00:00:00,benign
req_ben_238,pat_55,request_access,phi_rec_55,1,1,1,2025-08-28T00:00:00,2025-09-11T00:00:00,benign
req_ben_3476,pat_3,request_deactivation,phi_rec_3,0,0,0,2025-08-11T00:00:00,2025-08-23T00:00:00,benign
req_vio_234,pat_61,request_access,phi_rec_61,0,0,1,2025-05-08T00:00:00,,violation_gdpr_art15
req_ben_1249,pat_147,request_access,phi_rec_147,0,1,0,2025-08-26T00:00:00,2025-08-29T00:00:00,benign
req_ben_197,pat_187,request_deactivation,phi_rec_187,0,0,0,2025-08-12T00:00:00,2025-08-21T00:00:00,benign
req_ben_1603,pat_139,request_access,phi_rec_139,1,1,1,2025-08-14T00:00:00,2025-09-02T00:00:00,benign
req_ben_3485,pat_90,request_access,phi_rec_90,0,0,1,2025-08-18T00:00:00,2025-08-23T00:00:00,benign
req_ben_2388,pat_70,request_access,phi_rec_70,1,0,0,2025-08-20T00:00:00,2025-08-27T00:00:00,benign
req_ben_1820,pat_55,request_deactivation,phi_rec_55,0,0,0,2025-08-25T00:00:00,2025-08-29T00:00:00,benign
req_ben_3369,pat_101,request_access,phi_rec_101,1,1,0,2025-08-19T00:00:00,2025-09-05T00:00:00,benign
req_ben_4090,pat_2,request_deactivation,phi_rec_2,0,0,0,2025-08-10T00:00:00,2025-08-21T00:00:00,benign
req_ben_1732,pat_102,request_deactivation,phi_rec_102,0,0,0,2025-08-11T00:00:00,2025-08-12T00:00:00,benign
req_ben_3903,pat_74,request_access,phi_rec_74,0,1,1,2025-08-02T00:00:00,2025-08-09T00:00:00,benign
req_ben_156,pat_129,request_access,phi_rec_129,1,0,0,2025-08-19T00:00:00,2025-09-01T00:00:00,benign
req_ben_3214,pat_149,request_access,phi_rec_149,1,1,1,2025-08-04T00:00:00,2025-08-06T00:00:00,benign
req_ben_4534,pat_195,request_deactivation,phi_rec_195,0,0,0,2025-08-28T00:00:00,2025-09-21T00:00:00,benign
req_ben_606,pat_117,request_deactivation,phi_rec_117,0,0,0,2025-08-05T00:00:00,2025-08-26T00:00:00,benign
req_ben_4708,pat_23,request_deactivation,phi_rec_23,0,0,0,2025-08-17T00:00:00,2025-08-31T00:00:00,benign
req_ben_4327,pat_30,request_access,phi_rec_30,0,1,0,2025-08-21T00:00:00,2025-09-05T00:00:00,benign
req_ben_3020,pat_148,request_deactivation,phi_rec_148,0,0,0,2025-08-12T00:00:00,2025-08-16T00:00:00,benign
req_ben_1211,pat_104,request_deactivation,phi_rec_104,0,0,0,2025-08-10T00:00:00,2025-08-12T00:00:00,benign
req_ben_4733,pat_123,request_deactivation,phi_rec_123,0,0,0,2025-08-20T00:00:00,2025-08-26T00:00:00,benign
req_ben_2404,pat_130,request_access,phi_rec_130,1,0,0,2025-08-29T00:00:00,2025-09-22T00:00:00,benign
req_ben_2299,pat_119,request_access,phi_rec_119,1,1,0,2025-08-05T00:00:00,2025-08-10T00:00:00,benign
req_ben_1422,pat_82,request_access,phi_rec_82,1,1,1,2025-08-11T00:00:00,2025-08-27T00:00:00,benign
req_ben_995,pat_65,request_access,phi_rec_65,1,1,1,2025-08-18T00:00:00,2025-08-26T00:00:00,benign
req_ben_3094,pat_145,request_access,phi_rec_145,0,0,1,2025-08-03T00:00:00,2025-08-12T00:00:00,benign
req_ben_2647,pat_97,request_access,phi_rec_97,1,0,1,2025-08-24T00:00:00,2025-09-02T00:00:00,benign
req_ben_1671,pat_37,request_access,phi_rec_37,1,1,1,2025-08-23T00:00:00,2025-08-30T00:00:00,benign
req_ben_544,pat_128,request_access,phi_rec_128,1,1,1,2025-08-17T00:00:00,2025-08-31T00:00:00,benign
req_ben_4062,pat_139,request_access,phi_rec_139,1,1,1,2025-08-10T00:00:00,2025-08-22T00:00:00,benign
req_ben_746,pat_186,request_access,phi_rec_186,1,0,1,2025-08-11T00:00:00,2025-08-15T00:00:00,benign
req_ben_3310,pat_119,request_access,phi_rec_119,1,1,1,2025-08-12T00:00:00,2025-08-21T00:00:00,benign
req_ben_1500,pat_126,request_access,phi_rec_126,1,1,1,2025-08-13T00:00:00,2025-08-17T00:00:00,benign
req_ben_1869,pat_135,request_access,phi_rec_135,0,1,0,2025-08-30T00:00:00,2025-09-18T00:00:00,benign
req_ben_426,pat_166,request_deactivation,phi_rec_166,0,0,0,2025-08-09T00:00:00,2025-08-13T00:00:00,benign
req_ben_1178,pat_140,request_access,phi_rec_140,1,0,0,2025-08-20T00:00:00,2025-09-01T00:00:00,benign
req_ben_3135,pat_99,request_access,phi_rec_99,0,0,1,2025-08-12T00:00:00,2025-09-01T00:00:00,benign
req_ben_4556,pat_145,request_access,phi_rec_145,1,1,0,2025-08-30T00:00:00,2025-09-04T00:00:00,benign
req_ben_909,pat_123,request_deactivation,phi_rec_123,0,0,0,2025-08-11T00:00:00,2025-09-02T00:00:00,benign
req_ben_2996,pat_26,request_access,phi_rec_26,1,0,0,2025-08-02T00:00:00,2025-08-25T00:00:00,benign
req_ben_1457,pat_14,request_deactivation,phi_rec_14,0,0,0,2025-08-03T00:00:00,2025-08-13T00:00:00,benign
req_ben_784,pat_76,request_deactivation,phi_rec_76,0,0,0,2025-08-20T00:00:00,2025-09-13T00:00:00,benign
req_ben_1950,pat_106,request_access,phi_rec_106,0,1,1,2025-08-24T00:00:00,2025-09-12T00:00:00,benign
req_ben_1322,pat_1,request_deactivation,phi_rec_1,0,0,0,2025-08-04T00:00:00,2025-08-12T00:00:00,benign
req_ben_4700,pat_31,request_access,phi_rec_31,0,0,1,2025-08-11T00:00:00,2025-09-01T00:00:00,benign
req_ben_440,pat_196,request_access,phi_rec_196,0,1,0,2025-08-08T00:00:00,2025-08-15T00:00:00,benign
req_ben_3568,pat_103,request_access,phi_rec_103,0,1,1,2025-08-10T00:00:00,2025-08-21T00:00:00,benign
req_ben_1821,pat_25,request_access,phi_rec_25,1,0,0,2025-08-26T00:00:00,2025-09-04T00:00:00,benign
req_ben_2115,pat_0,request_access,phi_rec_0,1,0,1,2025-08-27T00:00:00,2025-08-29T00:00:00,benign
req_ben_2582,pat_86,request_access,phi_rec_86,1,1,1,2025-08-07T00:00:00,2025-08-08T00:00:00,benign
req_ben_3139,pat_26,request_deactivation,phi_rec_26,0,0,0,2025-08-08T00:00:00,2025-08-09T00:00:00,benign
req_ben_4213,pat_170,request_access,phi_rec_170,0,1,0,2025-08-29T00:00:00,2025-09-20T00:00:00,benign
req_ben_3926,pat_56,request_deactivation,phi_rec_56,0,0,0,2025-08-26T00:00:00,2025-08-27T00:00:00,benign
req_ben_1696,pat_100,request_access,phi_rec_100,0,0,1,2025-08-30T00:00:00,2025-09-20T00:00:00,benign
req_ben_2497,pat_183,request_deactivation,phi_rec_183,0,0,0,2025-08-26T00:00:00,2025-09-02T00:00:00,benign
req_ben_3122,pat_77,request_access,phi_rec_77,1,1,0,2025-08-12T00:00:00,2025-08-19T00:00:00,benign
req_ben_733,pat_58,request_deactivation,phi_rec_58,0,0,0,2025-08-23T00:00:00,2025-09-12T00:00:00,benign
req_ben_841,pat_46,request_access,phi_rec_46,0,1,1,2025-08-04T00:00:00,2025-08-18T00:00:00,benign
req_ben_350,pat_32,request_access,phi_rec_32,1,0,0,2025-08-13T00:00:00,2025-09-06T00:00:00,benign
req_ben_739,pat_118,request_access,phi_rec_118,1,1,0,2025-08-08T00:00:00,2025-08-15T00:00:00,benign
req_ben_604,pat_150,request_access,phi_rec_150,1,1,1,2025-08-20T00:00:00,2025-09-02T00:00:00,benign
req_ben_3578,pat_15,request_access,phi_rec_15,1,1,0,2025-08-23T00:00:00,2025-09-13T00:00:00,benign
req_ben_740,pat_134,request_deactivation,phi_rec_134,0,0,0,2025-08-08T00:00:00,2025-08-12T00:00:00,benign
req_ben_3795,pat_138,request_access,phi_rec_138,0,1,0,2025-08-11T00:00:00,2025-08-29T00:00:00,benign
req_ben_2068,pat_181,request_access,phi_rec_181,1,0,0,2025-08-25T00:00:00,2025-09-18T00:00:00,benign
req_ben_2583,pat_89,request_deactivation,phi_rec_89,0,0,0,2025-08-18T00:00:00,2025-08-20T00:00:00,benign
req_ben_3451,pat_66,request_access,phi_rec_66,0,1,1,2025-08-05T00:00:00,2025-08-20T00:00:00,benign
req_ben_4254,pat_60,request_deactivation,phi_rec_60,0,0,0,2025-08-03T00:00:00,2025-08-24T00:00:00,benign
req_ben_487,pat_63,request_access,phi_rec_63,1,1,1,2025-08-27T00:00:00,2025-09-19T00:00:00,benign
req_ben_388,pat_129,request_deactivation,phi_rec_129,0,0,0,2025-08-27T00:00:00,2025-08-28T00:00:00,benign
req_ben_2611,pat_158,request_access,phi_rec_158,0,1,1,2025-08-17T00:00:00,2025-08-19T00:00:00,benign
req_ben_3015,pat_18,request_access,phi_rec_18,0,0,1,2025-08-16T00:00:00,2025-08-26T00:00:00,benign
req_ben_1543,pat_160,request_access,phi_rec_160,1,0,0,2025-08-19T00:00:00,2025-09-09T00:00:00,benign
req_ben_1287,pat_129,request_deactivation,phi_rec_129,0,0,0,2025-08-30T00:00:00,2025-09-07T00:00:00,benign
req_ben_2122,pat_124,request_deactivation,phi_rec_124,0,0,0,2025-08-10T00:00:00,2025-08-25T00:00:00,benign
req_ben_2053,pat_118,request_deactivation,phi_rec_118,0,0,0,2025-08-20T00:00:00,2025-08-22T00:00:00,benign
req_ben_2093,pat_63,request_access,phi_rec_63,1,1,0,2025-08-03T00:00:00,2025-08-21T00:00:00,benign
req_ben_1928,pat_132,request_access,phi_rec_132,0,1,0,2025-08-18T00:00:00,2025-08-30T00:00:00,benign
req_ben_2529,pat_63,request_access,phi_rec_63,0,1,1,2025-08-23T00:00:00,2025-09-05T00:00:00,benign
req_ben_3863,pat_13,request_access,phi_rec_13,1,0,0,2025-08-20T00:00:00,2025-09-12T00:00:00,benign
req_ben_601,pat_183,request_deactivation,phi_rec_183,0,0,0,2025-08-25T00:00:00,2025-09-03T00:00:00,benign
req_ben_53,pat_84,request_access,phi_rec_84,1,1,1,2025-08-17T00:00:00,2025-08-28T00:00:00,benign
req_ben_2759,pat_122,request_access,phi_rec_122,1,1,1,2025-08-10T00:00:00,2025-08-23T00:00:00,benign
req_ben_938,pat_30,request_access,phi_rec_30,0,0,1,2025-08-03T00:00:00,2025-08-18T00:00:00,benign
req_ben_140,pat_48,request_access,phi_rec_48,1,1,1,2025-08-28T00:00:00,2025-09-06T00:00:00,benign
req_ben_4269,pat_48,request_deactivation,phi_rec_48,0,0,0,2025-08-30T00:00:00,2025-09-19T00:00:00,benign
req_ben_2358,pat_37,request_deactivation,phi_rec_37,0,0,0,2025-08-12T00:00:00,2025-08-30T00:00:00,benign
req_ben_4394,pat_176,request_deactivation,phi_rec_176,0,0,0,2025-08-02T00:00:00,2025-08-16T00:00:00,benign
req_ben_2211,pat_154,request_access,phi_rec_154,0,1,1,2025-08-07T00:00:00,2025-08-19T00:00:00,benign
req_ben_3869,pat_151,request_deactivation,phi_rec_151,0,0,0,2025-08-09T00:00:00,2025-08-16T00:00:00,benign
req_ben_4272,pat_7,request_access,phi_rec_7,1,1,1,2025-08-13T00:00:00,2025-08-25T00:00:00,benign
req_ben_880,pat_45,request_access,phi_rec_45,0,0,1,2025-08-25T00:00:00,2025-09-19T00:00:00,benign
req_ben_968,pat_29,request_access,phi_rec_29,1,1,0,2025-08-16T00:00:00,2025-09-08T00:00:00,benign
req_ben_2900,pat_165,request_deactivation,phi_rec_165,0,0,0,2025-08-22T00:00:00,2025-09-11T00:00:00,benign
req_ben_1047,pat_100,request_access,phi_rec_100,1,1,1,2025-08-07T00:00:00,2025-08-27T00:00:00,benign
req_ben_3215,pat_171,request_access,phi_rec_171,1,1,0,2025-08-09T00:00:00,2025-08-19T00:00:00,benign
req_ben_474,pat_171,request_deactivation,phi_rec_171,0,0,0,2025-08-30T00:00:00,2025-08-31T00:00:00,benign
req_ben_3082,pat_69,request_access,phi_rec_69,1,1,1,2025-08-20T00:00:00,2025-08-30T00:00:00,benign
req_ben_4001,pat_158,request_access,phi_rec_158,0,1,1,2025-08-18T00:00:00,2025-09-08T00:00:00,benign
req_ben_2102,pat_41,request_access,phi_rec_41,1,1,1,2025-08-19T00:00:00,2025-09-10T00:00:00,benign
req_ben_103,pat_161,request_deactivation,phi_rec_161,0,0,0,2025-08-10T00:00:00,2025-08-12T00:00:00,benign
req_ben_4647,pat_60,request_access,phi_rec_60,1,1,0,2025-08-03T00:00:00,2025-08-19T00:00:00,benign
req_ben_2683,pat_1,request_deactivation,phi_rec_1,0,0,0,2025-08-05T00:00:00,2025-08-28T00:00:00,benign
req_ben_3246,pat_163,request_access,phi_rec_163,0,1,0,2025-08-13T00:00:00,2025-09-01T00:00:00,benign
req_ben_3636,pat_106,request_access,phi_rec_106,1,1,1,2025-08-29T00:00:00,2025-09-22T00:00:00,benign
req_ben_963,pat_181,request_access,phi_rec_181,1,0,1,2025-08-08T00:00:00,2025-08-31T00:00:00,benign
req_ben_1267,pat_60,request_access,phi_rec_60,1,1,1,2025-08-20T00:00:00,2025-08-31T00:00:00,benign
req_ben_1441,pat_69,request_access,phi_rec_69,1,1,1,2025-08-26T00:00:00,2025-09-12T00:00:00,benign
req_ben_1537,pat_143,request_access,phi_rec_143,1,1,1,2025-08-24T00:00:00,2025-09-01T00:00:00,benign
req_ben_608,pat_69,request_access,phi_rec_69,0,1,0,2025-08-21T00:00:00,2025-08-25T00:00:00,benign
req_ben_293,pat_26,request_access,phi_rec_26,1,1,1,2025-08-30T00:00:00,2025-09-06T00:00:00,benign
req_ben_139,pat_82,request_access,phi_rec_82,0,0,1,2025-08-02T00:00:00,2025-08-04T00:00:00,benign
req_ben_2636,pat_56,request_access,phi_rec_56,1,1,1,2025-08-22T00:00:00,2025-09-07T00:00:00,benign
req_ben_265,pat_13,request_access,phi_rec_13,1,1,1,2025-08-05T00:00:00,2025-08-22T00:00:00,benign
req_vio_63,pat_85,request_deactivation,phi_rec_85,0,0,0,2025-06-27T00:00:00,,violation_gdpr_art17
req_ben_2147,pat_24,request_access,phi_rec_24,1,1,1,2025-08-26T00:00:00,2025-09-04T00:00:00,benign
req_ben_2496,pat_34,request_access,phi_rec_34,1,1,1,2025-08-07T00:00:00,2025-08-27T00:00:00,benign
req_ben_1922,pat_144,request_deactivation,phi_rec_144,0,0,0,2025-08-10T00:00:00,2025-08-23T00:00:00,benign
req_ben_915,pat_89,request_access,phi_rec_89,0,1,1,2025-08-16T00:00:00,2025-08-24T00:00:00,benign
req_ben_4588,pat_14,request_access,phi_rec_14,1,1,1,2025-08-29T00:00:00,2025-09-18T00:00:00,benign
req_ben_2760,pat_25,request_access,phi_rec_25,1,1,1,2025-08-10T00:00:00,2025-08-26T00:00:00,benign
req_ben_182,pat_88,request_access,phi_rec_88,1,1,1,2025-08-29T00:00:00,2025-09-20T00:00:00,benign
req_ben_124,pat_189,request_access,phi_rec_189,0,0,1,2025-08-30T00:00:00,2025-08-31T00:00:00,benign
req_ben_2014,pat_129,request_access,phi_rec_129,1,1,1,2025-08-30T00:00:00,2025-09-23T00:00:00,benign
req_ben_3294,pat_174,request_access,phi_rec_174,1,0,0,2025-08-07T00:00:00,2025-08-15T00:00:00,benign
req_ben_2579,pat_66,request_access,phi_rec_66,0,0,1,2025-08-11T00:00:00,2025-08-18T00:00:00,benign
req_ben_1811,pat_93,request_deactivation,phi_rec_93,0,0,0,2025-08-03T00:00:00,2025-08-07T00:00:00,benign
req_ben_1434,pat_154,request_access,phi_rec_154,0,1,0,2025-08-02T00:00:00,2025-08-03T00:00:00,benign
req_ben_996,pat_143,request_deactivation,phi_rec_143,0,0,0,2025-08-13T00:00:00,2025-09-01T00:00:00,benign
req_ben_1662,pat_66,request_deactivation,phi_rec_66,0,0,0,2025-08-07T00:00:00,2025-08-19T00:00:00,benign
req_ben_718,pat_104,request_deactivation,phi_rec_104,0,0,0,2025-08-19T00:00:00,2025-09-07T00:00:00,benign
req_ben_1680,pat_166,request_access,phi_rec_166,0,1,1,2025-08-27T00:00:00,2025-09-17T00:00:00,benign
req_vio_106,pat_49,request_access,phi_rec_49,1,1,1,2025-07-01T00:00:00,,violation_gdpr_art15
req_ben_2931,pat_156,request_access,phi_rec_156,1,1,1,2025-08-02T00:00:00,2025-08-21T00:00:00,benign
req_ben_2929,pat_167,request_deactivation,phi_rec_167,0,0,0,2025-08-09T00:00:00,2025-08-31T00:00:00,benign
req_ben_3615,pat_179,request_deactivation,phi_rec_179,0,0,0,2025-08-19T00:00:00,2025-09-03T00:00:00,benign
req_ben_1089,pat_86,request_access,phi_rec_86,0,0,1,2025-08-07T00:00:00,2025-08-15T00:00:00,benign
req_ben_3375,pat_169,request_deactivation,phi_rec_169,0,0,0,2025-08-03T00:00:00,2025-08-14T00:00:00,benign
req_ben_2084,pat_35,request_access,phi_rec_35,0,0,1,2025-08-23T00:00:00,2025-09-08T00:00:00,benign
req_ben_2083,pat_59,request_access,phi_rec_59,0,1,1,2025-08-15T00:00:00,2025-08-27T00:00:00,benign
req_ben_1447,pat_33,request_deactivation,phi_rec_33,0,0,0,2025-08-12T00:00:00,2025-08-16T00:00:00,benign
req_ben_4160,pat_35,request_access,phi_rec_35,1,1,1,2025-08-02T00:00:00,2025-08-10T00:00:00,benign
req_ben_2818,pat_41,request_access,phi_rec_41,1,1,1,2025-08-24T00:00:00,2025-09-14T00:00:00,benign
req_ben_2810,pat_120,request_access,phi_rec_120,1,1,1,2025-08-03T00:00:00,2025-08-09T00:00:00,benign
req_ben_1160,pat_42,request_access,phi_rec_42,1,0,1,2025-08-09T00:00:00,2025-08-18T00:00:00,benign
req_ben_1558,pat_101,request_deactivation,phi_rec_101,0,0,0,2025-08-06T00:00:00,2025-08-20T00:00:00,benign
req_ben_3714,pat_42,request_deactivation,phi_rec_42,0,0,0,2025-08-16T00:00:00,2025-08-28T00:00:00,benign
req_ben_3221,pat_69,request_access,phi_rec_69,1,1,0,2025-08-04T00:00:00,2025-08-05T00:00:00,benign
req_ben_4059,pat_190,request_access,phi_rec_190,1,1,0,2025-08-07T00:00:00,2025-08-28T00:00:00,benign
req_ben_3398,pat_175,request_access,phi_rec_175,1,1,1,2025-08-13T00:00:00,2025-08-31T00:00:00,benign
req_ben_1234,pat_182,request_access,phi_rec_182,0,1,0,2025-08-06T00:00:00,2025-08-12T00:00:00,benign
req_ben_3091,pat_166,request_deactivation,phi_rec_166,0,0,0,2025-08-11T00:00:00,2025-08-24T00:00:00,benign
req_ben_4216,pat_62,request_access,phi_rec_62,0,1,1,2025-08-25T00:00:00,2025-09-18T00:00:00,benign
req_ben_1523,pat_157,request_deactivation,phi_rec_157,0,0,0,2025-08-06T00:00:00,2025-08-20T00:00:00,benign
req_ben_4526,pat_124,request_access,phi_rec_124,1,1,0,2025-08-06T00:00:00,2025-08-19T00:00:00,benign
req_ben_2314,pat_101,request_deactivation,phi_rec_101,0,0,0,2025-08-22T00:00:00,2025-09-08T00:00:00,benign
req_vio_176,pat_193,request_access,phi_rec_193,0,0,1,2025-03-15T00:00:00,,violation_gdpr_art15
req_ben_555,pat_119,request_access,phi_rec_119,1,1,0,2025-08-12T00:00:00,2025-08-27T00:00:00,benign
req_ben_3414,pat_135,request_deactivation,phi_rec_135,0,0,0,2025-08-09T00:00:00,2025-09-03T00:00:00,benign
req_ben_2230,pat_159,request_access,phi_rec_159,1,1,0,2025-08-04T00:00:00,2025-08-21T00:00:00,benign
req_ben_1027,pat_57,request_access,phi_rec_57,1,0,0,2025-08-02T00:00:00,2025-08-22T00:00:00,benign
req_ben_3560,pat_134,request_access,phi_rec_134,1,0,1,2025-08-09T00:00:00,2025-08-13T00:00:00,benign
req_ben_1186,pat_70,request_access,phi_rec_70,1,0,0,2025-08-14T00:00:00,2025-09-03T00:00:00,benign
req_ben_3008,pat_107,request_deactivation,phi_rec_107,0,0,0,2025-08-19T00:00:00,2025-09-01T00:00:00,benign
req_ben_3874,pat_64,request_access,phi_rec_64,1,1,1,2025-08-30T00:00:00,2025-09-09T00:00:00,benign
req_ben_4714,pat_169,request_access,phi_rec_169,1,1,0,2025-08-25T00:00:00,2025-09-11T00:00:00,benign
req_ben_4144,pat_95,request_access,phi_rec_95,1,1,1,2025-08-10T00:00:00,2025-08-13T00:00:00,benign
req_ben_1419,pat_177,request_deactivation,phi_rec_177,0,0,0,2025-08-03T00:00:00,2025-08-10T00:00:00,benign
req_ben_90,pat_7,request_access,phi_rec_7,0,1,0,2025-08-17T00:00:00,2025-08-28T00:00:00,benign
req_ben_3572,pat_98,request_access,phi_rec_98,1,0,0,2025-08-22T00:00:00,2025-08-27T00:00:00,benign
req_ben_4360,pat_100,request_access,phi_rec_100,1,1,0,2025-08-10T00:00:00,2025-08-25T00:00:00,benign
req_ben_2844,pat_25,request_deactivation,phi_rec_25,0,0,0,2025-08-11T00:00:00,2025-08-12T00:00:00,benign
req_ben_50,pat_23,request_access,phi_rec_23,0,1,0,2025-08-06T00:00:00,2025-08-12T00:00:00,benign
req_ben_1926,pat_95,request_access,phi_rec_95,0,1,0,2025-08-22T00:00:00,2025-08-28T00:00:00,benign
req_vio_206,pat_91,request_access,phi_rec_91,1,1,1,2025-04-30T00:00:00,,violation_gdpr_art15
req_vio_68,pat_198,request_access,phi_rec_198,1,1,1,2025-03-22T00:00:00,,violation_gdpr_art15
req_ben_2339,pat_163,request_deactivation,phi_rec_163,0,0,0,2025-08-27T00:00:00,2025-09-02T00:00:00,benign
req_vio_223,pat_159,request_deactivation,phi_rec_159,0,0,0,2025-04-02T00:00:00,,violation_gdpr_art17
req_ben_2264,pat_26,request_access,phi_rec_26,1,1,1,2025-08-04T00:00:00,2025-08-10T00:00:00,benign
req_ben_4541,pat_67,request_deactivation,phi_rec_67,0,0,0,2025-08-15T00:00:00,2025-08-27T00:00:00,benign
req_ben_1387,pat_14,request_deactivation,phi_rec_14,0,0,0,2025-08-13T00:00:00,2025-09-05T00:00:00,benign
req_ben_3611,pat_100,request_access,phi_rec_100,1,1,1,2025-08-20T00:00:00,2025-09-05T00:00:00,benign
req_ben_932,pat_95,request_access,phi_rec_95,0,1,0,2025-08-06T00:00:00,2025-08-28T00:00:00,benign
req_ben_3541,pat_194,request_deactivation,phi_rec_194,0,0,0,2025-08-09T00:00:00,2025-08-29T00:00:00,benign
req_ben_2963,pat_138,request_deactivation,phi_rec_138,0,0,0,2025-08-25T00:00:00,2025-09-06T00:00:00,benign
req_ben_4453,pat_39,request_access,phi_rec_39,0,1,1,2025-08-03T00:00:00,2025-08-18T00:00:00,benign
req_ben_17,pat_29,request_deactivation,phi_rec_29,0,0,0,2025-08-19T00:00:00,2025-08-30T00:00:00,benign
req_ben_2256,pat_35,request_access,phi_rec_35,1,1,1,2025-08-17T00:00:00,2025-08-24T00:00:00,benign
req_ben_1029,pat_39,request_deactivation,phi_rec_39,0,0,0,2025-08-22T00:00:00,2025-09-15T00:00:00,benign
req_ben_1252,pat_51,request_deactivation,phi_rec_51,0,0,0,2025-08-30T00:00:00,2025-09-18T00:00:00,benign
req_ben_2723,pat_18,request_access,phi_rec_18,0,1,0,2025-08-14T00:00:00,2025-08-16T00:00:00,benign
req_ben_1779,pat_103,request_deactivation,phi_rec_103,0,0,0,2025-08-27T00:00:00,2025-09-04T00:00:00,benign
req_ben_2765,pat_111,request_deactivation,phi_rec_111,0,0,0,2025-08-04T00:00:00,2025-08-26T00:00:00,benign
req_ben_4069,pat_1,request_access,phi_rec_1,1,1,1,2025-08-28T00:00:00,2025-09-07T00:00:00,benign
req_ben_3539,pat_88,request_access,phi_rec_88,0,1,0,2025-08-21T00:00:00,2025-08-23T00:00:00,benign
req_ben_2491,pat_138,request_deactivation,phi_rec_138,0,0,0,2025-08-23T00:00:00,2025-09-01T00:00:00,benign
req_ben_1112,pat_154,request_deactivation,phi_rec_154,0,0,0,2025-08-17T00:00:00,2025-08-23T00:00:00,benign
req_ben_1789,pat_155,request_access,phi_rec_155,0,1,1,2025-08-19T00:00:00,2025-08-21T00:00:00,benign
req_ben_186,pat_84,request_deactivation,phi_rec_84,0,0,0,2025-08-12T00:00:00,2025-08-31T00:00:00,benign
req_ben_481,pat_96,request_access,phi_rec_96,0,0,1,2025-08-27T00:00:00,2025-09-21T00:00:00,benign
req_ben_3143,pat_35,request_access,phi_rec_35,1,1,1,2025-08-13T00:00:00,2025-08-30T00:00:00,benign
req_ben_1203,pat_36,request_access,phi_rec_36,0,0,1,2025-08-22T00:00:00,2025-08-28T00:00:00,benign
req_ben_4033,pat_12,request_deactivation,phi_rec_12,0,0,0,2025-08-20T00:00:00,2025-08-25T00:00:00,benign
req_ben_3436,pat_1,request_access,phi_rec_1,1,0,1,2025-08-30T00:00:00,2025-09-16T00:00:00,benign
req_ben_3279,pat_97,request_deactivation,phi_rec_97,0,0,0,2025-08-03T00:00:00,2025-08-24T00:00:00,benign
req_ben_1482,pat_27,request_deactivation,phi_rec_27,0,0,0,2025-08-06T00:00:00,2025-08-18T00:00:00,benign
req_ben_4114,pat_88,request_access,phi_rec_88,1,1,0,2025-08-20T00:00:00,2025-08-23T00:00:00,benign
req_ben_2858,pat_170,request_access,phi_rec_170,1,1,1,2025-08-16T00:00:00,2025-08-30T00:00:00,benign
req_ben_2921,pat_41,request_access,phi_rec_41,1,1,1,2025-08-26T00:00:00,2025-08-31T00:00:00,benign
req_ben_3877,pat_11,request_access,phi_rec_11,0,1,1,2025-08-16T00:00:00,2025-08-26T00:00:00,benign
req_ben_38,pat_83,request_access,phi_rec_83,1,0,1,2025-08-04T00:00:00,2025-08-28T00:00:00,benign
req_ben_3536,pat_174,request_access,phi_rec_174,0,1,1,2025-08-10T00:00:00,2025-09-03T00:00:00,benign
req_vio_184,pat_77,request_access,phi_rec_77,1,0,1,2025-02-13T00:00:00,,violation_gdpr_art15
req_ben_4154,pat_28,request_deactivation,phi_rec_28,0,0,0,2025-08-29T00:00:00,2025-09-16T00:00:00,benign
req_ben_2525,pat_145,request_deactivation,phi_rec_145,0,0,0,2025-08-24T00:00:00,2025-09-10T00:00:00,benign
req_ben_2733,pat_137,request_access,phi_rec_137,1,1,1,2025-08-14T00:00:00,2025-09-07T00:00:00,benign
req_ben_75,pat_32,request_deactivation,phi_rec_32,0,0,0,2025-08-21T00:00:00,2025-09-01T00:00:00,benign
req_ben_2088,pat_95,request_access,phi_rec_95,1,0,0,2025-08-03T00:00:00,2025-08-18T00:00:00,benign
req_ben_1792,pat_168,request_access,phi_rec_168,0,0,1,2025-08-26T00:00:00,2025-09-02T00:00:00,benign
req_ben_2933,pat_3,request_access,phi_rec_3,1,1,1,2025-08-30T00:00:00,2025-09-13T00:00:00,benign
req_ben_3040,pat_175,request_access,phi_rec_175,1,0,0,2025-08-25T00:00:00,2025-09-12T00:00:00,benign
req_ben_190,pat_122,request_access,phi_rec_122,0,0,1,2025-08-07T00:00:00,2025-08-21T00:00:00,benign
req_ben_1834,pat_67,request_access,phi_rec_67,0,1,1,2025-08-05T00:00:00,2025-08-17T00:00:00,benign
req_ben_4143,pat_166,request_access,phi_rec_166,0,1,0,2025-08-20T00:00:00,2025-08-27T00:00:00,benign
req_ben_329,pat_80,request_access,phi_rec_80,1,0,0,2025-08-22T00:00:00,2025-09-13T00:00:00,benign
req_ben_3041,pat_160,request_access,phi_rec_160,1,0,0,2025-08-27T00:00:00,2025-09-08T00:00:00,benign
req_ben_1565,pat_38,request_access,phi_rec_38,0,0,1,2025-08-29T00:00:00,2025-09-06T00:00:00,benign
req_ben_4414,pat_133,request_access,phi_rec_133,1,1,1,2025-08-24T00:00:00,2025-09-17T00:00:00,benign
req_vio_183,pat_191,request_deactivation,phi_rec_191,0,0,0,2025-06-02T00:00:00,,violation_gdpr_art17
req_ben_2797,pat_120,request_access,phi_rec_120,1,0,1,2025-08-14T00:00:00,2025-08-22T00:00:00,benign
req_ben_3652,pat_107,request_access,phi_rec_107,0,1,0,2025-08-27T00:00:00,2025-09-12T00:00:00,benign
req_ben_1127,pat_130,request_deactivation,phi_rec_130,0,0,0,2025-08-30T00:00:00,2025-09-21T00:00:00,benign
req_ben_1647,pat_133,request_deactivation,phi_rec_133,0,0,0,2025-08-20T00:00:00,2025-09-12T00:00:00,benign
req_ben_4496,pat_137,request_access,phi_rec_137,0,0,1,2025-08-10T00:00:00,2025-08-15T00:00:00,benign
req_ben_109,pat_0,request_access,phi_rec_0,0,1,0,2025-08-11T00:00:00,2025-08-15T00:00:00,benign
req_ben_4618,pat_20,request_access,phi_rec_20,1,1,1,2025-08-18T00:00:00,2025-08-31T00:00:00,benign
req_ben_1437,pat_177,request_deactivation,phi_rec_177,0,0,0,2025-08-07T00:00:00,2025-08-21T00:00:00,benign
req_ben_3104,pat_159,request_access,phi_rec_159,1,1,1,2025-08-19T00:00:00,2025-08-28T00:00:00,benign
req_ben_1151,pat_49,request_deactivation,phi_rec_49,0,0,0,2025-08-18T00:00:00,2025-09-03T00:00:00,benign
req_ben_1116,pat_40,request_deactivation,phi_rec_40,0,0,0,2025-08-02T00:00:00,2025-08-25T00:00:00,benign
req_ben_3885,pat_177,request_access,phi_rec_177,1,1,1,2025-08-09T00:00:00,2025-08-21T00:00:00,benign
req_ben_4645,pat_173,request_access,phi_rec_173,1,0,1,2025-08-21T00:00:00,2025-09-07T00:00:00,benign
req_ben_300,pat_124,request_access,phi_rec_124,1,0,0,2025-08-04T00:00:00,2025-08-14T00:00:00,benign
req_ben_1283,pat_98,request_access,phi_rec_98,0,1,1,2025-08-21T00:00:00,2025-09-11T00:00:00,benign
req_ben_2098,pat_74,request_deactivation,phi_rec_74,0,0,0,2025-08-14T00:00:00,2025-08-22T00:00:00,benign
req_ben_4236,pat_171,request_deactivation,phi_rec_171,0,0,0,2025-08-18T00:00:00,2025-08-19T00:00:00,benign
req_ben_1416,pat_192,request_access,phi_rec_192,0,1,1,2025-08-16T00:00:00,2025-09-01T00:00:00,benign
req_ben_1239,pat_169,request_access,phi_rec_169,0,1,1,2025-08-19T00:00:00,2025-09-12T00:00:00,benign
req_ben_4461,pat_19,request_access,phi_rec_19,1,1,1,2025-08-22T00:00:00,2025-08-29T00:00:00,benign
req_ben_2980,pat_187,request_deactivation,phi_rec_187,0,0,0,2025-08-09T00:00:00,2025-09-01T00:00:00,benign
req_ben_2981,pat_42,request_deactivation,phi_rec_42,0,0,0,2025-08-27T00:00:00,2025-09-03T00:00:00,benign
req_ben_2362,pat_164,request_access,phi_rec_164,1,1,1,2025-08-29T00:00:00,2025-09-04T00:00:00,benign
req_ben_2094,pat_168,request_access,phi_rec_168,0,0,1,2025-08-15T00:00:00,2025-08-19T00:00:00,benign
req_ben_3196,pat_27,request_access,phi_rec_27,1,0,1,2025-08-04T00:00:00,2025-08-08T00:00:00,benign
req_ben_2154,pat_36,request_access,phi_rec_36,0,1,0,2025-08-27T00:00:00,2025-09-21T00:00:00,benign
req_ben_296,pat_96,request_access,phi_rec_96,0,1,0,2025-08-12T00:00:00,2025-08-20T00:00:00,benign
req_ben_925,pat_194,request_access,phi_rec_194,1,0,1,2025-08-16T00:00:00,2025-08-31T00:00:00,benign
req_vio_199,pat_71,request_deactivation,phi_rec_71,0,0,0,2025-04-01T00:00:00,,violation_gdpr_art17
req_ben_2090,pat_107,request_access,phi_rec_107,1,0,0,2025-08-22T00:00:00,2025-09-02T00:00:00,benign
req_ben_4253,pat_36,request_deactivation,phi_rec_36,0,0,0,2025-08-23T00:00:00,2025-09-07T00:00:00,benign
req_ben_4363,pat_13,request_access,phi_rec_13,0,1,0,2025-08-02T00:00:00,2025-08-25T00:00:00,benign
req_ben_1163,pat_63,request_access,phi_rec_63,0,0,1,2025-08-30T00:00:00,2025-09-01T00:00:00,benign
req_ben_2937,pat_69,request_deactivation,phi_rec_69,0,0,0,2025-08-02T00:00:00,2025-08-26T00:00:00,benign
req_ben_3185,pat_134,request_access,phi_rec_134,1,1,1,2025-08-05T00:00:00,2025-08-23T00:00:00,benign
req_ben_315,pat_3,request_access,phi_rec_3,1,1,0,2025-08-17T00:00:00,2025-09-10T00:00:00,benign
req_ben_4597,pat_9,request_deactivation,phi_rec_9,0,0,0,2025-08-22T00:00:00,2025-09-13T00:00:00,benign
req_ben_2607,pat_26,request_access,phi_rec_26,1,0,0,2025-08-20T00:00:00,2025-09-08T00:00:00,benign
req_ben_3792,pat_142,request_access,phi_rec_142,0,1,1,2025-08-26T00:00:00,2025-08-30T00:00:00,benign
req_ben_1329,pat_64,request_access,phi_rec_64,1,1,1,2025-08-02T00:00:00,2025-08-13T00:00:00,benign
req_ben_2885,pat_72,request_deactivation,phi_rec_72,0,0,0,2025-08-09T00:00:00,2025-08-14T00:00:00,benign
req_ben_3830,pat_62,request_access,phi_rec_62,0,0,1,2025-08-22T00:00:00,2025-08-23T00:00:00,benign
req_ben_330,pat_83,request_deactivation,phi_rec_83,0,0,0,2025-08-03T00:00:00,2025-08-14T00:00:00,benign
req_ben_2341,pat_95,request_access,phi_rec_95,1,0,1,2025-08-15T00:00:00,2025-08-17T00:00:00,benign
req_ben_2038,pat_41,request_access,phi_rec_41,0,0,1,2025-08-17T00:00:00,2025-09-08T00:00:00,benign
req_ben_1460,pat_106,request_access,phi_rec_106,1,0,0,2025-08-02T00:00:00,2025-08-06T00:00:00,benign
req_ben_2684,pat_10,request_access,phi_rec_10,1,0,1,2025-08-21T00:00:00,2025-08-27T00:00:00,benign
req_ben_1860,pat_106,request_access,phi_rec_106,1,1,1,2025-08-15T00:00:00,2025-08-21T00:00:00,benign
req_ben_3065,pat_171,request_access,phi_rec_171,0,0,1,2025-08-15T00:00:00,2025-08-29T00:00:00,benign
req_ben_154,pat_16,request_access,phi_rec_16,0,1,1,2025-08-09T00:00:00,2025-08-19T00:00:00,benign
req_ben_2653,pat_9,request_deactivation,phi_rec_9,0,0,0,2025-08-19T00:00:00,2025-08-28T00:00:00,benign
req_ben_3813,pat_73,request_access,phi_rec_73,1,1,1,2025-08-26T00:00:00,2025-08-30T00:00:00,benign
req_ben_2526,pat_96,request_access,phi_rec_96,1,0,0,2025-08-07T00:00:00,2025-08-23T00:00:00,benign
req_vio_152,pat_120,request_access,phi_rec_120,1,1,0,2025-05-05T00:00:00,,violation_gdpr_art15
req_vio_80,pat_80,request_access,phi_rec_80,0,0,1,2025-05-07T00:00:00,,violation_gdpr_art15
req_ben_1770,pat_32,request_deactivation,phi_rec_32,0,0,0,2025-08-17T00:00:00,2025-08-19T00:00:00,benign
req_ben_401,pat_194,request_access,phi_rec_194,0,1,0,2025-08-14T00:00:00,2025-09-06T00:00:00,benign
req_ben_2743,pat_34,request_deactivation,phi_rec_34,0,0,0,2025-08-19T00:00:00,2025-08-23T00:00:00,benign
req_ben_2486,pat_69,request_access,phi_rec_69,0,1,0,2025-08-30T00:00:00,2025-09-23T00:00:00,benign
req_ben_1879,pat_138,request_access,phi_rec_138,1,1,1,2025-08-23T00:00:00,2025-09-01T00:00:00,benign
req_ben_1128,pat_59,request_access,phi_rec_59,1,1,1,2025-08-17T00:00:00,2025-08-24T00:00:00,benign
req_ben_3078,pat_82,request_access,phi_rec_82,0,1,0,2025-08-06T00:00:00,2025-08-26T00:00:00,benign
req_ben_2576,pat_88,request_access,phi_rec_88,1,1,1,2025-08-17T00:00:00,2025-08-28T00:00:00,benign
req_ben_2462,pat_7,request_deactivation,phi_rec_7,0,0,0,2025-08-08T00:00:00,2025-08-17T00:00:00,benign
req_ben_1960,pat_71,request_deactivation,phi_rec_71,0,0,0,2025-08-30T00:00:00,2025-09-01T00:00:00,benign
req_ben_1270,pat_8,request_access,phi_rec_8,0,1,0,2025-08-02T00:00:00,2025-08-17T00:00:00,benign
req_ben_4229,pat_192,request_access,phi_rec_192,1,1,1,2025-08-16T00:00:00,2025-08-27T00:00:00,benign
req_ben_1578,pat_153,request_access,phi_rec_153,0,1,1,2025-08-13T00:00:00,2025-08-17T00:00:00,benign
req_ben_3383,pat_8,request_access,phi_rec_8,1,0,0,2025-08-26T00:00:00,2025-09-03T00:00:00,benign
req_ben_4024,pat_125,request_deactivation,phi_rec_125,0,0,0,2025-08-03T00:00:00,2025-08-05T00:00:00,benign
req_vio_228,pat_195,request_access,phi_rec_195,1,1,1,2025-02-19T00:00:00,,violation_gdpr_art15
req_ben_317,pat_150,request_access,phi_rec_150,0,0,1,2025-08-26T00:00:00,2025-09-10T00:00:00,benign
req_ben_2593,pat_106,request_deactivation,phi_rec_106,0,0,0,2025-08-29T00:00:00,2025-09-19T00:00:00,benign
req_ben_4440,pat_177,request_access,phi_rec_177,1,1,1,2025-08-06T00:00:00,2025-08-18T00:00:00,benign
req_vio_225,pat_82,request_deactivation,phi_rec_82,0,0,0,2025-05-22T00:00:00,,violation_gdpr_art17
req_ben_1462,pat_50,request_access,phi_rec_50,1,0,0,2025-08-05T00:00:00,2025-08-15T00:00:00,benign
req_ben_187,pat_39,request_access,phi_rec_39,0,1,1,2025-08-19T00:00:00,2025-09-01T00:00:00,benign
req_ben_1075,pat_192,request_access,phi_rec_192,0,1,1,2025-08-07T00:00:00,2025-08-14T00:00:00,benign
req_ben_26,pat_10,request_deactivation,phi_rec_10,0,0,0,2025-08-08T00:00:00,2025-08-15T00:00:00,benign
req_ben_175,pat_187,request_access,phi_rec_187,1,0,0,2025-08-28T00:00:00,2025-08-29T00:00:00,benign
req_ben_1704,pat_8,request_access,phi_rec_8,0,1,0,2025-08-06T00:00:00,2025-08-08T00:00:00,benign
req_ben_586,pat_158,request_access,phi_rec_158,1,0,1,2025-08-02T00:00:00,2025-08-22T00:00:00,benign
req_ben_1897,pat_146,request_access,phi_rec_146,1,1,1,2025-08-25T00:00:00,2025-09-05T00:00:00,benign
req_ben_2618,pat_112,request_access,phi_rec_112,1,1,1,2025-08-19T00:00:00,2025-08-22T00:00:00,benign
req_ben_1475,pat_117,request_deactivation,phi_rec_117,0,0,0,2025-08-06T00:00:00,2025-08-29T00:00:00,benign
req_ben_3427,pat_111,request_deactivation,phi_rec_111,0,0,0,2025-08-22T00:00:00,2025-09-13T00:00:00,benign
req_ben_4309,pat_68,request_access,phi_rec_68,1,0,1,2025-08-07T00:00:00,2025-08-31T00:00:00,benign
req_ben_3895,pat_136,request_access,phi_rec_136,1,1,1,2025-08-20T00:00:00,2025-08-22T00:00:00,benign
req_vio_17,pat_47,request_deactivation,phi_rec_47,0,0,0,2025-06-04T00:00:00,,violation_gdpr_art17
req_ben_2988,pat_34,request_access,phi_rec_34,0,1,1,2025-08-11T00:00:00,2025-08-19T00:00:00,benign
req_ben_1774,pat_138,request_access,phi_rec_138,1,0,1,2025-08-22T00:00:00,2025-08-28T00:00:00,benign
req_ben_2813,pat_199,request_access,phi_rec_199,0,1,1,2025-08-13T00:00:00,2025-08-14T00:00:00,benign
req_ben_3651,pat_145,request_deactivation,phi_rec_145,0,0,0,2025-08-06T00:00:00,2025-08-23T00:00:00,benign
req_vio_64,pat_119,request_access,phi_rec_119,0,0,1,2025-02-21T00:00:00,,violation_gdpr_art15
req_ben_3502,pat_97,request_access,phi_rec_97,1,1,1,2025-08-29T00:00:00,2025-09-22T00:00:00,benign
req_ben_1150,pat_69,request_access,phi_rec_69,0,1,1,2025-08-27T00:00:00,2025-09-14T00:00:00,benign
req_ben_1449,pat_112,request_deactivation,phi_rec_112,0,0,0,2025-08-08T00:00:00,2025-08-21T00:00:00,benign
req_ben_3555,pat_121,request_access,phi_rec_121,0,0,1,2025-08-07T00:00:00,2025-08-23T00:00:00,benign
req_vio_131,pat_105,request_deactivation,phi_rec_105,0,0,0,2025-02-18T00:00:00,,violation_gdpr_art17
req_vio_248,pat_105,request_access,phi_rec_105,1,1,0,2025-05-15T00:00:00,,violation_gdpr_art15
req_ben_1673,pat_44,request_access,phi_rec_44,1,1,0,2025-08-28T00:00:00,2025-09-12T00:00:00,benign
req_ben_14,pat_133,request_access,phi_rec_133,1,1,1,2025-08-03T00:00:00,2025-08-18T00:00:00,benign
req_ben_437,pat_50,request_access,phi_rec_50,0,0,1,2025-08-15T00:00:00,2025-08-20T00:00:00,benign
req_ben_4241,pat_123,request_deactivation,phi_rec_123,0,0,0,2025-08-14T00:00:00,2025-08-23T00:00:00,benign
req_ben_2476,pat_136,request_deactivation,phi_rec_136,0,0,0,2025-08-07T00:00:00,2025-08-15T00:00:00,benign
req_ben_64,pat_162,request_access,phi_rec_162,1,0,0,2025-08-13T00:00:00,2025-08-24T00:00:00,benign
req_ben_2472,pat_199,request_access,phi_rec_199,0,1,1,2025-08-25T00:00:00,2025-08-29T00:00:00,benign
req_ben_4194,pat_197,request_access,phi_rec_197,1,1,1,2025-08-26T00:00:00,2025-09-15T00:00:00,benign
req_ben_3168,pat_33,request_deactivation,phi_rec_33,0,0,0,2025-08-23T00:00:00,2025-09-02T00:00:00,benign
req_ben_3115,pat_10,request_access,phi_rec_10,1,1,1,2025-08-22T00:00:00,2025-09-09T00:00:00,benign
req_ben_2659,pat_158,request_access,phi_rec_158,1,1,1,2025-08-30T00:00:00,2025-09-23T00:00:00,benign
req_ben_457,pat_36,request_access,phi_rec_36,0,1,1,2025-08-29T00:00:00,2025-09-11T00:00:00,benign
req_ben_438,pat_154,request_access,phi_rec_154,1,1,1,2025-08-13T00:00:00,2025-09-03T00:00:00,benign
req_ben_281,pat_114,request_deactivation,phi_rec_114,0,0,0,2025-08-19T00:00:00,2025-09-12T00:00:00,benign
req_ben_4316,pat_26,request_access,phi_rec_26,1,1,1,2025-08-26T00:00:00,2025-09-09T00:00:00,benign
req_ben_20,pat_162,request_deactivation,phi_rec_162,0,0,0,2025-08-11T00:00:00,2025-08-15T00:00:00,benign
req_ben_502,pat_58,request_access,phi_rec_58,1,1,1,2025-08-30T00:00:00,2025-09-09T00:00:00,benign
req_ben_1289,pat_6,request_access,phi_rec_6,0,0,1,2025-08-26T00:00:00,2025-09-13T00:00:00,benign
req_vio_113,pat_2,request_deactivation,phi_rec_2,0,0,0,2025-04-22T00:00:00,,violation_gdpr_art17
req_ben_3225,pat_92,request_deactivation,phi_rec_92,0,0,0,2025-08-08T00:00:00,2025-08-31T00:00:00,benign
req_ben_1246,pat_16,request_deactivation,phi_rec_16,0,0,0,2025-08-15T00:00:00,2025-08-23T00:00:00,benign
req_ben_1570,pat_130,request_access,phi_rec_130,1,1,0,2025-08-26T00:00:00,2025-09-17T00:00:00,benign
req_ben_1435,pat_111,request_access,phi_rec_111,0,0,1,2025-08-05T00:00:00,2025-08-09T00:00:00,benign
req_ben_2725,pat_89,request_access,phi_rec_89,1,1,0,2025-08-15T00:00:00,2025-09-09T00:00:00,benign
req_ben_4454,pat_23,request_access,phi_rec_23,0,0,1,2025-08-28T00:00:00,2025-09-11T00:00:00,benign
req_ben_1702,pat_113,request_deactivation,phi_rec_113,0,0,0,2025-08-06T00:00:00,2025-08-23T00:00:00,benign
req_ben_3407,pat_9,request_access,phi_rec_9,0,1,1,2025-08-13T00:00:00,2025-08-17T00:00:00,benign
req_ben_4402,pat_21,request_access,phi_rec_21,0,1,0,2025-08-21T00:00:00,2025-09-07T00:00:00,benign
req_ben_3393,pat_192,request_access,phi_rec_192,0,1,0,2025-08-29T00:00:00,2025-09-19T00:00:00,benign
req_ben_597,pat_9,request_deactivation,phi_rec_9,0,0,0,2025-08-05T00:00:00,2025-08-09T00:00:00,benign
req_ben_3362,pat_151,request_deactivation,phi_rec_151,0,0,0,2025-08-02T00:00:00,2025-08-10T00:00:00,benign
req_ben_857,pat_68,request_access,phi_rec_68,0,1,1,2025-08-29T00:00:00,2025-08-30T00:00:00,benign
req_ben_2215,pat_5,request_access,phi_rec_5,1,1,1,2025-08-06T00:00:00,2025-08-23T00:00:00,benign
req_ben_454,pat_180,request_access,phi_rec_180,0,0,1,2025-08-03T00:00:00,2025-08-23T00:00:00,benign
req_ben_58,pat_182,request_access,phi_rec_182,0,1,0,2025-08-17T00:00:00,2025-09-05T00:00:00,benign
req_ben_1061,pat_30,request_access,phi_rec_30,1,1,1,2025-08-15T00:00:00,2025-08-19T00:00:00,benign
req_ben_2189,pat_4,request_access,phi_rec_4,0,1,1,2025-08-06T00:00:00,2025-08-10T00:00:00,benign
req_ben_4527,pat_193,request_access,phi_rec_193,0,0,1,2025-08-09T00:00:00,2025-09-01T00:00:00,benign
req_ben_3667,pat_11,request_access,phi_rec_11,1,1,1,2025-08-02T00:00:00,2025-08-12T00:00:00,benign
req_ben_4261,pat_144,request_access,phi_rec_144,1,1,1,2025-08-13T00:00:00,2025-08-27T00:00:00,benign
req_ben_360,pat_55,request_access,phi_rec_55,0,0,1,2025-08-14T00:00:00,2025-08-31T00:00:00,benign
req_ben_2833,pat_15,request_access,phi_rec_15,0,1,0,2025-08-12T00:00:00,2025-08-14T00:00:00,benign
req_ben_4663,pat_34,request_access,phi_rec_34,1,1,1,2025-08-22T00:00:00,2025-09-06T00:00:00,benign
req_ben_45,pat_4,request_access,phi_rec_4,0,1,1,2025-08-29T00:00:00,2025-09-10T00:00:00,benign
req_ben_446,pat_49,request_access,phi_rec_49,0,1,1,2025-08-21T00:00:00,2025-09-03T00:00:00,benign
req_ben_3848,pat_133,request_access,phi_rec_133,1,1,1,2025-08-17T00:00:00,2025-08-25T00:00:00,benign
req_ben_1542,pat_47,request_access,phi_rec_47,0,1,1,2025-08-15T00:00:00,2025-08-18T00:00:00,benign
req_ben_2978,pat_5,request_access,phi_rec_5,0,1,0,2025-08-15T00:00:00,2025-08-19T00:00:00,benign
req_ben_2246,pat_122,request_access,phi_rec_122,1,1,1,2025-08-10T00:00:00,2025-08-13T00:00:00,benign
req_vio_104,pat_95,request_access,phi_rec_95,0,0,1,2025-03-28T00:00:00,,violation_gdpr_art15
req_ben_3834,pat_133,request_access,phi_rec_133,1,0,1,2025-08-28T00:00:00,2025-09-21T00:00:00,benign
req_ben_397,pat_131,request_access,phi_rec_131,1,1,0,2025-08-23T00:00:00,2025-09-06T00:00:00,benign
req_ben_3089,pat_26,request_access,phi_rec_26,1,1,1,2025-08-26T00:00:00,2025-09-09T00:00:00,benign
req_ben_4248,pat_122,request_access,phi_rec_122,1,1,0,2025-08-12T00:00:00,2025-09-05T00:00:00,benign
req_ben_2973,pat_91,request_access,phi_rec_91,1,0,1,2025-08-12T00:00:00,2025-08-22T00:00:00,benign
req_ben_1921,pat_143,request_access,phi_rec_143,0,1,1,2025-08-21T00:00:00,2025-09-02T00:00:00,benign
req_ben_1072,pat_141,request_access,phi_rec_141,1,1,1,2025-08-22T00:00:00,2025-09-01T00:00:00,benign
req_ben_962,pat_92,request_access,phi_rec_92,1,0,1,2025-08-13T00:00:00,2025-09-01T00:00:00,benign
req_ben_3719,pat_166,request_access,phi_rec_166,1,1,1,2025-08-11T00:00:00,2025-08-20T00:00:00,benign
req_ben_2689,pat_40,request_access,phi_rec_40,0,1,1,2025-08-29T00:00:00,2025-09-22T00:00:00,benign
req_ben_1033,pat_32,request_access,phi_rec_32,0,1,1,2025-08-21T00:00:00,2025-09-08T00:00:00,benign
req_ben_2144,pat_65,request_deactivation,phi_rec_65,0,0,0,2025-08-03T00:00:00,2025-08-16T00:00:00,benign
req_ben_4235,pat_157,request_deactivation,phi_rec_157,0,0,0,2025-08-05T00:00:00,2025-08-29T00:00:00,benign
req_ben_1347,pat_23,request_deactivation,phi_rec_23,0,0,0,2025-08-03T00:00:00,2025-08-07T00:00:00,benign
req_ben_3284,pat_101,request_access,phi_rec_101,0,1,1,2025-08-12T00:00:00,2025-08-25T00:00:00,benign
req_ben_4427,pat_161,request_access,phi_rec_161,1,1,1,2025-08-11T00:00:00,2025-08-31T00:00:00,benign
req_ben_1970,pat_195,request_access,phi_rec_195,1,1,1,2025-08-16T00:00:00,2025-09-05T00:00:00,benign
req_ben_2134,pat_70,request_access,phi_rec_70,0,1,1,2025-08-04T00:00:00,2025-08-15T00:00:00,benign
req_vio_201,pat_135,request_deactivation,phi_rec_135,0,0,0,2025-04-04T00:00:00,,violation_gdpr_art17
req_ben_775,pat_161,request_access,phi_rec_161,1,1,1,2025-08-04T00:00:00,2025-08-13T00:00:00,benign
req_ben_1644,pat_18,request_access,phi_rec_18,1,0,0,2025-08-29T00:00:00,2025-09-15T00:00:00,benign
req_ben_4542,pat_48,request_deactivation,phi_rec_48,0,0,0,2025-08-21T00:00:00,2025-08-26T00:00:00,benign
req_ben_3156,pat_112,request_access,phi_rec_112,0,0,1,2025-08-15T00:00:00,2025-08-24T00:00:00,benign
req_ben_782,pat_146,request_deactivation,phi_rec_146,0,0,0,2025-08-29T00:00:00,2025-09-11T00:00:00,benign
req_ben_3419,pat_15,request_access,phi_rec_15,1,1,1,2025-08-04T00:00:00,2025-08-22T00:00:00,benign
req_ben_2531,pat_53,request_access,phi_rec_53,0,0,1,2025-08-27T00:00:00,2025-09-15T00:00:00,benign
req_ben_3277,pat_45,request_access,phi_rec_45,1,1,1,2025-08-23T00:00:00,2025-08-31T00:00:00,benign
req_ben_1874,pat_144,request_access,phi_rec_144,0,1,1,2025-08-08T00:00:00,2025-08-21T00:00:00,benign
req_ben_3774,pat_108,request_access,phi_rec_108,0,1,1,2025-08-11T00:00:00,2025-08-12T00:00:00,benign
req_ben_1798,pat_9,request_access,phi_rec_9,0,1,0,2025-08-25T00:00:00,2025-09-05T00:00:00,benign
req_ben_2852,pat_128,request_access,phi_rec_128,1,1,0,2025-08-06T00:00:00,2025-08-10T00:00:00,benign
req_ben_2282,pat_117,request_deactivation,phi_rec_117,0,0,0,2025-08-19T00:00:00,2025-09-08T00:00:00,benign
req_ben_3216,pat_0,request_access,phi_rec_0,0,1,1,2025-08-18T00:00:00,2025-09-01T00:00:00,benign
req_ben_2837,pat_95,request_access,phi_rec_95,0,1,0,2025-08-06T00:00:00,2025-08-29T00:00:00,benign
req_ben_189,pat_113,request_deactivation,phi_rec_113,0,0,0,2025-08-20T00:00:00,2025-09-13T00:00:00,benign
req_ben_326,pat_106,request_access,phi_rec_106,1,1,1,2025-08-22T00:00:00,2025-08-24T00:00:00,benign
req_ben_950,pat_1,request_access,phi_rec_1,0,1,0,2025-08-23T00:00:00,2025-09-16T00:00:00,benign
req_ben_3439,pat_192,request_deactivation,phi_rec_192,0,0,0,2025-08-03T00:00:00,2025-08-17T00:00:00,benign
req_ben_1620,pat_39,request_access,phi_rec_39,1,1,0,2025-08-02T00:00:00,2025-08-05T00:00:00,benign
req_ben_4148,pat_63,request_access,phi_rec_63,0,1,1,2025-08-19T00:00:00,2025-09-06T00:00:00,benign
req_ben_504,pat_40,request_deactivation,phi_rec_40,0,0,0,2025-08-25T00:00:00,2025-08-29T00:00:00,benign
req_ben_385,pat_147,request_access,phi_rec_147,0,1,0,2025-08-21T00:00:00,2025-09-12T00:00:00,benign
req_ben_2540,pat_187,request_deactivation,phi_rec_187,0,0,0,2025-08-20T00:00:00,2025-08-28T00:00:00,benign
req_ben_3726,pat_51,request_access,phi_rec_51,1,1,1,2025-08-22T00:00:00,2025-08-25T00:00:00,benign
req_ben_239,pat_111,request_access,phi_rec_111,1,1,0,2025-08-15T00:00:00,2025-08-28T00:00:00,benign
req_ben_159,pat_145,request_deactivation,phi_rec_145,0,0,0,2025-08-23T00:00:00,2025-08-31T00:00:00,benign
req_ben_1560,pat_93,request_access,phi_rec_93,0,1,1,2025-08-09T00:00:00,2025-09-03T00:00:00,benign
req_ben_2692,pat_178,request_deactivation,phi_rec_178,0,0,0,2025-08-03T00:00:00,2025-08-22T00:00:00,benign
req_ben_3819,pat_121,request_deactivation,phi_rec_121,0,0,0,2025-08-25T00:00:00,2025-08-26T00:00:00,benign
req_ben_4393,pat_108,request_deactivation,phi_rec_108,0,0,0,2025-08-29T00:00:00,2025-09-14T00:00:00,benign
req_ben_2751,pat_122,request_access,phi_rec_122,1,1,0,2025-08-28T00:00:00,2025-09-11T00:00:00,benign
req_ben_1235,pat_126,request_access,phi_rec_126,0,1,1,2025-08-08T00:00:00,2025-08-15T00:00:00,benign
req_vio_117,pat_74,request_deactivation,phi_rec_74,0,0,0,2025-07-25T00:00:00,,violation_gdpr_art17
req_ben_3793,pat_69,request_access,phi_rec_69,1,0,0,2025-08-30T00:00:00,2025-09-12T00:00:00,benign
req_ben_3116,pat_134,request_access,phi_rec_134,1,1,1,2025-08-11T00:00:00,2025-08-29T00:00:00,benign
req_ben_135,pat_65,request_access,phi_rec_65,1,0,0,2025-08-24T00:00:00,2025-08-26T00:00:00,benign
req_ben_3973,pat_152,request_access,phi_rec_152,1,1,1,2025-08-16T00:00:00,2025-08-28T00:00:00,benign
req_ben_528,pat_193,request_access,phi_rec_193,0,1,0,2025-08-13T00:00:00,2025-08-15T00:00:00,benign
req_ben_3267,pat_7,request_access,phi_rec_7,1,1,1,2025-08-18T00:00:00,2025-08-30T00:00:00,benign
req_ben_630,pat_144,request_access,phi_rec_144,0,0,1,2025-08-19T00:00:00,2025-09-08T00:00:00,benign
req_ben_3059,pat_80,request_access,phi_rec_80,1,1,1,2025-08-21T00:00:00,2025-09-03T00:00:00,benign
req_ben_2739,pat_94,request_access,phi_rec_94,1,1,0,2025-08-21T00:00:00,2025-08-30T00:00:00,benign
req_ben_1729,pat_79,request_access,phi_rec_79,1,1,1,2025-08-09T00:00:00,2025-08-25T00:00:00,benign
req_ben_4459,pat_1,request_access,phi_rec_1,0,1,1,2025-08-24T00:00:00,2025-09-07T00:00:00,benign
req_ben_2524,pat_54,request_access,phi_rec_54,1,0,1,2025-08-06T00:00:00,2025-08-07T00:00:00,benign
req_ben_1057,pat_37,request_deactivation,phi_rec_37,0,0,0,2025-08-03T00:00:00,2025-08-23T00:00:00,benign
req_ben_4509,pat_2,request_access,phi_rec_2,0,0,1,2025-08-11T00:00:00,2025-08-21T00:00:00,benign
req_ben_3073,pat_11,request_access,phi_rec_11,1,1,1,2025-08-09T00:00:00,2025-08-23T00:00:00,benign
req_ben_2047,pat_24,request_access,phi_rec_24,1,0,0,2025-08-29T00:00:00,2025-09-09T00:00:00,benign
req_ben_2606,pat_192,request_access,phi_rec_192,0,1,1,2025-08-30T00:00:00,2025-09-03T00:00:00,benign
req_ben_1097,pat_19,request_access,phi_rec_19,0,0,1,2025-08-08T00:00:00,2025-08-23T00:00:00,benign
req_ben_1862,pat_74,request_deactivation,phi_rec_74,0,0,0,2025-08-12T00:00:00,2025-08-21T00:00:00,benign
req_ben_1778,pat_73,request_access,phi_rec_73,1,0,1,2025-08-27T00:00:00,2025-09-21T00:00:00,benign
req_ben_3646,pat_130,request_deactivation,phi_rec_130,0,0,0,2025-08-02T00:00:00,2025-08-08T00:00:00,benign
req_ben_3892,pat_30,request_access,phi_rec_30,1,1,1,2025-08-24T00:00:00,2025-08-29T00:00:00,benign
req_ben_294,pat_146,request_access,phi_rec_146,1,1,1,2025-08-24T00:00:00,2025-08-28T00:00:00,benign
req_ben_1991,pat_155,request_deactivation,phi_rec_155,0,0,0,2025-08-04T00:00:00,2025-08-10T00:00:00,benign
req_ben_1487,pat_113,request_access,phi_rec_113,1,1,1,2025-08-24T00:00:00,2025-09-05T00:00:00,benign
req_ben_2588,pat_62,request_access,phi_rec_62,1,0,0,2025-08-05T00:00:00,2025-08-06T00:00:00,benign
req_ben_1109,pat_46,request_deactivation,phi_rec_46,0,0,0,2025-08-22T00:00:00,2025-09-01T00:00:00,benign
req_ben_2960,pat_68,request_access,phi_rec_68,1,1,1,2025-08-13T00:00:00,2025-08-31T00:00:00,benign
req_ben_3588,pat_180,request_deactivation,phi_rec_180,0,0,0,2025-08-23T00:00:00,2025-09-17T00:00:00,benign
req_ben_2899,pat_93,request_deactivation,phi_rec_93,0,0,0,2025-08-14T00:00:00,2025-08-21T00:00:00,benign
req_ben_2288,pat_68,request_deactivation,phi_rec_68,0,0,0,2025-08-26T00:00:00,2025-08-28T00:00:00,benign
req_ben_913,pat_154,request_access,phi_rec_154,0,1,0,2025-08-04T00:00:00,2025-08-27T00:00:00,benign
req_ben_2892,pat_77,request_deactivation,phi_rec_77,0,0,0,2025-08-30T00:00:00,2025-09-02T00:00:00,benign
req_ben_1056,pat_17,request_deactivation,phi_rec_17,0,0,0,2025-08-27T00:00:00,2025-08-31T00:00:00,benign
req_ben_3574,pat_111,request_access,phi_rec_111,1,1,0,2025-08-09T00:00:00,2025-09-01T00:00:00,benign
req_vio_69,pat_132,request_deactivation,phi_rec_132,0,0,0,2025-06-12T00:00:00,,violation_gdpr_art17
req_ben_1076,pat_80,request_access,phi_rec_80,1,1,1,2025-08-29T00:00:00,2025-09-12T00:00:00,benign
req_ben_1351,pat_95,request_access,phi_rec_95,0,1,1,2025-08-12T00:00:00,2025-08-15T00:00:00,benign
req_ben_4411,pat_5,request_deactivation,phi_rec_5,0,0,0,2025-08-17T00:00:00,2025-08-19T00:00:00,benign
req_ben_4680,pat_172,request_access,phi_rec_172,1,1,1,2025-08-20T00:00:00,2025-08-25T00:00:00,benign
req_ben_3547,pat_137,request_access,phi_rec_137,0,1,0,2025-08-11T00:00:00,2025-08-13T00:00:00,benign
req_ben_646,pat_68,request_access,phi_rec_68,1,1,1,2025-08-20T00:00:00,2025-08-30T00:00:00,benign
req_ben_4378,pat_87,request_access,phi_rec_87,1,1,1,2025-08-07T00:00:00,2025-08-24T00:00:00,benign
req_ben_3740,pat_34,request_access,phi_rec_34,1,0,0,2025-08-06T00:00:00,2025-08-22T00:00:00,benign
req_vio_105,pat_141,request_deactivation,phi_rec_141,0,0,0,2025-06-25T00:00:00,,violation_gdpr_art17
req_ben_4636,pat_149,request_access,phi_rec_149,1,0,1,2025-08-05T00:00:00,2025-08-30T00:00:00,benign
req_ben_2881,pat_194,request_deactivation,phi_rec_194,0,0,0,2025-08-02T00:00:00,2025-08-05T00:00:00,benign
req_ben_3352,pat_179,request_access,phi_rec_179,1,1,1,2025-08-19T00:00:00,2025-08-29T00:00:00,benign
req_ben_2343,pat_134,request_access,phi_rec_134,0,0,1,2025-08-06T00:00:00,2025-08-23T00:00:00,benign
req_ben_572,pat_103,request_deactivation,phi_rec_103,0,0,0,2025-08-02T00:00:00,2025-08-08T00:00:00,benign
req_ben_1593,pat_109,request_access,phi_rec_109,0,1,1,2025-08-21T00:00:00,2025-08-24T00:00:00,benign
req_ben_4621,pat_76,request_access,phi_rec_76,0,1,1,2025-08-23T00:00:00,2025-09-10T00:00:00,benign
req_ben_195,pat_9,request_access,phi_rec_9,1,0,0,2025-08-10T00:00:00,2025-08-22T00:00:00,benign
req_ben_926,pat_46,request_deactivation,phi_rec_46,0,0,0,2025-08-10T00:00:00,2025-08-31T00:00:00,benign
req_ben_4520,pat_138,request_access,phi_rec_138,0,0,1,2025-08-29T00:00:00,2025-09-19T00:00:00,benign
req_ben_2021,pat_184,request_deactivation,phi_rec_184,0,0,0,2025-08-06T00:00:00,2025-08-29T00:00:00,benign
req_ben_557,pat_28,request_access,phi_rec_28,1,1,1,2025-08-09T00:00:00,2025-08-31T00:00:00,benign
req_ben_619,pat_185,request_deactivation,phi_rec_185,0,0,0,2025-08-24T00:00:00,2025-08-28T00:00:00,benign
req_ben_3388,pat_120,request_deactivation,phi_rec_120,0,0,0,2025-08-18T00:00:00,2025-08-23T00:00:00,benign
req_ben_2483,pat_68,request_deactivation,phi_rec_68,0,0,0,2025-08-23T00:00:00,2025-09-13T00:00:00,benign
req_ben_4167,pat_85,request_access,phi_rec_85,1,1,1,2025-08-09T00:00:00,2025-08-18T00:00:00,benign
req_ben_406,pat_62,request_deactivation,phi_rec_62,0,0,0,2025-08-03T00:00:00,2025-08-21T00:00:00,benign
req_vio_214,pat_95,request_access,phi_rec_95,1,1,0,2025-03-22T00:00:00,,violation_gdpr_art15
req_ben_2655,pat_6,request_access,phi_rec_6,0,1,0,2025-08-27T00:00:00,2025-09-14T00:00:00,benign
req_ben_3235,pat_62,request_access,phi_rec_62,1,0,0,2025-08-20T00:00:00,2025-09-06T00:00:00,benign
req_ben_616,pat_114,request_access,phi_rec_114,1,1,1,2025-08-03T00:00:00,2025-08-20T00:00:00,benign
req_ben_1756,pat_139,request_access,phi_rec_139,1,0,1,2025-08-12T00:00:00,2025-08-20T00:00:00,benign
req_ben_753,pat_86,request_deactivation,phi_rec_86,0,0,0,2025-08-27T00:00:00,2025-09-21T00:00:00,benign
req_ben_591,pat_136,request_access,phi_rec_136,1,1,0,2025-08-18T00:00:00,2025-08-25T00:00:00,benign
req_ben_47,pat_155,request_access,phi_rec_155,0,1,1,2025-08-08T00:00:00,2025-08-20T00:00:00,benign
req_ben_4421,pat_68,request_access,phi_rec_68,1,1,0,2025-08-29T00:00:00,2025-09-10T00:00:00,benign
req_ben_4425,pat_80,request_access,phi_rec_80,1,1,0,2025-08-17T00:00:00,2025-08-20T00:00:00,benign
req_ben_431,pat_131,request_deactivation,phi_rec_131,0,0,0,2025-08-19T00:00:00,2025-09-01T00:00:00,benign
req_ben_4498,pat_51,request_deactivation,phi_rec_51,0,0,0,2025-08-12T00:00:00,2025-08-25T00:00:00,benign
req_ben_2360,pat_195,request_access,phi_rec_195,0,1,0,2025-08-28T00:00:00,2025-08-31T00:00:00,benign
req_ben_3432,pat_180,request_deactivation,phi_rec_180,0,0,0,2025-08-09T00:00:00,2025-08-12T00:00:00,benign
req_ben_598,pat_151,request_access,phi_rec_151,1,1,1,2025-08-26T00:00:00,2025-08-30T00:00:00,benign
req_ben_3800,pat_40,request_deactivation,phi_rec_40,0,0,0,2025-08-10T00:00:00,2025-08-23T00:00:00,benign
req_ben_1780,pat_40,request_deactivation,phi_rec_40,0,0,0,2025-08-28T00:00:00,2025-09-05T00:00:00,benign
req_ben_3990,pat_199,request_access,phi_rec_199,1,1,1,2025-08-28T00:00:00,2025-08-30T00:00:00,benign
req_ben_4,pat_133,request_deactivation,phi_rec_133,0,0,0,2025-08-29T00:00:00,2025-09-16T00:00:00,benign
req_ben_125,pat_69,request_deactivation,phi_rec_69,0,0,0,2025-08-07T00:00:00,2025-08-12T00:00:00,benign
req_ben_933,pat_46,request_access,phi_rec_46,1,1,0,2025-08-04T00:00:00,2025-08-16T00:00:00,benign
req_ben_3007,pat_142,request_access,phi_rec_142,1,1,1,2025-08-02T00:00:00,2025-08-12T00:00:00,benign
req_ben_3281,pat_59,request_access,phi_rec_59,1,0,1,2025-08-07T00:00:00,2025-08-22T00:00:00,benign
req_ben_144,pat_126,request_access,phi_rec_126,1,0,0,2025-08-16T00:00:00,2025-08-20T00:00:00,benign
req_ben_4162,pat_75,request_deactivation,phi_rec_75,0,0,0,2025-08-21T00:00:00,2025-08-31T00:00:00,benign
req_ben_219,pat_15,request_access,phi_rec_15,0,0,1,2025-08-05T00:00:00,2025-08-30T00:00:00,benign
req_ben_1853,pat_73,request_access,phi_rec_73,1,1,0,2025-08-05T00:00:00,2025-08-12T00:00:00,benign
req_ben_2075,pat_72,request_deactivation,phi_rec_72,0,0,0,2025-08-12T00:00:00,2025-08-24T00:00:00,benign
req_ben_2517,pat_145,request_access,phi_rec_145,0,1,0,2025-08-26T00:00:00,2025-09-02T00:00:00,benign
req_ben_4017,pat_103,request_deactivation,phi_rec_103,0,0,0,2025-08-07T00:00:00,2025-08-11T00:00:00,benign
req_ben_1064,pat_107,request_access,phi_rec_107,1,0,1,2025-08-24T00:00:00,2025-09-15T00:00:00,benign
req_ben_83,pat_75,request_deactivation,phi_rec_75,0,0,0,2025-08-14T00:00:00,2025-08-21T00:00:00,benign
req_ben_1020,pat_84,request_access,phi_rec_84,1,1,1,2025-08-20T00:00:00,2025-09-09T00:00:00,benign
req_ben_4044,pat_161,request_access,phi_rec_161,0,1,0,2025-08-13T00:00:00,2025-09-07T00:00:00,benign
req_ben_861,pat_144,request_access,phi_rec_144,1,1,0,2025-08-16T00:00:00,2025-09-05T00:00:00,benign
req_ben_3297,pat_129,request_deactivation,phi_rec_129,0,0,0,2025-08-27T00:00:00,2025-08-28T00:00:00,benign
req_ben_2357,pat_195,request_access,phi_rec_195,1,1,1,2025-08-12T00:00:00,2025-09-02T00:00:00,benign
req_ben_1887,pat_176,request_deactivation,phi_rec_176,0,0,0,2025-08-17T00:00:00,2025-09-10T00:00:00,benign
req_vio_19,pat_190,request_deactivation,phi_rec_190,0,0,0,2025-07-22T00:00:00,,violation_gdpr_art17
req_ben_2198,pat_104,request_deactivation,phi_rec_104,0,0,0,2025-08-05T00:00:00,2025-08-09T00:00:00,benign
req_ben_2860,pat_170,request_deactivation,phi_rec_170,0,0,0,2025-08-05T00:00:00,2025-08-12T00:00:00,benign
req_ben_1809,pat_121,request_deactivation,phi_rec_121,0,0,0,2025-08-24T00:00:00,2025-09-12T00:00:00,benign
req_ben_4467,pat_57,request_access,phi_rec_57,1,1,1,2025-08-25T00:00:00,2025-09-11T00:00:00,benign
req_ben_4577,pat_37,request_access,phi_rec_37,1,1,0,2025-08-26T00:00:00,2025-09-07T00:00:00,benign
req_ben_989,pat_95,request_access,phi_rec_95,0,0,1,2025-08-04T00:00:00,2025-08-15T00:00:00,benign
req_ben_2137,pat_6,request_access,phi_rec_6,0,0,1,2025-08-21T00:00:00,2025-09-14T00:00:00,benign
req_ben_1388,pat_24,request_access,phi_rec_24,1,1,1,2025-08-05T00:00:00,2025-08-14T00:00:00,benign
req_ben_4747,pat_197,request_access,phi_rec_197,1,1,1,2025-08-18T00:00:00,2025-08-20T00:00:00,benign
req_ben_3919,pat_146,request_access,phi_rec_146,1,0,1,2025-08-27T00:00:00,2025-08-29T00:00:00,benign
req_ben_2125,pat_120,request_deactivation,phi_rec_120,0,0,0,2025-08-16T00:00:00,2025-08-27T00:00:00,benign
req_ben_1775,pat_88,request_access,phi_rec_88,0,0,1,2025-08-17T00:00:00,2025-09-07T00:00:00,benign
req_ben_960,pat_180,request_access,phi_rec_180,0,0,1,2025-08-28T00:00:00,2025-09-14T00:00:00,benign
req_ben_4258,pat_29,request_deactivation,phi_rec_29,0,0,0,2025-08-19T00:00:00,2025-09-06T00:00:00,benign
req_ben_3120,pat_7,request_access,phi_rec_7,0,0,1,2025-08-02T00:00:00,2025-08-27T00:00:00,benign
req_ben_2334,pat_193,request_access,phi_rec_193,1,0,0,2025-08-04T00:00:00,2025-08-19T00:00:00,benign
req_ben_476,pat_171,request_access,phi_rec_171,1,1,0,2025-08-22T00:00:00,2025-08-26T00:00:00,benign
req_ben_1338,pat_139,request_access,phi_rec_139,0,1,1,2025-08-14T00:00:00,2025-08-30T00:00:00,benign
req_ben_602,pat_70,request_access,phi_rec_70,1,1,1,2025-08-25T00:00:00,2025-09-07T00:00:00,benign
req_ben_4623,pat_17,request_access,phi_rec_17,0,1,1,2025-08-29T00:00:00,2025-09-18T00:00:00,benign
req_ben_1155,pat_82,request_deactivation,phi_rec_82,0,0,0,2025-08-29T00:00:00,2025-09-19T00:00:00,benign
req_ben_798,pat_167,request_access,phi_rec_167,0,1,0,2025-08-14T00:00:00,2025-08-15T00:00:00,benign
req_ben_198,pat_47,request_access,phi_rec_47,0,0,1,2025-08-28T00:00:00,2025-09-20T00:00:00,benign
req_ben_3776,pat_26,request_access,phi_rec_26,1,0,0,2025-08-19T00:00:00,2025-09-10T00:00:00,benign
req_ben_3048,pat_11,request_access,phi_rec_11,1,1,0,2025-08-09T00:00:00,2025-08-28T00:00:00,benign
req_ben_1214,pat_10,request_access,phi_rec_10,1,1,1,2025-08-06T00:00:00,2025-08-24T00:00:00,benign
req_ben_3349,pat_85,request_access,phi_rec_85,1,1,0,2025-08-19T00:00:00,2025-08-26T00:00:00,benign
req_ben_4448,pat_29,request_access,phi_rec_29,1,1,0,2025-08-03T00:00:00,2025-08-04T00:00:00,benign
req_ben_243,pat_36,request_deactivation,phi_rec_36,0,0,0,2025-08-30T00:00:00,2025-09-23T00:00:00,benign
req_ben_1717,pat_62,request_deactivation,phi_rec_62,0,0,0,2025-08-15T00:00:00,2025-08-29T00:00:00,benign
req_ben_167,pat_57,request_access,phi_rec_57,1,1,0,2025-08-19T00:00:00,2025-09-07T00:00:00,benign
req_ben_452,pat_66,request_access,phi_rec_66,1,0,1,2025-08-08T00:00:00,2025-08-29T00:00:00,benign
req_ben_2303,pat_50,request_access,phi_rec_50,1,1,1,2025-08-17T00:00:00,2025-09-01T00:00:00,benign
req_ben_112,pat_195,request_access,phi_rec_195,1,0,0,2025-08-22T00:00:00,2025-08-31T00:00:00,benign
req_ben_4109,pat_42,request_access,phi_rec_42,1,1,1,2025-08-05T00:00:00,2025-08-08T00:00:00,benign
req_ben_128,pat_37,request_access,phi_rec_37,0,1,0,2025-08-26T00:00:00,2025-09-07T00:00:00,benign
req_ben_74,pat_67,request_access,phi_rec_67,1,0,1,2025-08-06T00:00:00,2025-08-27T00:00:00,benign
req_ben_286,pat_45,request_deactivation,phi_rec_45,0,0,0,2025-08-25T00:00:00,2025-09-06T00:00:00,benign
req_ben_3627,pat_126,request_deactivation,phi_rec_126,0,0,0,2025-08-30T00:00:00,2025-09-06T00:00:00,benign
req_ben_3832,pat_199,request_deactivation,phi_rec_199,0,0,0,2025-08-14T00:00:00,2025-08-16T00:00:00,benign
req_ben_4410,pat_125,request_access,phi_rec_125,1,0,0,2025-08-20T00:00:00,2025-08-22T00:00:00,benign
req_ben_3481,pat_98,request_access,phi_rec_98,0,0,1,2025-08-29T00:00:00,2025-09-16T00:00:00,benign
req_ben_414,pat_184,request_access,phi_rec_184,0,1,1,2025-08-21T00:00:00,2025-08-29T00:00:00,benign
req_ben_1062,pat_66,request_access,phi_rec_66,0,1,0,2025-08-16T00:00:00,2025-09-07T00:00:00,benign
req_ben_873,pat_121,request_access,phi_rec_121,0,0,1,2025-08-23T00:00:00,2025-09-12T00:00:00,benign
req_ben_4337,pat_98,request_access,phi_rec_98,0,0,1,2025-08-29T00:00:00,2025-09-10T00:00:00,benign
req_ben_3930,pat_81,request_access,phi_rec_81,0,0,1,2025-08-19T00:00:00,2025-09-05T00:00:00,benign
req_ben_4051,pat_79,request_deactivation,phi_rec_79,0,0,0,2025-08-03T00:00:00,2025-08-06T00:00:00,benign
req_ben_593,pat_122,request_access,phi_rec_122,1,0,0,2025-08-25T00:00:00,2025-09-03T00:00:00,benign
req_ben_3071,pat_50,request_deactivation,phi_rec_50,0,0,0,2025-08-26T00:00:00,2025-09-03T00:00:00,benign
req_ben_2024,pat_42,request_access,phi_rec_42,1,0,1,2025-08-14T00:00:00,2025-08-17T00:00:00,benign
req_ben_3228,pat_28,request_access,phi_rec_28,1,0,0,2025-08-08T00:00:00,2025-08-19T00:00:00,benign
req_ben_2574,pat_147,request_access,phi_rec_147,0,0,1,2025-08-28T00:00:00,2025-09-14T00:00:00,benign
req_ben_4666,pat_106,request_deactivation,phi_rec_106,0,0,0,2025-08-14T00:00:00,2025-08-29T00:00:00,benign
req_ben_2919,pat_1,request_access,phi_rec_1,0,0,1,2025-08-25T00:00:00,2025-09-01T00:00:00,benign
req_ben_4516,pat_145,request_access,phi_rec_145,1,1,1,2025-08-16T00:00:00,2025-08-23T00:00:00,benign
req_ben_2955,pat_184,request_access,phi_rec_184,1,0,1,2025-08-22T00:00:00,2025-09-16T00:00:00,benign
req_ben_4335,pat_22,request_access,phi_rec_22,1,1,1,2025-08-07T00:00:00,2025-08-31T00:00:00,benign
req_ben_1619,pat_181,request_access,phi_rec_181,1,1,0,2025-08-18T00:00:00,2025-08-20T00:00:00,benign
req_ben_3111,pat_103,request_deactivation,phi_rec_103,0,0,0,2025-08-06T00:00:00,2025-08-18T00:00:00,benign
req_vio_73,pat_43,request_deactivation,phi_rec_43,0,0,0,2025-07-02T00:00:00,,violation_gdpr_art17
req_ben_752,pat_90,request_access,phi_rec_90,1,1,1,2025-08-02T00:00:00,2025-08-09T00:00:00,benign
req_ben_4324,pat_86,request_deactivation,phi_rec_86,0,0,0,2025-08-30T00:00:00,2025-09-05T00:00:00,benign
req_ben_4479,pat_124,request_access,phi_rec_124,1,0,0,2025-08-14T00:00:00,2025-08-23T00:00:00,benign
req_ben_1016,pat_30,request_access,phi_rec_30,1,1,1,2025-08-05T00:00:00,2025-08-09T00:00:00,benign
req_ben_2428,pat_71,request_deactivation,phi_rec_71,0,0,0,2025-08-15T00:00:00,2025-08-30T00:00:00,benign
req_ben_1674,pat_91,request_access,phi_rec_91,0,1,1,2025-08-05T00:00:00,2025-08-23T00:00:00,benign
req_vio_163,pat_54,request_deactivation,phi_rec_54,0,0,0,2025-06-02T00:00:00,,violation_gdpr_art17
req_vio_198,pat_190,request_access,phi_rec_190,1,1,1,2025-07-12T00:00:00,,violation_gdpr_art15
req_ben_4297,pat_125,request_access,phi_rec_125,0,1,0,2025-08-11T00:00:00,2025-08-17T00:00:00,benign
req_ben_941,pat_148,request_deactivation,phi_rec_148,0,0,0,2025-08-21T00:00:00,2025-08-31T00:00:00,benign
req_ben_792,pat_85,request_deactivation,phi_rec_85,0,0,0,2025-08-05T00:00:00,2025-08-07T00:00:00,benign
req_ben_2346,pat_139,request_access,phi_rec_139,1,0,0,2025-08-11T00:00:00,2025-08-31T00:00:00,benign
req_ben_381,pat_148,request_access,phi_rec_148,1,0,0,2025-08-29T00:00:00,2025-09-18T00:00:00,benign
req_ben_2501,pat_96,request_access,phi_rec_96,1,1,1,2025-08-28T00:00:00,2025-09-16T00:00:00,benign
req_ben_1407,pat_70,request_access,phi_rec_70,1,1,1,2025-08-26T00:00:00,2025-09-09T00:00:00,benign
req_ben_754,pat_35,request_deactivation,phi_rec_35,0,0,0,2025-08-23T00:00:00,2025-09-16T00:00:00,benign
req_ben_525,pat_171,request_deactivation,phi_rec_171,0,0,0,2025-08-19T00:00:00,2025-09-13T00:00:00,benign
req_ben_3353,pat_66,request_access,phi_rec_66,1,0,0,2025-08-05T00:00:00,2025-08-20T00:00:00,benign
req_ben_3943,pat_196,request_deactivation,phi_rec_196,0,0,0,2025-08-30T00:00:00,2025-09-14T00:00:00,benign
req_ben_581,pat_155,request_deactivation,phi_rec_155,0,0,0,2025-08-23T00:00:00,2025-09-08T00:00:00,benign
req_ben_194,pat_110,request_access,phi_rec_110,1,1,1,2025-08-03T00:00:00,2025-08-18T00:00:00,benign
req_ben_1384,pat_161,request_deactivation,phi_rec_161,0,0,0,2025-08-28T00:00:00,2025-09-06T00:00:00,benign
req_vio_145,pat_64,request_deactivation,phi_rec_64,0,0,0,2025-06-12T00:00:00,,violation_gdpr_art17
req_ben_370,pat_111,request_access,phi_rec_111,0,0,1,2025-08-10T00:00:00,2025-08-13T00:00:00,benign
req_ben_1630,pat_35,request_deactivation,phi_rec_35,0,0,0,2025-08-18T00:00:00,2025-08-22T00:00:00,benign
req_ben_1038,pat_149,request_access,phi_rec_149,1,0,0,2025-08-28T00:00:00,2025-09-02T00:00:00,benign
req_ben_2167,pat_135,request_deactivation,phi_rec_135,0,0,0,2025-08-13T00:00:00,2025-08-22T00:00:00,benign
req_ben_1472,pat_42,request_access,phi_rec_42,1,0,1,2025-08-17T00:00:00,2025-08-22T00:00:00,benign
req_ben_2403,pat_38,request_access,phi_rec_38,1,1,1,2025-08-21T00:00:00,2025-08-31T00:00:00,benign
req_ben_2304,pat_23,request_access,phi_rec_23,1,1,1,2025-08-27T00:00:00,2025-09-07T00:00:00,benign
req_ben_2266,pat_5,request_deactivation,phi_rec_5,0,0,0,2025-08-09T00:00:00,2025-09-03T00:00:00,benign
req_ben_3742,pat_165,request_deactivation,phi_rec_165,0,0,0,2025-08-27T00:00:00,2025-09-04T00:00:00,benign
req_ben_115,pat_67,request_access,phi_rec_67,1,1,1,2025-08-13T00:00:00,2025-08-27T00:00:00,benign
req_ben_640,pat_97,request_deactivation,phi_rec_97,0,0,0,2025-08-17T00:00:00,2025-08-22T00:00:00,benign
req_ben_2281,pat_183,request_access,phi_rec_183,1,0,1,2025-08-15T00:00:00,2025-08-23T00:00:00,benign
req_ben_3356,pat_196,request_access,phi_rec_196,0,1,0,2025-08-12T00:00:00,2025-08-22T00:00:00,benign
req_ben_2082,pat_30,request_access,phi_rec_30,1,1,1,2025-08-17T00:00:00,2025-09-06T00:00:00,benign
req_ben_2455,pat_149,request_access,phi_rec_149,0,0,1,2025-08-13T00:00:00,2025-08-15T00:00:00,benign
req_ben_1519,pat_199,request_access,phi_rec_199,1,1,1,2025-08-23T00:00:00,2025-08-28T00:00:00,benign
req_ben_269,pat_17,request_access,phi_rec_17,1,0,1,2025-08-18T00:00:00,2025-08-27T00:00:00,benign
req_ben_4071,pat_145,request_deactivation,phi_rec_145,0,0,0,2025-08-02T00:00:00,2025-08-09T00:00:00,benign
req_ben_3401,pat_198,request_access,phi_rec_198,1,1,1,2025-08-19T00:00:00,2025-09-05T00:00:00,benign
req_ben_3755,pat_91,request_access,phi_rec_91,0,1,0,2025-08-21T00:00:00,2025-09-09T00:00:00,benign
req_ben_2342,pat_194,request_deactivation,phi_rec_194,0,0,0,2025-08-28T00:00:00,2025-09-07T00:00:00,benign
req_ben_1540,pat_101,request_access,phi_rec_101,0,0,1,2025-08-04T00:00:00,2025-08-29T00:00:00,benign
req_ben_263,pat_155,request_deactivation,phi_rec_155,0,0,0,2025-08-16T00:00:00,2025-08-29T00:00:00,benign
req_vio_33,pat_119,request_deactivation,phi_rec_119,0,0,0,2025-07-15T00:00:00,,violation_gdpr_art17
req_vio_25,pat_191,request_deactivation,phi_rec_191,0,0,0,2025-02-12T00:00:00,,violation_gdpr_art17
req_ben_2821,pat_196,request_access,phi_rec_196,0,1,1,2025-08-08T00:00:00,2025-08-24T00:00:00,benign
req_ben_1485,pat_74,request_access,phi_rec_74,1,0,1,2025-08-18T00:00:00,2025-09-11T00:00:00,benign
req_ben_1768,pat_122,request_access,phi_rec_122,0,0,1,2025-08-10T00:00:00,2025-08-11T00:00:00,benign
req_ben_2007,pat_119,request_deactivation,phi_rec_119,0,0,0,2025-08-15T00:00:00,2025-08-22T00:00:00,benign
req_ben_4074,pat_199,request_access,phi_rec_199,0,0,1,2025-08-04T00:00:00,2025-08-10T00:00:00,benign
req_ben_2798,pat_127,request_access,phi_rec_127,1,1,1,2025-08-08T00:00:00,2025-08-09T00:00:00,benign
req_ben_1876,pat_112,request_access,phi_rec_112,1,1,1,2025-08-08T00:00:00,2025-08-12T00:00:00,benign
req_ben_81,pat_179,request_access,phi_rec_179,1,0,1,2025-08-11T00:00:00,2025-09-02T00:00:00,benign
req_ben_99,pat_80,request_deactivation,phi_rec_80,0,0,0,2025-08-23T00:00:00,2025-09-02T00:00:00,benign
req_ben_671,pat_4,request_access,phi_rec_4,1,1,0,2025-08-10T00:00:00,2025-08-28T00:00:00,benign
req_ben_1480,pat_54,request_access,phi_rec_54,1,1,1,2025-08-24T00:00:00,2025-09-15T00:00:00,benign
req_ben_1506,pat_11,request_access,phi_rec_11,1,1,0,2025-08-08T00:00:00,2025-08-27T00:00:00,benign
req_ben_1073,pat_192,request_access,phi_rec_192,0,0,1,2025-08-11T00:00:00,2025-08-21T00:00:00,benign
req_ben_800,pat_115,request_deactivation,phi_rec_115,0,0,0,2025-08-25T00:00:00,2025-09-15T00:00:00,benign
req_ben_2974,pat_178,request_access,phi_rec_178,1,1,1,2025-08-02T00:00:00,2025-08-15T00:00:00,benign
req_ben_4582,pat_70,request_access,phi_rec_70,1,0,0,2025-08-16T00:00:00,2025-08-28T00:00:00,benign
req_ben_2146,pat_4,request_access,phi_rec_4,0,0,1,2025-08-15T00:00:00,2025-08-23T00:00:00,benign
req_ben_688,pat_150,request_access,phi_rec_150,1,1,1,2025-08-13T00:00:00,2025-08-14T00:00:00,benign
req_ben_628,pat_167,request_access,phi_rec_167,0,0,1,2025-08-02T00:00:00,2025-08-12T00:00:00,benign
req_vio_212,pat_79,request_access,phi_rec_79,1,0,1,2025-04-27T00:00:00,,violation_gdpr_art15
req_ben_3083,pat_45,request_deactivation,phi_rec_45,0,0,0,2025-08-03T00:00:00,2025-08-18T00:00:00,benign
req_ben_3315,pat_78,request_access,phi_rec_78,1,1,1,2025-08-12T00:00:00,2025-08-30T00:00:00,benign
req_ben_1169,pat_38,request_deactivation,phi_rec_38,0,0,0,2025-08-25T00:00:00,2025-09-07T00:00:00,benign
req_ben_3084,pat_136,request_access,phi_rec_136,1,1,0,2025-08-24T00:00:00,2025-09-01T00:00:00,benign
req_ben_3252,pat_52,request_deactivation,phi_rec_52,0,0,0,2025-08-17T00:00:00,2025-08-23T00:00:00,benign
req_ben_1654,pat_116,request_deactivation,phi_rec_116,0,0,0,2025-08-17T00:00:00,2025-08-20T00:00:00,benign
req_ben_1258,pat_195,request_access,phi_rec_195,1,1,1,2025-08-11T00:00:00,2025-08-18T00:00:00,benign
req_ben_2470,pat_118,request_access,phi_rec_118,1,1,0,2025-08-23T00:00:00,2025-09-07T00:00:00,benign
req_ben_3395,pat_14,request_access,phi_rec_14,1,0,1,2025-08-13T00:00:00,2025-08-27T00:00:00,benign
req_ben_1599,pat_161,request_access,phi_rec_161,1,0,1,2025-08-06T00:00:00,2025-08-31T00:00:00,benign
req_vio_138,pat_74,request_access,phi_rec_74,1,0,1,2025-04-28T00:00:00,,violation_gdpr_art15
req_ben_3154,pat_109,request_access,phi_rec_109,1,0,0,2025-08-06T00:00:00,2025-08-30T00:00:00,benign
req_ben_3509,pat_159,request_access,phi_rec_159,1,1,1,2025-08-11T00:00:00,2025-09-05T00:00:00,benign
req_ben_2545,pat_149,request_deactivation,phi_rec_149,0,0,0,2025-08-05T00:00:00,2025-08-16T00:00:00,benign
req_ben_781,pat_141,request_deactivation,phi_rec_141,0,0,0,2025-08-26T00:00:00,2025-09-19T00:00:00,benign
req_ben_4039,pat_186,request_deactivation,phi_rec_186,0,0,0,2025-08-10T00:00:00,2025-08-30T00:00:00,benign
req_ben_473,pat_14,request_access,phi_rec_14,1,0,1,2025-08-11T00:00:00,2025-08-29T00:00:00,benign
req_ben_1735,pat_125,request_access,phi_rec_125,1,1,1,2025-08-21T00:00:00,2025-09-04T00:00:00,benign
req_ben_4493,pat_103,request_access,phi_rec_103,1,1,1,2025-08-29T00:00:00,2025-09-20T00:00:00,benign
req_ben_1225,pat_0,request_deactivation,phi_rec_0,0,0,0,2025-08-11T00:00:00,2025-08-28T00:00:00,benign
req_ben_2707,pat_166,request_access,phi_rec_166,0,0,1,2025-08-20T00:00:00,2025-09-10T00:00:00,benign
req_ben_4141,pat_77,request_access,phi_rec_77,1,0,0,2025-08-04T00:00:00,2025-08-18T00:00:00,benign
req_ben_3764,pat_88,request_access,phi_rec_88,1,1,1,2025-08-22T00:00:00,2025-08-30T00:00:00,benign
req_ben_1580,pat_23,request_deactivation,phi_rec_23,0,0,0,2025-08-22T00:00:00,2025-09-11T00:00:00,benign
req_ben_2620,pat_139,request_access,phi_rec_139,1,0,0,2025-08-03T00:00:00,2025-08-13T00:00:00,benign
req_ben_2452,pat_146,request_deactivation,phi_rec_146,0,0,0,2025-08-30T00:00:00,2025-09-15T00:00:00,benign
req_ben_1509,pat_49,request_access,phi_rec_49,0,1,1,2025-08-03T00:00:00,2025-08-04T00:00:00,benign
req_ben_1786,pat_134,request_access,phi_rec_134,1,1,0,2025-08-11T00:00:00,2025-09-04T00:00:00,benign
req_ben_4424,pat_14,request_access,phi_rec_14,0,0,1,2025-08-13T00:00:00,2025-08-30T00:00:00,benign
req_ben_4066,pat_162,request_access,phi_rec_162,1,1,1,2025-08-11T00:00:00,2025-08-29T00:00:00,benign
req_ben_4601,pat_160,request_access,phi_rec_160,1,0,1,2025-08-05T00:00:00,2025-08-19T00:00:00,benign
req_ben_1385,pat_34,request_deactivation,phi_rec_34,0,0,0,2025-08-22T00:00:00,2025-09-01T00:00:00,benign
req_ben_4711,pat_118,request_access,phi_rec_118,0,1,0,2025-08-27T00:00:00,2025-09-11T00:00:00,benign
req_ben_4587,pat_168,request_access,phi_rec_168,1,1,0,2025-08-19T00:00:00,2025-09-05T00:00:00,benign
req_ben_846,pat_125,request_access,phi_rec_125,0,0,1,2025-08-26T00:00:00,2025-09-15T00:00:00,benign
req_ben_2480,pat_189,request_access,phi_rec_189,0,1,1,2025-08-03T00:00:00,2025-08-15T00:00:00,benign
req_vio_58,pat_47,request_access,phi_rec_47,1,0,1,2025-05-22T00:00:00,,violation_gdpr_art15
req_ben_3857,pat_22,request_access,phi_rec_22,1,0,0,2025-08-29T00:00:00,2025-09-05T00:00:00,benign
req_ben_4125,pat_26,request_access,phi_rec_26,1,1,1,2025-08-09T00:00:00,2025-08-30T00:00:00,benign
req_ben_3880,pat_50,request_access,phi_rec_50,1,0,0,2025-08-10T00:00:00,2025-08-31T00:00:00,benign
req_ben_971,pat_20,request_access,phi_rec_20,0,0,1,2025-08-05T00:00:00,2025-08-16T00:00:00,benign
req_ben_2280,pat_68,request_deactivation,phi_rec_68,0,0,0,2025-08-10T00:00:00,2025-08-22T00:00:00,benign
req_ben_4686,pat_21,request_access,phi_rec_21,1,0,0,2025-08-25T00:00:00,2025-09-15T00:00:00,benign
req_ben_77,pat_178,request_deactivation,phi_rec_178,0,0,0,2025-08-05T00:00:00,2025-08-19T00:00:00,benign
req_ben_1183,pat_173,request_access,phi_rec_173,1,1,1,2025-08-28T00:00:00,2025-09-01T00:00:00,benign
req_ben_4603,pat_66,request_deactivation,phi_rec_66,0,0,0,2025-08-12T00:00:00,2025-08-13T00:00:00,benign
req_ben_3577,pat_193,request_access,phi_rec_193,1,0,1,2025-08-12T00:00:00,2025-08-18T00:00:00,benign
req_ben_2790,pat_18,request_deactivation,phi_rec_18,0,0,0,2025-08-02T00:00:00,2025-08-17T00:00:00,benign
req_ben_2364,pat_146,request_access,phi_rec_146,1,0,0,2025-08-14T00:00:00,2025-08-22T00:00:00,benign
req_ben_3920,pat_176,request_access,phi_rec_176,1,1,1,2025-08-26T00:00:00,2025-09-18T00:00:00,benign
req_ben_517,pat_95,request_access,phi_rec_95,1,1,1,2025-08-13T00:00:00,2025-09-01T00:00:00,benign
req_ben_3661,pat_55,request_access,phi_rec_55,0,0,1,2025-08-09T00:00:00,2025-08-23T00:00:00,benign
req_ben_965,pat_138,request_access,phi_rec_138,1,0,0,2025-08-24T00:00:00,2025-09-04T00:00:00,benign
req_ben_825,pat_101,request_deactivation,phi_rec_101,0,0,0,2025-08-10T00:00:00,2025-08-15T00:00:00,benign
req_ben_2820,pat_89,request_access,phi_rec_89,1,1,1,2025-08-25T00:00:00,2025-09-15T00:00:00,benign
req_ben_4352,pat_39,request_deactivation,phi_rec_39,0,0,0,2025-08-13T00:00:00,2025-09-01T00:00:00,benign
req_ben_3313,pat_185,request_access,phi_rec_185,0,1,0,2025-08-06T00:00:00,2025-08-10T00:00:00,benign
req_ben_2709,pat_47,request_deactivation,phi_rec_47,0,0,0,2025-08-07T00:00:00,2025-08-15T00:00:00,benign
req_vio_170,pat_199,request_access,phi_rec_199,1,0,0,2025-04-12T00:00:00,,violation_gdpr_art15
req_ben_3425,pat_179,request_access,phi_rec_179,1,1,1,2025-08-30T00:00:00,2025-09-24T00:00:00,benign
req_ben_810,pat_107,request_deactivation,phi_rec_107,0,0,0,2025-08-12T00:00:00,2025-08-26T00:00:00,benign
req_ben_4706,pat_91,request_deactivation,phi_rec_91,0,0,0,2025-08-17T00:00:00,2025-09-04T00:00:00,benign
req_ben_2829,pat_123,request_access,phi_rec_123,1,1,1,2025-08-23T00:00:00,2025-08-31T00:00:00,benign
req_ben_2920,pat_91,request_access,phi_rec_91,1,0,0,2025-08-29T00:00:00,2025-09-02T00:00:00,benign
req_ben_682,pat_111,request_access,phi_rec_111,0,0,1,2025-08-10T00:00:00,2025-08-30T00:00:00,benign
req_ben_1085,pat_103,request_deactivation,phi_rec_103,0,0,0,2025-08-28T00:00:00,2025-09-16T00:00:00,benign
req_ben_4196,pat_35,request_access,phi_rec_35,1,0,0,2025-08-29T00:00:00,2025-09-14T00:00:00,benign
req_ben_1511,pat_165,request_access,phi_rec_165,1,0,1,2025-08-18T00:00:00,2025-08-27T00:00:00,benign
req_ben_3545,pat_6,request_access,phi_rec_6,1,0,1,2025-08-21T00:00:00,2025-08-25T00:00:00,benign
req_ben_534,pat_168,request_access,phi_rec_168,0,1,1,2025-08-12T00:00:00,2025-08-16T00:00:00,benign
req_ben_1538,pat_128,request_access,phi_rec_128,1,1,1,2025-08-06T00:00:00,2025-08-08T00:00:00,benign
req_ben_600,pat_73,request_access,phi_rec_73,0,0,1,2025-08-26T00:00:00,2025-09-02T00:00:00,benign
req_ben_2086,pat_73,request_access,phi_rec_73,0,1,0,2025-08-13T00:00:00,2025-08-17T00:00:00,benign
req_ben_4212,pat_109,request_access,phi_rec_109,1,0,0,2025-08-16T00:00:00,2025-09-06T00:00:00,benign
req_ben_307,pat_142,request_access,phi_rec_142,1,0,0,2025-08-30T00:00:00,2025-09-14T00:00:00,benign
req_ben_1645,pat_123,request_access,phi_rec_123,1,0,1,2025-08-21T00:00:00,2025-08-22T00:00:00,benign
req_ben_4098,pat_65,request_access,phi_rec_65,0,0,1,2025-08-06T00:00:00,2025-08-09T00:00:00,benign
req_ben_1575,pat_29,request_deactivation,phi_rec_29,0,0,0,2025-08-06T00:00:00,2025-08-11T00:00:00,benign
req_ben_1184,pat_54,request_deactivation,phi_rec_54,0,0,0,2025-08-25T00:00:00,2025-09-01T00:00:00,benign
req_ben_1430,pat_5,request_access,phi_rec_5,1,1,1,2025-08-24T00:00:00,2025-09-11T00:00:00,benign
req_ben_1972,pat_66,request_deactivation,phi_rec_66,0,0,0,2025-08-18T00:00:00,2025-08-30T00:00:00,benign
req_ben_2194,pat_198,request_access,phi_rec_198,0,0,1,2025-08-04T00:00:00,2025-08-24T00:00:00,benign
req_ben_1398,pat_154,request_access,phi_rec_154,1,0,0,2025-08-12T00:00:00,2025-08-29T00:00:00,benign
req_ben_997,pat_159,request_access,phi_rec_159,1,1,1,2025-08-09T00:00:00,2025-08-29T00:00:00,benign
req_vio_192,pat_26,request_access,phi_rec_26,1,0,0,2025-05-28T00:00:00,,violation_gdpr_art15
req_ben_2196,pat_23,request_access,phi_rec_23,0,1,1,2025-08-17T00:00:00,2025-09-01T00:00:00,benign
req_ben_2192,pat_127,request_access,phi_rec_127,1,1,1,2025-08-26T00:00:00,2025-09-19T00:00:00,benign
req_ben_3756,pat_14,request_access,phi_rec_14,1,0,0,2025-08-07T00:00:00,2025-08-27T00:00:00,benign
req_ben_520,pat_174,request_deactivation,phi_rec_174,0,0,0,2025-08-10T00:00:00,2025-08-16T00:00:00,benign
req_ben_2306,pat_17,request_access,phi_rec_17,1,0,0,2025-08-02T00:00:00,2025-08-07T00:00:00,benign
req_ben_979,pat_65,request_access,phi_rec_65,1,1,1,2025-08-08T00:00:00,2025-08-24T00:00:00,benign
req_ben_3090,pat_52,request_access,phi_rec_52,1,0,0,2025-08-04T00:00:00,2025-08-13T00:00:00,benign
req_ben_3659,pat_105,request_deactivation,phi_rec_105,0,0,0,2025-08-03T00:00:00,2025-08-21T00:00:00,benign
req_ben_4722,pat_123,request_deactivation,phi_rec_123,0,0,0,2025-08-08T00:00:00,2025-08-15T00:00:00,benign
req_ben_1205,pat_159,request_access,phi_rec_159,1,1,0,2025-08-13T00:00:00,2025-09-01T00:00:00,benign
req_ben_1675,pat_77,request_access,phi_rec_77,0,1,0,2025-08-26T00:00:00,2025-09-01T00:00:00,benign
req_ben_1923,pat_156,request_deactivation,phi_rec_156,0,0,0,2025-08-27T00:00:00,2025-08-29T00:00:00,benign
req_ben_4094,pat_84,request_access,phi_rec_84,1,1,1,2025-08-23T00:00:00,2025-09-13T00:00:00,benign
req_ben_25,pat_165,request_access,phi_rec_165,0,0,1,2025-08-19T00:00:00,2025-09-03T00:00:00,benign
req_ben_3322,pat_119,request_access,phi_rec_119,1,1,1,2025-08-24T00:00:00,2025-08-28T00:00:00,benign
req_ben_205,pat_121,request_access,phi_rec_121,1,1,0,2025-08-29T00:00:00,2025-09-01T00:00:00,benign
req_ben_3488,pat_127,request_access,phi_rec_127,1,0,1,2025-08-22T00:00:00,2025-09-13T00:00:00,benign
req_ben_4250,pat_110,request_deactivation,phi_rec_110,0,0,0,2025-08-13T00:00:00,2025-08-22T00:00:00,benign
req_ben_1936,pat_158,request_access,phi_rec_158,1,1,1,2025-08-22T00:00:00,2025-09-10T00:00:00,benign
req_ben_2133,pat_147,request_access,phi_rec_147,1,1,0,2025-08-13T00:00:00,2025-09-01T00:00:00,benign
req_ben_4137,pat_78,request_access,phi_rec_78,1,1,1,2025-08-19T00:00:00,2025-08-22T00:00:00,benign
req_ben_1143,pat_46,request_access,phi_rec_46,0,0,1,2025-08-14T00:00:00,2025-08-15T00:00:00,benign
req_ben_2058,pat_84,request_access,phi_rec_84,1,1,1,2025-08-12T00:00:00,2025-09-05T00:00:00,benign
req_ben_1612,pat_129,request_access,phi_rec_129,0,1,0,2025-08-13T00:00:00,2025-08-24T00:00:00,benign
req_ben_1354,pat_64,request_deactivation,phi_rec_64,0,0,0,2025-08-08T00:00:00,2025-08-21T00:00:00,benign
req_ben_3724,pat_87,request_access,phi_rec_87,1,0,1,2025-08-24T00:00:00,2025-08-27T00:00:00,benign
req_ben_1,pat_91,request_access,phi_rec_91,1,0,0,2025-08-14T00:00:00,2025-09-03T00:00:00,benign
req_vio_111,pat_31,request_deactivation,phi_rec_31,0,0,0,2025-07-22T00:00:00,,violation_gdpr_art17
req_ben_4492,pat_66,request_access,phi_rec_66,1,1,1,2025-08-08T00:00:00,2025-08-31T00:00:00,benign
req_ben_3460,pat_130,request_access,phi_rec_130,1,1,1,2025-08-18T00:00:00,2025-09-06T00:00:00,benign
req_ben_399,pat_93,request_access,phi_rec_93,1,1,0,2025-08-20T00:00:00,2025-09-10T00:00:00,benign
req_ben_2561,pat_36,request_access,phi_rec_36,0,1,0,2025-08-05T00:00:00,2025-08-10T00:00:00,benign
req_ben_1769,pat_133,request_access,phi_rec_133,0,1,1,2025-08-07T00:00:00,2025-08-19T00:00:00,benign
req_ben_920,pat_89,request_deactivation,phi_rec_89,0,0,0,2025-08-08T00:00:00,2025-08-25T00:00:00,benign
req_ben_3409,pat_132,request_access,phi_rec_132,1,1,1,2025-08-28T00:00:00,2025-09-20T00:00:00,benign
req_ben_4010,pat_177,request_access,phi_rec_177,0,1,0,2025-08-23T00:00:00,2025-08-27T00:00:00,benign
req_ben_3290,pat_72,request_deactivation,phi_rec_72,0,0,0,2025-08-07T00:00:00,2025-08-24T00:00:00,benign
req_ben_1040,pat_22,request_deactivation,phi_rec_22,0,0,0,2025-08-10T00:00:00,2025-08-14T00:00:00,benign
req_ben_482,pat_97,request_deactivation,phi_rec_97,0,0,0,2025-08-22T00:00:00,2025-08-30T00:00:00,benign
req_ben_1311,pat_169,request_access,phi_rec_169,1,0,1,2025-08-19T00:00:00,2025-09-07T00:00:00,benign
req_ben_683,pat_195,request_access,phi_rec_195,0,0,1,2025-08-08T00:00:00,2025-08-18T00:00:00,benign
req_ben_400,pat_197,request_access,phi_rec_197,1,1,1,2025-08-10T00:00:00,2025-08-12T00:00:00,benign
req_ben_252,pat_134,request_access,phi_rec_134,1,1,1,2025-08-04T00:00:00,2025-08-26T00:00:00,benign
req_ben_4257,pat_42,request_deactivation,phi_rec_42,0,0,0,2025-08-11T00:00:00,2025-08-21T00:00:00,benign
req_ben_2728,pat_140,request_access,phi_rec_140,0,1,1,2025-08-16T00:00:00,2025-09-08T00:00:00,benign
req_ben_876,pat_116,request_access,phi_rec_116,1,1,0,2025-08-13T00:00:00,2025-08-14T00:00:00,benign
req_ben_1222,pat_138,request_access,phi_rec_138,0,0,1,2025-08-26T00:00:00,2025-09-18T00:00:00,benign
req_ben_3161,pat_58,request_access,phi_rec_58,0,1,0,2025-08-07T00:00:00,2025-08-14T00:00:00,benign
req_ben_2005,pat_16,request_access,phi_rec_16,1,0,1,2025-08-19T00:00:00,2025-08-31T00:00:00,benign
req_ben_4172,pat_161,request_deactivation,phi_rec_161,0,0,0,2025-08-13T00:00:00,2025-09-06T00:00:00,benign
req_ben_4635,pat_56,request_access,phi_rec_56,1,0,1,2025-08-08T00:00:00,2025-08-14T00:00:00,benign
req_ben_2794,pat_7,request_deactivation,phi_rec_7,0,0,0,2025-08-24T00:00:00,2025-09-13T00:00:00,benign
req_ben_184,pat_29,request_deactivation,phi_rec_29,0,0,0,2025-08-05T00:00:00,2025-08-13T00:00:00,benign
req_ben_1762,pat_167,request_access,phi_rec_167,1,1,0,2025-08-16T00:00:00,2025-08-17T00:00:00,benign
req_ben_2500,pat_48,request_deactivation,phi_rec_48,0,0,0,2025-08-21T00:00:00,2025-09-03T00:00:00,benign
req_ben_3628,pat_134,request_access,phi_rec_134,0,1,0,2025-08-27T00:00:00,2025-09-11T00:00:00,benign
req_ben_236,pat_156,request_access,phi_rec_156,1,1,0,2025-08-06T00:00:00,2025-08-20T00:00:00,benign
req_ben_4720,pat_175,request_access,phi_rec_175,1,1,1,2025-08-20T00:00:00,2025-08-29T00:00:00,benign
req_ben_1473,pat_166,request_deactivation,phi_rec_166,0,0,0,2025-08-08T00:00:00,2025-08-22T00:00:00,benign
req_ben_2036,pat_56,request_deactivation,phi_rec_56,0,0,0,2025-08-13T00:00:00,2025-09-02T00:00:00,benign
req_ben_4633,pat_49,request_access,phi_rec_49,0,0,1,2025-08-10T00:00:00,2025-08-16T00:00:00,benign
req_ben_2460,pat_40,request_access,phi_rec_40,1,1,1,2025-08-14T00:00:00,2025-08-20T00:00:00,benign
req_ben_345,pat_64,request_access,phi_rec_64,1,1,1,2025-08-25T00:00:00,2025-09-19T00:00:00,benign
req_ben_1105,pat_5,request_access,phi_rec_5,1,0,0,2025-08-17T00:00:00,2025-08-21T00:00:00,benign
req_ben_625,pat_66,request_access,phi_rec_66,1,0,0,2025-08-13T00:00:00,2025-09-03T00:00:00,benign
req_ben_3428,pat_174,request_deactivation,phi_rec_174,0,0,0,2025-08-26T00:00:00,2025-08-29T00:00:00,benign
req_ben_3258,pat_111,request_access,phi_rec_111,0,1,1,2025-08-16T00:00:00,2025-08-20T00:00:00,benign
req_ben_4432,pat_189,request_access,phi_rec_189,1,0,1,2025-08-29T00:00:00,2025-09-19T00:00:00,benign
req_ben_1826,pat_193,request_access,phi_rec_193,0,1,0,2025-08-06T00:00:00,2025-08-31T00:00:00,benign
req_ben_556,pat_94,request_access,phi_rec_94,0,0,1,2025-08-20T00:00:00,2025-09-11T00:00:00,benign
req_ben_3487,pat_127,request_access,phi_rec_127,1,1,1,2025-08-04T00:00:00,2025-08-14T00:00:00,benign
req_ben_4644,pat_14,request_access,phi_rec_14,1,1,1,2025-08-03T00:00:00,2025-08-09T00:00:00,benign
req_ben_250,pat_147,request_access,phi_rec_147,1,1,1,2025-08-16T00:00:00,2025-09-03T00:00:00,benign
req_vio_18,pat_61,request_access,phi_rec_61,1,0,0,2025-06-21T00:00:00,,violation_gdpr_art15
req_ben_1378,pat_4,request_access,phi_rec_4,1,1,1,2025-08-20T00:00:00,2025-09-11T00:00:00,benign
req_ben_3379,pat_140,request_deactivation,phi_rec_140,0,0,0,2025-08-21T00:00:00,2025-09-11T00:00:00,benign
req_vio_48,pat_55,request_access,phi_rec_55,0,1,1,2025-05-01T00:00:00,,violation_gdpr_art15
req_ben_4035,pat_80,request_deactivation,phi_rec_80,0,0,0,2025-08-15T00:00:00,2025-08-19T00:00:00,benign
req_ben_2390,pat_63,request_deactivation,phi_rec_63,0,0,0,2025-08-13T00:00:00,2025-08-16T00:00:00,benign
req_ben_3365,pat_68,request_deactivation,phi_rec_68,0,0,0,2025-08-06T00:00:00,2025-08-27T00:00:00,benign
req_ben_2959,pat_92,request_access,phi_rec_92,0,1,0,2025-08-14T00:00:00,2025-08-15T00:00:00,benign
req_ben_4185,pat_160,request_access,phi_rec_160,1,1,0,2025-08-14T00:00:00,2025-08-24T00:00:00,benign
req_ben_102,pat_36,request_access,phi_rec_36,1,0,0,2025-08-21T00:00:00,2025-09-05T00:00:00,benign
req_ben_3259,pat_122,request_deactivation,phi_rec_122,0,0,0,2025-08-06T00:00:00,2025-08-19T00:00:00,benign
req_ben_859,pat_136,request_access,phi_rec_136,1,1,1,2025-08-25T00:00:00,2025-09-17T00:00:00,benign
req_ben_1744,pat_125,request_access,phi_rec_125,1,1,1,2025-08-17T00:00:00,2025-09-01T00:00:00,benign
req_ben_3450,pat_151,request_access,phi_rec_151,1,1,1,2025-08-13T00:00:00,2025-08-27T00:00:00,benign
req_ben_3096,pat_100,request_access,phi_rec_100,1,1,1,2025-08-14T00:00:00,2025-09-08T00:00:00,benign
req_ben_1832,pat_2,request_deactivation,phi_rec_2,0,0,0,2025-08-16T00:00:00,2025-08-29T00:00:00,benign
req_ben_4566,pat_181,request_access,phi_rec_181,1,1,1,2025-08-15T00:00:00,2025-09-07T00:00:00,benign
req_vio_90,pat_133,request_access,phi_rec_133,1,1,1,2025-06-30T00:00:00,,violation_gdpr_art15
req_ben_2222,pat_67,request_access,phi_rec_67,1,1,1,2025-08-04T00:00:00,2025-08-23T00:00:00,benign
req_ben_4320,pat_45,request_access,phi_rec_45,1,1,1,2025-08-11T00:00:00,2025-08-23T00:00:00,benign
req_ben_1995,pat_184,request_deactivation,phi_rec_184,0,0,0,2025-08-12T00:00:00,2025-08-16T00:00:00,benign
req_ben_1025,pat_21,request_access,phi_rec_21,1,1,1,2025-08-29T00:00:00,2025-09-17T00:00:00,benign
req_ben_3286,pat_61,request_deactivation,phi_rec_61,0,0,0,2025-08-02T00:00:00,2025-08-21T00:00:00,benign
req_ben_1240,pat_198,request_deactivation,phi_rec_198,0,0,0,2025-08-18T00:00:00,2025-08-20T00:00:00,benign
req_ben_2807,pat_197,request_access,phi_rec_197,1,1,1,2025-08-18T00:00:00,2025-08-25T00:00:00,benign
req_ben_4718,pat_29,request_access,phi_rec_29,0,0,1,2025-08-06T00:00:00,2025-08-29T00:00:00,benign
req_ben_4355,pat_59,request_deactivation,phi_rec_59,0,0,0,2025-08-16T00:00:00,2025-08-18T00:00:00,benign
req_ben_2918,pat_189,request_deactivation,phi_rec_189,0,0,0,2025-08-02T00:00:00,2025-08-05T00:00:00,benign
req_vio_157,pat_178,request_deactivation,phi_rec_178,0,0,0,2025-07-07T00:00:00,,violation_gdpr_art17
req_ben_2416,pat_77,request_access,phi_rec_77,0,0,1,2025-08-25T00:00:00,2025-08-31T00:00:00,benign
req_ben_3825,pat_189,request_access,phi_rec_189,0,1,0,2025-08-03T00:00:00,2025-08-21T00:00:00,benign
req_ben_1948,pat_69,request_deactivation,phi_rec_69,0,0,0,2025-08-02T00:00:00,2025-08-15T00:00:00,benign
req_ben_287,pat_7,request_access,phi_rec_7,1,1,1,2025-08-29T00:00:00,2025-09-18T00:00:00,benign
req_ben_1946,pat_91,request_access,phi_rec_91,0,0,1,2025-08-26T00:00:00,2025-09-16T00:00:00,benign
req_ben_2905,pat_10,request_access,phi_rec_10,1,1,1,2025-08-18T00:00:00,2025-08-31T00:00:00,benign
req_ben_1077,pat_86,request_access,phi_rec_86,1,1,1,2025-08-20T00:00:00,2025-08-31T00:00:00,benign
req_ben_4076,pat_172,request_access,phi_rec_172,1,1,0,2025-08-19T00:00:00,2025-08-25T00:00:00,benign
req_ben_4642,pat_30,request_access,phi_rec_30,1,1,1,2025-08-21T00:00:00,2025-08-30T00:00:00,benign
req_ben_3803,pat_45,request_access,phi_rec_45,1,0,0,2025-08-07T00:00:00,2025-08-16T00:00:00,benign
req_ben_1439,pat_14,request_deactivation,phi_rec_14,0,0,0,2025-08-18T00:00:00,2025-09-02T00:00:00,benign
req_ben_2023,pat_49,request_deactivation,phi_rec_49,0,0,0,2025-08-28T00:00:00,2025-08-30T00:00:00,benign
req_ben_2686,pat_36,request_access,phi_rec_36,1,0,0,2025-08-12T00:00:00,2025-08-25T00:00:00,benign
req_ben_4045,pat_135,request_access,phi_rec_135,1,1,1,2025-08-24T00:00:00,2025-08-28T00:00:00,benign
req_ben_2520,pat_72,request_deactivation,phi_rec_72,0,0,0,2025-08-04T00:00:00,2025-08-27T00:00:00,benign
req_ben_1254,pat_139,request_deactivation,phi_rec_139,0,0,0,2025-08-29T00:00:00,2025-09-21T00:00:00,benign
req_ben_501,pat_198,request_deactivation,phi_rec_198,0,0,0,2025-08-25T00:00:00,2025-08-27T00:00:00,benign
req_ben_734,pat_99,request_access,phi_rec_99,1,1,1,2025-08-03T00:00:00,2025-08-16T00:00:00,benign
req_ben_4457,pat_140,request_access,phi_rec_140,1,1,1,2025-08-05T00:00:00,2025-08-12T00:00:00,benign
req_ben_338,pat_57,request_deactivation,phi_rec_57,0,0,0,2025-08-20T00:00:00,2025-09-07T00:00:00,benign
req_ben_164,pat_35,request_access,phi_rec_35,0,1,1,2025-08-08T00:00:00,2025-08-10T00:00:00,benign
req_ben_2061,pat_94,request_deactivation,phi_rec_94,0,0,0,2025-08-08T00:00:00,2025-08-17T00:00:00,benign
req_ben_3822,pat_23,request_access,phi_rec_23,1,1,1,2025-08-26T00:00:00,2025-09-06T00:00:00,benign
req_ben_3835,pat_82,request_access,phi_rec_82,1,1,1,2025-08-20T00:00:00,2025-08-24T00:00:00,benign
req_ben_3189,pat_158,request_access,phi_rec_158,0,1,0,2025-08-11T00:00:00,2025-08-25T00:00:00,benign
req_ben_1366,pat_80,request_access,phi_rec_80,1,0,0,2025-08-02T00:00:00,2025-08-15T00:00:00,benign
req_ben_1849,pat_194,request_access,phi_rec_194,1,1,1,2025-08-04T00:00:00,2025-08-05T00:00:00,benign
req_ben_3415,pat_92,request_access,phi_rec_92,0,1,1,2025-08-14T00:00:00,2025-08-22T00:00:00,benign
req_ben_3434,pat_176,request_access,phi_rec_176,1,0,1,2025-08-14T00:00:00,2025-08-31T00:00:00,benign
req_ben_1490,pat_82,request_deactivation,phi_rec_82,0,0,0,2025-08-27T00:00:00,2025-09-12T00:00:00,benign
req_ben_3169,pat_118,request_access,phi_rec_118,0,1,1,2025-08-22T00:00:00,2025-08-25T00:00:00,benign
req_ben_927,pat_130,request_access,phi_rec_130,1,1,1,2025-08-25T00:00:00,2025-08-27T00:00:00,benign
req_ben_813,pat_88,request_access,phi_rec_88,0,0,1,2025-08-22T00:00:00,2025-09-10T00:00:00,benign
req_ben_3468,pat_7,request_access,phi_rec_7,1,1,1,2025-08-07T00:00:00,2025-08-26T00:00:00,benign
req_ben_3858,pat_53,request_deactivation,phi_rec_53,0,0,0,2025-08-10T00:00:00,2025-08-12T00:00:00,benign
req_ben_4429,pat_128,request_deactivation,phi_rec_128,0,0,0,2025-08-19T00:00:00,2025-08-29T00:00:00,benign
req_ben_3467,pat_75,request_deactivation,phi_rec_75,0,0,0,2025-08-09T00:00:00,2025-09-02T00:00:00,benign
req_ben_179,pat_91,request_deactivation,phi_rec_91,0,0,0,2025-08-07T00:00:00,2025-08-18T00:00:00,benign
req_ben_3694,pat_58,request_deactivation,phi_rec_58,0,0,0,2025-08-02T00:00:00,2025-08-24T00:00:00,benign
req_ben_1760,pat_76,request_deactivation,phi_rec_76,0,0,0,2025-08-05T00:00:00,2025-08-23T00:00:00,benign
req_ben_3341,pat_88,request_access,phi_rec_88,0,0,1,2025-08-23T00:00:00,2025-09-04T00:00:00,benign
req_vio_49,pat_175,request_deactivation,phi_rec_175,0,0,0,2025-02-16T00:00:00,,violation_gdpr_art17
req_ben_3567,pat_27,request_deactivation,phi_rec_27,0,0,0,2025-08-16T00:00:00,2025-09-10T00:00:00,benign
req_ben_373,pat_123,request_deactivation,phi_rec_123,0,0,0,2025-08-22T00:00:00,2025-08-25T00:00:00,benign
req_ben_2170,pat_195,request_access,phi_rec_195,0,1,0,2025-08-20T00:00:00,2025-08-27T00:00:00,benign
req_ben_4476,pat_63,request_deactivation,phi_rec_63,0,0,0,2025-08-09T00:00:00,2025-09-03T00:00:00,benign
req_ben_3801,pat_59,request_deactivation,phi_rec_59,0,0,0,2025-08-30T00:00:00,2025-09-16T00:00:00,benign
req_ben_1632,pat_44,request_access,phi_rec_44,1,1,1,2025-08-11T00:00:00,2025-08-12T00:00:00,benign
req_ben_3563,pat_129,request_access,phi_rec_129,1,0,1,2025-08-10T00:00:00,2025-09-02T00:00:00,benign
req_ben_2100,pat_87,request_access,phi_rec_87,1,1,1,2025-08-05T00:00:00,2025-08-15T00:00:00,benign
req_ben_4209,pat_69,request_access,phi_rec_69,1,1,0,2025-08-08T00:00:00,2025-08-12T00:00:00,benign
req_vio_135,pat_171,request_deactivation,phi_rec_171,0,0,0,2025-07-04T00:00:00,,violation_gdpr_art17
req_ben_3351,pat_140,request_access,phi_rec_140,1,1,0,2025-08-23T00:00:00,2025-09-01T00:00:00,benign
req_ben_917,pat_160,request_access,phi_rec_160,1,1,1,2025-08-18T00:00:00,2025-09-04T00:00:00,benign
req_ben_3662,pat_71,request_access,phi_rec_71,0,1,1,2025-08-22T00:00:00,2025-08-29T00:00:00,benign
req_ben_2168,pat_183,request_access,phi_rec_183,0,1,0,2025-08-28T00:00:00,2025-09-04T00:00:00,benign
req_ben_2269,pat_29,request_access,phi_rec_29,0,1,0,2025-08-07T00:00:00,2025-08-14T00:00:00,benign
req_ben_3278,pat_187,request_deactivation,phi_rec_187,0,0,0,2025-08-29T00:00:00,2025-09-20T00:00:00,benign
req_ben_3875,pat_99,request_access,phi_rec_99,0,1,1,2025-08-28T00:00:00,2025-09-08T00:00:00,benign
req_ben_2982,pat_12,request_deactivation,phi_rec_12,0,0,0,2025-08-09T00:00:00,2025-08-12T00:00:00,benign
req_ben_773,pat_6,request_access,phi_rec_6,1,1,1,2025-08-27T00:00:00,2025-08-29T00:00:00,benign
req_vio_6,pat_120,request_access,phi_rec_120,1,0,0,2025-05-31T00:00:00,,violation_gdpr_art15
req_ben_554,pat_11,request_access,phi_rec_11,1,1,1,2025-08-15T00:00:00,2025-09-05T00:00:00,benign
req_ben_4723,pat_147,request_deactivation,phi_rec_147,0,0,0,2025-08-07T00:00:00,2025-08-30T00:00:00,benign
req_ben_39,pat_33,request_deactivation,phi_rec_33,0,0,0,2025-08-18T00:00:00,2025-09-01T00:00:00,benign
req_ben_4670,pat_51,request_deactivation,phi_rec_51,0,0,0,2025-08-14T00:00:00,2025-09-06T00:00:00,benign
req_vio_53,pat_69,request_deactivation,phi_rec_69,0,0,0,2025-04-24T00:00:00,,violation_gdpr_art17
req_ben_1810,pat_170,request_deactivation,phi_rec_170,0,0,0,2025-08-18T00:00:00,2025-08-23T00:00:00,benign
req_ben_701,pat_29,request_access,phi_rec_29,1,0,1,2025-08-18T00:00:00,2025-08-29T00:00:00,benign
req_ben_1985,pat_23,request_access,phi_rec_23,0,1,0,2025-08-05T00:00:00,2025-08-08T00:00:00,benign
req_ben_342,pat_134,request_access,phi_rec_134,0,1,1,2025-08-15T00:00:00,2025-09-07T00:00:00,benign
req_ben_4222,pat_20,request_access,phi_rec_20,1,1,0,2025-08-06T00:00:00,2025-08-08T00:00:00,benign
req_ben_4564,pat_129,request_access,phi_rec_129,1,1,0,2025-08-17T00:00:00,2025-08-24T00:00:00,benign
req_vio_146,pat_189,request_access,phi_rec_189,1,1,1,2025-04-17T00:00:00,,violation_gdpr_art15
req_ben_3411,pat_12,request_deactivation,phi_rec_12,0,0,0,2025-08-28T00:00:00,2025-09-10T00:00:00,benign
req_ben_3631,pat_169,request_deactivation,phi_rec_169,0,0,0,2025-08-11T00:00:00,2025-08-12T00:00:00,benign
req_ben_3354,pat_59,request_deactivation,phi_rec_59,0,0,0,2025-08-29T00:00:00,2025-09-22T00:00:00,benign
req_ben_818,pat_0,request_access,phi_rec_0,1,1,1,2025-08-17T00:00:00,2025-08-29T00:00:00,benign
req_ben_2962,pat_56,request_deactivation,phi_rec_56,0,0,0,2025-08-05T00:00:00,2025-08-10T00:00:00,benign
req_ben_2910,pat_145,request_access,phi_rec_145,0,0,1,2025-08-10T00:00:00,2025-08-18T00:00:00,benign
req_ben_2326,pat_81,request_access,phi_rec_81,0,1,1,2025-08-02T00:00:00,2025-08-11T00:00:00,benign
req_ben_1896,pat_113,request_deactivation,phi_rec_113,0,0,0,2025-08-13T00:00:00,2025-08-31T00:00:00,benign
req_ben_2142,pat_191,request_deactivation,phi_rec_191,0,0,0,2025-08-22T00:00:00,2025-08-27T00:00:00,benign
req_ben_1743,pat_98,request_access,phi_rec_98,0,1,0,2025-08-24T00:00:00,2025-08-25T00:00:00,benign
req_ben_3645,pat_19,request_access,phi_rec_19,1,0,1,2025-08-25T00:00:00,2025-09-15T00:00:00,benign
req_ben_392,pat_122,request_access,phi_rec_122,1,0,0,2025-08-14T00:00:00,2025-09-04T00:00:00,benign
req_ben_2863,pat_160,request_deactivation,phi_rec_160,0,0,0,2025-08-23T00:00:00,2025-08-29T00:00:00,benign
req_ben_4405,pat_54,request_access,phi_rec_54,1,1,1,2025-08-14T00:00:00,2025-08-23T00:00:00,benign
req_ben_3045,pat_171,request_deactivation,phi_rec_171,0,0,0,2025-08-13T00:00:00,2025-08-20T00:00:00,benign
req_ben_2004,pat_184,request_access,phi_rec_184,1,1,0,2025-08-18T00:00:00,2025-08-19T00:00:00,benign
req_ben_2454,pat_182,request_deactivation,phi_rec_182,0,0,0,2025-08-15T00:00:00,2025-08-19T00:00:00,benign
req_ben_2442,pat_34,request_access,phi_rec_34,1,1,1,2025-08-11T00:00:00,2025-08-21T00:00:00,benign
req_ben_3620,pat_86,request_access,phi_rec_86,1,0,1,2025-08-18T00:00:00,2025-09-05T00:00:00,benign
req_ben_3151,pat_4,request_deactivation,phi_rec_4,0,0,0,2025-08-08T00:00:00,2025-09-02T00:00:00,benign
req_ben_1739,pat_63,request_access,phi_rec_63,0,0,1,2025-08-16T00:00:00,2025-08-28T00:00:00,benign
req_ben_4193,pat_77,request_access,phi_rec_77,1,1,1,2025-08-05T00:00:00,2025-08-20T00:00:00,benign
req_ben_4305,pat_174,request_access,phi_rec_174,1,1,1,2025-08-28T00:00:00,2025-09-17T00:00:00,benign
req_ben_3203,pat_199,request_access,phi_rec_199,1,1,1,2025-08-12T00:00:00,2025-08-28T00:00:00,benign
req_ben_3630,pat_180,request_access,phi_rec_180,1,0,1,2025-08-15T00:00:00,2025-09-01T00:00:00,benign
req_ben_2319,pat_63,request_access,phi_rec_63,0,0,1,2025-08-09T00:00:00,2025-09-01T00:00:00,benign
req_ben_2104,pat_177,request_access,phi_rec_177,0,0,1,2025-08-17T00:00:00,2025-09-05T00:00:00,benign
req_ben_929,pat_190,request_deactivation,phi_rec_190,0,0,0,2025-08-07T00:00:00,2025-08-26T00:00:00,benign
req_ben_3305,pat_24,request_access,phi_rec_24,1,1,0,2025-08-30T00:00:00,2025-09-23T00:00:00,benign
req_vio_16,pat_64,request_access,phi_rec_64,1,1,1,2025-04-09T00:00:00,,violation_gdpr_art15
req_ben_1726,pat_146,request_access,phi_rec_146,1,1,0,2025-08-27T00:00:00,2025-09-07T00:00:00,benign
req_vio_103,pat_23,request_deactivation,phi_rec_23,0,0,0,2025-03-15T00:00:00,,violation_gdpr_art17
req_ben_919,pat_23,request_access,phi_rec_23,1,1,1,2025-08-29T00:00:00,2025-09-16T00:00:00,benign
req_ben_3282,pat_7,request_access,phi_rec_7,1,1,1,2025-08-30T00:00:00,2025-09-02T00:00:00,benign
req_ben_3676,pat_76,request_access,phi_rec_76,1,1,1,2025-08-27T00:00:00,2025-09-14T00:00:00,benign
req_ben_1392,pat_77,request_access,phi_rec_77,0,0,1,2025-08-26T00:00:00,2025-08-29T00:00:00,benign
req_ben_3773,pat_195,request_deactivation,phi_rec_195,0,0,0,2025-08-03T00:00:00,2025-08-12T00:00:00,benign
req_ben_3335,pat_36,request_access,phi_rec_36,1,1,1,2025-08-19T00:00:00,2025-08-28T00:00:00,benign
req_ben_2528,pat_168,request_access,phi_rec_168,0,1,1,2025-08-07T00:00:00,2025-08-22T00:00:00,benign
req_ben_4307,pat_113,request_access,phi_rec_113,1,1,0,2025-08-02T00:00:00,2025-08-16T00:00:00,benign
req_ben_957,pat_180,request_deactivation,phi_rec_180,0,0,0,2025-08-08T00:00:00,2025-08-18T00:00:00,benign
req_vio_61,pat_18,request_deactivation,phi_rec_18,0,0,0,2025-05-27T00:00:00,,violation_gdpr_art17
req_ben_4715,pat_74,request_access,phi_rec_74,1,1,1,2025-08-06T00:00:00,2025-08-15T00:00:00,benign
req_ben_984,pat_123,request_access,phi_rec_123,0,1,0,2025-08-07T00:00:00,2025-08-25T00:00:00,benign
req_ben_2845,pat_89,request_deactivation,phi_rec_89,0,0,0,2025-08-12T00:00:00,2025-08-14T00:00:00,benign
req_ben_1547,pat_7,request_access,phi_rec_7,1,1,0,2025-08-28T00:00:00,2025-09-12T00:00:00,benign
req_ben_4122,pat_37,request_access,phi_rec_37,0,1,1,2025-08-23T00:00:00,2025-09-12T00:00:00,benign
req_vio_222,pat_121,request_access,phi_rec_121,1,1,1,2025-07-19T00:00:00,,violation_gdpr_art15
req_ben_8,pat_23,request_deactivation,phi_rec_23,0,0,0,2025-08-20T00:00:00,2025-09-05T00:00:00,benign
req_ben_3624,pat_188,request_access,phi_rec_188,0,0,1,2025-08-26T00:00:00,2025-08-28T00:00:00,benign
req_ben_3794,pat_134,request_access,phi_rec_134,1,1,1,2025-08-13T00:00:00,2025-08-20T00:00:00,benign
req_vio_119,pat_139,request_deactivation,phi_rec_139,0,0,0,2025-04-27T00:00:00,,violation_gdpr_art17
req_ben_264,pat_67,request_access,phi_rec_67,1,1,0,2025-08-12T00:00:00,2025-08-31T00:00:00,benign
req_ben_1875,pat_62,request_access,phi_rec_62,1,1,1,2025-08-09T00:00:00,2025-08-10T00:00:00,benign
req_ben_3002,pat_185,request_access,phi_rec_185,0,1,0,2025-08-12T00:00:00,2025-08-26T00:00:00,benign
req_ben_1607,pat_128,request_deactivation,phi_rec_128,0,0,0,2025-08-21T00:00:00,2025-09-07T00:00:00,benign
req_vio_238,pat_118,request_access,phi_rec_118,1,1,0,2025-06-27T00:00:00,,violation_gdpr_art15
req_ben_2224,pat_44,request_deactivation,phi_rec_44,0,0,0,2025-08-28T00:00:00,2025-09-05T00:00:00,benign
req_ben_1989,pat_30,request_access,phi_rec_30,1,0,0,2025-08-11T00:00:00,2025-09-04T00:00:00,benign
req_ben_2051,pat_86,request_access,phi_rec_86,1,1,1,2025-08-29T00:00:00,2025-08-31T00:00:00,benign
req_ben_596,pat_47,request_deactivation,phi_rec_47,0,0,0,2025-08-04T00:00:00,2025-08-21T00:00:00,benign
req_ben_3685,pat_16,request_access,phi_rec_16,1,1,1,2025-08-13T00:00:00,2025-09-03T00:00:00,benign
req_ben_2616,pat_19,request_access,phi_rec_19,1,0,1,2025-08-10T00:00:00,2025-09-04T00:00:00,benign
req_ben_1431,pat_82,request_access,phi_rec_82,0,1,1,2025-08-11T00:00:00,2025-08-29T00:00:00,benign
req_ben_3876,pat_138,request_access,phi_rec_138,0,1,1,2025-08-29T00:00:00,2025-09-20T00:00:00,benign
req_ben_3675,pat_86,request_access,phi_rec_86,1,1,1,2025-08-24T00:00:00,2025-09-02T00:00:00,benign
req_ben_3870,pat_153,request_access,phi_rec_153,1,1,0,2025-08-22T00:00:00,2025-08-26T00:00:00,benign
req_ben_280,pat_72,request_deactivation,phi_rec_72,0,0,0,2025-08-15T00:00:00,2025-08-19T00:00:00,benign
req_ben_2612,pat_143,request_access,phi_rec_143,0,0,1,2025-08-03T00:00:00,2025-08-04T00:00:00,benign
req_ben_209,pat_34,request_access,phi_rec_34,1,1,1,2025-08-08T00:00:00,2025-08-14T00:00:00,benign
req_ben_934,pat_86,request_access,phi_rec_86,1,1,1,2025-08-24T00:00:00,2025-09-07T00:00:00,benign
req_ben_4365,pat_88,request_deactivation,phi_rec_88,0,0,0,2025-08-19T00:00:00,2025-08-30T00:00:00,benign
req_ben_805,pat_191,request_access,phi_rec_191,1,1,1,2025-08-21T00:00:00,2025-08-29T00:00:00,benign
req_ben_1782,pat_5,request_access,phi_rec_5,1,1,1,2025-08-28T00:00:00,2025-09-17T00:00:00,benign
req_ben_4264,pat_81,request_access,phi_rec_81,0,0,1,2025-08-06T00:00:00,2025-08-24T00:00:00,benign
req_ben_208,pat_37,request_access,phi_rec_37,1,0,0,2025-08-03T00:00:00,2025-08-08T00:00:00,benign
req_ben_3856,pat_66,request_deactivation,phi_rec_66,0,0,0,2025-08-14T00:00:00,2025-09-03T00:00:00,benign
req_ben_1601,pat_113,request_access,phi_rec_113,1,1,0,2025-08-26T00:00:00,2025-09-16T00:00:00,benign
req_ben_690,pat_60,request_deactivation,phi_rec_60,0,0,0,2025-08-03T00:00:00,2025-08-13T00:00:00,benign
req_ben_170,pat_17,request_deactivation,phi_rec_17,0,0,0,2025-08-19T00:00:00,2025-09-02T00:00:00,benign
req_ben_1394,pat_59,request_access,phi_rec_59,1,0,0,2025-08-25T00:00:00,2025-08-28T00:00:00,benign
req_ben_1618,pat_74,request_access,phi_rec_74,1,1,1,2025-08-26T00:00:00,2025-09-02T00:00:00,benign
req_ben_1965,pat_134,request_access,phi_rec_134,0,0,1,2025-08-13T00:00:00,2025-08-23T00:00:00,benign
req_ben_3396,pat_104,request_access,phi_rec_104,1,1,1,2025-08-13T00:00:00,2025-09-03T00:00:00,benign
req_ben_380,pat_80,request_deactivation,phi_rec_80,0,0,0,2025-08-28T00:00:00,2025-09-18T00:00:00,benign
req_ben_3749,pat_61,request_deactivation,phi_rec_61,0,0,0,2025-08-08T00:00:00,2025-08-31T00:00:00,benign
req_ben_4384,pat_24,request_access,phi_rec_24,1,1,1,2025-08-12T00:00:00,2025-09-02T00:00:00,benign
req_ben_4682,pat_156,request_access,phi_rec_156,1,1,1,2025-08-13T00:00:00,2025-08-27T00:00:00,benign
req_ben_48,pat_137,request_access,phi_rec_137,1,0,1,2025-08-24T00:00:00,2025-08-29T00:00:00,benign
req_ben_3093,pat_154,request_access,phi_rec_154,1,1,1,2025-08-16T00:00:00,2025-08-28T00:00:00,benign
req_ben_2101,pat_107,request_access,phi_rec_107,0,0,1,2025-08-14T00:00:00,2025-09-01T00:00:00,benign
req_vio_101,pat_78,request_deactivation,phi_rec_78,0,0,0,2025-07-01T00:00:00,,violation_gdpr_art17
req_ben_2902,pat_156,request_deactivation,phi_rec_156,0,0,0,2025-08-07T00:00:00,2025-08-18T00:00:00,benign
req_ben_2016,pat_43,request_access,phi_rec_43,0,1,1,2025-08-08T00:00:00,2025-08-14T00:00:00,benign
req_ben_2924,pat_137,request_access,phi_rec_137,0,1,1,2025-08-21T00:00:00,2025-09-12T00:00:00,benign
req_ben_3974,pat_175,request_deactivation,phi_rec_175,0,0,0,2025-08-16T00:00:00,2025-09-10T00:00:00,benign
req_ben_524,pat_128,request_access,phi_rec_128,1,0,1,2025-08-26T00:00:00,2025-09-15T00:00:00,benign
req_ben_2164,pat_65,request_deactivation,phi_rec_65,0,0,0,2025-08-21T00:00:00,2025-08-28T00:00:00,benign
req_ben_2544,pat_18,request_access,phi_rec_18,0,1,1,2025-08-24T00:00:00,2025-09-09T00:00:00,benign
req_ben_3424,pat_150,request_deactivation,phi_rec_150,0,0,0,2025-08-21T00:00:00,2025-08-26T00:00:00,benign
req_ben_2273,pat_79,request_access,phi_rec_79,1,0,1,2025-08-21T00:00:00,2025-08-22T00:00:00,benign
req_ben_4704,pat_99,request_deactivation,phi_rec_99,0,0,0,2025-08-30T00:00:00,2025-09-17T00:00:00,benign
req_ben_2839,pat_154,request_access,phi_rec_154,0,0,1,2025-08-08T00:00:00,2025-08-13T00:00:00,benign
req_ben_1857,pat_119,request_access,phi_rec_119,1,1,1,2025-08-17T00:00:00,2025-08-24T00:00:00,benign
req_ben_4703,pat_36,request_access,phi_rec_36,1,0,1,2025-08-16T00:00:00,2025-08-26T00:00:00,benign
req_ben_2913,pat_188,request_deactivation,phi_rec_188,0,0,0,2025-08-03T00:00:00,2025-08-11T00:00:00,benign
req_ben_390,pat_64,request_access,phi_rec_64,1,0,1,2025-08-20T00:00:00,2025-08-23T00:00:00,benign
req_ben_3596,pat_66,request_access,phi_rec_66,1,1,1,2025-08-06T00:00:00,2025-08-25T00:00:00,benign
req_ben_3011,pat_190,request_access,phi_rec_190,1,1,1,2025-08-25T00:00:00,2025-09-10T00:00:00,benign
req_ben_4372,pat_160,request_access,phi_rec_160,1,1,1,2025-08-30T00:00:00,2025-09-21T00:00:00,benign
req_ben_3879,pat_151,request_access,phi_rec_151,0,1,0,2025-08-28T00:00:00,2025-09-06T00:00:00,benign
req_ben_2761,pat_24,request_access,phi_rec_24,1,1,1,2025-08-22T00:00:00,2025-08-23T00:00:00,benign
req_ben_285,pat_147,request_access,phi_rec_147,0,0,1,2025-08-17T00:00:00,2025-08-28T00:00:00,benign
req_ben_994,pat_79,request_access,phi_rec_79,0,0,1,2025-08-03T00:00:00,2025-08-16T00:00:00,benign
req_ben_2177,pat_6,request_access,phi_rec_6,1,1,0,2025-08-03T00:00:00,2025-08-19T00:00:00,benign
req_ben_3303,pat_21,request_access,phi_rec_21,0,1,1,2025-08-25T00:00:00,2025-09-05T00:00:00,benign
req_ben_2120,pat_192,request_access,phi_rec_192,1,0,1,2025-08-07T00:00:00,2025-08-11T00:00:00,benign
req_ben_2270,pat_18,request_deactivation,phi_rec_18,0,0,0,2025-08-17T00:00:00,2025-09-11T00:00:00,benign
req_ben_1145,pat_97,request_access,phi_rec_97,1,0,1,2025-08-15T00:00:00,2025-08-24T00:00:00,benign
req_vio_36,pat_80,request_access,phi_rec_80,1,1,1,2025-04-27T00:00:00,,violation_gdpr_art15
req_ben_3251,pat_138,request_deactivation,phi_rec_138,0,0,0,2025-08-12T00:00:00,2025-08-19T00:00:00,benign
req_ben_2398,pat_183,request_access,phi_rec_183,0,0,1,2025-08-22T00:00:00,2025-09-01T00:00:00,benign
req_ben_4472,pat_193,request_deactivation,phi_rec_193,0,0,0,2025-08-21T00:00:00,2025-08-23T00:00:00,benign
req_ben_2731,pat_36,request_access,phi_rec_36,0,0,1,2025-08-16T00:00:00,2025-09-01T00:00:00,benign
req_ben_1550,pat_199,request_deactivation,phi_rec_199,0,0,0,2025-08-10T00:00:00,2025-08-22T00:00:00,benign
req_ben_3632,pat_64,request_access,phi_rec_64,1,1,1,2025-08-20T00:00:00,2025-09-09T00:00:00,benign
req_ben_794,pat_3,request_access,phi_rec_3,1,1,1,2025-08-29T00:00:00,2025-09-22T00:00:00,benign
req_ben_983,pat_173,request_access,phi_rec_173,1,0,1,2025-08-13T00:00:00,2025-08-16T00:00:00,benign
req_ben_98,pat_148,request_access,phi_rec_148,1,0,0,2025-08-25T00:00:00,2025-09-02T00:00:00,benign
req_ben_765,pat_51,request_deactivation,phi_rec_51,0,0,0,2025-08-22T00:00:00,2025-08-29T00:00:00,benign
req_ben_2721,pat_139,request_access,phi_rec_139,0,1,1,2025-08-02T00:00:00,2025-08-04T00:00:00,benign
req_ben_4390,pat_27,request_access,phi_rec_27,1,0,1,2025-08-23T00:00:00,2025-08-28T00:00:00,benign
req_ben_3164,pat_167,request_access,phi_rec_167,1,0,0,2025-08-29T00:00:00,2025-09-12T00:00:00,benign
req_ben_698,pat_158,request_deactivation,phi_rec_158,0,0,0,2025-08-28T00:00:00,2025-09-09T00:00:00,benign
req_ben_4274,pat_63,request_access,phi_rec_63,1,0,0,2025-08-10T00:00:00,2025-08-26T00:00:00,benign
req_ben_4463,pat_62,request_access,phi_rec_62,1,0,1,2025-08-05T00:00:00,2025-08-20T00:00:00,benign
req_ben_2199,pat_31,request_access,phi_rec_31,1,1,1,2025-08-27T00:00:00,2025-09-18T00:00:00,benign
req_ben_1924,pat_184,request_deactivation,phi_rec_184,0,0,0,2025-08-07T00:00:00,2025-08-29T00:00:00,benign
req_ben_2351,pat_128,request_access,phi_rec_128,0,0,1,2025-08-07T00:00:00,2025-08-19T00:00:00,benign
req_vio_226,pat_191,request_access,phi_rec_191,1,1,1,2025-07-19T00:00:00,,violation_gdpr_art15
req_ben_332,pat_70,request_access,phi_rec_70,1,1,0,2025-08-14T00:00:00,2025-08-31T00:00:00,benign
req_ben_1107,pat_196,request_access,phi_rec_196,1,1,1,2025-08-22T00:00:00,2025-09-05T00:00:00,benign
req_ben_4011,pat_118,request_access,phi_rec_118,0,1,0,2025-08-26T00:00:00,2025-09-10T00:00:00,benign
req_ben_1532,pat_43,request_access,phi_rec_43,1,1,1,2025-08-27T00:00:00,2025-09-17T00:00:00,benign
req_ben_641,pat_143,request_access,phi_rec_143,1,0,1,2025-08-02T00:00:00,2025-08-09T00:00:00,benign
req_ben_545,pat_142,request_access,phi_rec_142,1,0,0,2025-08-05T00:00:00,2025-08-21T00:00:00,benign
req_ben_3605,pat_148,request_access,phi_rec_148,1,0,1,2025-08-23T00:00:00,2025-08-29T00:00:00,benign
req_ben_1631,pat_110,request_deactivation,phi_rec_110,0,0,0,2025-08-16T00:00:00,2025-08-18T00:00:00,benign
req_ben_1328,pat_114,request_deactivation,phi_rec_114,0,0,0,2025-08-17T00:00:00,2025-08-31T00:00:00,benign
req_ben_284,pat_132,request_access,phi_rec_132,1,1,0,2025-08-28T00:00:00,2025-08-30T00:00:00,benign
req_ben_2208,pat_66,request_access,phi_rec_66,1,1,1,2025-08-11T00:00:00,2025-08-15T00:00:00,benign
req_ben_3447,pat_130,request_access,phi_rec_130,0,0,1,2025-08-11T00:00:00,2025-08-24T00:00:00,benign
req_ben_3706,pat_43,request_access,phi_rec_43,1,0,0,2025-08-03T00:00:00,2025-08-09T00:00:00,benign
req_ben_590,pat_134,request_access,phi_rec_134,0,1,1,2025-08-15T00:00:00,2025-08-30T00:00:00,benign
req_ben_2397,pat_172,request_access,phi_rec_172,0,1,0,2025-08-17T00:00:00,2025-08-19T00:00:00,benign
req_ben_1189,pat_190,request_access,phi_rec_190,1,1,1,2025-08-11T00:00:00,2025-08-14T00:00:00,benign
req_ben_1963,pat_16,request_access,phi_rec_16,1,1,1,2025-08-19T00:00:00,2025-08-26T00:00:00,benign
req_ben_4129,pat_62,request_access,phi_rec_62,1,1,1,2025-08-16T00:00:00,2025-09-08T00:00:00,benign
req_ben_3132,pat_85,request_access,phi_rec_85,1,0,0,2025-08-23T00:00:00,2025-09-13T00:00:00,benign
req_ben_1819,pat_92,request_access,phi_rec_92,1,0,0,2025-08-06T00:00:00,2025-08-23T00:00:00,benign
req_ben_54,pat_31,request_access,phi_rec_31,1,1,0,2025-08-27T00:00:00,2025-09-07T00:00:00,benign
req_ben_3103,pat_32,request_access,phi_rec_32,0,0,1,2025-08-07T00:00:00,2025-08-29T00:00:00,benign
req_ben_2586,pat_5,request_access,phi_rec_5,1,0,1,2025-08-17T00:00:00,2025-08-30T00:00:00,benign
req_ben_4474,pat_32,request_access,phi_rec_32,0,1,0,2025-08-11T00:00:00,2025-09-01T00:00:00,benign
req_vio_110,pat_108,request_access,phi_rec_108,1,0,0,2025-04-03T00:00:00,,violation_gdpr_art15
req_ben_1438,pat_140,request_deactivation,phi_rec_140,0,0,0,2025-08-08T00:00:00,2025-08-30T00:00:00,benign
req_ben_2934,pat_165,request_access,phi_rec_165,0,1,0,2025-08-27T00:00:00,2025-08-28T00:00:00,benign
req_vio_239,pat_139,request_deactivation,phi_rec_139,0,0,0,2025-04-07T00:00:00,,violation_gdpr_art17
req_ben_169,pat_15,request_access,phi_rec_15,0,0,1,2025-08-23T00:00:00,2025-09-03T00:00:00,benign
req_ben_2599,pat_67,request_access,phi_rec_67,1,1,0,2025-08-25T00:00:00,2025-09-13T00:00:00,benign
req_ben_2431,pat_122,request_access,phi_rec_122,1,1,1,2025-08-10T00:00:00,2025-08-16T00:00:00,benign
req_ben_1545,pat_173,request_access,phi_rec_173,1,1,1,2025-08-24T00:00:00,2025-09-07T00:00:00,benign
req_ben_2613,pat_119,request_deactivation,phi_rec_119,0,0,0,2025-08-15T00:00:00,2025-08-25T00:00:00,benign
req_ben_3752,pat_97,request_access,phi_rec_97,0,0,1,2025-08-23T00:00:00,2025-09-04T00:00:00,benign
req_ben_748,pat_38,request_access,phi_rec_38,1,1,0,2025-08-30T00:00:00,2025-09-10T00:00:00,benign
req_ben_4740,pat_198,request_access,phi_rec_198,0,0,1,2025-08-27T00:00:00,2025-09-09T00:00:00,benign
req_ben_277,pat_123,request_access,phi_rec_123,1,0,0,2025-08-21T00:00:00,2025-09-03T00:00:00,benign
req_ben_4156,pat_5,request_access,phi_rec_5,0,1,0,2025-08-22T00:00:00,2025-09-03T00:00:00,benign
req_ben_3789,pat_150,request_access,phi_rec_150,0,1,0,2025-08-28T00:00:00,2025-09-21T00:00:00,benign
req_ben_1478,pat_80,request_deactivation,phi_rec_80,0,0,0,2025-08-15T00:00:00,2025-08-29T00:00:00,benign
req_ben_3417,pat_196,request_deactivation,phi_rec_196,0,0,0,2025-08-27T00:00:00,2025-09-06T00:00:00,benign
req_ben_3735,pat_47,request_deactivation,phi_rec_47,0,0,0,2025-08-17T00:00:00,2025-09-06T00:00:00,benign
req_ben_1799,pat_175,request_access,phi_rec_175,1,1,1,2025-08-20T00:00:00,2025-09-12T00:00:00,benign
req_ben_2433,pat_175,request_access,phi_rec_175,1,1,1,2025-08-28T00:00:00,2025-09-08T00:00:00,benign
req_ben_2627,pat_61,request_access,phi_rec_61,0,0,1,2025-08-19T00:00:00,2025-09-08T00:00:00,benign
req_ben_3556,pat_99,request_access,phi_rec_99,1,1,1,2025-08-13T00:00:00,2025-08-28T00:00:00,benign
req_ben_2957,pat_176,request_access,phi_rec_176,1,1,1,2025-08-02T00:00:00,2025-08-13T00:00:00,benign
req_ben_4550,pat_182,request_deactivation,phi_rec_182,0,0,0,2025-08-11T00:00:00,2025-08-23T00:00:00,benign
req_ben_3486,pat_116,request_access,phi_rec_116,1,1,1,2025-08-08T00:00:00,2025-08-19T00:00:00,benign
req_ben_3477,pat_42,request_access,phi_rec_42,0,0,1,2025-08-12T00:00:00,2025-08-13T00:00:00,benign
req_ben_2617,pat_178,request_access,phi_rec_178,1,1,0,2025-08-05T00:00:00,2025-08-19T00:00:00,benign
req_ben_3854,pat_140,request_access,phi_rec_140,1,0,1,2025-08-04T00:00:00,2025-08-14T00:00:00,benign
req_ben_290,pat_97,request_access,phi_rec_97,0,1,0,2025-08-05T00:00:00,2025-08-30T00:00:00,benign
req_ben_46,pat_145,request_deactivation,phi_rec_145,0,0,0,2025-08-03T00:00:00,2025-08-26T00:00:00,benign
req_ben_3141,pat_25,request_deactivation,phi_rec_25,0,0,0,2025-08-07T00:00:00,2025-08-16T00:00:00,benign
req_ben_3024,pat_79,request_deactivation,phi_rec_79,0,0,0,2025-08-12T00:00:00,2025-08-16T00:00:00,benign
req_ben_2742,pat_105,request_access,phi_rec_105,1,1,1,2025-08-18T00:00:00,2025-09-09T00:00:00,benign
req_ben_150,pat_4,request_deactivation,phi_rec_4,0,0,0,2025-08-11T00:00:00,2025-08-15T00:00:00,benign
req_ben_4210,pat_197,request_access,phi_rec_197,1,0,1,2025-08-29T00:00:00,2025-09-20T00:00:00,benign
req_ben_387,pat_2,request_deactivation,phi_rec_2,0,0,0,2025-08-26T00:00:00,2025-09-20T00:00:00,benign
req_ben_1531,pat_43,request_access,phi_rec_43,1,1,0,2025-08-08T00:00:00,2025-08-18T00:00:00,benign
req_ben_1458,pat_72,request_access,phi_rec_72,0,0,1,2025-08-25T00:00:00,2025-08-29T00:00:00,benign
req_ben_43,pat_160,request_access,phi_rec_160,1,1,0,2025-08-30T00:00:00,2025-09-04T00:00:00,benign
req_ben_3338,pat_92,request_access,phi_rec_92,0,1,1,2025-08-26T00:00:00,2025-09-11T00:00:00,benign
req_ben_2646,pat_163,request_deactivation,phi_rec_163,0,0,0,2025-08-19T00:00:00,2025-08-26T00:00:00,benign
req_ben_3307,pat_151,request_access,phi_rec_151,1,0,1,2025-08-21T00:00:00,2025-08-23T00:00:00,benign
req_ben_828,pat_172,request_access,phi_rec_172,1,0,1,2025-08-28T00:00:00,2025-09-01T00:00:00,benign
req_ben_1154,pat_15,request_access,phi_rec_15,1,1,1,2025-08-05T00:00:00,2025-08-18T00:00:00,benign
req_ben_2788,pat_32,request_access,phi_rec_32,0,0,1,2025-08-17T00:00:00,2025-09-04T00:00:00,benign
req_vio_166,pat_124,request_access,phi_rec_124,0,1,1,2025-05-13T00:00:00,,violation_gdpr_art15
req_ben_2243,pat_87,request_access,phi_rec_87,1,1,1,2025-08-03T00:00:00,2025-08-24T00:00:00,benign
req_ben_371,pat_107,request_access,phi_rec_107,1,1,1,2025-08-20T00:00:00,2025-08-31T00:00:00,benign
req_ben_2210,pat_165,request_access,phi_rec_165,1,1,1,2025-08-03T00:00:00,2025-08-28T00:00:00,benign
req_ben_4295,pat_61,request_deactivation,phi_rec_61,0,0,0,2025-08-08T00:00:00,2025-08-19T00:00:00,benign
req_ben_261,pat_141,request_deactivation,phi_rec_141,0,0,0,2025-08-06T00:00:00,2025-08-12T00:00:00,benign
req_vio_173,pat_96,request_deactivation,phi_rec_96,0,0,0,2025-05-23T00:00:00,,violation_gdpr_art17
req_ben_4736,pat_107,request_deactivation,phi_rec_107,0,0,0,2025-08-07T00:00:00,2025-08-12T00:00:00,benign
req_ben_1939,pat_12,request_deactivation,phi_rec_12,0,0,0,2025-08-07T00:00:00,2025-08-27T00:00:00,benign
req_ben_817,pat_33,request_access,phi_rec_33,0,1,0,2025-08-24T00:00:00,2025-09-03T00:00:00,benign
req_ben_715,pat_94,request_deactivation,phi_rec_94,0,0,0,2025-08-19T00:00:00,2025-09-13T00:00:00,benign
req_ben_3102,pat_176,request_access,phi_rec_176,1,1,1,2025-08-16T00:00:00,2025-08-29T00:00:00,benign
req_ben_1616,pat_111,request_access,phi_rec_111,0,0,1,2025-08-20T00:00:00,2025-09-06T00:00:00,benign
req_ben_2143,pat_85,request_access,phi_rec_85,0,0,1,2025-08-23T00:00:00,2025-09-11T00:00:00,benign
req_ben_2823,pat_69,request_access,phi_rec_69,1,0,0,2025-08-20T00:00:00,2025-09-11T00:00:00,benign
req_ben_1363,pat_7,request_access,phi_rec_7,1,0,0,2025-08-03T00:00:00,2025-08-26T00:00:00,benign
req_ben_2972,pat_154,request_deactivation,phi_rec_154,0,0,0,2025-08-13T00:00:00,2025-08-25T00:00:00,benign
req_ben_1008,pat_52,request_deactivation,phi_rec_52,0,0,0,2025-08-25T00:00:00,2025-09-09T00:00:00,benign
req_ben_4165,pat_126,request_access,phi_rec_126,1,1,1,2025-08-16T00:00:00,2025-08-22T00:00:00,benign
req_ben_512,pat_181,request_deactivation,phi_rec_181,0,0,0,2025-08-11T00:00:00,2025-08-15T00:00:00,benign
req_ben_2308,pat_27,request_access,phi_rec_27,1,1,0,2025-08-02T00:00:00,2025-08-10T00:00:00,benign
req_ben_1845,pat_179,request_access,phi_rec_179,1,0,0,2025-08-05T00:00:00,2025-08-26T00:00:00,benign
req_ben_4615,pat_112,request_access,phi_rec_112,0,1,1,2025-08-14T00:00:00,2025-08-22T00:00:00,benign
req_ben_731,pat_89,request_access,phi_rec_89,0,1,0,2025-08-21T00:00:00,2025-09-13T00:00:00,benign
req_ben_2434,pat_42,request_deactivation,phi_rec_42,0,0,0,2025-08-07T00:00:00,2025-08-30T00:00:00,benign
req_ben_3344,pat_147,request_deactivation,phi_rec_147,0,0,0,2025-08-27T00:00:00,2025-09-05T00:00:00,benign
req_ben_3610,pat_125,request_access,phi_rec_125,1,0,1,2025-08-04T00:00:00,2025-08-19T00:00:00,benign
req_ben_1423,pat_162,request_access,phi_rec_162,1,1,0,2025-08-25T00:00:00,2025-09-02T00:00:00,benign
req_ben_3244,pat_75,request_access,phi_rec_75,1,1,1,2025-08-26T00:00:00,2025-09-19T00:00:00,benign
req_ben_3900,pat_113,request_access,phi_rec_113,1,1,1,2025-08-11T00:00:00,2025-09-04T00:00:00,benign
req_ben_2444,pat_85,request_access,phi_rec_85,1,0,1,2025-08-20T00:00:00,2025-09-07T00:00:00,benign
req_ben_2372,pat_38,request_access,phi_rec_38,1,1,1,2025-08-21T00:00:00,2025-08-28T00:00:00,benign
req_ben_3032,pat_28,request_deactivation,phi_rec_28,0,0,0,2025-08-25T00:00:00,2025-09-07T00:00:00,benign
req_ben_4403,pat_13,request_access,phi_rec_13,1,1,0,2025-08-09T00:00:00,2025-08-31T00:00:00,benign
req_ben_931,pat_137,request_access,phi_rec_137,1,1,1,2025-08-27T00:00:00,2025-09-16T00:00:00,benign
req_ben_1978,pat_8,request_access,phi_rec_8,1,1,1,2025-08-14T00:00:00,2025-09-01T00:00:00,benign
req_ben_2677,pat_28,request_deactivation,phi_rec_28,0,0,0,2025-08-23T00:00:00,2025-08-31T00:00:00,benign
req_ben_2782,pat_163,request_access,phi_rec_163,1,0,1,2025-08-12T00:00:00,2025-08-14T00:00:00,benign
req_ben_3640,pat_19,request_access,phi_rec_19,1,1,0,2025-08-03T00:00:00,2025-08-17T00:00:00,benign
req_ben_3217,pat_176,request_deactivation,phi_rec_176,0,0,0,2025-08-18T00:00:00,2025-09-04T00:00:00,benign
req_ben_2767,pat_186,request_access,phi_rec_186,1,1,1,2025-08-26T00:00:00,2025-09-19T00:00:00,benign
req_vio_23,pat_49,request_deactivation,phi_rec_49,0,0,0,2025-05-29T00:00:00,,violation_gdpr_art17
req_ben_2249,pat_145,request_deactivation,phi_rec_145,0,0,0,2025-08-14T00:00:00,2025-09-01T00:00:00,benign
req_ben_644,pat_3,request_access,phi_rec_3,0,0,1,2025-08-26T00:00:00,2025-09-10T00:00:00,benign
req_ben_3403,pat_164,request_access,phi_rec_164,0,0,1,2025-08-09T00:00:00,2025-08-12T00:00:00,benign
req_ben_615,pat_84,request_access,phi_rec_84,1,0,1,2025-08-19T00:00:00,2025-08-29T00:00:00,benign
req_vio_85,pat_180,request_deactivation,phi_rec_180,0,0,0,2025-03-04T00:00:00,,violation_gdpr_art17
req_ben_1648,pat_168,request_deactivation,phi_rec_168,0,0,0,2025-08-20T00:00:00,2025-08-29T00:00:00,benign
req_ben_678,pat_57,request_access,phi_rec_57,0,1,1,2025-08-22T00:00:00,2025-09-12T00:00:00,benign
req_ben_2538,pat_12,request_deactivation,phi_rec_12,0,0,0,2025-08-13T00:00:00,2025-08-26T00:00:00,benign
req_ben_2758,pat_164,request_access,phi_rec_164,1,0,1,2025-08-09T00:00:00,2025-08-26T00:00:00,benign
req_vio_178,pat_96,request_access,phi_rec_96,0,1,0,2025-06-05T00:00:00,,violation_gdpr_art15
req_ben_3109,pat_113,request_deactivation,phi_rec_113,0,0,0,2025-08-20T00:00:00,2025-09-07T00:00:00,benign
req_ben_4130,pat_45,request_access,phi_rec_45,1,0,0,2025-08-25T00:00:00,2025-08-28T00:00:00,benign
req_ben_2013,pat_44,request_deactivation,phi_rec_44,0,0,0,2025-08-22T00:00:00,2025-08-30T00:00:00,benign
req_ben_3984,pat_95,request_access,phi_rec_95,0,1,1,2025-08-19T00:00:00,2025-09-13T00:00:00,benign
req_ben_2836,pat_116,request_access,phi_rec_116,1,1,0,2025-08-09T00:00:00,2025-08-27T00:00:00,benign
req_ben_2242,pat_108,request_deactivation,phi_rec_108,0,0,0,2025-08-19T00:00:00,2025-09-11T00:00:00,benign
req_vio_84,pat_55,request_access,phi_rec_55,1,1,1,2025-04-30T00:00:00,,violation_gdpr_art15
req_ben_362,pat_49,request_access,phi_rec_49,1,0,0,2025-08-16T00:00:00,2025-09-05T00:00:00,benign
req_ben_1302,pat_4,request_access,phi_rec_4,1,0,0,2025-08-12T00:00:00,2025-08-19T00:00:00,benign
req_ben_1714,pat_109,request_access,phi_rec_109,0,1,1,2025-08-19T00:00:00,2025-08-25T00:00:00,benign
req_ben_2295,pat_9,request_access,phi_rec_9,0,1,1,2025-08-24T00:00:00,2025-09-13T00:00:00,benign
req_ben_2368,pat_20,request_access,phi_rec_20,1,0,0,2025-08-29T00:00:00,2025-09-13T00:00:00,benign
req_ben_822,pat_71,request_access,phi_rec_71,0,0,1,2025-08-24T00:00:00,2025-09-12T00:00:00,benign
req_ben_3144,pat_96,request_access,phi_rec_96,1,1,1,2025-08-10T00:00:00,2025-08-14T00:00:00,benign
req_ben_363,pat_26,request_deactivation,phi_rec_26,0,0,0,2025-08-05T00:00:00,2025-08-12T00:00:00,benign
req_ben_2054,pat_0,request_access,phi_rec_0,0,1,0,2025-08-17T00:00:00,2025-09-07T00:00:00,benign
req_ben_2310,pat_128,request_deactivation,phi_rec_128,0,0,0,2025-08-02T00:00:00,2025-08-21T00:00:00,benign
req_ben_1724,pat_19,request_access,phi_rec_19,1,1,0,2025-08-23T00:00:00,2025-08-24T00:00:00,benign
req_ben_1884,pat_60,request_deactivation,phi_rec_60,0,0,0,2025-08-17T00:00:00,2025-09-06T00:00:00,benign
req_ben_4399,pat_60,request_access,phi_rec_60,0,1,1,2025-08-08T00:00:00,2025-08-19T00:00:00,benign
req_ben_4299,pat_195,request_access,phi_rec_195,0,1,0,2025-08-16T00:00:00,2025-09-04T00:00:00,benign
req_ben_4086,pat_141,request_access,phi_rec_141,1,1,1,2025-08-22T00:00:00,2025-09-08T00:00:00,benign
req_ben_1114,pat_0,request_access,phi_rec_0,1,1,1,2025-08-02T00:00:00,2025-08-12T00:00:00,benign
req_ben_3249,pat_167,request_access,phi_rec_167,1,1,1,2025-08-02T00:00:00,2025-08-20T00:00:00,benign
req_ben_358,pat_179,request_deactivation,phi_rec_179,0,0,0,2025-08-19T00:00:00,2025-09-08T00:00:00,benign
req_ben_2287,pat_123,request_access,phi_rec_123,1,1,0,2025-08-25T00:00:00,2025-09-13T00:00:00,benign
req_ben_3274,pat_65,request_deactivation,phi_rec_65,0,0,0,2025-08-16T00:00:00,2025-09-09T00:00:00,benign
req_ben_4095,pat_82,request_access,phi_rec_82,1,1,0,2025-08-20T00:00:00,2025-08-30T00:00:00,benign
req_ben_1916,pat_115,request_deactivation,phi_rec_115,0,0,0,2025-08-05T00:00:00,2025-08-06T00:00:00,benign
req_ben_4126,pat_80,request_access,phi_rec_80,1,0,0,2025-08-23T00:00:00,2025-09-15T00:00:00,benign
req_ben_2377,pat_143,request_access,phi_rec_143,1,1,1,2025-08-29T00:00:00,2025-09-12T00:00:00,benign
req_ben_4741,pat_91,request_access,phi_rec_91,1,0,1,2025-08-18T00:00:00,2025-08-25T00:00:00,benign
req_ben_2585,pat_28,request_access,phi_rec_28,1,1,1,2025-08-29T00:00:00,2025-09-04T00:00:00,benign
req_ben_4480,pat_72,request_access,phi_rec_72,0,1,1,2025-08-21T00:00:00,2025-09-02T00:00:00,benign
req_ben_1627,pat_78,request_access,phi_rec_78,1,1,1,2025-08-29T00:00:00,2025-08-31T00:00:00,benign
req_ben_448,pat_125,request_access,phi_rec_125,1,1,1,2025-08-26T00:00:00,2025-08-30T00:00:00,benign
req_ben_633,pat_32,request_access,phi_rec_32,1,1,1,2025-08-18T00:00:00,2025-08-20T00:00:00,benign
req_ben_4727,pat_161,request_access,phi_rec_161,1,1,1,2025-08-22T00:00:00,2025-09-06T00:00:00,benign
req_ben_4638,pat_166,request_access,phi_rec_166,1,1,1,2025-08-16T00:00:00,2025-08-20T00:00:00,benign
req_ben_3702,pat_5,request_access,phi_rec_5,0,0,1,2025-08-27T00:00:00,2025-09-13T00:00:00,benign
req_ben_2591,pat_144,request_access,phi_rec_144,1,1,0,2025-08-05T00:00:00,2025-08-18T00:00:00,benign
req_ben_1048,pat_81,request_access,phi_rec_81,1,0,0,2025-08-08T00:00:00,2025-08-24T00:00:00,benign
req_ben_3321,pat_57,request_deactivation,phi_rec_57,0,0,0,2025-08-06T00:00:00,2025-08-13T00:00:00,benign
req_ben_797,pat_186,request_access,phi_rec_186,1,1,1,2025-08-18T00:00:00,2025-08-24T00:00:00,benign
req_ben_3944,pat_123,request_access,phi_rec_123,0,1,1,2025-08-18T00:00:00,2025-08-19T00:00:00,benign
req_ben_3117,pat_106,request_access,phi_rec_106,1,1,1,2025-08-26T00:00:00,2025-08-30T00:00:00,benign
req_ben_2008,pat_95,request_access,phi_rec_95,1,1,1,2025-08-18T00:00:00,2025-09-01T00:00:00,benign
req_vio_231,pat_120,request_deactivation,phi_rec_120,0,0,0,2025-02-14T00:00:00,,violation_gdpr_art17
req_ben_3589,pat_169,request_access,phi_rec_169,0,1,1,2025-08-27T00:00:00,2025-09-17T00:00:00,benign
req_ben_1461,pat_47,request_deactivation,phi_rec_47,0,0,0,2025-08-13T00:00:00,2025-09-04T00:00:00,benign
req_ben_1877,pat_167,request_access,phi_rec_167,1,1,1,2025-08-19T00:00:00,2025-09-05T00:00:00,benign
req_ben_249,pat_34,request_access,phi_rec_34,1,0,0,2025-08-27T00:00:00,2025-09-10T00:00:00,benign
req_ben_2835,pat_43,request_deactivation,phi_rec_43,0,0,0,2025-08-05T00:00:00,2025-08-14T00:00:00,benign
req_ben_2802,pat_19,request_deactivation,phi_rec_19,0,0,0,2025-08-16T00:00:00,2025-09-10T00:00:00,benign
req_ben_1915,pat_164,request_access,phi_rec_164,1,1,0,2025-08-28T00:00:00,2025-09-10T00:00:00,benign
req_ben_1643,pat_102,request_deactivation,phi_rec_102,0,0,0,2025-08-24T00:00:00,2025-09-10T00:00:00,benign
req_ben_4596,pat_22,request_access,phi_rec_22,0,0,1,2025-08-14T00:00:00,2025-08-20T00:00:00,benign
req_ben_29,pat_64,request_deactivation,phi_rec_64,0,0,0,2025-08-11T00:00:00,2025-09-02T00:00:00,benign
req_ben_3542,pat_92,request_access,phi_rec_92,0,1,1,2025-08-12T00:00:00,2025-08-31T00:00:00,benign
req_ben_172,pat_84,request_access,phi_rec_84,0,1,1,2025-08-18T00:00:00,2025-09-12T00:00:00,benign
req_ben_4490,pat_29,request_access,phi_rec_29,0,1,0,2025-08-21T00:00:00,2025-09-03T00:00:00,benign
req_ben_3184,pat_30,request_access,phi_rec_30,1,0,0,2025-08-18T00:00:00,2025-08-21T00:00:00,benign
req_ben_1000,pat_71,request_access,phi_rec_71,0,1,0,2025-08-21T00:00:00,2025-08-28T00:00:00,benign
req_ben_3709,pat_126,request_access,phi_rec_126,1,0,0,2025-08-25T00:00:00,2025-09-15T00:00:00,benign
req_ben_2448,pat_50,request_deactivation,phi_rec_50,0,0,0,2025-08-18T00:00:00,2025-08-25T00:00:00,benign
req_ben_2401,pat_28,request_access,phi_rec_28,1,1,0,2025-08-23T00:00:00,2025-08-29T00:00:00,benign
req_ben_3446,pat_34,request_access,phi_rec_34,1,0,1,2025-08-20T00:00:00,2025-08-25T00:00:00,benign
req_ben_1086,pat_181,request_access,phi_rec_181,0,0,1,2025-08-03T00:00:00,2025-08-19T00:00:00,benign
req_ben_2274,pat_87,request_access,phi_rec_87,1,1,1,2025-08-09T00:00:00,2025-08-20T00:00:00,benign
req_ben_1121,pat_164,request_access,phi_rec_164,0,1,0,2025-08-09T00:00:00,2025-08-23T00:00:00,benign
req_ben_3489,pat_158,request_access,phi_rec_158,1,1,1,2025-08-26T00:00:00,2025-09-19T00:00:00,benign
req_ben_2542,pat_92,request_access,phi_rec_92,0,1,0,2025-08-22T00:00:00,2025-08-24T00:00:00,benign
req_ben_3233,pat_99,request_deactivation,phi_rec_99,0,0,0,2025-08-15T00:00:00,2025-08-25T00:00:00,benign
req_ben_355,pat_37,request_access,phi_rec_37,0,1,1,2025-08-09T00:00:00,2025-08-14T00:00:00,benign
req_ben_710,pat_126,request_access,phi_rec_126,1,0,1,2025-08-17T00:00:00,2025-08-29T00:00:00,benign
req_ben_2753,pat_164,request_deactivation,phi_rec_164,0,0,0,2025-08-25T00:00:00,2025-09-10T00:00:00,benign
req_ben_1566,pat_181,request_deactivation,phi_rec_181,0,0,0,2025-08-02T00:00:00,2025-08-14T00:00:00,benign
req_ben_92,pat_7,request_access,phi_rec_7,0,1,0,2025-08-19T00:00:00,2025-08-22T00:00:00,benign
req_ben_1606,pat_12,request_access,phi_rec_12,1,0,1,2025-08-17T00:00:00,2025-08-20T00:00:00,benign
req_ben_1401,pat_5,request_access,phi_rec_5,1,1,1,2025-08-17T00:00:00,2025-08-27T00:00:00,benign
req_ben_201,pat_78,request_access,phi_rec_78,1,1,0,2025-08-15T00:00:00,2025-08-28T00:00:00,benign
req_ben_4469,pat_26,request_access,phi_rec_26,1,1,0,2025-08-27T00:00:00,2025-09-02T00:00:00,benign
req_ben_3767,pat_89,request_deactivation,phi_rec_89,0,0,0,2025-08-28T00:00:00,2025-09-01T00:00:00,benign
req_ben_2159,pat_84,request_access,phi_rec_84,0,1,0,2025-08-24T00:00:00,2025-08-30T00:00:00,benign
req_ben_3159,pat_127,request_access,phi_rec_127,0,1,1,2025-08-11T00:00:00,2025-09-04T00:00:00,benign
req_ben_4406,pat_168,request_access,phi_rec_168,1,1,0,2025-08-12T00:00:00,2025-08-15T00:00:00,benign
req_ben_3219,pat_68,request_access,phi_rec_68,0,0,1,2025-08-17T00:00:00,2025-09-10T00:00:00,benign
req_ben_3456,pat_86,request_deactivation,phi_rec_86,0,0,0,2025-08-17T00:00:00,2025-09-11T00:00:00,benign
req_ben_2150,pat_159,request_access,phi_rec_159,0,0,1,2025-08-25T00:00:00,2025-09-15T00:00:00,benign
req_ben_1964,pat_48,request_access,phi_rec_48,1,1,1,2025-08-03T00:00:00,2025-08-19T00:00:00,benign
req_ben_3956,pat_60,request_access,phi_rec_60,1,1,1,2025-08-07T00:00:00,2025-08-21T00:00:00,benign
req_ben_4268,pat_153,request_access,phi_rec_153,1,1,0,2025-08-30T00:00:00,2025-09-02T00:00:00,benign
req_ben_942,pat_146,request_access,phi_rec_146,0,0,1,2025-08-20T00:00:00,2025-09-10T00:00:00,benign
req_ben_3072,pat_97,request_access,phi_rec_97,1,1,1,2025-08-19T00:00:00,2025-08-25T00:00:00,benign
req_ben_821,pat_170,request_deactivation,phi_rec_170,0,0,0,2025-08-18T00:00:00,2025-08-31T00:00:00,benign
req_ben_2983,pat_32,request_deactivation,phi_rec_32,0,0,0,2025-08-23T00:00:00,2025-08-29T00:00:00,benign
req_ben_1165,pat_160,request_access,phi_rec_160,0,1,1,2025-08-22T00:00:00,2025-09-02T00:00:00,benign
req_ben_4553,pat_24,request_access,phi_rec_24,1,1,1,2025-08-16T00:00:00,2025-08-21T00:00:00,benign
req_ben_155,pat_149,request_deactivation,phi_rec_149,0,0,0,2025-08-26T00:00:00,2025-09-13T00:00:00,benign
req_ben_3654,pat_185,request_access,phi_rec_185,0,1,0,2025-08-22T00:00:00,2025-08-31T00:00:00,benign
req_ben_3898,pat_127,request_access,phi_rec_127,1,1,1,2025-08-09T00:00:00,2025-08-24T00:00:00,benign
req_ben_3422,pat_126,request_access,phi_rec_126,0,1,0,2025-08-07T00:00:00,2025-08-11T00:00:00,benign
req_ben_3171,pat_156,request_access,phi_rec_156,1,1,0,2025-08-16T00:00:00,2025-08-31T00:00:00,benign
req_ben_96,pat_33,request_access,phi_rec_33,0,1,1,2025-08-24T00:00:00,2025-09-11T00:00:00,benign
req_ben_442,pat_23,request_access,phi_rec_23,0,1,1,2025-08-04T00:00:00,2025-08-26T00:00:00,benign
req_ben_893,pat_19,request_deactivation,phi_rec_19,0,0,0,2025-08-21T00:00:00,2025-08-28T00:00:00,benign
req_ben_1886,pat_17,request_access,phi_rec_17,1,0,0,2025-08-06T00:00:00,2025-08-12T00:00:00,benign
req_ben_607,pat_40,request_access,phi_rec_40,1,1,1,2025-08-07T00:00:00,2025-08-20T00:00:00,benign
req_ben_2964,pat_141,request_access,phi_rec_141,0,0,1,2025-08-15T00:00:00,2025-09-07T00:00:00,benign
req_ben_4319,pat_188,request_access,phi_rec_188,1,0,1,2025-08-20T00:00:00,2025-09-12T00:00:00,benign
req_ben_3745,pat_128,request_deactivation,phi_rec_128,0,0,0,2025-08-20T00:00:00,2025-08-30T00:00:00,benign
req_ben_416,pat_152,request_access,phi_rec_152,1,0,0,2025-08-02T00:00:00,2025-08-06T00:00:00,benign
req_ben_3738,pat_56,request_deactivation,phi_rec_56,0,0,0,2025-08-09T00:00:00,2025-08-27T00:00:00,benign
req_ben_2626,pat_52,request_access,phi_rec_52,0,1,1,2025-08-28T00:00:00,2025-09-10T00:00:00,benign
req_ben_289,pat_0,request_access,phi_rec_0,1,0,0,2025-08-28T00:00:00,2025-09-11T00:00:00,benign
req_ben_2940,pat_14,request_deactivation,phi_rec_14,0,0,0,2025-08-04T00:00:00,2025-08-20T00:00:00,benign
req_ben_4183,pat_93,request_access,phi_rec_93,1,1,0,2025-08-27T00:00:00,2025-09-01T00:00:00,benign
req_ben_7,pat_16,request_access,phi_rec_16,0,0,1,2025-08-12T00:00:00,2025-08-27T00:00:00,benign
req_ben_3837,pat_26,request_access,phi_rec_26,1,0,0,2025-08-27T00:00:00,2025-09-18T00:00:00,benign
req_ben_3999,pat_112,request_access,phi_rec_112,0,0,1,2025-08-22T00:00:00,2025-09-09T00:00:00,benign
req_ben_2271,pat_158,request_access,phi_rec_158,0,1,1,2025-08-25T00:00:00,2025-09-18T00:00:00,benign
req_ben_4198,pat_124,request_deactivation,phi_rec_124,0,0,0,2025-08-24T00:00:00,2025-09-02T00:00:00,benign
req_ben_547,pat_190,request_access,phi_rec_190,1,1,1,2025-08-12T00:00:00,2025-08-22T00:00:00,benign
req_ben_2632,pat_100,request_access,phi_rec_100,1,0,0,2025-08-08T00:00:00,2025-08-28T00:00:00,benign
req_ben_1590,pat_24,request_deactivation,phi_rec_24,0,0,0,2025-08-21T00:00:00,2025-08-23T00:00:00,benign
req_ben_478,pat_139,request_deactivation,phi_rec_139,0,0,0,2025-08-14T00:00:00,2025-08-17T00:00:00,benign
req_ben_1496,pat_159,request_deactivation,phi_rec_159,0,0,0,2025-08-29T00:00:00,2025-09-17T00:00:00,benign
req_ben_173,pat_10,request_deactivation,phi_rec_10,0,0,0,2025-08-17T00:00:00,2025-08-23T00:00:00,benign
req_ben_2200,pat_9,request_access,phi_rec_9,1,0,0,2025-08-27T00:00:00,2025-09-03T00:00:00,benign
req_ben_2605,pat_89,request_access,phi_rec_89,0,1,1,2025-08-25T00:00:00,2025-09-05T00:00:00,benign
req_ben_2573,pat_71,request_access,phi_rec_71,1,1,0,2025-08-30T00:00:00,2025-09-22T00:00:00,benign
req_ben_1706,pat_17,request_deactivation,phi_rec_17,0,0,0,2025-08-13T00:00:00,2025-09-01T00:00:00,benign
req_ben_2185,pat_86,request_deactivation,phi_rec_86,0,0,0,2025-08-11T00:00:00,2025-08-19T00:00:00,benign
req_ben_4159,pat_141,request_access,phi_rec_141,0,1,1,2025-08-26T00:00:00,2025-09-04T00:00:00,benign
req_ben_3387,pat_183,request_access,phi_rec_183,0,1,1,2025-08-04T00:00:00,2025-08-21T00:00:00,benign
req_ben_707,pat_97,request_access,phi_rec_97,0,0,1,2025-08-29T00:00:00,2025-09-22T00:00:00,benign
req_ben_2466,pat_135,request_deactivation,phi_rec_135,0,0,0,2025-08-08T00:00:00,2025-08-21T00:00:00,benign
req_ben_1314,pat_15,request_deactivation,phi_rec_15,0,0,0,2025-08-20T00:00:00,2025-09-02T00:00:00,benign
req_ben_808,pat_24,request_access,phi_rec_24,0,0,1,2025-08-25T00:00:00,2025-09-03T00:00:00,benign
req_ben_535,pat_197,request_access,phi_rec_197,1,1,0,2025-08-17T00:00:00,2025-09-11T00:00:00,benign
req_ben_1364,pat_19,request_access,phi_rec_19,1,1,1,2025-08-02T00:00:00,2025-08-23T00:00:00,benign
req_ben_1664,pat_48,request_deactivation,phi_rec_48,0,0,0,2025-08-11T00:00:00,2025-08-23T00:00:00,benign
req_ben_2787,pat_154,request_deactivation,phi_rec_154,0,0,0,2025-08-20T00:00:00,2025-08-31T00:00:00,benign
req_ben_577,pat_34,request_access,phi_rec_34,0,1,1,2025-08-23T00:00:00,2025-09-03T00:00:00,benign
req_ben_1391,pat_83,request_access,phi_rec_83,0,1,0,2025-08-30T00:00:00,2025-09-07T00:00:00,benign
req_ben_1749,pat_119,request_access,phi_rec_119,1,1,1,2025-08-14T00:00:00,2025-08-27T00:00:00,benign
req_ben_1232,pat_25,request_access,phi_rec_25,1,1,1,2025-08-25T00:00:00,2025-08-27T00:00:00,benign
req_ben_3633,pat_164,request_access,phi_rec_164,1,1,1,2025-08-18T00:00:00,2025-08-20T00:00:00,benign
req_ben_546,pat_173,request_access,phi_rec_173,0,1,1,2025-08-13T00:00:00,2025-08-31T00:00:00,benign
req_ben_22,pat_9,request_deactivation,phi_rec_9,0,0,0,2025-08-24T00:00:00,2025-08-30T00:00:00,benign
req_ben_4374,pat_195,request_access,phi_rec_195,1,1,1,2025-08-06T00:00:00,2025-08-28T00:00:00,benign
req_ben_3798,pat_154,request_access,phi_rec_154,0,0,1,2025-08-28T00:00:00,2025-09-12T00:00:00,benign
req_ben_4713,pat_109,request_deactivation,phi_rec_109,0,0,0,2025-08-26T00:00:00,2025-09-05T00:00:00,benign
req_ben_1187,pat_179,request_access,phi_rec_179,1,1,0,2025-08-23T00:00:00,2025-09-14T00:00:00,benign
req_ben_2948,pat_191,request_access,phi_rec_191,1,0,0,2025-08-29T00:00:00,2025-09-20T00:00:00,benign
req_ben_3167,pat_92,request_access,phi_rec_92,1,0,0,2025-08-19T00:00:00,2025-09-13T00:00:00,benign
req_ben_2456,pat_183,request_access,phi_rec_183,0,1,0,2025-08-07T00:00:00,2025-08-13T00:00:00,benign
req_ben_3729,pat_195,request_deactivation,phi_rec_195,0,0,0,2025-08-21T00:00:00,2025-09-05T00:00:00,benign
req_ben_3204,pat_94,request_access,phi_rec_94,1,1,1,2025-08-13T00:00:00,2025-08-19T00:00:00,benign
req_ben_3459,pat_83,request_access,phi_rec_83,1,0,1,2025-08-17T00:00:00,2025-08-21T00:00:00,benign
req_ben_4417,pat_142,request_deactivation,phi_rec_142,0,0,0,2025-08-08T00:00:00,2025-08-27T00:00:00,benign
req_ben_3655,pat_34,request_access,phi_rec_34,0,1,1,2025-08-20T00:00:00,2025-09-01T00:00:00,benign
req_ben_2417,pat_86,request_deactivation,phi_rec_86,0,0,0,2025-08-21T00:00:00,2025-09-05T00:00:00,benign
req_ben_4199,pat_194,request_access,phi_rec_194,1,1,1,2025-08-09T00:00:00,2025-08-25T00:00:00,benign
req_ben_518,pat_177,request_access,phi_rec_177,0,1,1,2025-08-26T00:00:00,2025-09-07T00:00:00,benign
req_ben_3890,pat_86,request_access,phi_rec_86,0,0,1,2025-08-25T00:00:00,2025-09-03T00:00:00,benign
req_ben_1912,pat_9,request_access,phi_rec_9,1,1,1,2025-08-29T00:00:00,2025-09-12T00:00:00,benign
req_ben_1573,pat_194,request_deactivation,phi_rec_194,0,0,0,2025-08-22T00:00:00,2025-09-02T00:00:00,benign
req_ben_661,pat_37,request_access,phi_rec_37,0,1,0,2025-08-19T00:00:00,2025-09-13T00:00:00,benign
req_vio_196,pat_23,request_access,phi_rec_23,0,1,1,2025-07-24T00:00:00,,violation_gdpr_art15
req_ben_4118,pat_0,request_access,phi_rec_0,0,1,1,2025-08-30T00:00:00,2025-09-12T00:00:00,benign
req_ben_2261,pat_15,request_access,phi_rec_15,1,1,1,2025-08-02T00:00:00,2025-08-25T00:00:00,benign
req_ben_1981,pat_85,request_deactivation,phi_rec_85,0,0,0,2025-08-19T00:00:00,2025-09-07T00:00:00,benign
req_ben_3608,pat_17,request_access,phi_rec_17,1,0,1,2025-08-16T00:00:00,2025-08-31T00:00:00,benign
req_ben_1353,pat_62,request_access,phi_rec_62,1,1,1,2025-08-04T00:00:00,2025-08-06T00:00:00,benign
req_vio_156,pat_168,request_access,phi_rec_168,1,1,1,2025-06-25T00:00:00,,violation_gdpr_art15
req_ben_2268,pat_155,request_access,phi_rec_155,1,1,1,2025-08-28T00:00:00,2025-09-12T00:00:00,benign
req_ben_3125,pat_1,request_access,phi_rec_1,1,1,1,2025-08-03T00:00:00,2025-08-22T00:00:00,benign
req_ben_1617,pat_54,request_access,phi_rec_54,0,0,1,2025-08-13T00:00:00,2025-09-04T00:00:00,benign
req_ben_778,pat_52,request_access,phi_rec_52,1,0,0,2025-08-14T00:00:00,2025-08-19T00:00:00,benign
req_ben_2182,pat_160,request_access,phi_rec_160,1,1,1,2025-08-16T00:00:00,2025-08-17T00:00:00,benign
req_ben_107,pat_102,request_access,phi_rec_102,1,0,0,2025-08-06T00:00:00,2025-08-21T00:00:00,benign
req_ben_1691,pat_178,request_deactivation,phi_rec_178,0,0,0,2025-08-10T00:00:00,2025-08-18T00:00:00,benign
req_ben_3155,pat_63,request_access,phi_rec_63,1,0,1,2025-08-17T00:00:00,2025-09-05T00:00:00,benign
req_ben_898,pat_87,request_access,phi_rec_87,0,1,1,2025-08-26T00:00:00,2025-09-07T00:00:00,benign
req_ben_4038,pat_98,request_access,phi_rec_98,0,1,1,2025-08-19T00:00:00,2025-08-20T00:00:00,benign
req_ben_4428,pat_48,request_access,phi_rec_48,1,0,0,2025-08-19T00:00:00,2025-09-11T00:00:00,benign
req_ben_3402,pat_43,request_access,phi_rec_43,1,1,1,2025-08-28T00:00:00,2025-09-12T00:00:00,benign
req_vio_0,pat_19,request_access,phi_rec_19,1,1,1,2025-07-17T00:00:00,,violation_gdpr_art15
req_ben_3602,pat_19,request_deactivation,phi_rec_19,0,0,0,2025-08-26T00:00:00,2025-09-05T00:00:00,benign
req_ben_217,pat_30,request_deactivation,phi_rec_30,0,0,0,2025-08-20T00:00:00,2025-08-26T00:00:00,benign
req_ben_3867,pat_90,request_deactivation,phi_rec_90,0,0,0,2025-08-10T00:00:00,2025-08-11T00:00:00,benign
req_ben_1552,pat_127,request_deactivation,phi_rec_127,0,0,0,2025-08-05T00:00:00,2025-08-12T00:00:00,benign
req_ben_814,pat_113,request_access,phi_rec_113,1,1,1,2025-08-05T00:00:00,2025-08-20T00:00:00,benign
req_ben_2379,pat_107,request_deactivation,phi_rec_107,0,0,0,2025-08-17T00:00:00,2025-08-24T00:00:00,benign
req_ben_3921,pat_38,request_access,phi_rec_38,1,1,1,2025-08-05T00:00:00,2025-08-29T00:00:00,benign
req_ben_1694,pat_92,request_access,phi_rec_92,0,0,1,2025-08-09T00:00:00,2025-08-16T00:00:00,benign
req_ben_3893,pat_101,request_access,phi_rec_101,1,0,0,2025-08-24T00:00:00,2025-09-04T00:00:00,benign
req_ben_73,pat_189,request_access,phi_rec_189,1,1,0,2025-08-21T00:00:00,2025-09-06T00:00:00,benign
req_ben_4409,pat_138,request_access,phi_rec_138,1,1,0,2025-08-25T00:00:00,2025-09-14T00:00:00,benign
req_ben_1579,pat_0,request_deactivation,phi_rec_0,0,0,0,2025-08-19T00:00:00,2025-09-10T00:00:00,benign
req_ben_4649,pat_146,request_access,phi_rec_146,1,0,0,2025-08-11T00:00:00,2025-08-16T00:00:00,benign
req_ben_203,pat_149,request_deactivation,phi_rec_149,0,0,0,2025-08-19T00:00:00,2025-08-24T00:00:00,benign
req_ben_126,pat_192,request_access,phi_rec_192,0,1,1,2025-08-24T00:00:00,2025-09-06T00:00:00,benign
req_ben_892,pat_166,request_access,phi_rec_166,0,0,1,2025-08-20T00:00:00,2025-08-30T00:00:00,benign
req_ben_2043,pat_12,request_access,phi_rec_12,1,0,0,2025-08-27T00:00:00,2025-09-06T00:00:00,benign
req_ben_4726,pat_160,request_access,phi_rec_160,0,1,1,2025-08-30T00:00:00,2025-08-31T00:00:00,benign
req_ben_1866,pat_140,request_access,phi_rec_140,0,1,0,2025-08-27T00:00:00,2025-09-06T00:00:00,benign
req_ben_4256,pat_157,request_access,phi_rec_157,1,1,1,2025-08-22T00:00:00,2025-09-14T00:00:00,benign
req_ben_4262,pat_28,request_access,phi_rec_28,1,1,1,2025-08-21T00:00:00,2025-08-27T00:00:00,benign
req_ben_1242,pat_192,request_deactivation,phi_rec_192,0,0,0,2025-08-23T00:00:00,2025-08-28T00:00:00,benign
req_ben_2915,pat_90,request_deactivation,phi_rec_90,0,0,0,2025-08-13T00:00:00,2025-09-04T00:00:00,benign
req_ben_4344,pat_111,request_access,phi_rec_111,0,1,0,2025-08-13T00:00:00,2025-08-19T00:00:00,benign
req_ben_2670,pat_10,request_access,phi_rec_10,0,1,1,2025-08-22T00:00:00,2025-08-24T00:00:00,benign
req_vio_241,pat_138,request_deactivation,phi_rec_138,0,0,0,2025-07-17T00:00:00,,violation_gdpr_art17
req_ben_3594,pat_86,request_access,phi_rec_86,1,1,1,2025-08-25T00:00:00,2025-09-13T00:00:00,benign
req_ben_664,pat_188,request_access,phi_rec_188,1,1,1,2025-08-07T00:00:00,2025-08-18T00:00:00,benign
req_ben_4134,pat_50,request_access,phi_rec_50,1,0,0,2025-08-15T00:00:00,2025-09-09T00:00:00,benign
req_ben_4605,pat_35,request_deactivation,phi_rec_35,0,0,0,2025-08-28T00:00:00,2025-09-19T00:00:00,benign
req_ben_4412,pat_114,request_access,phi_rec_114,1,0,1,2025-08-16T00:00:00,2025-08-21T00:00:00,benign
req_vio_2,pat_78,request_access,phi_rec_78,1,1,1,2025-03-16T00:00:00,,violation_gdpr_art15
req_ben_3470,pat_145,request_deactivation,phi_rec_145,0,0,0,2025-08-23T00:00:00,2025-08-30T00:00:00,benign
req_ben_3669,pat_193,request_deactivation,phi_rec_193,0,0,0,2025-08-04T00:00:00,2025-08-23T00:00:00,benign
req_ben_1170,pat_77,request_deactivation,phi_rec_77,0,0,0,2025-08-30T00:00:00,2025-09-11T00:00:00,benign
req_ben_3673,pat_178,request_access,phi_rec_178,0,1,0,2025-08-17T00:00:00,2025-08-30T00:00:00,benign
req_ben_2781,pat_76,request_access,phi_rec_76,1,1,1,2025-08-06T00:00:00,2025-08-21T00:00:00,benign
req_ben_4551,pat_48,request_access,phi_rec_48,0,0,1,2025-08-07T00:00:00,2025-08-26T00:00:00,benign
req_ben_2783,pat_48,request_access,phi_rec_48,1,1,1,2025-08-25T00:00:00,2025-09-02T00:00:00,benign
req_ben_2089,pat_179,request_deactivation,phi_rec_179,0,0,0,2025-08-10T00:00:00,2025-08-16T00:00:00,benign
req_ben_1168,pat_98,request_deactivation,phi_rec_98,0,0,0,2025-08-03T00:00:00,2025-08-04T00:00:00,benign
req_ben_1135,pat_99,request_access,phi_rec_99,0,0,1,2025-08-24T00:00:00,2025-09-18T00:00:00,benign
req_ben_2986,pat_192,request_access,phi_rec_192,1,1,1,2025-08-13T00:00:00,2025-08-26T00:00:00,benign
req_ben_4662,pat_111,request_access,phi_rec_111,0,0,1,2025-08-07T00:00:00,2025-08-18T00:00:00,benign
req_ben_4518,pat_105,request_access,phi_rec_105,1,1,1,2025-08-13T00:00:00,2025-08-24T00:00:00,benign
req_ben_3606,pat_84,request_access,phi_rec_84,1,1,1,2025-08-20T00:00:00,2025-09-03T00:00:00,benign
req_ben_3917,pat_123,request_access,phi_rec_123,1,1,0,2025-08-19T00:00:00,2025-08-24T00:00:00,benign
req_ben_3695,pat_35,request_access,phi_rec_35,0,1,1,2025-08-04T00:00:00,2025-08-09T00:00:00,benign
req_ben_1797,pat_21,request_access,phi_rec_21,0,1,0,2025-08-11T00:00:00,2025-09-05T00:00:00,benign
req_ben_3025,pat_195,request_access,phi_rec_195,1,1,1,2025-08-10T00:00:00,2025-08-21T00:00:00,benign
req_ben_874,pat_50,request_access,phi_rec_50,1,1,1,2025-08-19T00:00:00,2025-09-08T00:00:00,benign
req_ben_3607,pat_129,request_access,phi_rec_129,1,1,1,2025-08-25T00:00:00,2025-09-03T00:00:00,benign
req_ben_1142,pat_42,request_access,phi_rec_42,1,0,1,2025-08-19T00:00:00,2025-09-13T00:00:00,benign
req_ben_1934,pat_53,request_access,phi_rec_53,1,1,1,2025-08-23T00:00:00,2025-08-25T00:00:00,benign
req_ben_3897,pat_54,request_deactivation,phi_rec_54,0,0,0,2025-08-16T00:00:00,2025-08-26T00:00:00,benign
req_ben_4522,pat_7,request_access,phi_rec_7,1,1,0,2025-08-21T00:00:00,2025-09-02T00:00:00,benign
req_ben_4494,pat_4,request_deactivation,phi_rec_4,0,0,0,2025-08-16T00:00:00,2025-09-04T00:00:00,benign
req_ben_2639,pat_111,request_deactivation,phi_rec_111,0,0,0,2025-08-14T00:00:00,2025-08-15T00:00:00,benign
req_ben_2864,pat_31,request_deactivation,phi_rec_31,0,0,0,2025-08-07T00:00:00,2025-08-28T00:00:00,benign
req_ben_1360,pat_176,request_access,phi_rec_176,1,1,0,2025-08-30T00:00:00,2025-09-06T00:00:00,benign
req_ben_4452,pat_71,request_deactivation,phi_rec_71,0,0,0,2025-08-12T00:00:00,2025-09-02T00:00:00,benign
req_ben_3802,pat_61,request_deactivation,phi_rec_61,0,0,0,2025-08-27T00:00:00,2025-09-19T00:00:00,benign
req_ben_3923,pat_119,request_deactivation,phi_rec_119,0,0,0,2025-08-15T00:00:00,2025-08-18T00:00:00,benign
req_ben_1909,pat_92,request_access,phi_rec_92,1,1,1,2025-08-06T00:00:00,2025-08-09T00:00:00,benign
req_ben_1493,pat_129,request_access,phi_rec_129,0,0,1,2025-08-02T00:00:00,2025-08-14T00:00:00,benign
req_ben_120,pat_161,request_access,phi_rec_161,0,1,1,2025-08-07T00:00:00,2025-08-23T00:00:00,benign
req_ben_1408,pat_190,request_access,phi_rec_190,0,0,1,2025-08-16T00:00:00,2025-08-28T00:00:00,benign
req_ben_3004,pat_158,request_access,phi_rec_158,1,1,0,2025-08-30T00:00:00,2025-09-17T00:00:00,benign
req_ben_2421,pat_156,request_access,phi_rec_156,1,1,1,2025-08-12T00:00:00,2025-08-23T00:00:00,benign
req_ben_1136,pat_36,request_access,phi_rec_36,1,1,0,2025-08-15T00:00:00,2025-09-08T00:00:00,benign
req_vio_215,pat_108,request_deactivation,phi_rec_108,0,0,0,2025-05-29T00:00:00,,violation_gdpr_art17
req_ben_712,pat_160,request_access,phi_rec_160,0,0,1,2025-08-23T00:00:00,2025-08-27T00:00:00,benign
req_ben_4221,pat_72,request_access,phi_rec_72,0,1,1,2025-08-03T00:00:00,2025-08-11T00:00:00,benign
req_ben_2658,pat_18,request_access,phi_rec_18,1,0,1,2025-08-23T00:00:00,2025-09-16T00:00:00,benign
req_ben_3809,pat_68,request_access,phi_rec_68,0,1,1,2025-08-09T00:00:00,2025-08-12T00:00:00,benign
req_ben_415,pat_173,request_access,phi_rec_173,1,1,1,2025-08-07T00:00:00,2025-08-31T00:00:00,benign
req_ben_4400,pat_100,request_access,phi_rec_100,1,0,0,2025-08-04T00:00:00,2025-08-16T00:00:00,benign
req_ben_3525,pat_26,request_access,phi_rec_26,1,0,0,2025-08-21T00:00:00,2025-09-03T00:00:00,benign
req_ben_3336,pat_69,request_access,phi_rec_69,1,0,1,2025-08-15T00:00:00,2025-08-20T00:00:00,benign
req_ben_1257,pat_64,request_access,phi_rec_64,1,1,0,2025-08-30T00:00:00,2025-09-13T00:00:00,benign
req_ben_972,pat_85,request_access,phi_rec_85,1,1,1,2025-08-30T00:00:00,2025-09-09T00:00:00,benign
req_ben_1454,pat_157,request_deactivation,phi_rec_157,0,0,0,2025-08-05T00:00:00,2025-08-12T00:00:00,benign
req_vio_164,pat_115,request_access,phi_rec_115,1,1,0,2025-03-14T00:00:00,,violation_gdpr_art15
req_ben_1555,pat_80,request_access,phi_rec_80,1,1,1,2025-08-14T00:00:00,2025-08-18T00:00:00,benign
req_ben_70,pat_128,request_access,phi_rec_128,1,1,1,2025-08-12T00:00:00,2025-09-06T00:00:00,benign
req_ben_2688,pat_107,request_access,phi_rec_107,1,0,1,2025-08-10T00:00:00,2025-09-02T00:00:00,benign
req_ben_1043,pat_95,request_access,phi_rec_95,1,1,1,2025-08-21T00:00:00,2025-08-24T00:00:00,benign
req_ben_2412,pat_6,request_access,phi_rec_6,1,1,1,2025-08-13T00:00:00,2025-08-26T00:00:00,benign
req_ben_980,pat_28,request_access,phi_rec_28,1,1,1,2025-08-17T00:00:00,2025-08-29T00:00:00,benign
req_ben_1738,pat_137,request_access,phi_rec_137,1,1,0,2025-08-22T00:00:00,2025-09-02T00:00:00,benign
req_ben_1080,pat_160,request_access,phi_rec_160,0,1,0,2025-08-05T00:00:00,2025-08-07T00:00:00,benign
req_ben_3275,pat_116,request_deactivation,phi_rec_116,0,0,0,2025-08-27T00:00:00,2025-09-08T00:00:00,benign
req_ben_4054,pat_184,request_access,phi_rec_184,0,0,1,2025-08-04T00:00:00,2025-08-16T00:00:00,benign
req_vio_144,pat_93,request_access,phi_rec_93,1,0,0,2025-07-27T00:00:00,,violation_gdpr_art15
req_ben_2580,pat_125,request_access,phi_rec_125,0,1,0,2025-08-02T00:00:00,2025-08-08T00:00:00,benign
req_ben_1173,pat_133,request_access,phi_rec_133,0,1,0,2025-08-11T00:00:00,2025-08-23T00:00:00,benign
req_ben_1140,pat_52,request_access,phi_rec_52,1,1,1,2025-08-04T00:00:00,2025-08-11T00:00:00,benign
req_ben_105,pat_75,request_deactivation,phi_rec_75,0,0,0,2025-08-28T00:00:00,2025-09-01T00:00:00,benign
req_ben_755,pat_43,request_access,phi_rec_43,1,0,0,2025-08-03T00:00:00,2025-08-04T00:00:00,benign
req_ben_4624,pat_147,request_access,phi_rec_147,1,0,1,2025-08-09T00:00:00,2025-08-13T00:00:00,benign
req_ben_495,pat_102,request_access,phi_rec_102,0,1,1,2025-08-10T00:00:00,2025-08-15T00:00:00,benign
req_ben_3239,pat_199,request_access,phi_rec_199,1,1,0,2025-08-06T00:00:00,2025-08-26T00:00:00,benign
req_ben_1263,pat_131,request_access,phi_rec_131,0,0,1,2025-08-16T00:00:00,2025-09-10T00:00:00,benign
req_ben_2856,pat_61,request_access,phi_rec_61,1,1,1,2025-08-23T00:00:00,2025-09-03T00:00:00,benign
req_ben_4291,pat_32,request_access,phi_rec_32,0,0,1,2025-08-17T00:00:00,2025-08-29T00:00:00,benign
req_ben_2052,pat_107,request_access,phi_rec_107,1,0,1,2025-08-24T00:00:00,2025-08-30T00:00:00,benign
req_vio_37,pat_158,request_deactivation,phi_rec_158,0,0,0,2025-06-24T00:00:00,,violation_gdpr_art17
req_ben_2701,pat_15,request_access,phi_rec_15,1,1,1,2025-08-19T00:00:00,2025-09-07T00:00:00,benign
req_ben_1848,pat_149,request_access,phi_rec_149,1,1,1,2025-08-06T00:00:00,2025-08-25T00:00:00,benign
req_ben_3134,pat_101,request_access,phi_rec_101,0,1,0,2025-08-27T00:00:00,2025-09-05T00:00:00,benign
req_ben_3373,pat_198,request_access,phi_rec_198,0,1,1,2025-08-10T00:00:00,2025-08-30T00:00:00,benign
req_ben_1973,pat_132,request_access,phi_rec_132,0,0,1,2025-08-21T00:00:00,2025-09-08T00:00:00,benign
req_ben_1752,pat_45,request_access,phi_rec_45,1,1,1,2025-08-03T00:00:00,2025-08-23T00:00:00,benign
req_ben_2069,pat_53,request_access,phi_rec_53,0,1,0,2025-08-22T00:00:00,2025-09-09T00:00:00,benign
req_vio_121,pat_83,request_deactivation,phi_rec_83,0,0,0,2025-07-17T00:00:00,,violation_gdpr_art17
req_ben_3385,pat_50,request_access,phi_rec_50,1,1,1,2025-08-25T00:00:00,2025-09-06T00:00:00,benign
req_ben_1587,pat_35,request_access,phi_rec_35,1,1,1,2025-08-10T00:00:00,2025-08-21T00:00:00,benign
req_ben_4547,pat_22,request_deactivation,phi_rec_22,0,0,0,2025-08-10T00:00:00,2025-08-13T00:00:00,benign
req_ben_1649,pat_154,request_deactivation,phi_rec_154,0,0,0,2025-08-16T00:00:00,2025-08-23T00:00:00,benign
req_ben_3332,pat_194,request_access,phi_rec_194,1,1,1,2025-08-27T00:00:00,2025-08-30T00:00:00,benign
req_ben_180,pat_69,request_access,phi_rec_69,1,1,1,2025-08-18T00:00:00,2025-09-12T00:00:00,benign
req_ben_2550,pat_48,request_access,phi_rec_48,1,1,1,2025-08-13T00:00:00,2025-09-03T00:00:00,benign
req_ben_1009,pat_98,request_access,phi_rec_98,1,1,1,2025-08-04T00:00:00,2025-08-19T00:00:00,benign
req_ben_2698,pat_99,request_access,phi_rec_99,1,1,1,2025-08-20T00:00:00,2025-08-23T00:00:00,benign
req_ben_2197,pat_172,request_access,phi_rec_172,1,1,1,2025-08-17T00:00:00,2025-08-22T00:00:00,benign
req_ben_3500,pat_29,request_access,phi_rec_29,1,1,1,2025-08-05T00:00:00,2025-08-27T00:00:00,benign
req_ben_1742,pat_47,request_access,phi_rec_47,1,1,1,2025-08-28T00:00:00,2025-09-05T00:00:00,benign
req_ben_302,pat_41,request_access,phi_rec_41,1,1,0,2025-08-18T00:00:00,2025-08-24T00:00:00,benign
req_ben_1459,pat_175,request_deactivation,phi_rec_175,0,0,0,2025-08-10T00:00:00,2025-08-25T00:00:00,benign
req_ben_4687,pat_160,request_access,phi_rec_160,0,1,0,2025-08-24T00:00:00,2025-08-31T00:00:00,benign
req_ben_488,pat_154,request_access,phi_rec_154,0,1,1,2025-08-13T00:00:00,2025-08-28T00:00:00,benign
req_ben_3512,pat_27,request_deactivation,phi_rec_27,0,0,0,2025-08-18T00:00:00,2025-08-19T00:00:00,benign
req_ben_1957,pat_97,request_access,phi_rec_97,1,1,1,2025-08-14T00:00:00,2025-08-31T00:00:00,benign
req_ben_2705,pat_96,request_access,phi_rec_96,1,0,0,2025-08-06T00:00:00,2025-08-18T00:00:00,benign
req_vio_220,pat_156,request_access,phi_rec_156,1,1,0,2025-06-15T00:00:00,,violation_gdpr_art15
req_ben_4724,pat_71,request_access,phi_rec_71,0,0,1,2025-08-13T00:00:00,2025-09-03T00:00:00,benign
req_ben_3317,pat_101,request_access,phi_rec_101,1,0,1,2025-08-15T00:00:00,2025-08-25T00:00:00,benign
req_ben_4487,pat_149,request_access,phi_rec_149,1,0,1,2025-08-26T00:00:00,2025-09-20T00:00:00,benign
req_ben_2107,pat_138,request_access,phi_rec_138,1,1,1,2025-08-21T00:00:00,2025-09-09T00:00:00,benign
req_ben_3370,pat_7,request_access,phi_rec_7,0,0,1,2025-08-27T00:00:00,2025-09-04T00:00:00,benign
req_ben_655,pat_160,request_access,phi_rec_160,0,1,1,2025-08-14T00:00:00,2025-08-25T00:00:00,benign
req_ben_634,pat_100,request_access,phi_rec_100,1,1,0,2025-08-04T00:00:00,2025-08-25T00:00:00,benign
req_ben_3211,pat_32,request_deactivation,phi_rec_32,0,0,0,2025-08-21T00:00:00,2025-08-23T00:00:00,benign
req_ben_2348,pat_45,request_access,phi_rec_45,0,0,1,2025-08-03T00:00:00,2025-08-20T00:00:00,benign
req_ben_4004,pat_34,request_access,phi_rec_34,0,0,1,2025-08-18T00:00:00,2025-09-10T00:00:00,benign
req_ben_1727,pat_8,request_deactivation,phi_rec_8,0,0,0,2025-08-03T00:00:00,2025-08-17T00:00:00,benign
req_ben_15,pat_126,request_access,phi_rec_126,0,1,0,2025-08-28T00:00:00,2025-09-16T00:00:00,benign
req_ben_151,pat_44,request_access,phi_rec_44,1,1,1,2025-08-23T00:00:00,2025-08-25T00:00:00,benign
req_ben_2509,pat_149,request_deactivation,phi_rec_149,0,0,0,2025-08-17T00:00:00,2025-09-07T00:00:00,benign
req_ben_4190,pat_104,request_deactivation,phi_rec_104,0,0,0,2025-08-07T00:00:00,2025-08-20T00:00:00,benign
req_ben_1871,pat_87,request_access,phi_rec_87,1,1,1,2025-08-11T00:00:00,2025-09-01T00:00:00,benign
req_vio_125,pat_189,request_deactivation,phi_rec_189,0,0,0,2025-04-05T00:00:00,,violation_gdpr_art17
req_ben_4576,pat_89,request_access,phi_rec_89,0,0,1,2025-08-07T00:00:00,2025-08-16T00:00:00,benign
req_ben_374,pat_117,request_access,phi_rec_117,0,1,1,2025-08-02T00:00:00,2025-08-22T00:00:00,benign
req_ben_1525,pat_119,request_access,phi_rec_119,1,0,0,2025-08-08T00:00:00,2025-08-22T00:00:00,benign
req_ben_1932,pat_45,request_deactivation,phi_rec_45,0,0,0,2025-08-12T00:00:00,2025-08-16T00:00:00,benign
req_ben_3845,pat_23,request_deactivation,phi_rec_23,0,0,0,2025-08-21T00:00:00,2025-08-28T00:00:00,benign
req_ben_899,pat_115,request_access,phi_rec_115,1,1,1,2025-08-03T00:00:00,2025-08-28T00:00:00,benign
req_ben_432,pat_188,request_access,phi_rec_188,1,1,1,2025-08-13T00:00:00,2025-08-23T00:00:00,benign
req_ben_408,pat_52,request_access,phi_rec_52,0,0,1,2025-08-11T00:00:00,2025-08-14T00:00:00,benign
req_ben_3474,pat_129,request_access,phi_rec_129,1,1,1,2025-08-09T00:00:00,2025-08-10T00:00:00,benign
req_ben_3666,pat_153,request_deactivation,phi_rec_153,0,0,0,2025-08-12T00:00:00,2025-08-25T00:00:00,benign
req_ben_3350,pat_88,request_access,phi_rec_88,1,1,1,2025-08-25T00:00:00,2025-09-08T00:00:00,benign
req_vio_88,pat_21,request_access,phi_rec_21,1,0,0,2025-06-25T00:00:00,,violation_gdpr_art15
req_ben_2131,pat_69,request_access,phi_rec_69,0,1,0,2025-08-26T00:00:00,2025-08-28T00:00:00,benign
req_ben_1614,pat_37,request_access,phi_rec_37,1,0,0,2025-08-26T00:00:00,2025-09-16T00:00:00,benign
req_ben_4578,pat_50,request_access,phi_rec_50,1,1,0,2025-08-23T00:00:00,2025-09-16T00:00:00,benign
req_vio_115,pat_161,request_deactivation,phi_rec_161,0,0,0,2025-05-15T00:00:00,,violation_gdpr_art17
req_ben_2387,pat_57,request_deactivation,phi_rec_57,0,0,0,2025-08-08T00:00:00,2025-08-19T00:00:00,benign
req_ben_1907,pat_56,request_deactivation,phi_rec_56,0,0,0,2025-08-11T00:00:00,2025-08-21T00:00:00,benign
req_ben_4169,pat_64,request_access,phi_rec_64,1,1,1,2025-08-30T00:00:00,2025-09-18T00:00:00,benign
req_ben_413,pat_15,request_deactivation,phi_rec_15,0,0,0,2025-08-25T00:00:00,2025-09-14T00:00:00,benign
req_ben_1651,pat_164,request_deactivation,phi_rec_164,0,0,0,2025-08-13T00:00:00,2025-08-28T00:00:00,benign
req_ben_2332,pat_76,request_access,phi_rec_76,1,0,1,2025-08-15T00:00:00,2025-08-24T00:00:00,benign
req_ben_324,pat_190,request_access,phi_rec_190,1,0,0,2025-08-20T00:00:00,2025-09-05T00:00:00,benign
req_ben_2862,pat_27,request_access,phi_rec_27,1,0,0,2025-08-13T00:00:00,2025-09-02T00:00:00,benign
req_ben_4664,pat_146,request_access,phi_rec_146,1,0,1,2025-08-09T00:00:00,2025-09-02T00:00:00,benign
req_ben_3593,pat_11,request_access,phi_rec_11,0,1,0,2025-08-28T00:00:00,2025-09-16T00:00:00,benign
req_ben_3105,pat_8,request_access,phi_rec_8,1,1,1,2025-08-11T00:00:00,2025-09-04T00:00:00,benign
req_ben_4140,pat_39,request_deactivation,phi_rec_39,0,0,0,2025-08-04T00:00:00,2025-08-07T00:00:00,benign
req_ben_4173,pat_23,request_access,phi_rec_23,1,0,0,2025-08-20T00:00:00,2025-09-12T00:00:00,benign
req_ben_2132,pat_84,request_access,phi_rec_84,1,0,0,2025-08-09T00:00:00,2025-08-29T00:00:00,benign
req_ben_2195,pat_191,request_access,phi_rec_191,1,1,1,2025-08-08T00:00:00,2025-08-25T00:00:00,benign
req_ben_1622,pat_11,request_deactivation,phi_rec_11,0,0,0,2025-08-17T00:00:00,2025-08-21T00:00:00,benign
req_ben_3163,pat_166,request_access,phi_rec_166,1,0,0,2025-08-21T00:00:00,2025-08-30T00:00:00,benign
req_ben_4401,pat_12,request_access,phi_rec_12,0,1,1,2025-08-26T00:00:00,2025-08-31T00:00:00,benign
req_ben_1262,pat_131,request_deactivation,phi_rec_131,0,0,0,2025-08-14T00:00:00,2025-08-23T00:00:00,benign
req_ben_4016,pat_149,request_deactivation,phi_rec_149,0,0,0,2025-08-20T00:00:00,2025-09-02T00:00:00,benign
req_ben_2445,pat_65,request_access,phi_rec_65,0,0,1,2025-08-14T00:00:00,2025-08-19T00:00:00,benign
req_ben_443,pat_22,request_access,phi_rec_22,1,1,1,2025-08-04T00:00:00,2025-08-09T00:00:00,benign
req_ben_1842,pat_29,request_access,phi_rec_29,1,1,1,2025-08-27T00:00:00,2025-09-03T00:00:00,benign
req_ben_2022,pat_105,request_access,phi_rec_105,1,1,1,2025-08-08T00:00:00,2025-08-28T00:00:00,benign
req_ben_1468,pat_102,request_deactivation,phi_rec_102,0,0,0,2025-08-21T00:00:00,2025-08-31T00:00:00,benign
req_ben_468,pat_168,request_access,phi_rec_168,1,1,1,2025-08-17T00:00:00,2025-08-31T00:00:00,benign
req_ben_3528,pat_36,request_deactivation,phi_rec_36,0,0,0,2025-08-26T00:00:00,2025-09-08T00:00:00,benign
req_ben_3389,pat_101,request_deactivation,phi_rec_101,0,0,0,2025-08-23T00:00:00,2025-09-02T00:00:00,benign
req_ben_4709,pat_142,request_access,phi_rec_142,0,1,1,2025-08-24T00:00:00,2025-09-05T00:00:00,benign
req_ben_463,pat_94,request_access,phi_rec_94,1,1,1,2025-08-16T00:00:00,2025-09-02T00:00:00,benign
req_ben_2091,pat_180,request_access,phi_rec_180,0,0,1,2025-08-22T00:00:00,2025-09-06T00:00:00,benign
req_ben_1502,pat_196,request_deactivation,phi_rec_196,0,0,0,2025-08-29T00:00:00,2025-09-18T00:00:00,benign
req_ben_427,pat_89,request_access,phi_rec_89,1,1,1,2025-08-22T00:00:00,2025-09-09T00:00:00,benign
req_ben_1927,pat_73,request_access,phi_rec_73,1,0,1,2025-08-30T00:00:00,2025-09-01T00:00:00,benign
req_ben_834,pat_49,request_deactivation,phi_rec_49,0,0,0,2025-08-09T00:00:00,2025-08-11T00:00:00,benign
req_ben_936,pat_0,request_access,phi_rec_0,0,0,1,2025-08-27T00:00:00,2025-09-20T00:00:00,benign
req_ben_3236,pat_44,request_deactivation,phi_rec_44,0,0,0,2025-08-24T00:00:00,2025-08-27T00:00:00,benign
req_ben_2363,pat_185,request_deactivation,phi_rec_185,0,0,0,2025-08-22T00:00:00,2025-09-14T00:00:00,benign
req_ben_2152,pat_145,request_access,phi_rec_145,0,1,1,2025-08-05T00:00:00,2025-08-14T00:00:00,benign
req_ben_883,pat_122,request_access,phi_rec_122,1,0,0,2025-08-17T00:00:00,2025-09-10T00:00:00,benign
req_ben_1185,pat_137,request_access,phi_rec_137,0,0,1,2025-08-03T00:00:00,2025-08-25T00:00:00,benign
req_ben_3711,pat_107,request_access,phi_rec_107,0,1,0,2025-08-25T00:00:00,2025-09-13T00:00:00,benign
req_ben_1945,pat_66,request_deactivation,phi_rec_66,0,0,0,2025-08-24T00:00:00,2025-08-27T00:00:00,benign
req_ben_4660,pat_12,request_access,phi_rec_12,1,0,1,2025-08-30T00:00:00,2025-09-02T00:00:00,benign
req_ben_1356,pat_31,request_deactivation,phi_rec_31,0,0,0,2025-08-14T00:00:00,2025-08-29T00:00:00,benign
req_ben_1350,pat_133,request_deactivation,phi_rec_133,0,0,0,2025-08-28T00:00:00,2025-09-06T00:00:00,benign
req_ben_3730,pat_194,request_access,phi_rec_194,1,0,0,2025-08-02T00:00:00,2025-08-09T00:00:00,benign
req_ben_2294,pat_158,request_access,phi_rec_158,1,1,0,2025-08-03T00:00:00,2025-08-12T00:00:00,benign
req_ben_1377,pat_68,request_deactivation,phi_rec_68,0,0,0,2025-08-17T00:00:00,2025-08-24T00:00:00,benign
req_ben_444,pat_104,request_access,phi_rec_104,1,1,0,2025-08-03T00:00:00,2025-08-27T00:00:00,benign
req_ben_947,pat_147,request_access,phi_rec_147,1,1,0,2025-08-18T00:00:00,2025-09-10T00:00:00,benign
req_ben_3170,pat_48,request_access,phi_rec_48,0,1,1,2025-08-04T00:00:00,2025-08-18T00:00:00,benign
req_ben_477,pat_1,request_deactivation,phi_rec_1,0,0,0,2025-08-20T00:00:00,2025-08-30T00:00:00,benign
req_ben_1344,pat_56,request_access,phi_rec_56,1,1,0,2025-08-17T00:00:00,2025-08-18T00:00:00,benign
req_ben_3728,pat_67,request_access,phi_rec_67,0,1,1,2025-08-20T00:00:00,2025-09-10T00:00:00,benign
req_vio_22,pat_173,request_access,phi_rec_173,0,0,1,2025-04-12T00:00:00,,violation_gdpr_art15
req_ben_4499,pat_110,request_deactivation,phi_rec_110,0,0,0,2025-08-27T00:00:00,2025-09-11T00:00:00,benign
req_ben_2059,pat_28,request_access,phi_rec_28,0,0,1,2025-08-16T00:00:00,2025-09-03T00:00:00,benign
req_ben_4205,pat_87,request_access,phi_rec_87,0,1,1,2025-08-18T00:00:00,2025-09-05T00:00:00,benign
req_ben_1633,pat_140,request_deactivation,phi_rec_140,0,0,0,2025-08-16T00:00:00,2025-08-20T00:00:00,benign
req_ben_3799,pat_183,request_access,phi_rec_183,1,1,0,2025-08-13T00:00:00,2025-08-31T00:00:00,benign
req_ben_2166,pat_70,request_deactivation,phi_rec_70,0,0,0,2025-08-20T00:00:00,2025-09-05T00:00:00,benign
req_ben_780,pat_172,request_access,phi_rec_172,0,0,1,2025-08-17T00:00:00,2025-08-19T00:00:00,benign
req_ben_1628,pat_163,request_access,phi_rec_163,1,0,0,2025-08-11T00:00:00,2025-09-01T00:00:00,benign
req_ben_3618,pat_103,request_access,phi_rec_103,1,1,1,2025-08-19T00:00:00,2025-08-27T00:00:00,benign
req_ben_2914,pat_133,request_access,phi_rec_133,0,1,0,2025-08-05T00:00:00,2025-08-16T00:00:00,benign
req_ben_3641,pat_77,request_access,phi_rec_77,1,1,1,2025-08-21T00:00:00,2025-09-02T00:00:00,benign
req_ben_3715,pat_196,request_access,phi_rec_196,1,0,0,2025-08-20T00:00:00,2025-09-07T00:00:00,benign
req_ben_2724,pat_55,request_access,phi_rec_55,1,1,0,2025-08-22T00:00:00,2025-08-25T00:00:00,benign
req_ben_3679,pat_135,request_access,phi_rec_135,1,1,0,2025-08-21T00:00:00,2025-09-05T00:00:00,benign
req_ben_4731,pat_14,request_access,phi_rec_14,0,1,0,2025-08-22T00:00:00,2025-09-05T00:00:00,benign
req_vio_195,pat_80,request_deactivation,phi_rec_80,0,0,0,2025-06-23T00:00:00,,violation_gdpr_art17
req_ben_4707,pat_27,request_access,phi_rec_27,1,0,0,2025-08-11T00:00:00,2025-08-27T00:00:00,benign
req_ben_1833,pat_67,request_access,phi_rec_67,0,0,1,2025-08-17T00:00:00,2025-08-19T00:00:00,benign
req_ben_2119,pat_62,request_access,phi_rec_62,1,1,1,2025-08-06T00:00:00,2025-08-16T00:00:00,benign
req_ben_2543,pat_98,request_access,phi_rec_98,1,1,1,2025-08-26T00:00:00,2025-09-19T00:00:00,benign
req_ben_629,pat_3,request_access,phi_rec_3,1,1,0,2025-08-19T00:00:00,2025-08-29T00:00:00,benign
req_ben_3635,pat_74,request_access,phi_rec_74,1,1,0,2025-08-08T00:00:00,2025-08-15T00:00:00,benign
req_ben_2469,pat_73,request_access,phi_rec_73,0,1,1,2025-08-21T00:00:00,2025-09-15T00:00:00,benign
req_ben_4639,pat_2,request_access,phi_rec_2,1,1,1,2025-08-09T00:00:00,2025-08-12T00:00:00,benign
req_ben_762,pat_33,request_access,phi_rec_33,1,1,1,2025-08-26T00:00:00,2025-09-13T00:00:00,benign
req_ben_3504,pat_90,request_access,phi_rec_90,1,1,1,2025-08-11T00:00:00,2025-09-03T00:00:00,benign
req_ben_4655,pat_97,request_access,phi_rec_97,1,0,0,2025-08-22T00:00:00,2025-08-31T00:00:00,benign
req_ben_4251,pat_105,request_access,phi_rec_105,0,1,0,2025-08-18T00:00:00,2025-09-02T00:00:00,benign
req_ben_3703,pat_113,request_deactivation,phi_rec_113,0,0,0,2025-08-12T00:00:00,2025-09-04T00:00:00,benign
req_vio_127,pat_185,request_deactivation,phi_rec_185,0,0,0,2025-05-06T00:00:00,,violation_gdpr_art17
req_ben_4266,pat_101,request_access,phi_rec_101,0,1,1,2025-08-09T00:00:00,2025-09-03T00:00:00,benign
req_ben_3643,pat_36,request_access,phi_rec_36,1,1,1,2025-08-23T00:00:00,2025-08-25T00:00:00,benign
req_ben_3255,pat_161,request_access,phi_rec_161,1,0,1,2025-08-07T00:00:00,2025-08-22T00:00:00,benign
req_ben_1788,pat_143,request_access,phi_rec_143,0,1,1,2025-08-03T00:00:00,2025-08-17T00:00:00,benign
req_ben_1894,pat_26,request_access,phi_rec_26,1,1,1,2025-08-12T00:00:00,2025-08-30T00:00:00,benign
req_vio_39,pat_188,request_deactivation,phi_rec_188,0,0,0,2025-03-08T00:00:00,,violation_gdpr_art17
req_ben_843,pat_152,request_access,phi_rec_152,1,0,0,2025-08-27T00:00:00,2025-09-12T00:00:00,benign
req_ben_1406,pat_167,request_access,phi_rec_167,1,0,0,2025-08-24T00:00:00,2025-09-04T00:00:00,benign
req_ben_3029,pat_60,request_deactivation,phi_rec_60,0,0,0,2025-08-20T00:00:00,2025-09-02T00:00:00,benign
req_ben_3187,pat_22,request_access,phi_rec_22,1,0,0,2025-08-05T00:00:00,2025-08-19T00:00:00,benign
req_ben_4328,pat_190,request_access,phi_rec_190,0,1,0,2025-08-24T00:00:00,2025-08-29T00:00:00,benign
req_ben_2803,pat_79,request_deactivation,phi_rec_79,0,0,0,2025-08-10T00:00:00,2025-08-30T00:00:00,benign
req_ben_2065,pat_121,request_access,phi_rec_121,1,1,1,2025-08-17T00:00:00,2025-09-07T00:00:00,benign
req_ben_1306,pat_15,request_access,phi_rec_15,0,0,1,2025-08-28T00:00:00,2025-09-19T00:00:00,benign
req_ben_949,pat_8,request_access,phi_rec_8,1,1,0,2025-08-12T00:00:00,2025-08-29T00:00:00,benign
req_ben_1450,pat_48,request_deactivation,phi_rec_48,0,0,0,2025-08-19T00:00:00,2025-08-22T00:00:00,benign
req_ben_3201,pat_141,request_deactivation,phi_rec_141,0,0,0,2025-08-02T00:00:00,2025-08-03T00:00:00,benign
req_ben_3992,pat_107,request_access,phi_rec_107,0,1,0,2025-08-02T00:00:00,2025-08-20T00:00:00,benign
req_ben_2944,pat_79,request_access,phi_rec_79,0,1,1,2025-08-22T00:00:00,2025-09-03T00:00:00,benign
req_ben_4449,pat_104,request_access,phi_rec_104,1,0,0,2025-08-27T00:00:00,2025-09-13T00:00:00,benign
req_ben_849,pat_133,request_access,phi_rec_133,1,1,1,2025-08-03T00:00:00,2025-08-20T00:00:00,benign
req_ben_2206,pat_52,request_access,phi_rec_52,0,1,1,2025-08-18T00:00:00,2025-08-26T00:00:00,benign
req_ben_2949,pat_99,request_deactivation,phi_rec_99,0,0,0,2025-08-23T00:00:00,2025-09-09T00:00:00,benign
req_ben_831,pat_125,request_access,phi_rec_125,1,0,0,2025-08-14T00:00:00,2025-08-15T00:00:00,benign
req_ben_2458,pat_150,request_access,phi_rec_150,0,0,1,2025-08-06T00:00:00,2025-08-13T00:00:00,benign
req_ben_677,pat_146,request_access,phi_rec_146,0,0,1,2025-08-28T00:00:00,2025-09-05T00:00:00,benign
req_ben_4745,pat_29,request_deactivation,phi_rec_29,0,0,0,2025-08-21T00:00:00,2025-08-30T00:00:00,benign
req_ben_670,pat_62,request_access,phi_rec_62,0,1,1,2025-08-07T00:00:00,2025-08-14T00:00:00,benign
req_ben_2714,pat_128,request_deactivation,phi_rec_128,0,0,0,2025-08-21T00:00:00,2025-08-30T00:00:00,benign
req_ben_1224,pat_2,request_deactivation,phi_rec_2,0,0,0,2025-08-05T00:00:00,2025-08-25T00:00:00,benign
req_ben_599,pat_96,request_access,phi_rec_96,1,1,1,2025-08-26T00:00:00,2025-09-15T00:00:00,benign
req_ben_871,pat_180,request_access,phi_rec_180,1,1,1,2025-08-08T00:00:00,2025-08-20T00:00:00,benign
req_ben_1785,pat_67,request_access,phi_rec_67,0,1,1,2025-08-09T00:00:00,2025-08-25T00:00:00,benign
req_ben_1677,pat_49,request_deactivation,phi_rec_49,0,0,0,2025-08-13T00:00:00,2025-08-16T00:00:00,benign
req_ben_3496,pat_70,request_deactivation,phi_rec_70,0,0,0,2025-08-15T00:00:00,2025-08-23T00:00:00,benign
req_ben_761,pat_146,request_access,phi_rec_146,0,1,0,2025-08-27T00:00:00,2025-09-04T00:00:00,benign
req_ben_1852,pat_162,request_access,phi_rec_162,0,0,1,2025-08-03T00:00:00,2025-08-11T00:00:00,benign
req_ben_4389,pat_119,request_access,phi_rec_119,1,0,1,2025-08-15T00:00:00,2025-09-06T00:00:00,benign
req_ben_2643,pat_138,request_access,phi_rec_138,1,1,1,2025-08-12T00:00:00,2025-08-29T00:00:00,benign
req_ben_254,pat_87,request_access,phi_rec_87,0,1,1,2025-08-13T00:00:00,2025-08-21T00:00:00,benign
req_ben_3384,pat_86,request_access,phi_rec_86,0,1,1,2025-08-20T00:00:00,2025-08-25T00:00:00,benign
req_ben_3507,pat_58,request_access,phi_rec_58,1,1,0,2025-08-18T00:00:00,2025-09-06T00:00:00,benign
req_ben_747,pat_108,request_access,phi_rec_108,0,1,1,2025-08-09T00:00:00,2025-09-02T00:00:00,benign
req_ben_835,pat_40,request_access,phi_rec_40,1,1,1,2025-08-21T00:00:00,2025-08-24T00:00:00,benign
req_ben_3088,pat_37,request_access,phi_rec_37,1,1,1,2025-08-06T00:00:00,2025-08-31T00:00:00,benign
req_ben_2030,pat_104,request_access,phi_rec_104,1,1,1,2025-08-20T00:00:00,2025-09-01T00:00:00,benign
req_ben_4728,pat_184,request_access,phi_rec_184,1,1,0,2025-08-19T00:00:00,2025-09-08T00:00:00,benign
req_ben_4539,pat_52,request_deactivation,phi_rec_52,0,0,0,2025-08-15T00:00:00,2025-09-04T00:00:00,benign
req_ben_3445,pat_29,request_access,phi_rec_29,0,1,0,2025-08-14T00:00:00,2025-09-01T00:00:00,benign
req_ben_2291,pat_146,request_access,phi_rec_146,1,1,1,2025-08-12T00:00:00,2025-09-05T00:00:00,benign
req_ben_2702,pat_28,request_access,phi_rec_28,0,1,1,2025-08-25T00:00:00,2025-09-11T00:00:00,benign
req_ben_3081,pat_177,request_access,phi_rec_177,1,1,1,2025-08-15T00:00:00,2025-09-08T00:00:00,benign
req_ben_4314,pat_127,request_deactivation,phi_rec_127,0,0,0,2025-08-14T00:00:00,2025-09-02T00:00:00,benign
req_ben_3639,pat_41,request_deactivation,phi_rec_41,0,0,0,2025-08-18T00:00:00,2025-08-22T00:00:00,benign
req_ben_1910,pat_103,request_deactivation,phi_rec_103,0,0,0,2025-08-14T00:00:00,2025-09-05T00:00:00,benign
req_ben_2592,pat_49,request_access,phi_rec_49,1,1,1,2025-08-02T00:00:00,2025-08-22T00:00:00,benign
req_ben_1176,pat_117,request_deactivation,phi_rec_117,0,0,0,2025-08-02T00:00:00,2025-08-18T00:00:00,benign
req_ben_3972,pat_80,request_deactivation,phi_rec_80,0,0,0,2025-08-23T00:00:00,2025-09-06T00:00:00,benign
req_ben_1310,pat_137,request_deactivation,phi_rec_137,0,0,0,2025-08-30T00:00:00,2025-09-10T00:00:00,benign
req_ben_2111,pat_87,request_access,phi_rec_87,0,0,1,2025-08-26T00:00:00,2025-09-09T00:00:00,benign
req_vio_12,pat_122,request_access,phi_rec_122,1,1,0,2025-07-27T00:00:00,,violation_gdpr_art15
req_ben_3660,pat_44,request_access,phi_rec_44,1,1,0,2025-08-20T00:00:00,2025-09-06T00:00:00,benign
req_ben_2746,pat_85,request_access,phi_rec_85,1,0,1,2025-08-10T00:00:00,2025-08-14T00:00:00,benign
req_ben_2063,pat_184,request_deactivation,phi_rec_184,0,0,0,2025-08-14T00:00:00,2025-09-06T00:00:00,benign
req_ben_2825,pat_90,request_access,phi_rec_90,1,0,1,2025-08-17T00:00:00,2025-08-23T00:00:00,benign
req_ben_4067,pat_129,request_access,phi_rec_129,1,1,1,2025-08-04T00:00:00,2025-08-16T00:00:00,benign
req_ben_878,pat_134,request_access,phi_rec_134,1,1,0,2025-08-09T00:00:00,2025-08-14T00:00:00,benign
req_ben_1156,pat_128,request_access,phi_rec_128,1,1,1,2025-08-14T00:00:00,2025-09-08T00:00:00,benign
req_ben_89,pat_16,request_deactivation,phi_rec_16,0,0,0,2025-08-17T00:00:00,2025-09-10T00:00:00,benign
req_ben_2423,pat_121,request_access,phi_rec_121,1,1,1,2025-08-05T00:00:00,2025-08-15T00:00:00,benign
req_ben_2071,pat_51,request_access,phi_rec_51,0,1,1,2025-08-25T00:00:00,2025-09-04T00:00:00,benign
req_ben_4164,pat_132,request_access,phi_rec_132,1,0,1,2025-08-06T00:00:00,2025-08-15T00:00:00,benign
req_ben_832,pat_134,request_deactivation,phi_rec_134,0,0,0,2025-08-28T00:00:00,2025-09-18T00:00:00,benign
req_ben_4678,pat_98,request_access,phi_rec_98,1,1,1,2025-08-15T00:00:00,2025-09-09T00:00:00,benign
req_ben_341,pat_46,request_access,phi_rec_46,0,1,1,2025-08-16T00:00:00,2025-08-20T00:00:00,benign
req_ben_4419,pat_22,request_access,phi_rec_22,0,1,1,2025-08-13T00:00:00,2025-08-25T00:00:00,benign
req_ben_2128,pat_5,request_deactivation,phi_rec_5,0,0,0,2025-08-29T00:00:00,2025-09-08T00:00:00,benign
req_ben_4032,pat_162,request_access,phi_rec_162,0,1,1,2025-08-09T00:00:00,2025-08-15T00:00:00,benign
req_ben_228,pat_96,request_deactivation,phi_rec_96,0,0,0,2025-08-25T00:00:00,2025-09-17T00:00:00,benign
req_ben_2878,pat_84,request_deactivation,phi_rec_84,0,0,0,2025-08-14T00:00:00,2025-08-24T00:00:00,benign
req_ben_215,pat_139,request_access,phi_rec_139,1,0,0,2025-08-04T00:00:00,2025-08-08T00:00:00,benign
req_vio_109,pat_105,request_deactivation,phi_rec_105,0,0,0,2025-03-18T00:00:00,,violation_gdpr_art17
req_vio_40,pat_25,request_access,phi_rec_25,0,1,1,2025-06-04T00:00:00,,violation_gdpr_art15
req_ben_78,pat_9,request_access,phi_rec_9,0,1,0,2025-08-18T00:00:00,2025-09-12T00:00:00,benign
req_ben_3397,pat_68,request_access,phi_rec_68,0,1,0,2025-08-24T00:00:00,2025-09-02T00:00:00,benign
req_vio_240,pat_26,request_access,phi_rec_26,0,1,1,2025-05-05T00:00:00,,violation_gdpr_art15
req_ben_4592,pat_49,request_access,phi_rec_49,1,0,0,2025-08-23T00:00:00,2025-09-16T00:00:00,benign
req_ben_3057,pat_76,request_access,phi_rec_76,1,0,0,2025-08-02T00:00:00,2025-08-06T00:00:00,benign
req_ben_987,pat_173,request_access,phi_rec_173,0,1,1,2025-08-21T00:00:00,2025-08-26T00:00:00,benign
req_ben_645,pat_170,request_access,phi_rec_170,1,0,0,2025-08-06T00:00:00,2025-08-25T00:00:00,benign
req_ben_3019,pat_26,request_access,phi_rec_26,1,0,1,2025-08-09T00:00:00,2025-09-02T00:00:00,benign
req_ben_335,pat_163,request_deactivation,phi_rec_163,0,0,0,2025-08-28T00:00:00,2025-09-19T00:00:00,benign
req_ben_3986,pat_70,request_deactivation,phi_rec_70,0,0,0,2025-08-25T00:00:00,2025-08-26T00:00:00,benign
req_ben_2174,pat_144,request_access,phi_rec_144,0,1,0,2025-08-04T00:00:00,2025-08-05T00:00:00,benign
req_ben_460,pat_64,request_access,phi_rec_64,0,0,1,2025-08-12T00:00:00,2025-08-23T00:00:00,benign
req_ben_275,pat_146,request_deactivation,phi_rec_146,0,0,0,2025-08-23T00:00:00,2025-09-05T00:00:00,benign
req_ben_2140,pat_4,request_deactivation,phi_rec_4,0,0,0,2025-08-24T00:00:00,2025-08-26T00:00:00,benign
req_ben_559,pat_68,request_access,phi_rec_68,1,1,0,2025-08-17T00:00:00,2025-08-24T00:00:00,benign
req_ben_2393,pat_192,request_access,phi_rec_192,0,0,1,2025-08-09T00:00:00,2025-08-19T00:00:00,benign
req_ben_2365,pat_199,request_access,phi_rec_199,1,1,0,2025-08-16T00:00:00,2025-09-04T00:00:00,benign
req_ben_4568,pat_44,request_access,phi_rec_44,1,1,1,2025-08-26T00:00:00,2025-09-07T00:00:00,benign
req_ben_603,pat_2,request_access,phi_rec_2,0,1,0,2025-08-24T00:00:00,2025-09-07T00:00:00,benign
req_ben_4151,pat_128,request_deactivation,phi_rec_128,0,0,0,2025-08-05T00:00:00,2025-08-11T00:00:00,benign
req_ben_1952,pat_122,request_access,phi_rec_122,1,1,0,2025-08-07T00:00:00,2025-08-30T00:00:00,benign
req_ben_854,pat_59,request_access,phi_rec_59,1,1,1,2025-08-27T00:00:00,2025-09-05T00:00:00,benign
req_ben_1255,pat_147,request_access,phi_rec_147,1,1,1,2025-08-23T00:00:00,2025-09-15T00:00:00,benign
req_ben_1657,pat_198,request_access,phi_rec_198,1,0,0,2025-08-26T00:00:00,2025-09-05T00:00:00,benign
req_ben_4097,pat_188,request_deactivation,phi_rec_188,0,0,0,2025-08-23T00:00:00,2025-09-11T00:00:00,benign
req_ben_736,pat_120,request_deactivation,phi_rec_120,0,0,0,2025-08-30T00:00:00,2025-09-12T00:00:00,benign
req_ben_1238,pat_95,request_access,phi_rec_95,1,1,0,2025-08-25T00:00:00,2025-09-12T00:00:00,benign
req_ben_1365,pat_175,request_deactivation,phi_rec_175,0,0,0,2025-08-20T00:00:00,2025-09-10T00:00:00,benign
req_ben_1818,pat_7,request_access,phi_rec_7,0,1,0,2025-08-15T00:00:00,2025-09-02T00:00:00,benign
req_ben_868,pat_140,request_access,phi_rec_140,0,1,1,2025-08-19T00:00:00,2025-08-30T00:00:00,benign
req_ben_3882,pat_164,request_deactivation,phi_rec_164,0,0,0,2025-08-25T00:00:00,2025-09-07T00:00:00,benign
req_ben_4732,pat_79,request_access,phi_rec_79,1,0,1,2025-08-11T00:00:00,2025-08-28T00:00:00,benign
req_ben_2708,pat_140,request_access,phi_rec_140,1,1,1,2025-08-29T00:00:00,2025-09-11T00:00:00,benign
req_ben_435,pat_102,request_access,phi_rec_102,1,1,1,2025-08-14T00:00:00,2025-08-21T00:00:00,benign
req_ben_4085,pat_128,request_deactivation,phi_rec_128,0,0,0,2025-08-26T00:00:00,2025-08-30T00:00:00,benign
req_ben_1992,pat_95,request_access,phi_rec_95,1,1,1,2025-08-27T00:00:00,2025-09-14T00:00:00,benign
req_ben_1710,pat_53,request_access,phi_rec_53,1,1,1,2025-08-24T00:00:00,2025-09-09T00:00:00,benign
req_ben_738,pat_66,request_deactivation,phi_rec_66,0,0,0,2025-08-08T00:00:00,2025-08-16T00:00:00,benign
req_ben_2630,pat_144,request_access,phi_rec_144,1,1,0,2025-08-27T00:00:00,2025-08-28T00:00:00,benign
req_ben_2530,pat_43,request_access,phi_rec_43,0,0,1,2025-08-28T00:00:00,2025-09-19T00:00:00,benign
req_ben_496,pat_102,request_deactivation,phi_rec_102,0,0,0,2025-08-18T00:00:00,2025-09-12T00:00:00,benign
req_ben_3995,pat_183,request_deactivation,phi_rec_183,0,0,0,2025-08-21T00:00:00,2025-09-09T00:00:00,benign
req_ben_2032,pat_78,request_access,phi_rec_78,0,1,0,2025-08-02T00:00:00,2025-08-11T00:00:00,benign
req_vio_82,pat_61,request_access,phi_rec_61,1,1,0,2025-07-14T00:00:00,,violation_gdpr_art15
req_ben_2775,pat_148,request_access,phi_rec_148,1,1,0,2025-08-14T00:00:00,2025-08-21T00:00:00,benign
req_ben_749,pat_132,request_deactivation,phi_rec_132,0,0,0,2025-08-13T00:00:00,2025-09-05T00:00:00,benign
req_ben_2329,pat_126,request_access,phi_rec_126,1,0,0,2025-08-03T00:00:00,2025-08-08T00:00:00,benign
req_ben_3996,pat_117,request_access,phi_rec_117,1,0,1,2025-08-12T00:00:00,2025-08-26T00:00:00,benign
req_ben_1977,pat_42,request_deactivation,phi_rec_42,0,0,0,2025-08-20T00:00:00,2025-08-30T00:00:00,benign
req_ben_149,pat_75,request_access,phi_rec_75,1,1,1,2025-08-14T00:00:00,2025-08-22T00:00:00,benign
req_ben_575,pat_89,request_access,phi_rec_89,1,0,0,2025-08-15T00:00:00,2025-08-20T00:00:00,benign
req_ben_735,pat_144,request_deactivation,phi_rec_144,0,0,0,2025-08-19T00:00:00,2025-09-10T00:00:00,benign
req_ben_4677,pat_18,request_access,phi_rec_18,0,1,0,2025-08-16T00:00:00,2025-08-31T00:00:00,benign
req_ben_278,pat_90,request_access,phi_rec_90,0,1,1,2025-08-23T00:00:00,2025-09-06T00:00:00,benign
req_ben_3339,pat_109,request_access,phi_rec_109,1,1,1,2025-08-22T00:00:00,2025-09-13T00:00:00,benign
req_ben_4042,pat_94,request_access,phi_rec_94,1,1,1,2025-08-07T00:00:00,2025-08-09T00:00:00,benign
req_ben_1996,pat_175,request_access,phi_rec_175,1,1,1,2025-08-25T00:00:00,2025-09-18T00:00:00,benign
req_ben_4591,pat_138,request_access,phi_rec_138,1,0,1,2025-08-20T00:00:00,2025-08-28T00:00:00,benign
req_ben_3430,pat_116,request_access,phi_rec_116,1,1,0,2025-08-30T00:00:00,2025-09-14T00:00:00,benign
req_ben_928,pat_30,request_access,phi_rec_30,1,0,1,2025-08-06T00:00:00,2025-08-20T00:00:00,benign
req_ben_1863,pat_190,request_access,phi_rec_190,0,0,1,2025-08-21T00:00:00,2025-09-14T00:00:00,benign
req_ben_3989,pat_59,request_access,phi_rec_59,1,0,0,2025-08-05T00:00:00,2025-08-28T00:00:00,benign
req_ben_706,pat_60,request_deactivation,phi_rec_60,0,0,0,2025-08-14T00:00:00,2025-09-05T00:00:00,benign
req_ben_1026,pat_198,request_deactivation,phi_rec_198,0,0,0,2025-08-02T00:00:00,2025-08-26T00:00:00,benign
req_ben_3824,pat_182,request_deactivation,phi_rec_182,0,0,0,2025-08-25T00:00:00,2025-09-19T00:00:00,benign
req_ben_3461,pat_135,request_access,phi_rec_135,1,0,0,2025-08-08T00:00:00,2025-08-10T00:00:00,benign
req_ben_964,pat_52,request_access,phi_rec_52,1,1,1,2025-08-23T00:00:00,2025-08-25T00:00:00,benign
req_vio_211,pat_88,request_deactivation,phi_rec_88,0,0,0,2025-05-11T00:00:00,,violation_gdpr_art17
req_ben_1851,pat_144,request_deactivation,phi_rec_144,0,0,0,2025-08-27T00:00:00,2025-09-11T00:00:00,benign
req_ben_1755,pat_59,request_deactivation,phi_rec_59,0,0,0,2025-08-08T00:00:00,2025-09-02T00:00:00,benign
req_ben_3182,pat_49,request_access,phi_rec_49,1,1,1,2025-08-21T00:00:00,2025-09-02T00:00:00,benign
req_ben_1471,pat_186,request_access,phi_rec_186,1,1,1,2025-08-07T00:00:00,2025-08-09T00:00:00,benign
req_ben_2968,pat_104,request_access,phi_rec_104,1,1,1,2025-08-23T00:00:00,2025-09-13T00:00:00,benign
req_ben_1703,pat_77,request_access,phi_rec_77,0,0,1,2025-08-10T00:00:00,2025-09-03T00:00:00,benign
req_ben_511,pat_166,request_access,phi_rec_166,1,1,1,2025-08-12T00:00:00,2025-08-15T00:00:00,benign
req_ben_2789,pat_85,request_deactivation,phi_rec_85,0,0,0,2025-08-11T00:00:00,2025-08-27T00:00:00,benign
req_ben_2015,pat_187,request_access,phi_rec_187,1,0,1,2025-08-23T00:00:00,2025-09-03T00:00:00,benign
req_ben_2344,pat_197,request_deactivation,phi_rec_197,0,0,0,2025-08-30T00:00:00,2025-09-23T00:00:00,benign
req_ben_1783,pat_23,request_access,phi_rec_23,0,1,1,2025-08-23T00:00:00,2025-09-04T00:00:00,benign
req_ben_2429,pat_96,request_access,phi_rec_96,1,1,1,2025-08-12T00:00:00,2025-09-03T00:00:00,benign
req_ben_3806,pat_94,request_deactivation,phi_rec_94,0,0,0,2025-08-18T00:00:00,2025-08-24T00:00:00,benign
req_ben_3340,pat_172,request_access,phi_rec_172,0,1,0,2025-08-04T00:00:00,2025-08-22T00:00:00,benign
req_ben_1199,pat_109,request_access,phi_rec_109,1,1,0,2025-08-13T00:00:00,2025-09-05T00:00:00,benign
req_ben_4031,pat_176,request_deactivation,phi_rec_176,0,0,0,2025-08-17T00:00:00,2025-09-03T00:00:00,benign
req_ben_4734,pat_7,request_access,phi_rec_7,1,0,0,2025-08-06T00:00:00,2025-08-12T00:00:00,benign
req_ben_2867,pat_171,request_deactivation,phi_rec_171,0,0,0,2025-08-20T00:00:00,2025-09-04T00:00:00,benign
req_ben_2853,pat_110,request_deactivation,phi_rec_110,0,0,0,2025-08-03T00:00:00,2025-08-27T00:00:00,benign
req_ben_4287,pat_61,request_deactivation,phi_rec_61,0,0,0,2025-08-15T00:00:00,2025-08-20T00:00:00,benign
req_ben_3971,pat_133,request_access,phi_rec_133,1,1,1,2025-08-11T00:00:00,2025-09-03T00:00:00,benign
req_ben_3418,pat_105,request_access,phi_rec_105,1,1,1,2025-08-10T00:00:00,2025-09-03T00:00:00,benign
req_ben_349,pat_42,request_access,phi_rec_42,0,1,1,2025-08-14T00:00:00,2025-08-18T00:00:00,benign
req_ben_4184,pat_172,request_deactivation,phi_rec_172,0,0,0,2025-08-25T00:00:00,2025-09-01T00:00:00,benign
req_ben_3183,pat_35,request_access,phi_rec_35,1,1,0,2025-08-11T00:00:00,2025-08-31T00:00:00,benign
req_ben_4627,pat_171,request_access,phi_rec_171,1,1,1,2025-08-17T00:00:00,2025-09-09T00:00:00,benign
req_ben_4549,pat_104,request_deactivation,phi_rec_104,0,0,0,2025-08-19T00:00:00,2025-09-08T00:00:00,benign
req_ben_3672,pat_161,request_access,phi_rec_161,0,0,1,2025-08-15T00:00:00,2025-09-02T00:00:00,benign
req_ben_2001,pat_165,request_access,phi_rec_165,1,1,1,2025-08-30T00:00:00,2025-09-18T00:00:00,benign
req_ben_2515,pat_3,request_deactivation,phi_rec_3,0,0,0,2025-08-17T00:00:00,2025-08-23T00:00:00,benign
req_ben_2369,pat_163,request_deactivation,phi_rec_163,0,0,0,2025-08-16T00:00:00,2025-09-09T00:00:00,benign
req_ben_3849,pat_83,request_deactivation,phi_rec_83,0,0,0,2025-08-17T00:00:00,2025-08-30T00:00:00,benign
req_ben_663,pat_131,request_deactivation,phi_rec_131,0,0,0,2025-08-11T00:00:00,2025-08-15T00:00:00,benign
req_ben_2201,pat_139,request_access,phi_rec_139,1,1,1,2025-08-03T00:00:00,2025-08-23T00:00:00,benign
req_ben_2552,pat_12,request_deactivation,phi_rec_12,0,0,0,2025-08-28T00:00:00,2025-09-20T00:00:00,benign
req_ben_540,pat_77,request_deactivation,phi_rec_77,0,0,0,2025-08-27T00:00:00,2025-09-05T00:00:00,benign
req_ben_4594,pat_160,request_access,phi_rec_160,0,0,1,2025-08-14T00:00:00,2025-08-23T00:00:00,benign
req_vio_5,pat_58,request_deactivation,phi_rec_58,0,0,0,2025-03-24T00:00:00,,violation_gdpr_art17
req_ben_3147,pat_67,request_access,phi_rec_67,1,1,1,2025-08-12T00:00:00,2025-09-06T00:00:00,benign
req_ben_1802,pat_174,request_access,phi_rec_174,0,1,0,2025-08-17T00:00:00,2025-08-24T00:00:00,benign
req_ben_1967,pat_26,request_deactivation,phi_rec_26,0,0,0,2025-08-27T00:00:00,2025-09-17T00:00:00,benign
req_ben_2425,pat_7,request_deactivation,phi_rec_7,0,0,0,2025-08-16T00:00:00,2025-08-19T00:00:00,benign
req_ben_1055,pat_22,request_access,phi_rec_22,1,0,0,2025-08-29T00:00:00,2025-09-19T00:00:00,benign
req_ben_3847,pat_177,request_access,phi_rec_177,0,0,1,2025-08-08T00:00:00,2025-08-24T00:00:00,benign
req_ben_3148,pat_55,request_deactivation,phi_rec_55,0,0,0,2025-08-08T00:00:00,2025-09-02T00:00:00,benign
req_ben_1428,pat_159,request_access,phi_rec_159,0,0,1,2025-08-25T00:00:00,2025-09-17T00:00:00,benign
req_ben_4343,pat_113,request_access,phi_rec_113,1,1,1,2025-08-27T00:00:00,2025-09-19T00:00:00,benign
req_ben_901,pat_126,request_access,phi_rec_126,1,0,0,2025-08-10T00:00:00,2025-09-03T00:00:00,benign
req_ben_2112,pat_35,request_deactivation,phi_rec_35,0,0,0,2025-08-17T00:00:00,2025-08-25T00:00:00,benign
req_vio_28,pat_157,request_access,phi_rec_157,1,0,1,2025-06-28T00:00:00,,violation_gdpr_art15
req_ben_3680,pat_110,request_deactivation,phi_rec_110,0,0,0,2025-08-30T00:00:00,2025-09-11T00:00:00,benign
req_ben_4485,pat_73,request_deactivation,phi_rec_73,0,0,0,2025-08-19T00:00:00,2025-09-13T00:00:00,benign
req_ben_1190,pat_53,request_access,phi_rec_53,1,1,1,2025-08-19T00:00:00,2025-09-12T00:00:00,benign
req_ben_3964,pat_124,request_deactivation,phi_rec_124,0,0,0,2025-08-08T00:00:00,2025-08-26T00:00:00,benign
req_vio_122,pat_157,request_access,phi_rec_157,0,1,1,2025-02-25T00:00:00,,violation_gdpr_art15
req_ben_3564,pat_148,request_access,phi_rec_148,0,0,1,2025-08-30T00:00:00,2025-09-04T00:00:00,benign
req_ben_4060,pat_113,request_access,phi_rec_113,1,1,1,2025-08-02T00:00:00,2025-08-05T00:00:00,benign
req_ben_3914,pat_190,request_access,phi_rec_190,0,1,0,2025-08-21T00:00:00,2025-08-23T00:00:00,benign
req_ben_1410,pat_89,request_access,phi_rec_89,0,1,0,2025-08-28T00:00:00,2025-09-01T00:00:00,benign
req_ben_3983,pat_68,request_access,phi_rec_68,1,0,0,2025-08-08T00:00:00,2025-08-31T00:00:00,benign
req_ben_4544,pat_191,request_access,phi_rec_191,1,0,0,2025-08-08T00:00:00,2025-08-23T00:00:00,benign
req_vio_185,pat_65,request_deactivation,phi_rec_65,0,0,0,2025-06-08T00:00:00,,violation_gdpr_art17
req_ben_637,pat_186,request_access,phi_rec_186,1,0,0,2025-08-12T00:00:00,2025-08-16T00:00:00,benign
req_ben_703,pat_178,request_access,phi_rec_178,1,1,1,2025-08-16T00:00:00,2025-08-20T00:00:00,benign
req_ben_4658,pat_39,request_deactivation,phi_rec_39,0,0,0,2025-08-10T00:00:00,2025-08-28T00:00:00,benign
req_ben_2909,pat_87,request_access,phi_rec_87,1,1,1,2025-08-12T00:00:00,2025-08-25T00:00:00,benign
req_ben_2487,pat_32,request_access,phi_rec_32,1,0,1,2025-08-13T00:00:00,2025-08-18T00:00:00,benign
req_ben_4514,pat_178,request_access,phi_rec_178,1,0,1,2025-08-05T00:00:00,2025-08-22T00:00:00,benign
req_vio_30,pat_70,request_access,phi_rec_70,1,1,1,2025-05-08T00:00:00,,violation_gdpr_art15
req_ben_2984,pat_60,request_access,phi_rec_60,0,1,0,2025-08-25T00:00:00,2025-09-12T00:00:00,benign
req_ben_134,pat_105,request_access,phi_rec_105,1,1,1,2025-08-29T00:00:00,2025-09-14T00:00:00,benign
req_ben_2679,pat_14,request_access,phi_rec_14,1,1,0,2025-08-21T00:00:00,2025-08-22T00:00:00,benign
req_ben_3693,pat_64,request_access,phi_rec_64,1,1,1,2025-08-14T00:00:00,2025-09-02T00:00:00,benign
req_ben_3713,pat_195,request_access,phi_rec_195,0,1,1,2025-08-20T00:00:00,2025-08-23T00:00:00,benign
req_ben_2305,pat_11,request_deactivation,phi_rec_11,0,0,0,2025-08-12T00:00:00,2025-09-04T00:00:00,benign
req_ben_2209,pat_152,request_access,phi_rec_152,1,1,1,2025-08-21T00:00:00,2025-09-14T00:00:00,benign
req_ben_3599,pat_132,request_access,phi_rec_132,1,0,0,2025-08-20T00:00:00,2025-08-23T00:00:00,benign
req_ben_2099,pat_78,request_access,phi_rec_78,1,0,0,2025-08-03T00:00:00,2025-08-16T00:00:00,benign
req_ben_611,pat_147,request_access,phi_rec_147,1,1,1,2025-08-28T00:00:00,2025-09-08T00:00:00,benign
req_ben_2851,pat_79,request_deactivation,phi_rec_79,0,0,0,2025-08-03T00:00:00,2025-08-11T00:00:00,benign
req_ben_1966,pat_196,request_access,phi_rec_196,0,0,1,2025-08-03T00:00:00,2025-08-05T00:00:00,benign
req_ben_402,pat_73,request_deactivation,phi_rec_73,0,0,0,2025-08-24T00:00:00,2025-09-16T00:00:00,benign
req_vio_161,pat_113,request_deactivation,phi_rec_113,0,0,0,2025-06-01T00:00:00,,violation_gdpr_art17
req_vio_66,pat_98,request_access,phi_rec_98,1,0,1,2025-07-03T00:00:00,,violation_gdpr_art15
req_ben_4545,pat_84,request_access,phi_rec_84,1,1,1,2025-08-09T00:00:00,2025-08-31T00:00:00,benign
req_ben_3276,pat_5,request_access,phi_rec_5,0,0,1,2025-08-13T00:00:00,2025-08-30T00:00:00,benign
req_ben_2205,pat_130,request_deactivation,phi_rec_130,0,0,0,2025-08-09T00:00:00,2025-08-13T00:00:00,benign
req_ben_548,pat_110,request_access,phi_rec_110,1,1,1,2025-08-23T00:00:00,2025-09-03T00:00:00,benign
req_ben_4367,pat_142,request_access,phi_rec_142,1,0,0,2025-08-18T00:00:00,2025-09-08T00:00:00,benign
req_ben_3497,pat_36,request_access,phi_rec_36,1,1,1,2025-08-10T00:00:00,2025-08-11T00:00:00,benign
req_ben_693,pat_116,request_access,phi_rec_116,1,1,1,2025-08-04T00:00:00,2025-08-22T00:00:00,benign
req_ben_2859,pat_193,request_access,phi_rec_193,1,1,1,2025-08-04T00:00:00,2025-08-06T00:00:00,benign
req_ben_852,pat_12,request_access,phi_rec_12,0,1,1,2025-08-13T00:00:00,2025-08-21T00:00:00,benign
req_ben_210,pat_88,request_access,phi_rec_88,1,1,0,2025-08-28T00:00:00,2025-09-08T00:00:00,benign
req_ben_384,pat_14,request_access,phi_rec_14,1,1,1,2025-08-02T00:00:00,2025-08-05T00:00:00,benign
req_ben_1530,pat_152,request_access,phi_rec_152,1,0,1,2025-08-09T00:00:00,2025-08-13T00:00:00,benign
req_ben_2917,pat_75,request_access,phi_rec_75,1,0,1,2025-08-23T00:00:00,2025-09-07T00:00:00,benign
req_ben_1830,pat_148,request_deactivation,phi_rec_148,0,0,0,2025-08-08T00:00:00,2025-08-25T00:00:00,benign
req_ben_4610,pat_38,request_access,phi_rec_38,1,1,1,2025-08-07T00:00:00,2025-08-14T00:00:00,benign
req_ben_566,pat_166,request_access,phi_rec_166,1,1,1,2025-08-10T00:00:00,2025-08-13T00:00:00,benign
req_ben_4061,pat_43,request_access,phi_rec_43,1,1,1,2025-08-22T00:00:00,2025-09-11T00:00:00,benign
req_ben_1935,pat_67,request_access,phi_rec_67,1,1,1,2025-08-15T00:00:00,2025-08-25T00:00:00,benign
req_ben_1001,pat_34,request_deactivation,phi_rec_34,0,0,0,2025-08-15T00:00:00,2025-08-21T00:00:00,benign
req_ben_1521,pat_118,request_access,phi_rec_118,0,1,0,2025-08-30T00:00:00,2025-09-13T00:00:00,benign
req_vio_208,pat_122,request_access,phi_rec_122,0,1,1,2025-02-21T00:00:00,,violation_gdpr_art15
req_ben_4572,pat_1,request_deactivation,phi_rec_1,0,0,0,2025-08-24T00:00:00,2025-09-17T00:00:00,benign
req_ben_398,pat_196,request_access,phi_rec_196,1,1,1,2025-08-13T00:00:00,2025-08-15T00:00:00,benign
req_ben_66,pat_149,request_deactivation,phi_rec_149,0,0,0,2025-08-08T00:00:00,2025-08-24T00:00:00,benign
req_ben_1961,pat_47,request_access,phi_rec_47,0,1,1,2025-08-24T00:00:00,2025-09-07T00:00:00,benign
req_ben_2244,pat_21,request_access,phi_rec_21,1,1,0,2025-08-27T00:00:00,2025-09-11T00:00:00,benign
req_ben_2009,pat_79,request_access,phi_rec_79,0,1,0,2025-08-16T00:00:00,2025-09-07T00:00:00,benign
req_ben_4721,pat_86,request_access,phi_rec_86,1,1,0,2025-08-16T00:00:00,2025-09-10T00:00:00,benign
req_ben_4301,pat_176,request_access,phi_rec_176,1,1,1,2025-08-17T00:00:00,2025-08-24T00:00:00,benign
req_ben_1191,pat_0,request_deactivation,phi_rec_0,0,0,0,2025-08-22T00:00:00,2025-08-25T00:00:00,benign
req_ben_1337,pat_57,request_deactivation,phi_rec_57,0,0,0,2025-08-15T00:00:00,2025-08-27T00:00:00,benign
req_ben_4242,pat_54,request_access,phi_rec_54,0,1,0,2025-08-20T00:00:00,2025-09-14T00:00:00,benign
req_ben_1891,pat_2,request_access,phi_rec_2,1,1,1,2025-08-26T00:00:00,2025-09-04T00:00:00,benign
req_ben_242,pat_100,request_deactivation,phi_rec_100,0,0,0,2025-08-13T00:00:00,2025-08-15T00:00:00,benign
req_ben_2011,pat_158,request_access,phi_rec_158,1,0,0,2025-08-28T00:00:00,2025-09-11T00:00:00,benign
req_ben_1162,pat_120,request_access,phi_rec_120,0,1,0,2025-08-10T00:00:00,2025-09-02T00:00:00,benign
req_ben_80,pat_26,request_access,phi_rec_26,1,0,1,2025-08-24T00:00:00,2025-09-13T00:00:00,benign
req_vio_83,pat_41,request_deactivation,phi_rec_41,0,0,0,2025-02-23T00:00:00,,violation_gdpr_art17
req_ben_723,pat_86,request_access,phi_rec_86,0,1,1,2025-08-06T00:00:00,2025-08-11T00:00:00,benign
req_ben_2812,pat_77,request_access,phi_rec_77,0,0,1,2025-08-08T00:00:00,2025-08-16T00:00:00,benign
req_ben_2277,pat_34,request_access,phi_rec_34,1,0,1,2025-08-05T00:00:00,2025-08-22T00:00:00,benign
req_ben_220,pat_182,request_deactivation,phi_rec_182,0,0,0,2025-08-19T00:00:00,2025-08-22T00:00:00,benign
req_ben_1146,pat_118,request_deactivation,phi_rec_118,0,0,0,2025-08-04T00:00:00,2025-08-20T00:00:00,benign
req_ben_576,pat_195,request_access,phi_rec_195,1,0,0,2025-08-17T00:00:00,2025-08-28T00:00:00,benign
req_ben_27,pat_66,request_deactivation,phi_rec_66,0,0,0,2025-08-02T00:00:00,2025-08-21T00:00:00,benign
req_ben_2888,pat_172,request_access,phi_rec_172,1,1,1,2025-08-09T00:00:00,2025-08-11T00:00:00,benign
req_ben_4377,pat_134,request_deactivation,phi_rec_134,0,0,0,2025-08-15T00:00:00,2025-08-29T00:00:00,benign
req_ben_2279,pat_151,request_access,phi_rec_151,0,0,1,2025-08-27T00:00:00,2025-09-06T00:00:00,benign
req_ben_301,pat_132,request_access,phi_rec_132,0,1,0,2025-08-29T00:00:00,2025-09-18T00:00:00,benign
req_ben_3124,pat_37,request_deactivation,phi_rec_37,0,0,0,2025-08-24T00:00:00,2025-08-26T00:00:00,benign
req_vio_108,pat_198,request_access,phi_rec_198,1,1,1,2025-05-11T00:00:00,,violation_gdpr_art15
req_ben_2891,pat_172,request_deactivation,phi_rec_172,0,0,0,2025-08-07T00:00:00,2025-08-19T00:00:00,benign
req_ben_2149,pat_171,request_deactivation,phi_rec_171,0,0,0,2025-08-09T00:00:00,2025-08-14T00:00:00,benign
req_ben_4000,pat_91,request_deactivation,phi_rec_91,0,0,0,2025-08-29T00:00:00,2025-08-31T00:00:00,benign
req_ben_4466,pat_128,request_deactivation,phi_rec_128,0,0,0,2025-08-17T00:00:00,2025-08-24T00:00:00,benign
req_ben_3582,pat_78,request_access,phi_rec_78,1,1,1,2025-08-16T00:00:00,2025-08-18T00:00:00,benign
req_ben_4101,pat_48,request_deactivation,phi_rec_48,0,0,0,2025-08-07T00:00:00,2025-08-15T00:00:00,benign
req_ben_3188,pat_191,request_deactivation,phi_rec_191,0,0,0,2025-08-19T00:00:00,2025-09-01T00:00:00,benign
req_ben_2441,pat_58,request_access,phi_rec_58,1,0,1,2025-08-07T00:00:00,2025-08-08T00:00:00,benign
req_ben_908,pat_81,request_access,phi_rec_81,1,1,1,2025-08-29T00:00:00,2025-09-07T00:00:00,benign
req_ben_2555,pat_151,request_access,phi_rec_151,1,0,0,2025-08-27T00:00:00,2025-09-05T00:00:00,benign
req_ben_4103,pat_189,request_deactivation,phi_rec_189,0,0,0,2025-08-22T00:00:00,2025-09-03T00:00:00,benign
req_ben_1451,pat_4,request_access,phi_rec_4,1,0,1,2025-08-08T00:00:00,2025-08-30T00:00:00,benign
req_ben_804,pat_64,request_access,phi_rec_64,1,1,1,2025-08-02T00:00:00,2025-08-16T00:00:00,benign
req_ben_4625,pat_41,request_access,phi_rec_41,1,0,0,2025-08-07T00:00:00,2025-08-20T00:00:00,benign
req_ben_2219,pat_187,request_deactivation,phi_rec_187,0,0,0,2025-08-09T00:00:00,2025-08-19T00:00:00,benign
req_ben_2410,pat_94,request_access,phi_rec_94,1,0,1,2025-08-11T00:00:00,2025-08-20T00:00:00,benign
req_ben_2884,pat_114,request_deactivation,phi_rec_114,0,0,0,2025-08-13T00:00:00,2025-09-01T00:00:00,benign
req_ben_3642,pat_111,request_access,phi_rec_111,1,1,1,2025-08-24T00:00:00,2025-09-09T00:00:00,benign
req_ben_147,pat_125,request_deactivation,phi_rec_125,0,0,0,2025-08-26T00:00:00,2025-09-04T00:00:00,benign
req_ben_3811,pat_87,request_access,phi_rec_87,1,1,1,2025-08-12T00:00:00,2025-09-01T00:00:00,benign
req_vio_62,pat_58,request_access,phi_rec_58,0,1,1,2025-07-31T00:00:00,,violation_gdpr_art15
req_ben_1361,pat_22,request_deactivation,phi_rec_22,0,0,0,2025-08-27T00:00:00,2025-09-20T00:00:00,benign
req_ben_4656,pat_113,request_deactivation,phi_rec_113,0,0,0,2025-08-20T00:00:00,2025-08-27T00:00:00,benign
req_ben_375,pat_114,request_access,phi_rec_114,1,0,1,2025-08-09T00:00:00,2025-08-28T00:00:00,benign
req_ben_3435,pat_176,request_access,phi_rec_176,1,1,1,2025-08-02T00:00:00,2025-08-08T00:00:00,benign
req_ben_1342,pat_5,request_deactivation,phi_rec_5,0,0,0,2025-08-15T00:00:00,2025-08-27T00:00:00,benign
req_ben_2894,pat_166,request_access,phi_rec_166,0,1,1,2025-08-16T00:00:00,2025-09-10T00:00:00,benign
req_ben_1559,pat_141,request_access,phi_rec_141,1,0,0,2025-08-07T00:00:00,2025-08-28T00:00:00,benign
req_ben_1455,pat_16,request_access,phi_rec_16,1,1,1,2025-08-07T00:00:00,2025-08-18T00:00:00,benign
req_ben_2876,pat_89,request_access,phi_rec_89,1,1,1,2025-08-16T00:00:00,2025-09-09T00:00:00,benign
req_ben_2064,pat_95,request_access,phi_rec_95,1,0,0,2025-08-12T00:00:00,2025-08-24T00:00:00,benign
req_ben_2581,pat_29,request_access,phi_rec_29,1,1,1,2025-08-29T00:00:00,2025-09-20T00:00:00,benign
req_ben_10,pat_138,request_access,phi_rec_138,1,1,1,2025-08-05T00:00:00,2025-08-25T00:00:00,benign
req_ben_1276,pat_165,request_deactivation,phi_rec_165,0,0,0,2025-08-05T00:00:00,2025-08-10T00:00:00,benign
req_ben_3348,pat_40,request_access,phi_rec_40,0,1,0,2025-08-10T00:00:00,2025-08-13T00:00:00,benign
req_ben_4113,pat_175,request_deactivation,phi_rec_175,0,0,0,2025-08-02T00:00:00,2025-08-08T00:00:00,benign
req_ben_2834,pat_190,request_access,phi_rec_190,0,0,1,2025-08-08T00:00:00,2025-08-17T00:00:00,benign
req_ben_2286,pat_94,request_access,phi_rec_94,1,1,1,2025-08-10T00:00:00,2025-08-21T00:00:00,benign
req_ben_76,pat_14,request_access,phi_rec_14,1,0,1,2025-08-15T00:00:00,2025-09-06T00:00:00,benign
req_ben_2697,pat_32,request_deactivation,phi_rec_32,0,0,0,2025-08-19T00:00:00,2025-09-03T00:00:00,benign
req_ben_4255,pat_175,request_access,phi_rec_175,1,0,1,2025-08-20T00:00:00,2025-09-02T00:00:00,benign
req_ben_650,pat_136,request_access,phi_rec_136,0,1,0,2025-08-13T00:00:00,2025-09-05T00:00:00,benign
req_ben_3566,pat_88,request_access,phi_rec_88,1,1,0,2025-08-22T00:00:00,2025-09-02T00:00:00,benign
req_ben_4504,pat_1,request_access,phi_rec_1,1,1,1,2025-08-20T00:00:00,2025-08-31T00:00:00,benign
req_ben_4693,pat_142,request_access,phi_rec_142,1,1,1,2025-08-29T00:00:00,2025-09-19T00:00:00,benign
req_ben_532,pat_177,request_access,phi_rec_177,1,1,1,2025-08-22T00:00:00,2025-09-04T00:00:00,benign
req_ben_3128,pat_86,request_access,phi_rec_86,0,0,1,2025-08-21T00:00:00,2025-08-29T00:00:00,benign
req_ben_1268,pat_127,request_access,phi_rec_127,0,1,1,2025-08-10T00:00:00,2025-08-31T00:00:00,benign
req_ben_2257,pat_62,request_access,phi_rec_62,1,1,0,2025-08-28T00:00:00,2025-09-18T00:00:00,benign
req_ben_3762,pat_101,request_deactivation,phi_rec_101,0,0,0,2025-08-30T00:00:00,2025-09-11T00:00:00,benign
req_ben_3766,pat_111,request_access,phi_rec_111,0,1,1,2025-08-11T00:00:00,2025-08-30T00:00:00,benign
req_ben_2275,pat_186,request_access,phi_rec_186,0,1,0,2025-08-28T00:00:00,2025-09-14T00:00:00,benign
req_ben_523,pat_191,request_deactivation,phi_rec_191,0,0,0,2025-08-24T00:00:00,2025-08-28T00:00:00,benign
req_ben_4286,pat_38,request_access,phi_rec_38,1,1,1,2025-08-30T00:00:00,2025-09-07T00:00:00,benign
req_vio_186,pat_125,request_access,phi_rec_125,1,1,1,2025-07-11T00:00:00,,violation_gdpr_art15
req_ben_779,pat_100,request_access,phi_rec_100,1,0,0,2025-08-28T00:00:00,2025-09-11T00:00:00,benign
req_ben_1938,pat_113,request_deactivation,phi_rec_113,0,0,0,2025-08-30T00:00:00,2025-09-12T00:00:00,benign
req_ben_480,pat_113,request_access,phi_rec_113,1,1,1,2025-08-25T00:00:00,2025-09-12T00:00:00,benign
req_ben_1873,pat_182,request_deactivation,phi_rec_182,0,0,0,2025-08-03T00:00:00,2025-08-18T00:00:00,benign
req_ben_2073,pat_95,request_access,phi_rec_95,0,1,1,2025-08-09T00:00:00,2025-08-15T00:00:00,benign
req_ben_1349,pat_84,request_access,phi_rec_84,1,1,1,2025-08-25T00:00:00,2025-09-07T00:00:00,benign
req_ben_2283,pat_6,request_access,phi_rec_6,1,0,1,2025-08-27T00:00:00,2025-09-17T00:00:00,benign
req_ben_2003,pat_167,request_access,phi_rec_167,0,1,1,2025-08-22T00:00:00,2025-09-15T00:00:00,benign
req_ben_3840,pat_51,request_access,phi_rec_51,1,0,1,2025-08-04T00:00:00,2025-08-27T00:00:00,benign
req_ben_1611,pat_173,request_access,phi_rec_173,1,0,0,2025-08-19T00:00:00,2025-08-26T00:00:00,benign
req_ben_589,pat_71,request_deactivation,phi_rec_71,0,0,0,2025-08-06T00:00:00,2025-08-17T00:00:00,benign
req_ben_2740,pat_158,request_access,phi_rec_158,0,0,1,2025-08-29T00:00:00,2025-08-30T00:00:00,benign
req_ben_1253,pat_89,request_access,phi_rec_89,1,0,1,2025-08-09T00:00:00,2025-08-12T00:00:00,benign
req_ben_4267,pat_117,request_access,phi_rec_117,1,0,0,2025-08-24T00:00:00,2025-08-26T00:00:00,benign
req_ben_4230,pat_194,request_deactivation,phi_rec_194,0,0,0,2025-08-22T00:00:00,2025-08-24T00:00:00,benign
req_vio_188,pat_165,request_access,phi_rec_165,0,0,1,2025-06-25T00:00:00,,violation_gdpr_art15
req_ben_1900,pat_94,request_access,phi_rec_94,1,1,0,2025-08-03T00:00:00,2025-08-23T00:00:00,benign
req_ben_3207,pat_79,request_deactivation,phi_rec_79,0,0,0,2025-08-25T00:00:00,2025-09-10T00:00:00,benign
req_ben_2262,pat_121,request_access,phi_rec_121,1,1,0,2025-08-02T00:00:00,2025-08-05T00:00:00,benign
req_ben_783,pat_149,request_access,phi_rec_149,1,1,1,2025-08-09T00:00:00,2025-08-12T00:00:00,benign
req_ben_538,pat_39,request_deactivation,phi_rec_39,0,0,0,2025-08-18T00:00:00,2025-09-11T00:00:00,benign
req_ben_3705,pat_103,request_access,phi_rec_103,0,0,1,2025-08-07T00:00:00,2025-08-27T00:00:00,benign
req_ben_3751,pat_31,request_access,phi_rec_31,1,1,1,2025-08-08T00:00:00,2025-08-20T00:00:00,benign
req_ben_2932,pat_75,request_deactivation,phi_rec_75,0,0,0,2025-08-16T00:00:00,2025-08-30T00:00:00,benign
req_ben_940,pat_183,request_access,phi_rec_183,0,1,0,2025-08-11T00:00:00,2025-08-26T00:00:00,benign
req_ben_4528,pat_181,request_access,phi_rec_181,1,1,1,2025-08-10T00:00:00,2025-08-17T00:00:00,benign
req_ben_3292,pat_108,request_access,phi_rec_108,1,1,1,2025-08-05T00:00:00,2025-08-09T00:00:00,benign
req_ben_3218,pat_142,request_access,phi_rec_142,0,1,0,2025-08-07T00:00:00,2025-08-28T00:00:00,benign
req_ben_1301,pat_152,request_access,phi_rec_152,1,0,1,2025-08-05T00:00:00,2025-08-11T00:00:00,benign
req_ben_1933,pat_161,request_access,phi_rec_161,0,0,1,2025-08-24T00:00:00,2025-09-05T00:00:00,benign
req_ben_340,pat_180,request_access,phi_rec_180,0,1,0,2025-08-18T00:00:00,2025-08-22T00:00:00,benign
req_ben_618,pat_54,request_deactivation,phi_rec_54,0,0,0,2025-08-21T00:00:00,2025-08-27T00:00:00,benign
req_ben_3953,pat_123,request_access,phi_rec_123,1,0,0,2025-08-13T00:00:00,2025-08-31T00:00:00,benign
req_ben_104,pat_96,request_access,phi_rec_96,1,1,1,2025-08-30T00:00:00,2025-09-11T00:00:00,benign
req_ben_1707,pat_164,request_access,phi_rec_164,1,0,0,2025-08-14T00:00:00,2025-08-15T00:00:00,benign
req_ben_336,pat_80,request_access,phi_rec_80,1,0,1,2025-08-13T00:00:00,2025-09-05T00:00:00,benign
req_ben_3687,pat_199,request_access,phi_rec_199,0,1,0,2025-08-20T00:00:00,2025-08-31T00:00:00,benign
req_ben_2178,pat_156,request_access,phi_rec_156,0,1,1,2025-08-22T00:00:00,2025-09-05T00:00:00,benign
req_ben_582,pat_37,request_access,phi_rec_37,1,0,0,2025-08-07T00:00:00,2025-08-10T00:00:00,benign
req_vio_14,pat_164,request_access,phi_rec_164,1,1,1,2025-04-30T00:00:00,,violation_gdpr_art15
req_ben_2278,pat_167,request_access,phi_rec_167,1,1,1,2025-08-30T00:00:00,2025-09-11T00:00:00,benign
req_ben_1804,pat_56,request_deactivation,phi_rec_56,0,0,0,2025-08-10T00:00:00,2025-08-13T00:00:00,benign
req_ben_295,pat_130,request_access,phi_rec_130,1,1,1,2025-08-15T00:00:00,2025-08-24T00:00:00,benign
req_ben_2479,pat_116,request_deactivation,phi_rec_116,0,0,0,2025-08-20T00:00:00,2025-09-03T00:00:00,benign
req_ben_1166,pat_49,request_deactivation,phi_rec_49,0,0,0,2025-08-09T00:00:00,2025-09-02T00:00:00,benign
req_ben_2903,pat_94,request_access,phi_rec_94,1,0,0,2025-08-05T00:00:00,2025-08-25T00:00:00,benign
req_ben_3952,pat_19,request_access,phi_rec_19,1,1,1,2025-08-30T00:00:00,2025-09-13T00:00:00,benign
req_ben_3622,pat_76,request_deactivation,phi_rec_76,0,0,0,2025-08-11T00:00:00,2025-09-05T00:00:00,benign
req_ben_2572,pat_16,request_access,phi_rec_16,1,1,1,2025-08-20T00:00:00,2025-09-01T00:00:00,benign
req_ben_4282,pat_21,request_deactivation,phi_rec_21,0,0,0,2025-08-24T00:00:00,2025-08-28T00:00:00,benign
req_ben_1296,pat_150,request_access,phi_rec_150,0,0,1,2025-08-23T00:00:00,2025-08-24T00:00:00,benign
req_ben_3537,pat_194,request_access,phi_rec_194,0,1,0,2025-08-30T00:00:00,2025-09-20T00:00:00,benign
req_ben_657,pat_16,request_access,phi_rec_16,0,1,0,2025-08-12T00:00:00,2025-08-20T00:00:00,benign
req_ben_884,pat_188,request_access,phi_rec_188,1,1,1,2025-08-18T00:00:00,2025-09-06T00:00:00,benign
req_ben_1541,pat_126,request_access,phi_rec_126,1,1,1,2025-08-29T00:00:00,2025-09-06T00:00:00,benign
req_ben_3043,pat_1,request_access,phi_rec_1,1,1,1,2025-08-09T00:00:00,2025-08-23T00:00:00,benign
req_ben_251,pat_185,request_access,phi_rec_185,1,0,0,2025-08-25T00:00:00,2025-08-26T00:00:00,benign
req_ben_3927,pat_97,request_access,phi_rec_97,1,0,0,2025-08-25T00:00:00,2025-09-02T00:00:00,benign
req_ben_4334,pat_6,request_access,phi_rec_6,1,0,1,2025-08-03T00:00:00,2025-08-14T00:00:00,benign
req_ben_3980,pat_134,request_deactivation,phi_rec_134,0,0,0,2025-08-13T00:00:00,2025-08-30T00:00:00,benign
req_ben_2674,pat_81,request_access,phi_rec_81,0,1,1,2025-08-30T00:00:00,2025-09-18T00:00:00,benign
req_ben_3051,pat_140,request_deactivation,phi_rec_140,0,0,0,2025-08-18T00:00:00,2025-09-03T00:00:00,benign
req_vio_89,pat_158,request_deactivation,phi_rec_158,0,0,0,2025-05-02T00:00:00,,violation_gdpr_art17
req_ben_977,pat_167,request_access,phi_rec_167,0,0,1,2025-08-14T00:00:00,2025-08-30T00:00:00,benign
req_ben_383,pat_104,request_deactivation,phi_rec_104,0,0,0,2025-08-02T00:00:00,2025-08-20T00:00:00,benign
req_ben_1382,pat_89,request_access,phi_rec_89,1,0,1,2025-08-23T00:00:00,2025-09-03T00:00:00,benign
req_ben_2240,pat_3,request_access,phi_rec_3,1,1,0,2025-08-25T00:00:00,2025-09-06T00:00:00,benign
req_ben_1006,pat_152,request_access,phi_rec_152,0,1,0,2025-08-02T00:00:00,2025-08-13T00:00:00,benign
req_ben_552,pat_152,request_deactivation,phi_rec_152,0,0,0,2025-08-21T00:00:00,2025-09-07T00:00:00,benign
req_ben_2865,pat_18,request_deactivation,phi_rec_18,0,0,0,2025-08-25T00:00:00,2025-09-03T00:00:00,benign
req_ben_2889,pat_41,request_access,phi_rec_41,0,1,1,2025-08-24T00:00:00,2025-09-07T00:00:00,benign
req_ben_3796,pat_24,request_access,phi_rec_24,1,1,1,2025-08-05T00:00:00,2025-08-06T00:00:00,benign
req_ben_3833,pat_66,request_deactivation,phi_rec_66,0,0,0,2025-08-10T00:00:00,2025-08-11T00:00:00,benign
req_ben_1052,pat_107,request_access,phi_rec_107,0,0,1,2025-08-24T00:00:00,2025-08-31T00:00:00,benign
req_ben_4322,pat_54,request_access,phi_rec_54,1,1,1,2025-08-20T00:00:00,2025-09-13T00:00:00,benign
req_ben_2868,pat_110,request_deactivation,phi_rec_110,0,0,0,2025-08-25T00:00:00,2025-09-16T00:00:00,benign
req_ben_2736,pat_140,request_access,phi_rec_140,1,1,1,2025-08-06T00:00:00,2025-08-09T00:00:00,benign
req_ben_1414,pat_1,request_deactivation,phi_rec_1,0,0,0,2025-08-13T00:00:00,2025-09-02T00:00:00,benign
req_ben_2109,pat_125,request_deactivation,phi_rec_125,0,0,0,2025-08-25T00:00:00,2025-09-17T00:00:00,benign
req_ben_1722,pat_97,request_deactivation,phi_rec_97,0,0,0,2025-08-30T00:00:00,2025-09-19T00:00:00,benign
req_ben_3266,pat_187,request_access,phi_rec_187,0,1,0,2025-08-25T00:00:00,2025-08-26T00:00:00,benign
req_ben_3001,pat_125,request_access,phi_rec_125,1,0,1,2025-08-26T00:00:00,2025-09-12T00:00:00,benign
req_ben_1920,pat_138,request_access,phi_rec_138,1,0,0,2025-08-21T00:00:00,2025-08-31T00:00:00,benign
req_ben_1139,pat_160,request_deactivation,phi_rec_160,0,0,0,2025-08-18T00:00:00,2025-09-12T00:00:00,benign
req_ben_2176,pat_141,request_access,phi_rec_141,0,0,1,2025-08-11T00:00:00,2025-08-20T00:00:00,benign
req_ben_3523,pat_47,request_access,phi_rec_47,0,0,1,2025-08-18T00:00:00,2025-08-21T00:00:00,benign
req_ben_3423,pat_80,request_deactivation,phi_rec_80,0,0,0,2025-08-12T00:00:00,2025-08-23T00:00:00,benign
req_ben_3682,pat_179,request_access,phi_rec_179,1,1,1,2025-08-15T00:00:00,2025-09-07T00:00:00,benign
req_ben_3579,pat_27,request_access,phi_rec_27,1,1,0,2025-08-27T00:00:00,2025-09-16T00:00:00,benign
req_ben_1737,pat_154,request_access,phi_rec_154,0,0,1,2025-08-26T00:00:00,2025-08-27T00:00:00,benign
req_ben_2535,pat_128,request_access,phi_rec_128,0,0,1,2025-08-25T00:00:00,2025-09-06T00:00:00,benign
req_ben_676,pat_115,request_deactivation,phi_rec_115,0,0,0,2025-08-25T00:00:00,2025-08-31T00:00:00,benign
req_ben_2843,pat_144,request_deactivation,phi_rec_144,0,0,0,2025-08-07T00:00:00,2025-08-14T00:00:00,benign
req_ben_3357,pat_190,request_access,phi_rec_190,1,0,0,2025-08-06T00:00:00,2025-08-28T00:00:00,benign
req_ben_3797,pat_71,request_access,phi_rec_71,1,1,1,2025-08-06T00:00:00,2025-08-16T00:00:00,benign
req_ben_3941,pat_117,request_access,phi_rec_117,1,1,1,2025-08-03T00:00:00,2025-08-12T00:00:00,benign
req_ben_1604,pat_35,request_access,phi_rec_35,0,1,1,2025-08-09T00:00:00,2025-08-29T00:00:00,benign
req_ben_2459,pat_158,request_access,phi_rec_158,1,1,1,2025-08-26T00:00:00,2025-08-29T00:00:00,benign
req_ben_3289,pat_157,request_access,phi_rec_157,1,1,1,2025-08-23T00:00:00,2025-08-29T00:00:00,benign
req_ben_580,pat_44,request_access,phi_rec_44,1,1,1,2025-08-29T00:00:00,2025-09-09T00:00:00,benign
req_ben_1534,pat_49,request_access,phi_rec_49,1,1,1,2025-08-15T00:00:00,2025-09-09T00:00:00,benign
req_ben_791,pat_100,request_access,phi_rec_100,0,1,0,2025-08-30T00:00:00,2025-09-13T00:00:00,benign
req_ben_1319,pat_24,request_access,phi_rec_24,1,1,1,2025-08-09T00:00:00,2025-08-17T00:00:00,benign
req_ben_3760,pat_59,request_access,phi_rec_59,1,0,0,2025-08-12T00:00:00,2025-08-18T00:00:00,benign
req_ben_795,pat_85,request_access,phi_rec_85,1,0,1,2025-08-26T00:00:00,2025-09-04T00:00:00,benign
req_ben_1291,pat_156,request_access,phi_rec_156,1,1,1,2025-08-03T00:00:00,2025-08-22T00:00:00,benign
req_ben_3086,pat_107,request_deactivation,phi_rec_107,0,0,0,2025-08-27T00:00:00,2025-09-09T00:00:00,benign
req_ben_638,pat_75,request_deactivation,phi_rec_75,0,0,0,2025-08-20T00:00:00,2025-08-25T00:00:00,benign
req_ben_1807,pat_58,request_access,phi_rec_58,1,1,1,2025-08-11T00:00:00,2025-08-15T00:00:00,benign
req_ben_419,pat_135,request_access,phi_rec_135,0,0,1,2025-08-22T00:00:00,2025-08-30T00:00:00,benign
req_ben_3775,pat_25,request_access,phi_rec_25,0,1,0,2025-08-08T00:00:00,2025-08-26T00:00:00,benign
req_ben_1516,pat_72,request_access,phi_rec_72,0,1,1,2025-08-14T00:00:00,2025-08-30T00:00:00,benign
req_vio_162,pat_190,request_access,phi_rec_190,0,0,1,2025-05-01T00:00:00,,violation_gdpr_art15
req_ben_2645,pat_57,request_access,phi_rec_57,1,1,1,2025-08-21T00:00:00,2025-09-11T00:00:00,benign
req_ben_4359,pat_5,request_access,phi_rec_5,0,0,1,2025-08-17T00:00:00,2025-08-29T00:00:00,benign
req_ben_4650,pat_65,request_access,phi_rec_65,1,1,1,2025-08-12T00:00:00,2025-08-14T00:00:00,benign
req_ben_2649,pat_7,request_access,phi_rec_7,0,0,1,2025-08-04T00:00:00,2025-08-10T00:00:00,benign
req_ben_2048,pat_75,request_access,phi_rec_75,1,0,0,2025-08-03T00:00:00,2025-08-20T00:00:00,benign
req_ben_4404,pat_141,request_access,phi_rec_141,1,0,0,2025-08-26T00:00:00,2025-09-03T00:00:00,benign
req_ben_4665,pat_176,request_access,phi_rec_176,1,0,0,2025-08-08T00:00:00,2025-08-10T00:00:00,benign
req_ben_2638,pat_144,request_deactivation,phi_rec_144,0,0,0,2025-08-13T00:00:00,2025-08-15T00:00:00,benign
req_ben_839,pat_165,request_access,phi_rec_165,1,1,1,2025-08-12T00:00:00,2025-08-18T00:00:00,benign
req_ben_3448,pat_98,request_access,phi_rec_98,1,1,1,2025-08-06T00:00:00,2025-08-08T00:00:00,benign
req_ben_3625,pat_74,request_access,phi_rec_74,0,1,1,2025-08-17T00:00:00,2025-09-11T00:00:00,benign
req_ben_56,pat_21,request_access,phi_rec_21,1,0,1,2025-08-07T00:00:00,2025-08-20T00:00:00,benign
req_ben_1784,pat_152,request_access,phi_rec_152,1,1,1,2025-08-29T00:00:00,2025-09-22T00:00:00,benign
req_ben_916,pat_173,request_deactivation,phi_rec_173,0,0,0,2025-08-14T00:00:00,2025-08-18T00:00:00,benign
req_ben_924,pat_44,request_access,phi_rec_44,1,0,1,2025-08-14T00:00:00,2025-08-25T00:00:00,benign
req_ben_3887,pat_104,request_access,phi_rec_104,1,1,1,2025-08-15T00:00:00,2025-08-27T00:00:00,benign
req_ben_2699,pat_193,request_access,phi_rec_193,1,0,0,2025-08-18T00:00:00,2025-08-22T00:00:00,benign
req_ben_3839,pat_74,request_access,phi_rec_74,0,0,1,2025-08-30T00:00:00,2025-09-21T00:00:00,benign
req_ben_3299,pat_63,request_access,phi_rec_63,1,1,0,2025-08-13T00:00:00,2025-08-23T00:00:00,benign
req_ben_539,pat_184,request_access,phi_rec_184,0,0,1,2025-08-22T00:00:00,2025-08-23T00:00:00,benign
req_ben_1640,pat_43,request_deactivation,phi_rec_43,0,0,0,2025-08-25T00:00:00,2025-09-06T00:00:00,benign
req_ben_702,pat_6,request_deactivation,phi_rec_6,0,0,0,2025-08-16T00:00:00,2025-08-23T00:00:00,benign
req_ben_592,pat_182,request_access,phi_rec_182,1,0,1,2025-08-06T00:00:00,2025-08-12T00:00:00,benign
req_ben_2695,pat_140,request_deactivation,phi_rec_140,0,0,0,2025-08-18T00:00:00,2025-08-19T00:00:00,benign
req_ben_1504,pat_150,request_access,phi_rec_150,1,0,1,2025-08-09T00:00:00,2025-08-31T00:00:00,benign
req_ben_3368,pat_4,request_deactivation,phi_rec_4,0,0,0,2025-08-27T00:00:00,2025-09-04T00:00:00,benign
req_ben_1827,pat_80,request_access,phi_rec_80,1,0,1,2025-08-13T00:00:00,2025-09-07T00:00:00,benign
req_ben_4014,pat_77,request_deactivation,phi_rec_77,0,0,0,2025-08-06T00:00:00,2025-08-26T00:00:00,benign
req_ben_1244,pat_199,request_access,phi_rec_199,1,1,1,2025-08-12T00:00:00,2025-08-25T00:00:00,benign
req_ben_3768,pat_110,request_deactivation,phi_rec_110,0,0,0,2025-08-06T00:00:00,2025-08-22T00:00:00,benign
req_ben_875,pat_15,request_access,phi_rec_15,1,1,1,2025-08-25T00:00:00,2025-09-16T00:00:00,benign
req_ben_2570,pat_92,request_access,phi_rec_92,0,0,1,2025-08-08T00:00:00,2025-08-20T00:00:00,benign
req_ben_1376,pat_1,request_access,phi_rec_1,1,1,0,2025-08-05T00:00:00,2025-08-30T00:00:00,benign
req_ben_3575,pat_85,request_access,phi_rec_85,1,1,1,2025-08-22T00:00:00,2025-09-13T00:00:00,benign
req_ben_1868,pat_131,request_access,phi_rec_131,1,1,0,2025-08-29T00:00:00,2025-09-12T00:00:00,benign
req_ben_1005,pat_123,request_access,phi_rec_123,1,0,0,2025-08-17T00:00:00,2025-08-18T00:00:00,benign
req_ben_2507,pat_139,request_deactivation,phi_rec_139,0,0,0,2025-08-09T00:00:00,2025-08-23T00:00:00,benign
req_ben_4027,pat_96,request_access,phi_rec_96,0,0,1,2025-08-17T00:00:00,2025-09-09T00:00:00,benign
req_ben_2911,pat_42,request_deactivation,phi_rec_42,0,0,0,2025-08-11T00:00:00,2025-08-15T00:00:00,benign
req_ben_3524,pat_37,request_access,phi_rec_37,1,0,0,2025-08-29T00:00:00,2025-09-19T00:00:00,benign
req_vio_32,pat_106,request_access,phi_rec_106,0,1,0,2025-06-03T00:00:00,,violation_gdpr_art15
req_ben_2315,pat_48,request_access,phi_rec_48,1,1,1,2025-08-08T00:00:00,2025-09-01T00:00:00,benign
req_ben_424,pat_53,request_access,phi_rec_53,1,0,1,2025-08-17T00:00:00,2025-09-03T00:00:00,benign
req_ben_1201,pat_42,request_deactivation,phi_rec_42,0,0,0,2025-08-08T00:00:00,2025-08-21T00:00:00,benign
req_vio_221,pat_24,request_deactivation,phi_rec_24,0,0,0,2025-03-17T00:00:00,,violation_gdpr_art17
req_ben_2218,pat_19,request_access,phi_rec_19,1,1,1,2025-08-07T00:00:00,2025-08-22T00:00:00,benign
req_ben_903,pat_111,request_access,phi_rec_111,1,1,0,2025-08-02T00:00:00,2025-08-24T00:00:00,benign
req_ben_2026,pat_99,request_deactivation,phi_rec_99,0,0,0,2025-08-20T00:00:00,2025-09-04T00:00:00,benign
req_vio_97,pat_165,request_deactivation,phi_rec_165,0,0,0,2025-03-19T00:00:00,,violation_gdpr_art17
req_ben_3069,pat_162,request_access,phi_rec_162,0,1,0,2025-08-23T00:00:00,2025-08-28T00:00:00,benign
req_ben_1355,pat_53,request_access,phi_rec_53,1,1,0,2025-08-24T00:00:00,2025-09-17T00:00:00,benign
req_ben_897,pat_131,request_deactivation,phi_rec_131,0,0,0,2025-08-10T00:00:00,2025-09-01T00:00:00,benign
req_ben_1592,pat_101,request_access,phi_rec_101,1,1,1,2025-08-02T00:00:00,2025-08-08T00:00:00,benign
req_ben_2385,pat_187,request_access,phi_rec_187,1,1,1,2025-08-11T00:00:00,2025-08-25T00:00:00,benign
req_ben_1083,pat_58,request_access,phi_rec_58,0,1,1,2025-08-28T00:00:00,2025-09-11T00:00:00,benign
req_ben_3698,pat_145,request_access,phi_rec_145,1,0,0,2025-08-16T00:00:00,2025-09-01T00:00:00,benign
req_ben_1659,pat_10,request_deactivation,phi_rec_10,0,0,0,2025-08-20T00:00:00,2025-09-03T00:00:00,benign
req_ben_3323,pat_123,request_deactivation,phi_rec_123,0,0,0,2025-08-19T00:00:00,2025-09-12T00:00:00,benign
req_ben_3868,pat_183,request_access,phi_rec_183,1,1,0,2025-08-18T00:00:00,2025-08-23T00:00:00,benign
req_ben_3038,pat_180,request_access,phi_rec_180,1,1,1,2025-08-19T00:00:00,2025-09-07T00:00:00,benign
req_ben_4695,pat_141,request_access,phi_rec_141,1,1,0,2025-08-07T00:00:00,2025-08-09T00:00:00,benign
req_ben_2173,pat_193,request_access,phi_rec_193,1,1,0,2025-08-10T00:00:00,2025-09-02T00:00:00,benign
req_ben_2855,pat_67,request_deactivation,phi_rec_67,0,0,0,2025-08-17T00:00:00,2025-08-29T00:00:00,benign
req_ben_3186,pat_145,request_deactivation,phi_rec_145,0,0,0,2025-08-20T00:00:00,2025-08-29T00:00:00,benign
req_ben_3657,pat_45,request_access,phi_rec_45,1,0,0,2025-08-02T00:00:00,2025-08-11T00:00:00,benign
req_ben_3142,pat_58,request_access,phi_rec_58,1,0,0,2025-08-06T00:00:00,2025-08-15T00:00:00,benign
req_ben_1753,pat_77,request_access,phi_rec_77,1,1,0,2025-08-21T00:00:00,2025-09-15T00:00:00,benign
req_ben_3406,pat_151,request_access,phi_rec_151,1,0,0,2025-08-29T00:00:00,2025-09-13T00:00:00,benign
req_ben_2203,pat_16,request_access,phi_rec_16,1,1,1,2025-08-16T00:00:00,2025-09-09T00:00:00,benign
req_ben_3138,pat_169,request_access,phi_rec_169,1,1,1,2025-08-14T00:00:00,2025-08-24T00:00:00,benign
req_ben_1596,pat_151,request_access,phi_rec_151,1,1,0,2025-08-13T00:00:00,2025-08-14T00:00:00,benign
req_ben_558,pat_193,request_access,phi_rec_193,1,0,0,2025-08-18T00:00:00,2025-09-01T00:00:00,benign
req_ben_990,pat_66,request_deactivation,phi_rec_66,0,0,0,2025-08-07T00:00:00,2025-08-09T00:00:00,benign
req_ben_1605,pat_127,request_access,phi_rec_127,1,0,0,2025-08-30T00:00:00,2025-09-03T00:00:00,benign
req_ben_2622,pat_108,request_access,phi_rec_108,1,1,1,2025-08-19T00:00:00,2025-09-06T00:00:00,benign
req_ben_3376,pat_12,request_access,phi_rec_12,1,1,0,2025-08-17T00:00:00,2025-08-20T00:00:00,benign
req_ben_4589,pat_16,request_access,phi_rec_16,0,0,1,2025-08-14T00:00:00,2025-08-31T00:00:00,benign
req_ben_2126,pat_129,request_access,phi_rec_129,0,1,0,2025-08-10T00:00:00,2025-08-25T00:00:00,benign
req_ben_1983,pat_17,request_deactivation,phi_rec_17,0,0,0,2025-08-26T00:00:00,2025-09-19T00:00:00,benign
req_ben_959,pat_27,request_deactivation,phi_rec_27,0,0,0,2025-08-13T00:00:00,2025-08-22T00:00:00,benign
req_ben_119,pat_178,request_access,phi_rec_178,1,1,0,2025-08-18T00:00:00,2025-08-30T00:00:00,benign
req_vio_203,pat_85,request_deactivation,phi_rec_85,0,0,0,2025-05-13T00:00:00,,violation_gdpr_art17
req_ben_410,pat_104,request_access,phi_rec_104,1,0,0,2025-08-07T00:00:00,2025-08-27T00:00:00,benign
req_ben_4278,pat_192,request_access,phi_rec_192,1,0,0,2025-08-15T00:00:00,2025-08-20T00:00:00,benign
req_vio_143,pat_79,request_deactivation,phi_rec_79,0,0,0,2025-06-02T00:00:00,,violation_gdpr_art17
req_ben_2826,pat_18,request_access,phi_rec_18,0,1,0,2025-08-09T00:00:00,2025-08-15T00:00:00,benign
req_ben_162,pat_56,request_deactivation,phi_rec_56,0,0,0,2025-08-09T00:00:00,2025-09-02T00:00:00,benign
req_ben_3731,pat_126,request_access,phi_rec_126,1,1,1,2025-08-30T00:00:00,2025-09-12T00:00:00,benign
req_ben_4689,pat_59,request_access,phi_rec_59,1,0,0,2025-08-13T00:00:00,2025-08-17T00:00:00,benign
req_ben_4705,pat_118,request_deactivation,phi_rec_118,0,0,0,2025-08-17T00:00:00,2025-08-27T00:00:00,benign
req_ben_3309,pat_116,request_deactivation,phi_rec_116,0,0,0,2025-08-09T00:00:00,2025-08-30T00:00:00,benign
req_ben_3746,pat_81,request_deactivation,phi_rec_81,0,0,0,2025-08-07T00:00:00,2025-08-30T00:00:00,benign
req_ben_2251,pat_171,request_deactivation,phi_rec_171,0,0,0,2025-08-29T00:00:00,2025-09-13T00:00:00,benign
req_ben_4563,pat_65,request_access,phi_rec_65,1,1,0,2025-08-07T00:00:00,2025-08-29T00:00:00,benign
req_ben_4346,pat_183,request_access,phi_rec_183,0,1,1,2025-08-19T00:00:00,2025-09-05T00:00:00,benign
req_ben_494,pat_88,request_access,phi_rec_88,1,1,1,2025-08-10T00:00:00,2025-08-26T00:00:00,benign
req_ben_1141,pat_124,request_deactivation,phi_rec_124,0,0,0,2025-08-10T00:00:00,2025-09-02T00:00:00,benign
req_ben_405,pat_61,request_access,phi_rec_61,1,0,1,2025-08-16T00:00:00,2025-08-27T00:00:00,benign
req_ben_2906,pat_58,request_access,phi_rec_58,1,1,1,2025-08-13T00:00:00,2025-09-01T00:00:00,benign
req_ben_2055,pat_62,request_deactivation,phi_rec_62,0,0,0,2025-08-08T00:00:00,2025-08-17T00:00:00,benign
req_ben_132,pat_44,request_access,phi_rec_44,0,0,1,2025-08-11T00:00:00,2025-08-28T00:00:00,benign
req_ben_4168,pat_181,request_deactivation,phi_rec_181,0,0,0,2025-08-06T00:00:00,2025-08-15T00:00:00,benign
req_ben_1497,pat_21,request_access,phi_rec_21,1,1,1,2025-08-12T00:00:00,2025-08-16T00:00:00,benign
req_ben_626,pat_12,request_access,phi_rec_12,1,1,1,2025-08-25T00:00:00,2025-08-30T00:00:00,benign
req_ben_4138,pat_67,request_access,phi_rec_67,0,0,1,2025-08-29T00:00:00,2025-09-18T00:00:00,benign
req_ben_1003,pat_78,request_access,phi_rec_78,0,1,1,2025-08-09T00:00:00,2025-08-23T00:00:00,benign
req_ben_1569,pat_87,request_access,phi_rec_87,1,0,0,2025-08-09T00:00:00,2025-09-02T00:00:00,benign
req_ben_411,pat_41,request_access,phi_rec_41,0,1,1,2025-08-28T00:00:00,2025-09-11T00:00:00,benign
req_ben_2347,pat_181,request_access,phi_rec_181,1,1,0,2025-08-23T00:00:00,2025-09-07T00:00:00,benign
req_ben_1281,pat_112,request_deactivation,phi_rec_112,0,0,0,2025-08-15T00:00:00,2025-08-18T00:00:00,benign
req_ben_2710,pat_176,request_access,phi_rec_176,0,1,1,2025-08-18T00:00:00,2025-09-12T00:00:00,benign
req_ben_836,pat_120,request_access,phi_rec_120,1,1,1,2025-08-07T00:00:00,2025-08-28T00:00:00,benign
req_vio_96,pat_140,request_access,phi_rec_140,1,1,1,2025-02-12T00:00:00,,violation_gdpr_art15
req_ben_1634,pat_15,request_deactivation,phi_rec_15,0,0,0,2025-08-27T00:00:00,2025-09-08T00:00:00,benign
req_ben_3665,pat_141,request_access,phi_rec_141,1,1,0,2025-08-04T00:00:00,2025-08-19T00:00:00,benign
req_ben_2151,pat_146,request_access,phi_rec_146,1,0,1,2025-08-14T00:00:00,2025-08-22T00:00:00,benign
req_ben_2942,pat_95,request_access,phi_rec_95,1,1,0,2025-08-23T00:00:00,2025-08-27T00:00:00,benign
req_ben_4548,pat_111,request_access,phi_rec_111,0,0,1,2025-08-16T00:00:00,2025-08-24T00:00:00,benign
req_vio_132,pat_133,request_access,phi_rec_133,0,0,1,2025-06-28T00:00:00,,violation_gdpr_art15
req_ben_4420,pat_180,request_access,phi_rec_180,1,1,1,2025-08-08T00:00:00,2025-08-25T00:00:00,benign
req_vio_133,pat_51,request_deactivation,phi_rec_51,0,0,0,2025-07-29T00:00:00,,violation_gdpr_art17
req_ben_4188,pat_109,request_deactivation,phi_rec_109,0,0,0,2025-08-02T00:00:00,2025-08-22T00:00:00,benign
req_ben_2426,pat_2,request_deactivation,phi_rec_2,0,0,0,2025-08-04T00:00:00,2025-08-23T00:00:00,benign
req_ben_3533,pat_60,request_deactivation,phi_rec_60,0,0,0,2025-08-15T00:00:00,2025-08-18T00:00:00,benign
req_ben_1906,pat_153,request_access,phi_rec_153,1,1,0,2025-08-25T00:00:00,2025-09-19T00:00:00,benign
req_ben_3195,pat_58,request_access,phi_rec_58,0,1,0,2025-08-24T00:00:00,2025-09-18T00:00:00,benign
req_ben_1144,pat_153,request_access,phi_rec_153,0,0,1,2025-08-18T00:00:00,2025-09-06T00:00:00,benign
req_ben_2822,pat_142,request_access,phi_rec_142,1,1,1,2025-08-20T00:00:00,2025-09-12T00:00:00,benign
req_ben_2420,pat_156,request_deactivation,phi_rec_156,0,0,0,2025-08-24T00:00:00,2025-09-04T00:00:00,benign
req_vio_207,pat_157,request_deactivation,phi_rec_157,0,0,0,2025-07-30T00:00:00,,violation_gdpr_art17
req_ben_2916,pat_58,request_deactivation,phi_rec_58,0,0,0,2025-08-16T00:00:00,2025-08-30T00:00:00,benign
req_ben_3935,pat_13,request_deactivation,phi_rec_13,0,0,0,2025-08-07T00:00:00,2025-08-08T00:00:00,benign
req_ben_1304,pat_132,request_access,phi_rec_132,1,1,0,2025-08-05T00:00:00,2025-08-21T00:00:00,benign
req_ben_1339,pat_154,request_access,phi_rec_154,0,1,0,2025-08-07T00:00:00,2025-08-20T00:00:00,benign
req_ben_3778,pat_0,request_access,phi_rec_0,0,1,1,2025-08-14T00:00:00,2025-08-31T00:00:00,benign
req_ben_2478,pat_171,request_access,phi_rec_171,0,0,1,2025-08-19T00:00:00,2025-09-08T00:00:00,benign
req_ben_4513,pat_18,request_deactivation,phi_rec_18,0,0,0,2025-08-09T00:00:00,2025-08-19T00:00:00,benign
req_ben_4135,pat_189,request_access,phi_rec_189,1,1,1,2025-08-29T00:00:00,2025-09-10T00:00:00,benign
req_ben_3331,pat_41,request_deactivation,phi_rec_41,0,0,0,2025-08-15T00:00:00,2025-08-21T00:00:00,benign
req_ben_2395,pat_79,request_access,phi_rec_79,1,1,0,2025-08-11T00:00:00,2025-08-23T00:00:00,benign
req_vio_218,pat_65,request_access,phi_rec_65,0,1,1,2025-06-03T00:00:00,,violation_gdpr_art15
req_ben_4006,pat_142,request_access,phi_rec_142,0,1,0,2025-08-04T00:00:00,2025-08-20T00:00:00,benign
req_ben_1278,pat_10,request_access,phi_rec_10,1,1,1,2025-08-25T00:00:00,2025-08-30T00:00:00,benign
req_ben_1838,pat_155,request_access,phi_rec_155,1,0,0,2025-08-23T00:00:00,2025-08-27T00:00:00,benign
req_ben_2439,pat_102,request_access,phi_rec_102,1,1,1,2025-08-27T00:00:00,2025-09-13T00:00:00,benign
req_ben_1568,pat_58,request_access,phi_rec_58,1,1,1,2025-08-22T00:00:00,2025-09-16T00:00:00,benign
req_ben_991,pat_50,request_access,phi_rec_50,1,1,0,2025-08-22T00:00:00,2025-09-15T00:00:00,benign
req_ben_2114,pat_33,request_access,phi_rec_33,1,1,1,2025-08-11T00:00:00,2025-08-12T00:00:00,benign
req_ben_4445,pat_196,request_access,phi_rec_196,1,0,1,2025-08-02T00:00:00,2025-08-18T00:00:00,benign
req_ben_1245,pat_118,request_access,phi_rec_118,1,1,1,2025-08-22T00:00:00,2025-09-08T00:00:00,benign
req_ben_4483,pat_7,request_access,phi_rec_7,1,0,1,2025-08-17T00:00:00,2025-09-05T00:00:00,benign
req_ben_1536,pat_65,request_deactivation,phi_rec_65,0,0,0,2025-08-06T00:00:00,2025-08-24T00:00:00,benign
req_ben_3361,pat_149,request_access,phi_rec_149,0,0,1,2025-08-16T00:00:00,2025-09-07T00:00:00,benign
req_ben_2359,pat_53,request_access,phi_rec_53,0,1,1,2025-08-11T00:00:00,2025-09-02T00:00:00,benign
req_ben_819,pat_107,request_deactivation,phi_rec_107,0,0,0,2025-08-03T00:00:00,2025-08-28T00:00:00,benign
req_vio_123,pat_118,request_deactivation,phi_rec_118,0,0,0,2025-06-03T00:00:00,,violation_gdpr_art17
req_ben_764,pat_159,request_access,phi_rec_159,1,1,0,2025-08-20T00:00:00,2025-09-04T00:00:00,benign
req_ben_202,pat_111,request_deactivation,phi_rec_111,0,0,0,2025-08-08T00:00:00,2025-08-10T00:00:00,benign
req_ben_2925,pat_119,request_access,phi_rec_119,1,1,1,2025-08-13T00:00:00,2025-09-04T00:00:00,benign
req_ben_786,pat_190,request_deactivation,phi_rec_190,0,0,0,2025-08-04T00:00:00,2025-08-08T00:00:00,benign
req_ben_2893,pat_77,request_access,phi_rec_77,1,1,0,2025-08-06T00:00:00,2025-08-08T00:00:00,benign
req_ben_2635,pat_12,request_deactivation,phi_rec_12,0,0,0,2025-08-06T00:00:00,2025-08-16T00:00:00,benign
req_ben_918,pat_89,request_access,phi_rec_89,1,0,0,2025-08-13T00:00:00,2025-08-18T00:00:00,benign
req_ben_3085,pat_152,request_deactivation,phi_rec_152,0,0,0,2025-08-02T00:00:00,2025-08-15T00:00:00,benign
req_ben_4246,pat_189,request_access,phi_rec_189,1,1,1,2025-08-21T00:00:00,2025-08-30T00:00:00,benign
req_ben_2716,pat_149,request_deactivation,phi_rec_149,0,0,0,2025-08-04T00:00:00,2025-08-17T00:00:00,benign
req_ben_3179,pat_12,request_access,phi_rec_12,1,1,1,2025-08-04T00:00:00,2025-08-05T00:00:00,benign
req_ben_95,pat_28,request_deactivation,phi_rec_28,0,0,0,2025-08-19T00:00:00,2025-08-28T00:00:00,benign
req_ben_3158,pat_177,request_deactivation,phi_rec_177,0,0,0,2025-08-24T00:00:00,2025-09-07T00:00:00,benign
req_ben_2752,pat_16,request_deactivation,phi_rec_16,0,0,0,2025-08-03T00:00:00,2025-08-09T00:00:00,benign
req_ben_2732,pat_20,request_access,phi_rec_20,0,1,1,2025-08-12T00:00:00,2025-08-30T00:00:00,benign
req_ben_1829,pat_93,request_access,phi_rec_93,1,0,0,2025-08-06T00:00:00,2025-08-19T00:00:00,benign
req_ben_3337,pat_99,request_access,phi_rec_99,1,0,0,2025-08-17T00:00:00,2025-08-24T00:00:00,benign
req_ben_3704,pat_48,request_access,phi_rec_48,1,0,0,2025-08-08T00:00:00,2025-08-19T00:00:00,benign
req_ben_806,pat_6,request_access,phi_rec_6,1,1,1,2025-08-05T00:00:00,2025-08-22T00:00:00,benign
req_ben_253,pat_30,request_deactivation,phi_rec_30,0,0,0,2025-08-06T00:00:00,2025-08-12T00:00:00,benign
req_ben_1324,pat_17,request_deactivation,phi_rec_17,0,0,0,2025-08-30T00:00:00,2025-09-14T00:00:00,benign
req_ben_2549,pat_178,request_access,phi_rec_178,1,1,0,2025-08-29T00:00:00,2025-09-18T00:00:00,benign
req_ben_4617,pat_51,request_deactivation,phi_rec_51,0,0,0,2025-08-30T00:00:00,2025-09-07T00:00:00,benign
req_ben_247,pat_65,request_access,phi_rec_65,1,1,0,2025-08-07T00:00:00,2025-08-17T00:00:00,benign
req_ben_4456,pat_163,request_deactivation,phi_rec_163,0,0,0,2025-08-09T00:00:00,2025-08-23T00:00:00,benign
req_ben_479,pat_26,request_access,phi_rec_26,0,0,1,2025-08-07T00:00:00,2025-08-13T00:00:00,benign
req_vio_34,pat_103,request_access,phi_rec_103,0,0,1,2025-05-23T00:00:00,,violation_gdpr_art15
req_ben_2106,pat_11,request_access,phi_rec_11,0,1,0,2025-08-21T00:00:00,2025-09-01T00:00:00,benign
req_ben_2356,pat_179,request_deactivation,phi_rec_179,0,0,0,2025-08-15T00:00:00,2025-09-05T00:00:00,benign
req_ben_4443,pat_17,request_access,phi_rec_17,0,1,0,2025-08-04T00:00:00,2025-08-08T00:00:00,benign
req_ben_4277,pat_167,request_access,phi_rec_167,1,0,0,2025-08-08T00:00:00,2025-08-28T00:00:00,benign
req_ben_1327,pat_135,request_access,phi_rec_135,1,1,1,2025-08-06T00:00:00,2025-08-21T00:00:00,benign
req_ben_2160,pat_141,request_access,phi_rec_141,1,0,1,2025-08-05T00:00:00,2025-08-18T00:00:00,benign
req_ben_2577,pat_196,request_access,phi_rec_196,0,1,1,2025-08-13T00:00:00,2025-08-28T00:00:00,benign
req_ben_1153,pat_155,request_access,phi_rec_155,1,1,1,2025-08-28T00:00:00,2025-08-29T00:00:00,benign
req_ben_3463,pat_186,request_access,phi_rec_186,1,0,1,2025-08-19T00:00:00,2025-09-07T00:00:00,benign
req_ben_2854,pat_74,request_access,phi_rec_74,1,0,1,2025-08-14T00:00:00,2025-09-01T00:00:00,benign
req_ben_1794,pat_121,request_access,phi_rec_121,1,0,0,2025-08-10T00:00:00,2025-08-31T00:00:00,benign
req_ben_689,pat_79,request_access,phi_rec_79,0,1,0,2025-08-27T00:00:00,2025-09-20T00:00:00,benign
req_ben_975,pat_152,request_access,phi_rec_152,1,0,1,2025-08-07T00:00:00,2025-08-09T00:00:00,benign
req_ben_67,pat_16,request_deactivation,phi_rec_16,0,0,0,2025-08-14T00:00:00,2025-08-16T00:00:00,benign
req_ben_1132,pat_116,request_deactivation,phi_rec_116,0,0,0,2025-08-05T00:00:00,2025-08-18T00:00:00,benign
req_ben_2340,pat_83,request_deactivation,phi_rec_83,0,0,0,2025-08-24T00:00:00,2025-09-14T00:00:00,benign
req_ben_1372,pat_104,request_access,phi_rec_104,1,0,0,2025-08-23T00:00:00,2025-08-27T00:00:00,benign
req_ben_4225,pat_74,request_access,phi_rec_74,1,0,1,2025-08-20T00:00:00,2025-09-10T00:00:00,benign
req_ben_3626,pat_95,request_access,phi_rec_95,1,0,0,2025-08-16T00:00:00,2025-08-28T00:00:00,benign
req_ben_1864,pat_79,request_deactivation,phi_rec_79,0,0,0,2025-08-12T00:00:00,2025-08-13T00:00:00,benign
req_ben_2130,pat_123,request_access,phi_rec_123,1,1,1,2025-08-06T00:00:00,2025-08-17T00:00:00,benign
req_ben_3686,pat_23,request_deactivation,phi_rec_23,0,0,0,2025-08-08T00:00:00,2025-08-27T00:00:00,benign
req_ben_793,pat_68,request_deactivation,phi_rec_68,0,0,0,2025-08-09T00:00:00,2025-08-28T00:00:00,benign
req_ben_255,pat_96,request_deactivation,phi_rec_96,0,0,0,2025-08-18T00:00:00,2025-09-04T00:00:00,benign
req_ben_2213,pat_190,request_deactivation,phi_rec_190,0,0,0,2025-08-13T00:00:00,2025-09-03T00:00:00,benign
req_ben_2267,pat_63,request_deactivation,phi_rec_63,0,0,0,2025-08-18T00:00:00,2025-09-12T00:00:00,benign
req_ben_550,pat_125,request_access,phi_rec_125,1,0,0,2025-08-08T00:00:00,2025-08-20T00:00:00,benign
req_ben_4614,pat_102,request_deactivation,phi_rec_102,0,0,0,2025-08-13T00:00:00,2025-08-31T00:00:00,benign
req_ben_4671,pat_54,request_access,phi_rec_54,1,1,1,2025-08-05T00:00:00,2025-08-23T00:00:00,benign
req_ben_3192,pat_36,request_access,phi_rec_36,1,0,0,2025-08-14T00:00:00,2025-08-29T00:00:00,benign
req_ben_3619,pat_112,request_deactivation,phi_rec_112,0,0,0,2025-08-20T00:00:00,2025-09-04T00:00:00,benign
req_ben_1295,pat_62,request_deactivation,phi_rec_62,0,0,0,2025-08-14T00:00:00,2025-08-23T00:00:00,benign
req_ben_2875,pat_64,request_access,phi_rec_64,1,1,1,2025-08-29T00:00:00,2025-09-09T00:00:00,benign
req_ben_4604,pat_194,request_access,phi_rec_194,1,1,0,2025-08-05T00:00:00,2025-08-29T00:00:00,benign
req_ben_1375,pat_170,request_access,phi_rec_170,1,1,1,2025-08-17T00:00:00,2025-08-22T00:00:00,benign
req_ben_2145,pat_106,request_deactivation,phi_rec_106,0,0,0,2025-08-22T00:00:00,2025-08-26T00:00:00,benign
req_ben_864,pat_165,request_access,phi_rec_165,1,0,1,2025-08-20T00:00:00,2025-09-01T00:00:00,benign
req_ben_4538,pat_171,request_deactivation,phi_rec_171,0,0,0,2025-08-13T00:00:00,2025-08-24T00:00:00,benign
req_ben_3733,pat_93,request_access,phi_rec_93,1,1,1,2025-08-28T00:00:00,2025-09-09T00:00:00,benign
req_ben_3670,pat_152,request_access,phi_rec_152,0,1,0,2025-08-21T00:00:00,2025-08-30T00:00:00,benign
req_ben_3222,pat_109,request_deactivation,phi_rec_109,0,0,0,2025-08-03T00:00:00,2025-08-19T00:00:00,benign
req_ben_227,pat_25,request_access,phi_rec_25,1,1,1,2025-08-29T00:00:00,2025-08-30T00:00:00,benign
req_ben_2252,pat_83,request_deactivation,phi_rec_83,0,0,0,2025-08-18T00:00:00,2025-09-10T00:00:00,benign
req_ben_3382,pat_140,request_access,phi_rec_140,0,1,0,2025-08-06T00:00:00,2025-08-13T00:00:00,benign
req_ben_3828,pat_1,request_deactivation,phi_rec_1,0,0,0,2025-08-11T00:00:00,2025-08-28T00:00:00,benign
req_ben_2995,pat_166,request_access,phi_rec_166,1,1,0,2025-08-04T00:00:00,2025-08-22T00:00:00,benign
req_ben_1229,pat_160,request_access,phi_rec_160,1,1,1,2025-08-11T00:00:00,2025-09-02T00:00:00,benign
req_ben_2260,pat_119,request_access,phi_rec_119,1,1,1,2025-08-26T00:00:00,2025-09-17T00:00:00,benign
req_ben_44,pat_167,request_deactivation,phi_rec_167,0,0,0,2025-08-27T00:00:00,2025-09-05T00:00:00,benign
req_ben_2654,pat_99,request_deactivation,phi_rec_99,0,0,0,2025-08-07T00:00:00,2025-08-11T00:00:00,benign
req_ben_1030,pat_185,request_access,phi_rec_185,0,1,1,2025-08-03T00:00:00,2025-08-14T00:00:00,benign
req_ben_3744,pat_103,request_access,phi_rec_103,1,0,0,2025-08-22T00:00:00,2025-09-02T00:00:00,benign
req_ben_3492,pat_155,request_access,phi_rec_155,1,1,1,2025-08-23T00:00:00,2025-09-11T00:00:00,benign
req_ben_801,pat_28,request_access,phi_rec_28,1,1,1,2025-08-14T00:00:00,2025-08-23T00:00:00,benign
req_ben_4484,pat_111,request_access,phi_rec_111,1,0,0,2025-08-30T00:00:00,2025-09-06T00:00:00,benign
req_ben_4507,pat_27,request_access,phi_rec_27,0,0,1,2025-08-10T00:00:00,2025-08-13T00:00:00,benign
req_ben_18,pat_109,request_deactivation,phi_rec_109,0,0,0,2025-08-27T00:00:00,2025-09-19T00:00:00,benign
req_ben_3821,pat_174,request_access,phi_rec_174,1,0,1,2025-08-05T00:00:00,2025-08-23T00:00:00,benign
req_ben_4115,pat_11,request_access,phi_rec_11,0,0,1,2025-08-10T00:00:00,2025-08-28T00:00:00,benign
req_ben_2877,pat_142,request_access,phi_rec_142,0,1,1,2025-08-03T00:00:00,2025-08-16T00:00:00,benign
req_ben_178,pat_9,request_access,phi_rec_9,1,1,1,2025-08-28T00:00:00,2025-09-14T00:00:00,benign
req_ben_3786,pat_126,request_deactivation,phi_rec_126,0,0,0,2025-08-05T00:00:00,2025-08-08T00:00:00,benign
req_ben_319,pat_11,request_access,phi_rec_11,1,1,1,2025-08-20T00:00:00,2025-09-03T00:00:00,benign
req_ben_106,pat_70,request_access,phi_rec_70,0,0,1,2025-08-13T00:00:00,2025-08-28T00:00:00,benign
req_ben_1053,pat_93,request_deactivation,phi_rec_93,0,0,0,2025-08-21T00:00:00,2025-08-23T00:00:00,benign
req_ben_3021,pat_118,request_deactivation,phi_rec_118,0,0,0,2025-08-16T00:00:00,2025-08-27T00:00:00,benign
req_ben_3780,pat_94,request_access,phi_rec_94,0,1,0,2025-08-29T00:00:00,2025-09-08T00:00:00,benign
req_ben_4386,pat_94,request_deactivation,phi_rec_94,0,0,0,2025-08-23T00:00:00,2025-08-26T00:00:00,benign
req_ben_3202,pat_37,request_access,phi_rec_37,0,1,1,2025-08-23T00:00:00,2025-09-10T00:00:00,benign
req_ben_188,pat_153,request_access,phi_rec_153,0,0,1,2025-08-25T00:00:00,2025-08-27T00:00:00,benign
req_ben_2512,pat_54,request_access,phi_rec_54,1,1,1,2025-08-13T00:00:00,2025-08-25T00:00:00,benign
req_ben_1164,pat_112,request_deactivation,phi_rec_112,0,0,0,2025-08-19T00:00:00,2025-08-23T00:00:00,benign
req_ben_763,pat_141,request_deactivation,phi_rec_141,0,0,0,2025-08-17T00:00:00,2025-08-24T00:00:00,benign
req_ben_3191,pat_39,request_access,phi_rec_39,0,1,0,2025-08-07T00:00:00,2025-09-01T00:00:00,benign
req_ben_660,pat_62,request_access,phi_rec_62,0,0,1,2025-08-10T00:00:00,2025-08-30T00:00:00,benign
req_ben_816,pat_72,request_access,phi_rec_72,0,1,1,2025-08-22T00:00:00,2025-09-04T00:00:00,benign
req_ben_4491,pat_20,request_access,phi_rec_20,1,1,1,2025-08-24T00:00:00,2025-09-02T00:00:00,benign
req_ben_848,pat_66,request_access,phi_rec_66,0,1,1,2025-08-13T00:00:00,2025-09-03T00:00:00,benign
req_ben_2672,pat_11,request_access,phi_rec_11,0,1,0,2025-08-12T00:00:00,2025-08-21T00:00:00,benign
req_ben_3827,pat_47,request_access,phi_rec_47,1,1,1,2025-08-04T00:00:00,2025-08-18T00:00:00,benign
req_vio_142,pat_138,request_access,phi_rec_138,0,1,0,2025-03-01T00:00:00,,violation_gdpr_art15
req_ben_1395,pat_78,request_access,phi_rec_78,1,0,1,2025-08-09T00:00:00,2025-08-29T00:00:00,benign
req_ben_1198,pat_80,request_deactivation,phi_rec_80,0,0,0,2025-08-22T00:00:00,2025-08-28T00:00:00,benign
req_ben_3757,pat_9,request_access,phi_rec_9,1,0,0,2025-08-10T00:00:00,2025-08-15T00:00:00,benign
req_ben_4725,pat_0,request_access,phi_rec_0,1,1,0,2025-08-29T00:00:00,2025-09-18T00:00:00,benign
req_ben_2293,pat_88,request_access,phi_rec_88,0,1,1,2025-08-28T00:00:00,2025-09-10T00:00:00,benign
req_ben_3933,pat_130,request_deactivation,phi_rec_130,0,0,0,2025-08-05T00:00:00,2025-08-25T00:00:00,benign
req_ben_1307,pat_83,request_access,phi_rec_83,1,1,1,2025-08-04T00:00:00,2025-08-21T00:00:00,benign
req_ben_3982,pat_46,request_access,phi_rec_46,1,0,0,2025-08-08T00:00:00,2025-08-16T00:00:00,benign
req_ben_2463,pat_75,request_access,phi_rec_75,1,0,0,2025-08-16T00:00:00,2025-08-21T00:00:00,benign
req_ben_4667,pat_182,request_access,phi_rec_182,1,0,0,2025-08-28T00:00:00,2025-09-12T00:00:00,benign
req_ben_1393,pat_27,request_deactivation,phi_rec_27,0,0,0,2025-08-20T00:00:00,2025-08-23T00:00:00,benign
req_ben_662,pat_38,request_access,phi_rec_38,1,1,1,2025-08-20T00:00:00,2025-08-24T00:00:00,benign
req_ben_2795,pat_143,request_deactivation,phi_rec_143,0,0,0,2025-08-18T00:00:00,2025-09-03T00:00:00,benign
req_ben_700,pat_67,request_access,phi_rec_67,0,1,0,2025-08-30T00:00:00,2025-09-07T00:00:00,benign
req_ben_3613,pat_37,request_access,phi_rec_37,1,0,0,2025-08-11T00:00:00,2025-08-29T00:00:00,benign
req_vio_76,pat_109,request_access,phi_rec_109,1,1,1,2025-05-17T00:00:00,,violation_gdpr_art15
req_ben_37,pat_16,request_access,phi_rec_16,1,1,1,2025-08-08T00:00:00,2025-08-24T00:00:00,benign
req_ben_1736,pat_4,request_access,phi_rec_4,1,1,1,2025-08-15T00:00:00,2025-09-08T00:00:00,benign
req_ben_2079,pat_42,request_deactivation,phi_rec_42,0,0,0,2025-08-19T00:00:00,2025-09-01T00:00:00,benign
req_ben_2718,pat_108,request_access,phi_rec_108,1,0,1,2025-08-18T00:00:00,2025-08-31T00:00:00,benign
req_ben_32,pat_20,request_access,phi_rec_20,1,0,1,2025-08-07T00:00:00,2025-09-01T00:00:00,benign
req_vio_213,pat_14,request_deactivation,phi_rec_14,0,0,0,2025-03-18T00:00:00,,violation_gdpr_art17
req_ben_2041,pat_40,request_access,phi_rec_40,1,0,0,2025-08-03T00:00:00,2025-08-28T00:00:00,benign
req_ben_2028,pat_159,request_access,phi_rec_159,1,1,1,2025-08-04T00:00:00,2025-08-09T00:00:00,benign
req_ben_2880,pat_170,request_access,phi_rec_170,1,1,1,2025-08-13T00:00:00,2025-09-06T00:00:00,benign
req_ben_354,pat_177,request_access,phi_rec_177,1,1,1,2025-08-23T00:00:00,2025-09-12T00:00:00,benign
req_ben_1237,pat_43,request_deactivation,phi_rec_43,0,0,0,2025-08-17T00:00:00,2025-09-06T00:00:00,benign
req_ben_3516,pat_154,request_access,phi_rec_154,1,1,0,2025-08-29T00:00:00,2025-09-14T00:00:00,benign
req_ben_976,pat_156,request_access,phi_rec_156,1,1,1,2025-08-07T00:00:00,2025-08-17T00:00:00,benign
req_ben_3535,pat_88,request_deactivation,phi_rec_88,0,0,0,2025-08-20T00:00:00,2025-09-12T00:00:00,benign
req_ben_2936,pat_199,request_access,phi_rec_199,0,1,1,2025-08-26T00:00:00,2025-09-09T00:00:00,benign
req_ben_174,pat_0,request_deactivation,phi_rec_0,0,0,0,2025-08-11T00:00:00,2025-08-28T00:00:00,benign
req_ben_3530,pat_89,request_access,phi_rec_89,0,0,1,2025-08-21T00:00:00,2025-08-23T00:00:00,benign
req_ben_2569,pat_131,request_access,phi_rec_131,0,1,1,2025-08-19T00:00:00,2025-08-26T00:00:00,benign
req_ben_2869,pat_64,request_access,phi_rec_64,1,0,0,2025-08-16T00:00:00,2025-08-20T00:00:00,benign
req_ben_2832,pat_20,request_access,phi_rec_20,1,1,1,2025-08-30T00:00:00,2025-09-05T00:00:00,benign
req_ben_2805,pat_151,request_deactivation,phi_rec_151,0,0,0,2025-08-28T00:00:00,2025-09-08T00:00:00,benign
req_ben_4048,pat_4,request_deactivation,phi_rec_4,0,0,0,2025-08-12T00:00:00,2025-08-23T00:00:00,benign
req_ben_1969,pat_36,request_deactivation,phi_rec_36,0,0,0,2025-08-08T00:00:00,2025-08-20T00:00:00,benign
req_ben_1562,pat_34,request_access,phi_rec_34,0,0,1,2025-08-28T00:00:00,2025-09-04T00:00:00,benign
req_ben_428,pat_100,request_access,phi_rec_100,1,1,1,2025-08-25T00:00:00,2025-09-17T00:00:00,benign
req_ben_393,pat_102,request_deactivation,phi_rec_102,0,0,0,2025-08-26T00:00:00,2025-08-31T00:00:00,benign
req_ben_4407,pat_193,request_access,phi_rec_193,1,1,1,2025-08-10T00:00:00,2025-08-21T00:00:00,benign
req_ben_4600,pat_190,request_deactivation,phi_rec_190,0,0,0,2025-08-20T00:00:00,2025-08-26T00:00:00,benign
req_ben_4573,pat_105,request_access,phi_rec_105,1,1,0,2025-08-12T00:00:00,2025-09-03T00:00:00,benign
req_ben_4353,pat_125,request_access,phi_rec_125,1,0,0,2025-08-30T00:00:00,2025-09-04T00:00:00,benign
req_ben_500,pat_39,request_deactivation,phi_rec_39,0,0,0,2025-08-04T00:00:00,2025-08-07T00:00:00,benign
req_ben_1486,pat_143,request_access,phi_rec_143,0,0,1,2025-08-20T00:00:00,2025-08-26T00:00:00,benign
req_ben_770,pat_101,request_access,phi_rec_101,0,1,0,2025-08-21T00:00:00,2025-08-23T00:00:00,benign
req_ben_2156,pat_84,request_access,phi_rec_84,1,0,1,2025-08-15T00:00:00,2025-09-07T00:00:00,benign
req_ben_2482,pat_111,request_access,phi_rec_111,1,1,0,2025-08-16T00:00:00,2025-08-17T00:00:00,benign
req_ben_1217,pat_62,request_deactivation,phi_rec_62,0,0,0,2025-08-30T00:00:00,2025-08-31T00:00:00,benign
req_ben_3842,pat_97,request_access,phi_rec_97,0,1,1,2025-08-20T00:00:00,2025-09-06T00:00:00,benign
req_ben_2316,pat_157,request_access,phi_rec_157,1,1,1,2025-08-26T00:00:00,2025-09-12T00:00:00,benign
req_ben_4093,pat_130,request_access,phi_rec_130,1,0,0,2025-08-23T00:00:00,2025-09-17T00:00:00,benign
req_ben_4192,pat_27,request_access,phi_rec_27,0,0,1,2025-08-29T00:00:00,2025-09-07T00:00:00,benign
req_ben_3327,pat_195,request_deactivation,phi_rec_195,0,0,0,2025-08-14T00:00:00,2025-09-08T00:00:00,benign
req_ben_3443,pat_47,request_access,phi_rec_47,0,1,0,2025-08-04T00:00:00,2025-08-07T00:00:00,benign
req_ben_1213,pat_109,request_deactivation,phi_rec_109,0,0,0,2025-08-02T00:00:00,2025-08-18T00:00:00,benign
req_ben_3453,pat_48,request_access,phi_rec_48,1,0,0,2025-08-12T00:00:00,2025-08-14T00:00:00,benign
req_ben_4584,pat_142,request_access,phi_rec_142,1,1,1,2025-08-03T00:00:00,2025-08-11T00:00:00,benign
req_ben_1066,pat_91,request_access,phi_rec_91,1,0,1,2025-08-08T00:00:00,2025-09-01T00:00:00,benign
req_ben_659,pat_75,request_access,phi_rec_75,1,1,1,2025-08-12T00:00:00,2025-09-06T00:00:00,benign
req_ben_4303,pat_4,request_access,phi_rec_4,0,1,1,2025-08-02T00:00:00,2025-08-15T00:00:00,benign
req_ben_4265,pat_138,request_access,phi_rec_138,1,1,1,2025-08-20T00:00:00,2025-08-23T00:00:00,benign
req_ben_851,pat_108,request_access,phi_rec_108,1,1,0,2025-08-14T00:00:00,2025-08-20T00:00:00,benign
req_ben_3829,pat_87,request_deactivation,phi_rec_87,0,0,0,2025-08-11T00:00:00,2025-09-02T00:00:00,benign
req_ben_1340,pat_133,request_deactivation,phi_rec_133,0,0,0,2025-08-24T00:00:00,2025-09-16T00:00:00,benign
req_ben_3127,pat_55,request_deactivation,phi_rec_55,0,0,0,2025-08-09T00:00:00,2025-08-17T00:00:00,benign
req_ben_1290,pat_169,request_deactivation,phi_rec_169,0,0,0,2025-08-02T00:00:00,2025-08-04T00:00:00,benign
req_ben_1824,pat_59,request_access,phi_rec_59,0,0,1,2025-08-29T00:00:00,2025-09-18T00:00:00,benign
req_ben_1161,pat_47,request_access,phi_rec_47,0,1,0,2025-08-09T00:00:00,2025-08-24T00:00:00,benign
req_ben_2031,pat_64,request_access,phi_rec_64,0,1,0,2025-08-08T00:00:00,2025-08-19T00:00:00,benign
req_ben_339,pat_125,request_access,phi_rec_125,1,0,1,2025-08-08T00:00:00,2025-08-16T00:00:00,benign
req_ben_3131,pat_58,request_access,phi_rec_58,1,1,1,2025-08-19T00:00:00,2025-09-11T00:00:00,benign
req_ben_1771,pat_198,request_access,phi_rec_198,1,1,1,2025-08-20T00:00:00,2025-08-25T00:00:00,benign
req_ben_790,pat_163,request_access,phi_rec_163,1,1,0,2025-08-05T00:00:00,2025-08-18T00:00:00,benign
req_ben_3908,pat_43,request_access,phi_rec_43,0,1,0,2025-08-10T00:00:00,2025-09-04T00:00:00,benign
req_ben_2467,pat_115,request_access,phi_rec_115,1,1,1,2025-08-21T00:00:00,2025-09-03T00:00:00,benign
req_ben_4102,pat_86,request_deactivation,phi_rec_86,0,0,0,2025-08-03T00:00:00,2025-08-09T00:00:00,benign
req_ben_1065,pat_188,request_access,phi_rec_188,0,0,1,2025-08-14T00:00:00,2025-08-28T00:00:00,benign
req_ben_3815,pat_155,request_deactivation,phi_rec_155,0,0,0,2025-08-30T00:00:00,2025-09-24T00:00:00,benign
req_ben_2367,pat_75,request_access,phi_rec_75,0,0,1,2025-08-30T00:00:00,2025-09-06T00:00:00,benign
req_ben_1022,pat_4,request_access,phi_rec_4,1,0,0,2025-08-13T00:00:00,2025-08-16T00:00:00,benign
req_ben_667,pat_179,request_deactivation,phi_rec_179,0,0,0,2025-08-05T00:00:00,2025-08-10T00:00:00,benign
req_ben_1100,pat_40,request_deactivation,phi_rec_40,0,0,0,2025-08-27T00:00:00,2025-09-01T00:00:00,benign
req_vio_209,pat_41,request_deactivation,phi_rec_41,0,0,0,2025-05-14T00:00:00,,violation_gdpr_art17
req_vio_45,pat_82,request_deactivation,phi_rec_82,0,0,0,2025-04-14T00:00:00,,violation_gdpr_art17
req_ben_3511,pat_101,request_deactivation,phi_rec_101,0,0,0,2025-08-18T00:00:00,2025-08-26T00:00:00,benign
req_ben_1331,pat_134,request_access,phi_rec_134,1,0,1,2025-08-29T00:00:00,2025-08-30T00:00:00,benign
req_ben_469,pat_199,request_access,phi_rec_199,0,1,1,2025-08-10T00:00:00,2025-08-25T00:00:00,benign
req_ben_4385,pat_177,request_access,phi_rec_177,1,1,1,2025-08-19T00:00:00,2025-08-20T00:00:00,benign
req_ben_433,pat_157,request_deactivation,phi_rec_157,0,0,0,2025-08-14T00:00:00,2025-08-28T00:00:00,benign
req_ben_313,pat_53,request_access,phi_rec_53,1,1,1,2025-08-03T00:00:00,2025-08-25T00:00:00,benign
req_ben_2155,pat_111,request_access,phi_rec_111,0,1,0,2025-08-10T00:00:00,2025-08-12T00:00:00,benign
req_ben_1641,pat_186,request_access,phi_rec_186,1,0,0,2025-08-30T00:00:00,2025-09-20T00:00:00,benign
req_ben_4056,pat_92,request_access,phi_rec_92,1,1,1,2025-08-24T00:00:00,2025-08-30T00:00:00,benign
req_vio_148,pat_188,request_access,phi_rec_188,1,1,1,2025-05-05T00:00:00,,violation_gdpr_art15
req_ben_4620,pat_141,request_deactivation,phi_rec_141,0,0,0,2025-08-10T00:00:00,2025-09-02T00:00:00,benign
req_ben_225,pat_141,request_access,phi_rec_141,0,0,1,2025-08-15T00:00:00,2025-08-28T00:00:00,benign
req_ben_3581,pat_166,request_access,phi_rec_166,1,1,1,2025-08-03T00:00:00,2025-08-27T00:00:00,benign
req_ben_1522,pat_97,request_deactivation,phi_rec_97,0,0,0,2025-08-02T00:00:00,2025-08-07T00:00:00,benign
req_ben_4021,pat_102,request_access,phi_rec_102,0,1,0,2025-08-19T00:00:00,2025-09-13T00:00:00,benign
req_vio_189,pat_81,request_deactivation,phi_rec_81,0,0,0,2025-05-18T00:00:00,,violation_gdpr_art17
req_ben_3820,pat_75,request_access,phi_rec_75,0,0,1,2025-08-17T00:00:00,2025-09-04T00:00:00,benign
req_ben_2703,pat_153,request_access,phi_rec_153,0,0,1,2025-08-02T00:00:00,2025-08-06T00:00:00,benign
req_ben_4475,pat_187,request_deactivation,phi_rec_187,0,0,0,2025-08-08T00:00:00,2025-09-01T00:00:00,benign
req_ben_2671,pat_26,request_access,phi_rec_26,0,0,1,2025-08-17T00:00:00,2025-09-01T00:00:00,benign
req_ben_750,pat_28,request_access,phi_rec_28,0,1,0,2025-08-11T00:00:00,2025-09-01T00:00:00,benign
req_ben_4598,pat_24,request_deactivation,phi_rec_24,0,0,0,2025-08-28T00:00:00,2025-09-18T00:00:00,benign
req_ben_2873,pat_172,request_access,phi_rec_172,1,0,1,2025-08-23T00:00:00,2025-09-03T00:00:00,benign
req_ben_4506,pat_43,request_access,phi_rec_43,1,1,1,2025-08-21T00:00:00,2025-09-11T00:00:00,benign
req_ben_2754,pat_116,request_access,phi_rec_116,1,0,0,2025-08-14T00:00:00,2025-08-18T00:00:00,benign
req_ben_1741,pat_42,request_access,phi_rec_42,0,1,0,2025-08-17T00:00:00,2025-08-30T00:00:00,benign
req_ben_1528,pat_58,request_deactivation,phi_rec_58,0,0,0,2025-08-17T00:00:00,2025-09-07T00:00:00,benign
req_ben_3113,pat_58,request_access,phi_rec_58,1,1,0,2025-08-02T00:00:00,2025-08-08T00:00:00,benign
req_ben_131,pat_47,request_deactivation,phi_rec_47,0,0,0,2025-08-29T00:00:00,2025-09-20T00:00:00,benign
req_ben_985,pat_167,request_access,phi_rec_167,0,0,1,2025-08-19T00:00:00,2025-09-06T00:00:00,benign
req_vio_154,pat_0,request_access,phi_rec_0,0,0,1,2025-05-21T00:00:00,,violation_gdpr_art15
req_ben_4234,pat_39,request_deactivation,phi_rec_39,0,0,0,2025-08-13T00:00:00,2025-08-29T00:00:00,benign
req_ben_2350,pat_170,request_access,phi_rec_170,0,1,0,2025-08-22T00:00:00,2025-08-30T00:00:00,benign
req_ben_680,pat_189,request_access,phi_rec_189,1,0,0,2025-08-23T00:00:00,2025-09-12T00:00:00,benign
req_ben_902,pat_136,request_deactivation,phi_rec_136,0,0,0,2025-08-10T00:00:00,2025-08-30T00:00:00,benign
req_ben_1734,pat_140,request_deactivation,phi_rec_140,0,0,0,2025-08-25T00:00:00,2025-09-19T00:00:00,benign
req_ben_1175,pat_165,request_deactivation,phi_rec_165,0,0,0,2025-08-22T00:00:00,2025-09-02T00:00:00,benign
req_ben_3932,pat_39,request_access,phi_rec_39,1,1,1,2025-08-05T00:00:00,2025-08-28T00:00:00,benign
req_ben_1101,pat_85,request_access,phi_rec_85,0,1,1,2025-08-03T00:00:00,2025-08-09T00:00:00,benign
req_ben_2323,pat_145,request_access,phi_rec_145,1,0,0,2025-08-18T00:00:00,2025-08-28T00:00:00,benign
req_ben_421,pat_157,request_access,phi_rec_157,1,1,1,2025-08-24T00:00:00,2025-09-12T00:00:00,benign
req_ben_3308,pat_8,request_access,phi_rec_8,0,1,1,2025-08-02T00:00:00,2025-08-18T00:00:00,benign
req_ben_1359,pat_106,request_access,phi_rec_106,1,0,1,2025-08-24T00:00:00,2025-09-08T00:00:00,benign
req_ben_1474,pat_6,request_access,phi_rec_6,1,1,1,2025-08-08T00:00:00,2025-08-13T00:00:00,benign
req_ben_3722,pat_118,request_access,phi_rec_118,1,1,1,2025-08-23T00:00:00,2025-09-13T00:00:00,benign
req_ben_4019,pat_128,request_access,phi_rec_128,1,0,1,2025-08-07T00:00:00,2025-08-31T00:00:00,benign
req_ben_396,pat_81,request_access,phi_rec_81,1,1,1,2025-08-14T00:00:00,2025-08-25T00:00:00,benign
req_ben_945,pat_121,request_access,phi_rec_121,1,1,1,2025-08-29T00:00:00,2025-08-31T00:00:00,benign
req_ben_1218,pat_46,request_access,phi_rec_46,0,0,1,2025-08-18T00:00:00,2025-09-10T00:00:00,benign
req_ben_2409,pat_182,request_access,phi_rec_182,1,1,1,2025-08-02T00:00:00,2025-08-03T00:00:00,benign
req_ben_497,pat_150,request_access,phi_rec_150,1,1,0,2025-08-15T00:00:00,2025-08-27T00:00:00,benign
req_ben_3256,pat_86,request_access,phi_rec_86,1,1,1,2025-08-29T00:00:00,2025-09-19T00:00:00,benign
req_ben_4555,pat_196,request_access,phi_rec_196,1,0,0,2025-08-02T00:00:00,2025-08-13T00:00:00,benign
req_ben_3268,pat_133,request_access,phi_rec_133,0,1,0,2025-08-27T00:00:00,2025-09-07T00:00:00,benign
req_ben_312,pat_181,request_access,phi_rec_181,1,0,0,2025-08-02T00:00:00,2025-08-15T00:00:00,benign
req_ben_3761,pat_123,request_access,phi_rec_123,1,1,1,2025-08-08T00:00:00,2025-08-22T00:00:00,benign
req_ben_4583,pat_48,request_access,phi_rec_48,1,1,1,2025-08-16T00:00:00,2025-08-24T00:00:00,benign
req_vio_87,pat_172,request_deactivation,phi_rec_172,0,0,0,2025-04-21T00:00:00,,violation_gdpr_art17
req_ben_2991,pat_74,request_deactivation,phi_rec_74,0,0,0,2025-08-12T00:00:00,2025-08-26T00:00:00,benign
req_vio_95,pat_195,request_deactivation,phi_rec_195,0,0,0,2025-06-28T00:00:00,,violation_gdpr_art17
req_ben_3678,pat_95,request_access,phi_rec_95,0,1,0,2025-08-24T00:00:00,2025-09-15T00:00:00,benign
req_ben_905,pat_5,request_access,phi_rec_5,0,0,1,2025-08-14T00:00:00,2025-09-06T00:00:00,benign
req_vio_55,pat_14,request_deactivation,phi_rec_14,0,0,0,2025-04-21T00:00:00,,violation_gdpr_art17
req_ben_3129,pat_16,request_deactivation,phi_rec_16,0,0,0,2025-08-11T00:00:00,2025-08-17T00:00:00,benign
req_ben_2169,pat_184,request_access,phi_rec_184,0,0,1,2025-08-18T00:00:00,2025-08-28T00:00:00,benign
req_ben_1719,pat_15,request_access,phi_rec_15,1,1,1,2025-08-09T00:00:00,2025-08-19T00:00:00,benign
req_ben_2950,pat_4,request_access,phi_rec_4,0,1,0,2025-08-19T00:00:00,2025-08-20T00:00:00,benign
req_ben_161,pat_27,request_access,phi_rec_27,0,1,1,2025-08-14T00:00:00,2025-08-15T00:00:00,benign
req_ben_2044,pat_198,request_access,phi_rec_198,0,0,1,2025-08-23T00:00:00,2025-08-27T00:00:00,benign
req_ben_2376,pat_48,request_deactivation,phi_rec_48,0,0,0,2025-08-09T00:00:00,2025-08-23T00:00:00,benign
req_ben_2999,pat_44,request_access,phi_rec_44,1,0,0,2025-08-08T00:00:00,2025-09-02T00:00:00,benign
req_ben_61,pat_65,request_access,phi_rec_65,0,0,1,2025-08-10T00:00:00,2025-08-15T00:00:00,benign
req_ben_412,pat_80,request_deactivation,phi_rec_80,0,0,0,2025-08-29T00:00:00,2025-09-02T00:00:00,benign
req_ben_4166,pat_90,request_deactivation,phi_rec_90,0,0,0,2025-08-18T00:00:00,2025-09-07T00:00:00,benign
req_ben_3408,pat_159,request_deactivation,phi_rec_159,0,0,0,2025-08-02T00:00:00,2025-08-22T00:00:00,benign
req_ben_1699,pat_121,request_deactivation,phi_rec_121,0,0,0,2025-08-14T00:00:00,2025-08-26T00:00:00,benign
req_ben_1602,pat_32,request_access,phi_rec_32,0,1,1,2025-08-26T00:00:00,2025-08-28T00:00:00,benign
req_ben_2527,pat_146,request_access,phi_rec_146,1,1,1,2025-08-25T00:00:00,2025-08-27T00:00:00,benign
req_ben_223,pat_99,request_access,phi_rec_99,0,1,0,2025-08-19T00:00:00,2025-08-20T00:00:00,benign
req_ben_466,pat_67,request_access,phi_rec_67,1,0,1,2025-08-26T00:00:00,2025-09-02T00:00:00,benign
req_ben_2745,pat_61,request_access,phi_rec_61,1,1,1,2025-08-14T00:00:00,2025-09-03T00:00:00,benign
req_ben_1609,pat_36,request_deactivation,phi_rec_36,0,0,0,2025-08-10T00:00:00,2025-08-30T00:00:00,benign
req_ben_3981,pat_162,request_access,phi_rec_162,0,1,0,2025-08-23T00:00:00,2025-09-09T00:00:00,benign
req_ben_2562,pat_88,request_access,phi_rec_88,1,1,1,2025-08-27T00:00:00,2025-09-14T00:00:00,benign
req_ben_3707,pat_175,request_access,phi_rec_175,0,0,1,2025-08-08T00:00:00,2025-08-23T00:00:00,benign
req_ben_2354,pat_181,request_deactivation,phi_rec_181,0,0,0,2025-08-25T00:00:00,2025-08-26T00:00:00,benign
req_ben_1346,pat_136,request_access,phi_rec_136,1,1,0,2025-08-23T00:00:00,2025-08-25T00:00:00,benign
req_ben_3861,pat_107,request_access,phi_rec_107,1,0,1,2025-08-02T00:00:00,2025-08-19T00:00:00,benign
req_ben_1781,pat_126,request_access,phi_rec_126,0,1,1,2025-08-06T00:00:00,2025-08-21T00:00:00,benign
req_ben_2076,pat_114,request_access,phi_rec_114,1,1,1,2025-08-28T00:00:00,2025-09-21T00:00:00,benign
req_ben_3747,pat_36,request_access,phi_rec_36,1,1,1,2025-08-19T00:00:00,2025-08-20T00:00:00,benign
req_ben_1297,pat_134,request_access,phi_rec_134,1,0,0,2025-08-15T00:00:00,2025-08-27T00:00:00,benign
req_ben_4345,pat_114,request_access,phi_rec_114,0,1,0,2025-08-19T00:00:00,2025-08-25T00:00:00,benign
req_ben_2328,pat_98,request_access,phi_rec_98,1,1,1,2025-08-08T00:00:00,2025-08-23T00:00:00,benign
req_ben_4124,pat_25,request_deactivation,phi_rec_25,0,0,0,2025-08-16T00:00:00,2025-08-18T00:00:00,benign
req_ben_1345,pat_65,request_deactivation,phi_rec_65,0,0,0,2025-08-03T00:00:00,2025-08-11T00:00:00,benign
req_ben_1452,pat_56,request_deactivation,phi_rec_56,0,0,0,2025-08-29T00:00:00,2025-08-30T00:00:00,benign
req_ben_4131,pat_68,request_deactivation,phi_rec_68,0,0,0,2025-08-10T00:00:00,2025-08-27T00:00:00,benign
req_ben_4318,pat_186,request_deactivation,phi_rec_186,0,0,0,2025-08-06T00:00:00,2025-08-19T00:00:00,benign
req_ben_1549,pat_159,request_access,phi_rec_159,1,1,1,2025-08-08T00:00:00,2025-08-25T00:00:00,benign
req_ben_2641,pat_34,request_access,phi_rec_34,1,0,1,2025-08-19T00:00:00,2025-08-20T00:00:00,benign
req_ben_1058,pat_78,request_access,phi_rec_78,1,1,1,2025-08-16T00:00:00,2025-08-22T00:00:00,benign
req_ben_2533,pat_75,request_access,phi_rec_75,1,1,1,2025-08-27T00:00:00,2025-09-12T00:00:00,benign
req_ben_4562,pat_9,request_access,phi_rec_9,1,1,0,2025-08-06T00:00:00,2025-08-16T00:00:00,benign
req_ben_4028,pat_24,request_deactivation,phi_rec_24,0,0,0,2025-08-07T00:00:00,2025-08-13T00:00:00,benign
req_ben_1023,pat_143,request_access,phi_rec_143,0,1,1,2025-08-09T00:00:00,2025-08-25T00:00:00,benign
req_ben_2565,pat_4,request_access,phi_rec_4,1,1,0,2025-08-16T00:00:00,2025-08-19T00:00:00,benign
req_ben_181,pat_136,request_access,phi_rec_136,1,0,1,2025-08-09T00:00:00,2025-08-22T00:00:00,benign
req_ben_2216,pat_144,request_access,phi_rec_144,1,1,1,2025-08-26T00:00:00,2025-08-28T00:00:00,benign
req_ben_3617,pat_25,request_deactivation,phi_rec_25,0,0,0,2025-08-10T00:00:00,2025-08-12T00:00:00,benign
req_ben_4232,pat_62,request_access,phi_rec_62,1,1,1,2025-08-06T00:00:00,2025-08-15T00:00:00,benign
req_ben_2871,pat_117,request_access,phi_rec_117,1,1,1,2025-08-11T00:00:00,2025-08-16T00:00:00,benign
req_ben_508,pat_162,request_deactivation,phi_rec_162,0,0,0,2025-08-13T00:00:00,2025-08-26T00:00:00,benign
req_ben_246,pat_128,request_access,phi_rec_128,1,1,1,2025-08-19T00:00:00,2025-08-26T00:00:00,benign
req_ben_708,pat_29,request_deactivation,phi_rec_29,0,0,0,2025-08-30T00:00:00,2025-09-17T00:00:00,benign
req_ben_2678,pat_161,request_deactivation,phi_rec_161,0,0,0,2025-08-27T00:00:00,2025-09-07T00:00:00,benign
req_ben_1067,pat_125,request_access,phi_rec_125,0,1,1,2025-08-03T00:00:00,2025-08-16T00:00:00,benign
req_ben_2694,pat_147,request_deactivation,phi_rec_147,0,0,0,2025-08-06T00:00:00,2025-08-17T00:00:00,benign
req_ben_2217,pat_144,request_access,phi_rec_144,1,0,1,2025-08-26T00:00:00,2025-08-27T00:00:00,benign
req_ben_4326,pat_28,request_access,phi_rec_28,1,1,0,2025-08-12T00:00:00,2025-08-25T00:00:00,benign
req_ben_2720,pat_196,request_access,phi_rec_196,1,0,1,2025-08-14T00:00:00,2025-08-30T00:00:00,benign
req_ben_3013,pat_102,request_deactivation,phi_rec_102,0,0,0,2025-08-15T00:00:00,2025-09-02T00:00:00,benign
req_ben_3130,pat_36,request_deactivation,phi_rec_36,0,0,0,2025-08-24T00:00:00,2025-09-11T00:00:00,benign
req_ben_2272,pat_14,request_deactivation,phi_rec_14,0,0,0,2025-08-07T00:00:00,2025-08-12T00:00:00,benign
req_ben_449,pat_40,request_deactivation,phi_rec_40,0,0,0,2025-08-16T00:00:00,2025-09-03T00:00:00,benign
req_ben_2327,pat_111,request_access,phi_rec_111,1,1,1,2025-08-03T00:00:00,2025-08-15T00:00:00,benign
req_ben_1491,pat_97,request_access,phi_rec_97,1,1,1,2025-08-22T00:00:00,2025-08-29T00:00:00,benign
req_ben_121,pat_166,request_access,phi_rec_166,1,1,1,2025-08-16T00:00:00,2025-08-17T00:00:00,benign
req_ben_759,pat_13,request_access,phi_rec_13,1,0,0,2025-08-22T00:00:00,2025-08-26T00:00:00,benign
req_ben_3562,pat_190,request_access,phi_rec_190,1,0,0,2025-08-22T00:00:00,2025-08-25T00:00:00,benign
req_ben_2887,pat_128,request_deactivation,phi_rec_128,0,0,0,2025-08-22T00:00:00,2025-09-01T00:00:00,benign
req_ben_2391,pat_57,request_access,phi_rec_57,1,1,1,2025-08-16T00:00:00,2025-09-07T00:00:00,benign
req_ben_68,pat_16,request_access,phi_rec_16,0,1,0,2025-08-26T00:00:00,2025-09-06T00:00:00,benign
req_ben_2624,pat_188,request_deactivation,phi_rec_188,0,0,0,2025-08-09T00:00:00,2025-08-23T00:00:00,benign
req_ben_1082,pat_15,request_deactivation,phi_rec_15,0,0,0,2025-08-26T00:00:00,2025-09-02T00:00:00,benign
req_vio_15,pat_94,request_deactivation,phi_rec_94,0,0,0,2025-04-19T00:00:00,,violation_gdpr_art17
req_ben_3265,pat_24,request_deactivation,phi_rec_24,0,0,0,2025-08-22T00:00:00,2025-09-08T00:00:00,benign
req_ben_2700,pat_41,request_access,phi_rec_41,1,1,1,2025-08-14T00:00:00,2025-08-24T00:00:00,benign
req_ben_3758,pat_173,request_deactivation,phi_rec_173,0,0,0,2025-08-09T00:00:00,2025-08-22T00:00:00,benign
req_vio_38,pat_183,request_access,phi_rec_183,1,0,1,2025-04-14T00:00:00,,violation_gdpr_art15
req_ben_2033,pat_105,request_deactivation,phi_rec_105,0,0,0,2025-08-25T00:00:00,2025-09-08T00:00:00,benign
req_ben_3380,pat_192,request_access,phi_rec_192,1,1,1,2025-08-05T00:00:00,2025-08-09T00:00:00,benign
req_ben_3522,pat_63,request_access,phi_rec_63,1,0,0,2025-08-03T00:00:00,2025-08-15T00:00:00,benign
req_ben_3475,pat_184,request_deactivation,phi_rec_184,0,0,0,2025-08-04T00:00:00,2025-08-05T00:00:00,benign
req_ben_2669,pat_100,request_access,phi_rec_100,0,1,0,2025-08-16T00:00:00,2025-09-07T00:00:00,benign
req_ben_2993,pat_150,request_deactivation,phi_rec_150,0,0,0,2025-08-12T00:00:00,2025-08-31T00:00:00,benign
req_ben_3462,pat_100,request_deactivation,phi_rec_100,0,0,0,2025-08-11T00:00:00,2025-08-19T00:00:00,benign
req_ben_1303,pat_77,request_access,phi_rec_77,1,1,0,2025-08-16T00:00:00,2025-08-18T00:00:00,benign
req_ben_256,pat_78,request_deactivation,phi_rec_78,0,0,0,2025-08-17T00:00:00,2025-09-08T00:00:00,benign
req_ben_1670,pat_72,request_deactivation,phi_rec_72,0,0,0,2025-08-09T00:00:00,2025-08-12T00:00:00,benign
req_ben_1446,pat_129,request_access,phi_rec_129,0,1,0,2025-08-05T00:00:00,2025-08-08T00:00:00,benign
req_ben_2172,pat_191,request_deactivation,phi_rec_191,0,0,0,2025-08-06T00:00:00,2025-08-23T00:00:00,benign
req_ben_3723,pat_110,request_access,phi_rec_110,1,0,1,2025-08-27T00:00:00,2025-09-01T00:00:00,benign
req_ben_744,pat_47,request_access,phi_rec_47,1,1,0,2025-08-22T00:00:00,2025-08-31T00:00:00,benign
req_ben_911,pat_62,request_access,phi_rec_62,1,1,0,2025-08-06T00:00:00,2025-08-11T00:00:00,benign
req_ben_325,pat_5,request_access,phi_rec_5,0,0,1,2025-08-20T00:00:00,2025-09-07T00:00:00,benign
req_ben_1718,pat_168,request_deactivation,phi_rec_168,0,0,0,2025-08-20T00:00:00,2025-09-06T00:00:00,benign
req_ben_207,pat_80,request_access,phi_rec_80,1,1,1,2025-08-02T00:00:00,2025-08-22T00:00:00,benign
req_ben_3399,pat_27,request_access,phi_rec_27,0,1,1,2025-08-17T00:00:00,2025-08-31T00:00:00,benign
req_ben_1535,pat_179,request_deactivation,phi_rec_179,0,0,0,2025-08-30T00:00:00,2025-09-08T00:00:00,benign
req_ben_2770,pat_114,request_access,phi_rec_114,1,0,0,2025-08-09T00:00:00,2025-08-13T00:00:00,benign
req_ben_2621,pat_21,request_access,phi_rec_21,1,0,0,2025-08-14T00:00:00,2025-09-01T00:00:00,benign
req_ben_1243,pat_38,request_deactivation,phi_rec_38,0,0,0,2025-08-06T00:00:00,2025-08-11T00:00:00,benign
req_ben_2735,pat_122,request_access,phi_rec_122,1,1,1,2025-08-13T00:00:00,2025-09-07T00:00:00,benign
req_ben_2633,pat_150,request_access,phi_rec_150,1,1,1,2025-08-21T00:00:00,2025-09-07T00:00:00,benign
req_ben_3826,pat_44,request_access,phi_rec_44,1,0,0,2025-08-15T00:00:00,2025-08-18T00:00:00,benign
req_ben_3653,pat_79,request_access,phi_rec_79,1,1,1,2025-08-21T00:00:00,2025-08-29T00:00:00,benign
req_ben_4609,pat_83,request_access,phi_rec_83,1,1,0,2025-08-20T00:00:00,2025-09-01T00:00:00,benign
req_ben_101,pat_100,request_access,phi_rec_100,0,1,1,2025-08-08T00:00:00,2025-09-01T00:00:00,benign
req_ben_3242,pat_53,request_access,phi_rec_53,0,1,0,2025-08-25T00:00:00,2025-09-11T00:00:00,benign
req_ben_3471,pat_189,request_access,phi_rec_189,1,1,1,2025-08-23T00:00:00,2025-09-16T00:00:00,benign
req_ben_1556,pat_121,request_access,phi_rec_121,1,0,0,2025-08-07T00:00:00,2025-08-24T00:00:00,benign
req_ben_2190,pat_140,request_access,phi_rec_140,0,1,1,2025-08-13T00:00:00,2025-08-23T00:00:00,benign
req_ben_1051,pat_184,request_deactivation,phi_rec_184,0,0,0,2025-08-11T00:00:00,2025-08-30T00:00:00,benign
req_ben_537,pat_157,request_deactivation,phi_rec_157,0,0,0,2025-08-17T00:00:00,2025-08-23T00:00:00,benign
req_ben_3077,pat_94,request_access,phi_rec_94,0,0,1,2025-08-06T00:00:00,2025-08-23T00:00:00,benign
req_ben_3174,pat_172,request_access,phi_rec_172,1,1,1,2025-08-15T00:00:00,2025-08-17T00:00:00,benign
req_ben_3119,pat_197,request_access,phi_rec_197,1,0,1,2025-08-02T00:00:00,2025-08-18T00:00:00,benign
req_ben_2557,pat_71,request_access,phi_rec_71,1,0,0,2025-08-04T00:00:00,2025-08-23T00:00:00,benign
req_ben_799,pat_173,request_access,phi_rec_173,1,1,0,2025-08-07T00:00:00,2025-08-21T00:00:00,benign
req_ben_2681,pat_144,request_access,phi_rec_144,1,1,1,2025-08-25T00:00:00,2025-08-26T00:00:00,benign
req_ben_369,pat_38,request_access,phi_rec_38,1,0,0,2025-08-12T00:00:00,2025-08-14T00:00:00,benign
req_ben_450,pat_108,request_access,phi_rec_108,1,0,1,2025-08-04T00:00:00,2025-08-26T00:00:00,benign
req_ben_3909,pat_179,request_access,phi_rec_179,0,1,0,2025-08-08T00:00:00,2025-08-12T00:00:00,benign
req_ben_333,pat_136,request_access,phi_rec_136,1,1,0,2025-08-27T00:00:00,2025-09-06T00:00:00,benign
req_ben_33,pat_123,request_access,phi_rec_123,1,0,1,2025-08-11T00:00:00,2025-09-03T00:00:00,benign
req_ben_2040,pat_23,request_deactivation,phi_rec_23,0,0,0,2025-08-22T00:00:00,2025-08-31T00:00:00,benign
req_ben_1761,pat_83,request_deactivation,phi_rec_83,0,0,0,2025-08-12T00:00:00,2025-08-22T00:00:00,benign
req_ben_3540,pat_199,request_access,phi_rec_199,0,0,1,2025-08-27T00:00:00,2025-09-16T00:00:00,benign
req_ben_2895,pat_35,request_access,phi_rec_35,0,0,1,2025-08-26T00:00:00,2025-09-01T00:00:00,benign
req_ben_2594,pat_8,request_access,phi_rec_8,1,1,1,2025-08-16T00:00:00,2025-08-18T00:00:00,benign
req_ben_486,pat_118,request_access,phi_rec_118,0,1,1,2025-08-10T00:00:00,2025-09-01T00:00:00,benign
req_ben_3300,pat_153,request_access,phi_rec_153,1,1,1,2025-08-07T00:00:00,2025-08-16T00:00:00,benign
req_ben_3791,pat_159,request_access,phi_rec_159,1,0,0,2025-08-09T00:00:00,2025-09-02T00:00:00,benign
req_ben_4281,pat_20,request_deactivation,phi_rec_20,0,0,0,2025-08-14T00:00:00,2025-08-25T00:00:00,benign
req_ben_4218,pat_199,request_deactivation,phi_rec_199,0,0,0,2025-08-07T00:00:00,2025-08-24T00:00:00,benign
req_ben_1663,pat_112,request_access,phi_rec_112,1,0,1,2025-08-23T00:00:00,2025-09-02T00:00:00,benign
req_ben_1553,pat_131,request_access,phi_rec_131,0,0,1,2025-08-26T00:00:00,2025-09-19T00:00:00,benign
req_vio_194,pat_122,request_access,phi_rec_122,0,0,1,2025-06-17T00:00:00,,violation_gdpr_art15
req_ben_453,pat_31,request_access,phi_rec_31,1,1,1,2025-08-15T00:00:00,2025-08-20T00:00:00,benign
req_ben_1131,pat_78,request_access,phi_rec_78,1,1,1,2025-08-02T00:00:00,2025-08-16T00:00:00,benign
req_ben_3126,pat_186,request_access,phi_rec_186,1,1,1,2025-08-22T00:00:00,2025-09-14T00:00:00,benign
req_ben_1997,pat_0,request_access,phi_rec_0,1,0,1,2025-08-29T00:00:00,2025-09-03T00:00:00,benign
req_ben_1986,pat_14,request_access,phi_rec_14,0,1,1,2025-08-10T00:00:00,2025-08-11T00:00:00,benign
req_ben_2656,pat_125,request_deactivation,phi_rec_125,0,0,0,2025-08-07T00:00:00,2025-08-10T00:00:00,benign
req_ben_4288,pat_36,request_deactivation,phi_rec_36,0,0,0,2025-08-21T00:00:00,2025-08-31T00:00:00,benign
req_ben_303,pat_100,request_deactivation,phi_rec_100,0,0,0,2025-08-05T00:00:00,2025-08-30T00:00:00,benign
req_ben_4240,pat_152,request_access,phi_rec_152,1,1,1,2025-08-19T00:00:00,2025-08-27T00:00:00,benign
req_ben_1194,pat_135,request_access,phi_rec_135,1,0,0,2025-08-04T00:00:00,2025-08-28T00:00:00,benign
req_ben_3785,pat_107,request_access,phi_rec_107,1,1,1,2025-08-20T00:00:00,2025-09-04T00:00:00,benign
req_ben_3097,pat_189,request_deactivation,phi_rec_189,0,0,0,2025-08-20T00:00:00,2025-09-02T00:00:00,benign
req_ben_2614,pat_12,request_access,phi_rec_12,1,1,1,2025-08-16T00:00:00,2025-08-18T00:00:00,benign
req_ben_1661,pat_171,request_deactivation,phi_rec_171,0,0,0,2025-08-02T00:00:00,2025-08-08T00:00:00,benign
req_ben_4079,pat_19,request_access,phi_rec_19,1,1,1,2025-08-24T00:00:00,2025-09-03T00:00:00,benign
req_ben_3438,pat_156,request_deactivation,phi_rec_156,0,0,0,2025-08-14T00:00:00,2025-09-06T00:00:00,benign
req_ben_1103,pat_28,request_access,phi_rec_28,0,1,1,2025-08-19T00:00:00,2025-08-22T00:00:00,benign
req_ben_2842,pat_57,request_access,phi_rec_57,1,1,1,2025-08-11T00:00:00,2025-09-01T00:00:00,benign
req_ben_3783,pat_127,request_access,phi_rec_127,1,0,1,2025-08-10T00:00:00,2025-08-15T00:00:00,benign
req_ben_2722,pat_91,request_access,phi_rec_91,1,1,1,2025-08-04T00:00:00,2025-08-09T00:00:00,benign
req_ben_614,pat_167,request_deactivation,phi_rec_167,0,0,0,2025-08-30T00:00:00,2025-09-12T00:00:00,benign
req_ben_2521,pat_45,request_deactivation,phi_rec_45,0,0,0,2025-08-06T00:00:00,2025-08-31T00:00:00,benign
req_ben_361,pat_193,request_access,phi_rec_193,1,1,0,2025-08-20T00:00:00,2025-09-13T00:00:00,benign
req_ben_4392,pat_53,request_access,phi_rec_53,1,0,0,2025-08-17T00:00:00,2025-08-26T00:00:00,benign
req_ben_13,pat_179,request_deactivation,phi_rec_179,0,0,0,2025-08-04T00:00:00,2025-08-13T00:00:00,benign
req_ben_3929,pat_82,request_deactivation,phi_rec_82,0,0,0,2025-08-04T00:00:00,2025-08-25T00:00:00,benign
req_ben_1316,pat_61,request_deactivation,phi_rec_61,0,0,0,2025-08-09T00:00:00,2025-08-27T00:00:00,benign
req_ben_1282,pat_49,request_access,phi_rec_49,1,1,0,2025-08-30T00:00:00,2025-09-05T00:00:00,benign
req_ben_4249,pat_180,request_access,phi_rec_180,1,1,1,2025-08-12T00:00:00,2025-08-30T00:00:00,benign
req_ben_3769,pat_149,request_access,phi_rec_149,1,0,0,2025-08-03T00:00:00,2025-08-28T00:00:00,benign
req_ben_3140,pat_160,request_deactivation,phi_rec_160,0,0,0,2025-08-29T00:00:00,2025-09-09T00:00:00,benign
req_ben_4408,pat_107,request_access,phi_rec_107,1,1,1,2025-08-17T00:00:00,2025-08-28T00:00:00,benign
req_ben_240,pat_148,request_access,phi_rec_148,0,1,1,2025-08-04T00:00:00,2025-08-22T00:00:00,benign
req_ben_2183,pat_187,request_access,phi_rec_187,1,0,0,2025-08-21T00:00:00,2025-09-13T00:00:00,benign
req_ben_2309,pat_113,request_access,phi_rec_113,0,1,1,2025-08-10T00:00:00,2025-08-25T00:00:00,benign
req_ben_3238,pat_114,request_access,phi_rec_114,1,1,1,2025-08-30T00:00:00,2025-09-06T00:00:00,benign
req_ben_4089,pat_101,request_access,phi_rec_101,1,1,1,2025-08-19T00:00:00,2025-08-20T00:00:00,benign
req_ben_2236,pat_15,request_access,phi_rec_15,0,1,1,2025-08-30T00:00:00,2025-09-02T00:00:00,benign
req_ben_111,pat_173,request_deactivation,phi_rec_173,0,0,0,2025-08-06T00:00:00,2025-08-24T00:00:00,benign
req_ben_57,pat_142,request_deactivation,phi_rec_142,0,0,0,2025-08-16T00:00:00,2025-09-04T00:00:00,benign
req_ben_2060,pat_61,request_deactivation,phi_rec_61,0,0,0,2025-08-07T00:00:00,2025-08-23T00:00:00,benign
req_ben_922,pat_105,request_access,phi_rec_105,1,1,1,2025-08-17T00:00:00,2025-08-20T00:00:00,benign
req_ben_2945,pat_30,request_deactivation,phi_rec_30,0,0,0,2025-08-15T00:00:00,2025-08-23T00:00:00,benign
req_ben_3053,pat_29,request_access,phi_rec_29,1,1,1,2025-08-03T00:00:00,2025-08-27T00:00:00,benign
req_ben_4349,pat_112,request_deactivation,phi_rec_112,0,0,0,2025-08-26T00:00:00,2025-09-04T00:00:00,benign
req_ben_578,pat_150,request_access,phi_rec_150,1,1,1,2025-08-02T00:00:00,2025-08-22T00:00:00,benign
req_ben_4057,pat_89,request_deactivation,phi_rec_89,0,0,0,2025-08-22T00:00:00,2025-09-09T00:00:00,benign
req_ben_970,pat_119,request_access,phi_rec_119,1,1,0,2025-08-26T00:00:00,2025-08-29T00:00:00,benign
req_ben_2292,pat_48,request_access,phi_rec_48,1,1,1,2025-08-04T00:00:00,2025-08-23T00:00:00,benign
req_ben_2691,pat_113,request_access,phi_rec_113,0,1,1,2025-08-18T00:00:00,2025-09-07T00:00:00,benign
req_ben_493,pat_107,request_access,phi_rec_107,1,0,1,2025-08-08T00:00:00,2025-08-11T00:00:00,benign
req_ben_4611,pat_128,request_deactivation,phi_rec_128,0,0,0,2025-08-26T00:00:00,2025-09-04T00:00:00,benign
req_ben_2799,pat_47,request_access,phi_rec_47,1,1,1,2025-08-13T00:00:00,2025-08-16T00:00:00,benign
req_ben_4228,pat_28,request_deactivation,phi_rec_28,0,0,0,2025-08-19T00:00:00,2025-09-01T00:00:00,benign
req_ben_308,pat_172,request_access,phi_rec_172,1,1,1,2025-08-09T00:00:00,2025-08-25T00:00:00,benign
req_ben_2828,pat_118,request_deactivation,phi_rec_118,0,0,0,2025-08-23T00:00:00,2025-09-09T00:00:00,benign
req_ben_3005,pat_3,request_access,phi_rec_3,1,1,1,2025-08-06T00:00:00,2025-08-30T00:00:00,benign
req_ben_1721,pat_29,request_access,phi_rec_29,1,0,0,2025-08-05T00:00:00,2025-08-23T00:00:00,benign
req_ben_2481,pat_161,request_access,phi_rec_161,0,0,1,2025-08-13T00:00:00,2025-08-14T00:00:00,benign
req_ben_4107,pat_5,request_access,phi_rec_5,1,1,1,2025-08-06T00:00:00,2025-08-11T00:00:00,benign
req_ben_1754,pat_132,request_deactivation,phi_rec_132,0,0,0,2025-08-12T00:00:00,2025-08-21T00:00:00,benign
req_ben_3924,pat_177,request_access,phi_rec_177,0,1,0,2025-08-08T00:00:00,2025-08-22T00:00:00,benign
req_ben_4063,pat_174,request_deactivation,phi_rec_174,0,0,0,2025-08-20T00:00:00,2025-08-21T00:00:00,benign
req_ben_2325,pat_34,request_access,phi_rec_34,1,1,0,2025-08-03T00:00:00,2025-08-26T00:00:00,benign
req_ben_4239,pat_22,request_access,phi_rec_22,0,1,0,2025-08-21T00:00:00,2025-08-28T00:00:00,benign
req_ben_3565,pat_184,request_access,phi_rec_184,0,0,1,2025-08-27T00:00:00,2025-08-29T00:00:00,benign
req_ben_3165,pat_70,request_access,phi_rec_70,1,1,0,2025-08-19T00:00:00,2025-09-13T00:00:00,benign
req_ben_2255,pat_0,request_access,phi_rec_0,0,1,0,2025-08-04T00:00:00,2025-08-22T00:00:00,benign
req_ben_3674,pat_104,request_access,phi_rec_104,1,1,1,2025-08-27T00:00:00,2025-09-18T00:00:00,benign
req_ben_3616,pat_171,request_deactivation,phi_rec_171,0,0,0,2025-08-29T00:00:00,2025-09-23T00:00:00,benign
req_ben_725,pat_150,request_access,phi_rec_150,1,0,0,2025-08-06T00:00:00,2025-08-21T00:00:00,benign
req_ben_368,pat_53,request_access,phi_rec_53,0,1,0,2025-08-24T00:00:00,2025-09-15T00:00:00,benign
req_ben_1942,pat_147,request_access,phi_rec_147,1,0,0,2025-08-22T00:00:00,2025-09-05T00:00:00,benign
req_ben_4040,pat_119,request_access,phi_rec_119,0,1,0,2025-08-15T00:00:00,2025-09-04T00:00:00,benign
req_ben_322,pat_110,request_access,phi_rec_110,1,1,0,2025-08-29T00:00:00,2025-09-10T00:00:00,benign
req_ben_1524,pat_55,request_access,phi_rec_55,0,0,1,2025-08-22T00:00:00,2025-09-01T00:00:00,benign
req_ben_3612,pat_33,request_access,phi_rec_33,1,1,1,2025-08-02T00:00:00,2025-08-14T00:00:00,benign
req_ben_1715,pat_7,request_access,phi_rec_7,0,1,0,2025-08-18T00:00:00,2025-09-06T00:00:00,benign
req_ben_697,pat_11,request_deactivation,phi_rec_11,0,0,0,2025-08-20T00:00:00,2025-09-14T00:00:00,benign
req_ben_1582,pat_187,request_access,phi_rec_187,1,1,0,2025-08-28T00:00:00,2025-09-12T00:00:00,benign
req_ben_3495,pat_62,request_access,phi_rec_62,0,1,0,2025-08-11T00:00:00,2025-08-18T00:00:00,benign
req_ben_961,pat_63,request_access,phi_rec_63,0,1,1,2025-08-26T00:00:00,2025-08-30T00:00:00,benign
req_ben_2233,pat_91,request_access,phi_rec_91,1,1,1,2025-08-26T00:00:00,2025-09-20T00:00:00,benign
req_ben_1119,pat_104,request_access,phi_rec_104,0,1,0,2025-08-25T00:00:00,2025-09-14T00:00:00,benign
req_ben_914,pat_77,request_access,phi_rec_77,1,1,1,2025-08-07T00:00:00,2025-08-09T00:00:00,benign
req_ben_3883,pat_186,request_access,phi_rec_186,1,0,1,2025-08-21T00:00:00,2025-08-26T00:00:00,benign
req_ben_1901,pat_63,request_access,phi_rec_63,1,1,1,2025-08-26T00:00:00,2025-09-11T00:00:00,benign
req_ben_1013,pat_41,request_access,phi_rec_41,1,0,0,2025-08-20T00:00:00,2025-09-08T00:00:00,benign
req_ben_16,pat_161,request_access,phi_rec_161,0,0,1,2025-08-03T00:00:00,2025-08-12T00:00:00,benign
req_ben_4450,pat_191,request_access,phi_rec_191,0,0,1,2025-08-09T00:00:00,2025-08-18T00:00:00,benign
req_ben_4676,pat_33,request_access,phi_rec_33,1,0,1,2025-08-03T00:00:00,2025-08-16T00:00:00,benign
req_ben_1409,pat_27,request_access,phi_rec_27,0,0,1,2025-08-22T00:00:00,2025-09-07T00:00:00,benign
req_ben_696,pat_171,request_deactivation,phi_rec_171,0,0,0,2025-08-25T00:00:00,2025-09-10T00:00:00,benign
req_ben_642,pat_131,request_access,phi_rec_131,1,1,1,2025-08-15T00:00:00,2025-08-21T00:00:00,benign
req_ben_4245,pat_75,request_access,phi_rec_75,1,0,0,2025-08-25T00:00:00,2025-09-09T00:00:00,benign
req_ben_4008,pat_9,request_access,phi_rec_9,1,1,1,2025-08-17T00:00:00,2025-08-20T00:00:00,benign
req_ben_3571,pat_153,request_access,phi_rec_153,0,1,0,2025-08-13T00:00:00,2025-09-05T00:00:00,benign
req_ben_3000,pat_154,request_access,phi_rec_154,1,1,1,2025-08-04T00:00:00,2025-08-09T00:00:00,benign
req_ben_2830,pat_78,request_access,phi_rec_78,1,1,1,2025-08-25T00:00:00,2025-09-12T00:00:00,benign
req_ben_2704,pat_88,request_access,phi_rec_88,0,1,1,2025-08-03T00:00:00,2025-08-11T00:00:00,benign
req_ben_958,pat_52,request_access,phi_rec_52,1,1,1,2025-08-27T00:00:00,2025-08-29T00:00:00,benign
req_ben_3998,pat_59,request_access,phi_rec_59,0,1,0,2025-08-24T00:00:00,2025-09-16T00:00:00,benign
req_ben_4546,pat_178,request_access,phi_rec_178,1,1,1,2025-08-09T00:00:00,2025-08-16T00:00:00,benign
req_ben_1499,pat_26,request_access,phi_rec_26,0,1,0,2025-08-24T00:00:00,2025-08-25T00:00:00,benign
req_ben_2675,pat_83,request_deactivation,phi_rec_83,0,0,0,2025-08-08T00:00:00,2025-08-18T00:00:00,benign
req_ben_4729,pat_170,request_access,phi_rec_170,1,1,1,2025-08-13T00:00:00,2025-09-03T00:00:00,benign
req_ben_2943,pat_107,request_deactivation,phi_rec_107,0,0,0,2025-08-18T00:00:00,2025-09-02T00:00:00,benign
req_ben_3918,pat_7,request_access,phi_rec_7,1,1,1,2025-08-19T00:00:00,2025-09-10T00:00:00,benign
req_ben_4356,pat_179,request_access,phi_rec_179,1,1,1,2025-08-18T00:00:00,2025-08-25T00:00:00,benign
req_ben_2804,pat_145,request_access,phi_rec_145,1,1,1,2025-08-24T00:00:00,2025-09-01T00:00:00,benign
req_ben_1241,pat_176,request_access,phi_rec_176,1,1,1,2025-08-15T00:00:00,2025-08-31T00:00:00,benign
req_ben_3014,pat_45,request_access,phi_rec_45,1,1,1,2025-08-14T00:00:00,2025-08-30T00:00:00,benign
req_ben_3232,pat_26,request_deactivation,phi_rec_26,0,0,0,2025-08-12T00:00:00,2025-08-13T00:00:00,benign
req_ben_2012,pat_134,request_deactivation,phi_rec_134,0,0,0,2025-08-03T00:00:00,2025-08-17T00:00:00,benign
req_vio_99,pat_122,request_deactivation,phi_rec_122,0,0,0,2025-04-10T00:00:00,,violation_gdpr_art17
req_ben_3969,pat_97,request_deactivation,phi_rec_97,0,0,0,2025-08-24T00:00:00,2025-09-17T00:00:00,benign
req_ben_2547,pat_1,request_access,phi_rec_1,1,1,1,2025-08-20T00:00:00,2025-08-23T00:00:00,benign
req_ben_3480,pat_129,request_deactivation,phi_rec_129,0,0,0,2025-08-13T00:00:00,2025-08-22T00:00:00,benign
req_ben_3529,pat_83,request_access,phi_rec_83,1,1,0,2025-08-03T00:00:00,2025-08-18T00:00:00,benign
req_ben_837,pat_78,request_deactivation,phi_rec_78,0,0,0,2025-08-06T00:00:00,2025-08-20T00:00:00,benign
req_ben_3843,pat_171,request_access,phi_rec_171,1,1,1,2025-08-21T00:00:00,2025-08-27T00:00:00,benign
req_ben_3955,pat_58,request_deactivation,phi_rec_58,0,0,0,2025-08-17T00:00:00,2025-09-02T00:00:00,benign
req_ben_541,pat_45,request_access,phi_rec_45,1,1,1,2025-08-22T00:00:00,2025-09-07T00:00:00,benign
req_ben_4323,pat_95,request_deactivation,phi_rec_95,0,0,0,2025-08-17T00:00:00,2025-08-30T00:00:00,benign
req_ben_2846,pat_114,request_access,phi_rec_114,1,1,1,2025-08-02T00:00:00,2025-08-05T00:00:00,benign
req_ben_1123,pat_185,request_access,phi_rec_185,1,1,1,2025-08-28T00:00:00,2025-09-08T00:00:00,benign
req_ben_1212,pat_159,request_access,phi_rec_159,0,1,0,2025-08-21T00:00:00,2025-08-30T00:00:00,benign
req_ben_1216,pat_58,request_access,phi_rec_58,1,1,1,2025-08-24T00:00:00,2025-09-01T00:00:00,benign
req_vio_42,pat_63,request_access,phi_rec_63,0,1,1,2025-07-25T00:00:00,,violation_gdpr_art15
req_ben_872,pat_157,request_access,phi_rec_157,1,1,1,2025-08-27T00:00:00,2025-09-11T00:00:00,benign
req_ben_4119,pat_179,request_access,phi_rec_179,1,1,1,2025-08-18T00:00:00,2025-09-11T00:00:00,benign
req_ben_4672,pat_57,request_access,phi_rec_57,0,0,1,2025-08-22T00:00:00,2025-09-02T00:00:00,benign
req_ben_853,pat_192,request_deactivation,phi_rec_192,0,0,0,2025-08-29T00:00:00,2025-08-30T00:00:00,benign
req_ben_2422,pat_14,request_deactivation,phi_rec_14,0,0,0,2025-08-25T00:00:00,2025-09-07T00:00:00,benign
req_ben_2411,pat_154,request_deactivation,phi_rec_154,0,0,0,2025-08-13T00:00:00,2025-08-23T00:00:00,benign
req_ben_4431,pat_197,request_deactivation,phi_rec_197,0,0,0,2025-08-24T00:00:00,2025-08-26T00:00:00,benign
req_ben_461,pat_183,request_access,phi_rec_183,0,1,1,2025-08-24T00:00:00,2025-09-01T00:00:00,benign
req_ben_2248,pat_162,request_deactivation,phi_rec_162,0,0,0,2025-08-09T00:00:00,2025-08-16T00:00:00,benign
req_ben_4187,pat_105,request_deactivation,phi_rec_105,0,0,0,2025-08-28T00:00:00,2025-09-21T00:00:00,benign
req_ben_1944,pat_4,request_access,phi_rec_4,1,1,0,2025-08-17T00:00:00,2025-08-25T00:00:00,benign
req_ben_4574,pat_33,request_access,phi_rec_33,1,1,1,2025-08-21T00:00:00,2025-08-30T00:00:00,benign
req_ben_4495,pat_34,request_access,phi_rec_34,0,1,1,2025-08-03T00:00:00,2025-08-21T00:00:00,benign
req_ben_4053,pat_192,request_deactivation,phi_rec_192,0,0,0,2025-08-21T00:00:00,2025-09-08T00:00:00,benign
req_ben_850,pat_63,request_access,phi_rec_63,0,1,0,2025-08-25T00:00:00,2025-09-08T00:00:00,benign
req_ben_1221,pat_158,request_access,phi_rec_158,0,1,1,2025-08-12T00:00:00,2025-09-05T00:00:00,benign
req_ben_1429,pat_34,request_access,phi_rec_34,1,1,1,2025-08-22T00:00:00,2025-08-25T00:00:00,benign
req_ben_1007,pat_5,request_access,phi_rec_5,0,1,1,2025-08-03T00:00:00,2025-08-28T00:00:00,benign
req_ben_3544,pat_160,request_access,phi_rec_160,1,1,1,2025-08-22T00:00:00,2025-08-27T00:00:00,benign
req_ben_3585,pat_67,request_access,phi_rec_67,1,0,1,2025-08-02T00:00:00,2025-08-12T00:00:00,benign
req_ben_2227,pat_75,request_access,phi_rec_75,1,1,1,2025-08-05T00:00:00,2025-08-28T00:00:00,benign
req_ben_1442,pat_15,request_deactivation,phi_rec_15,0,0,0,2025-08-18T00:00:00,2025-08-19T00:00:00,benign
req_ben_1557,pat_96,request_access,phi_rec_96,0,1,1,2025-08-04T00:00:00,2025-08-13T00:00:00,benign
req_ben_3936,pat_151,request_access,phi_rec_151,0,0,1,2025-08-26T00:00:00,2025-09-15T00:00:00,benign
req_ben_2187,pat_128,request_access,phi_rec_128,1,1,1,2025-08-13T00:00:00,2025-09-05T00:00:00,benign
req_ben_445,pat_173,request_access,phi_rec_173,1,0,1,2025-08-27T00:00:00,2025-09-08T00:00:00,benign
req_ben_231,pat_6,request_access,phi_rec_6,1,0,1,2025-08-02T00:00:00,2025-08-10T00:00:00,benign
req_ben_4178,pat_177,request_access,phi_rec_177,0,0,1,2025-08-18T00:00:00,2025-09-03T00:00:00,benign
req_ben_2427,pat_17,request_deactivation,phi_rec_17,0,0,0,2025-08-22T00:00:00,2025-08-27T00:00:00,benign
req_ben_3026,pat_65,request_access,phi_rec_65,1,1,0,2025-08-27T00:00:00,2025-09-05T00:00:00,benign
req_ben_51,pat_38,request_access,phi_rec_38,1,1,1,2025-08-19T00:00:00,2025-09-04T00:00:00,benign
req_ben_4746,pat_62,request_access,phi_rec_62,0,1,1,2025-08-06T00:00:00,2025-08-30T00:00:00,benign
req_ben_200,pat_101,request_access,phi_rec_101,0,1,1,2025-08-22T00:00:00,2025-08-25T00:00:00,benign
req_ben_2539,pat_168,request_deactivation,phi_rec_168,0,0,0,2025-08-05T00:00:00,2025-08-11T00:00:00,benign
req_ben_2651,pat_44,request_access,phi_rec_44,1,1,1,2025-08-25T00:00:00,2025-08-29T00:00:00,benign
req_ben_1635,pat_127,request_access,phi_rec_127,1,0,1,2025-08-18T00:00:00,2025-09-03T00:00:00,benign
req_ben_1300,pat_183,request_deactivation,phi_rec_183,0,0,0,2025-08-18T00:00:00,2025-08-30T00:00:00,benign
req_ben_3737,pat_80,request_deactivation,phi_rec_80,0,0,0,2025-08-06T00:00:00,2025-08-16T00:00:00,benign
req_ben_1759,pat_152,request_access,phi_rec_152,0,1,0,2025-08-25T00:00:00,2025-09-15T00:00:00,benign
req_ben_3060,pat_179,request_access,phi_rec_179,0,1,1,2025-08-03T00:00:00,2025-08-06T00:00:00,benign
req_ben_2095,pat_54,request_deactivation,phi_rec_54,0,0,0,2025-08-16T00:00:00,2025-09-01T00:00:00,benign
req_ben_2817,pat_156,request_access,phi_rec_156,0,0,1,2025-08-10T00:00:00,2025-08-11T00:00:00,benign
req_ben_3548,pat_49,request_deactivation,phi_rec_49,0,0,0,2025-08-02T00:00:00,2025-08-06T00:00:00,benign
req_ben_1129,pat_58,request_access,phi_rec_58,0,0,1,2025-08-06T00:00:00,2025-08-14T00:00:00,benign
req_ben_3364,pat_188,request_access,phi_rec_188,0,1,1,2025-08-25T00:00:00,2025-09-09T00:00:00,benign
req_ben_3237,pat_90,request_deactivation,phi_rec_90,0,0,0,2025-08-26T00:00:00,2025-09-15T00:00:00,benign
req_ben_337,pat_132,request_access,phi_rec_132,0,1,1,2025-08-22T00:00:00,2025-09-10T00:00:00,benign
req_ben_1872,pat_82,request_access,phi_rec_82,1,1,1,2025-08-02T00:00:00,2025-08-27T00:00:00,benign
req_ben_1526,pat_13,request_access,phi_rec_13,1,0,1,2025-08-04T00:00:00,2025-08-09T00:00:00,benign
req_ben_3559,pat_0,request_access,phi_rec_0,0,1,1,2025-08-13T00:00:00,2025-08-14T00:00:00,benign
req_ben_2035,pat_28,request_access,phi_rec_28,0,1,1,2025-08-24T00:00:00,2025-09-17T00:00:00,benign
req_ben_1764,pat_0,request_deactivation,phi_rec_0,0,0,0,2025-08-18T00:00:00,2025-09-01T00:00:00,benign
req_ben_1152,pat_124,request_access,phi_rec_124,1,0,0,2025-08-16T00:00:00,2025-08-26T00:00:00,benign
req_ben_3490,pat_61,request_access,phi_rec_61,1,1,1,2025-08-17T00:00:00,2025-08-29T00:00:00,benign
req_ben_291,pat_10,request_access,phi_rec_10,1,1,1,2025-08-30T00:00:00,2025-09-20T00:00:00,benign
req_ben_2786,pat_138,request_access,phi_rec_138,1,0,1,2025-08-29T00:00:00,2025-09-15T00:00:00,benign
req_ben_2987,pat_90,request_deactivation,phi_rec_90,0,0,0,2025-08-09T00:00:00,2025-08-29T00:00:00,benign
req_ben_886,pat_137,request_deactivation,phi_rec_137,0,0,0,2025-08-17T00:00:00,2025-09-06T00:00:00,benign
req_ben_2819,pat_119,request_deactivation,phi_rec_119,0,0,0,2025-08-29T00:00:00,2025-09-06T00:00:00,benign
req_vio_67,pat_195,request_deactivation,phi_rec_195,0,0,0,2025-07-22T00:00:00,,violation_gdpr_art17
req_ben_1656,pat_196,request_access,phi_rec_196,1,0,1,2025-08-14T00:00:00,2025-09-02T00:00:00,benign
req_ben_2615,pat_177,request_access,phi_rec_177,1,1,1,2025-08-02T00:00:00,2025-08-05T00:00:00,benign
req_vio_78,pat_122,request_access,phi_rec_122,1,1,1,2025-02-20T00:00:00,,violation_gdpr_art15
req_ben_1958,pat_170,request_access,phi_rec_170,1,1,1,2025-08-25T00:00:00,2025-09-02T00:00:00,benign
req_ben_35,pat_85,request_access,phi_rec_85,0,1,1,2025-08-23T00:00:00,2025-08-25T00:00:00,benign
req_ben_3637,pat_10,request_access,phi_rec_10,0,1,0,2025-08-27T00:00:00,2025-09-16T00:00:00,benign
req_ben_2506,pat_93,request_access,phi_rec_93,1,1,1,2025-08-06T00:00:00,2025-08-09T00:00:00,benign
req_ben_1976,pat_70,request_access,phi_rec_70,0,1,0,2025-08-29T00:00:00,2025-09-20T00:00:00,benign
req_ben_2019,pat_121,request_deactivation,phi_rec_121,0,0,0,2025-08-23T00:00:00,2025-09-12T00:00:00,benign
req_ben_570,pat_147,request_deactivation,phi_rec_147,0,0,0,2025-08-24T00:00:00,2025-09-03T00:00:00,benign
req_ben_3101,pat_128,request_access,phi_rec_128,1,1,1,2025-08-04T00:00:00,2025-08-23T00:00:00,benign
req_ben_2715,pat_189,request_deactivation,phi_rec_189,0,0,0,2025-08-12T00:00:00,2025-08-13T00:00:00,benign
req_ben_4243,pat_35,request_deactivation,phi_rec_35,0,0,0,2025-08-25T00:00:00,2025-09-14T00:00:00,benign
req_ben_4436,pat_32,request_access,phi_rec_32,1,1,1,2025-08-03T00:00:00,2025-08-26T00:00:00,benign
req_ben_118,pat_74,request_access,phi_rec_74,1,0,0,2025-08-19T00:00:00,2025-08-23T00:00:00,benign
req_ben_2930,pat_157,request_access,phi_rec_157,1,1,1,2025-08-29T00:00:00,2025-09-02T00:00:00,benign
req_ben_3472,pat_129,request_access,phi_rec_129,1,1,1,2025-08-06T00:00:00,2025-08-25T00:00:00,benign
req_ben_2471,pat_84,request_access,phi_rec_84,0,1,0,2025-08-02T00:00:00,2025-08-07T00:00:00,benign
req_ben_2628,pat_97,request_access,phi_rec_97,1,1,1,2025-08-11T00:00:00,2025-08-17T00:00:00,benign
req_vio_75,pat_97,request_deactivation,phi_rec_97,0,0,0,2025-02-28T00:00:00,,violation_gdpr_art17
req_ben_1639,pat_172,request_access,phi_rec_172,0,1,0,2025-08-15T00:00:00,2025-09-02T00:00:00,benign
req_ben_3240,pat_30,request_access,phi_rec_30,1,1,1,2025-08-08T00:00:00,2025-08-22T00:00:00,benign
req_ben_4697,pat_84,request_access,phi_rec_84,0,1,0,2025-08-13T00:00:00,2025-08-15T00:00:00,benign
req_ben_3991,pat_189,request_deactivation,phi_rec_189,0,0,0,2025-08-17T00:00:00,2025-09-08T00:00:00,benign
req_ben_4415,pat_34,request_access,phi_rec_34,0,1,1,2025-08-20T00:00:00,2025-08-25T00:00:00,benign
req_ben_1831,pat_163,request_access,phi_rec_163,1,0,1,2025-08-23T00:00:00,2025-09-12T00:00:00,benign
req_ben_1642,pat_45,request_access,phi_rec_45,1,1,1,2025-08-05T00:00:00,2025-08-26T00:00:00,benign
req_ben_1949,pat_139,request_access,phi_rec_139,0,0,1,2025-08-10T00:00:00,2025-08-30T00:00:00,benign
req_ben_3298,pat_79,request_access,phi_rec_79,0,1,1,2025-08-20T00:00:00,2025-09-12T00:00:00,benign
req_ben_1796,pat_28,request_access,phi_rec_28,1,0,0,2025-08-09T00:00:00,2025-08-22T00:00:00,benign
req_ben_42,pat_46,request_deactivation,phi_rec_46,0,0,0,2025-08-15T00:00:00,2025-08-28T00:00:00,benign
req_vio_169,pat_4,request_deactivation,phi_rec_4,0,0,0,2025-05-15T00:00:00,,violation_gdpr_art17
req_ben_394,pat_39,request_access,phi_rec_39,0,0,1,2025-08-18T00:00:00,2025-08-21T00:00:00,benign
req_ben_3938,pat_93,request_access,phi_rec_93,0,0,1,2025-08-02T00:00:00,2025-08-10T00:00:00,benign
req_ben_3823,pat_119,request_access,phi_rec_119,0,0,1,2025-08-26T00:00:00,2025-09-20T00:00:00,benign
req_ben_378,pat_130,request_access,phi_rec_130,1,0,0,2025-08-30T00:00:00,2025-09-03T00:00:00,benign
req_ben_2998,pat_147,request_access,phi_rec_147,1,0,1,2025-08-09T00:00:00,2025-08-15T00:00:00,benign
req_ben_1320,pat_17,request_access,phi_rec_17,1,0,1,2025-08-07T00:00:00,2025-08-17T00:00:00,benign
req_ben_4147,pat_98,request_deactivation,phi_rec_98,0,0,0,2025-08-25T00:00:00,2025-09-18T00:00:00,benign
req_ben_1108,pat_60,request_access,phi_rec_60,1,0,0,2025-08-09T00:00:00,2025-08-28T00:00:00,benign
req_ben_4304,pat_118,request_access,phi_rec_118,1,0,0,2025-08-20T00:00:00,2025-08-24T00:00:00,benign
req_ben_2762,pat_48,request_access,phi_rec_48,0,1,0,2025-08-25T00:00:00,2025-09-19T00:00:00,benign
req_vio_114,pat_193,request_access,phi_rec_193,1,1,0,2025-06-12T00:00:00,,violation_gdpr_art15
req_ben_258,pat_164,request_access,phi_rec_164,1,1,1,2025-08-22T00:00:00,2025-08-24T00:00:00,benign
req_ben_2546,pat_197,request_deactivation,phi_rec_197,0,0,0,2025-08-16T00:00:00,2025-08-28T00:00:00,benign
req_ben_2827,pat_21,request_access,phi_rec_21,1,1,0,2025-08-22T00:00:00,2025-08-25T00:00:00,benign
req_ben_2680,pat_147,request_deactivation,phi_rec_147,0,0,0,2025-08-25T00:00:00,2025-08-26T00:00:00,benign
req_ben_3076,pat_186,request_access,phi_rec_186,0,0,1,2025-08-23T00:00:00,2025-09-10T00:00:00,benign
req_vio_11,pat_105,request_deactivation,phi_rec_105,0,0,0,2025-05-16T00:00:00,,violation_gdpr_art17
req_ben_2727,pat_55,request_deactivation,phi_rec_55,0,0,0,2025-08-02T00:00:00,2025-08-06T00:00:00,benign
req_ben_1333,pat_165,request_access,phi_rec_165,1,1,0,2025-08-19T00:00:00,2025-09-11T00:00:00,benign
req_ben_4012,pat_193,request_access,phi_rec_193,1,1,1,2025-08-24T00:00:00,2025-08-30T00:00:00,benign
req_ben_2330,pat_36,request_access,phi_rec_36,0,1,1,2025-08-13T00:00:00,2025-08-20T00:00:00,benign
req_ben_4646,pat_15,request_deactivation,phi_rec_15,0,0,0,2025-08-22T00:00:00,2025-09-03T00:00:00,benign
req_ben_4512,pat_129,request_deactivation,phi_rec_129,0,0,0,2025-08-16T00:00:00,2025-09-03T00:00:00,benign
req_ben_3464,pat_133,request_deactivation,phi_rec_133,0,0,0,2025-08-29T00:00:00,2025-09-06T00:00:00,benign
req_vio_7,pat_47,request_deactivation,phi_rec_47,0,0,0,2025-06-01T00:00:00,,violation_gdpr_art17
req_ben_2345,pat_159,request_deactivation,phi_rec_159,0,0,0,2025-08-30T00:00:00,2025-09-23T00:00:00,benign
req_ben_1660,pat_131,request_access,phi_rec_131,1,1,1,2025-08-06T00:00:00,2025-08-19T00:00:00,benign
req_ben_1501,pat_31,request_access,phi_rec_31,1,0,0,2025-08-08T00:00:00,2025-08-30T00:00:00,benign
req_ben_956,pat_197,request_access,phi_rec_197,1,0,1,2025-08-08T00:00:00,2025-08-11T00:00:00,benign
req_ben_1113,pat_65,request_access,phi_rec_65,1,0,0,2025-08-23T00:00:00,2025-08-25T00:00:00,benign
req_ben_4375,pat_100,request_access,phi_rec_100,1,1,1,2025-08-15T00:00:00,2025-08-20T00:00:00,benign
req_ben_1275,pat_162,request_deactivation,phi_rec_162,0,0,0,2025-08-30T00:00:00,2025-09-22T00:00:00,benign
req_ben_3888,pat_132,request_access,phi_rec_132,0,1,0,2025-08-08T00:00:00,2025-08-22T00:00:00,benign
req_ben_741,pat_79,request_access,phi_rec_79,0,1,0,2025-08-25T00:00:00,2025-08-30T00:00:00,benign
req_ben_1433,pat_139,request_access,phi_rec_139,1,0,0,2025-08-11T00:00:00,2025-08-25T00:00:00,benign
req_ben_2225,pat_138,request_access,phi_rec_138,1,1,0,2025-08-15T00:00:00,2025-08-22T00:00:00,benign
req_ben_4532,pat_129,request_deactivation,phi_rec_129,0,0,0,2025-08-16T00:00:00,2025-08-30T00:00:00,benign
req_ben_379,pat_104,request_deactivation,phi_rec_104,0,0,0,2025-08-05T00:00:00,2025-08-06T00:00:00,benign
req_ben_2883,pat_48,request_access,phi_rec_48,1,1,1,2025-08-02T00:00:00,2025-08-22T00:00:00,benign
req_ben_456,pat_199,request_access,phi_rec_199,0,0,1,2025-08-12T00:00:00,2025-08-15T00:00:00,benign
req_ben_2384,pat_17,request_deactivation,phi_rec_17,0,0,0,2025-08-10T00:00:00,2025-08-17T00:00:00,benign
req_ben_1223,pat_77,request_access,phi_rec_77,1,1,1,2025-08-24T00:00:00,2025-09-03T00:00:00,benign
req_ben_2027,pat_199,request_access,phi_rec_199,1,0,1,2025-08-04T00:00:00,2025-08-18T00:00:00,benign
req_ben_3865,pat_40,request_access,phi_rec_40,1,1,1,2025-08-05T00:00:00,2025-08-13T00:00:00,benign
req_ben_1583,pat_101,request_access,phi_rec_101,0,1,0,2025-08-30T00:00:00,2025-09-10T00:00:00,benign
req_ben_4437,pat_62,request_deactivation,phi_rec_62,0,0,0,2025-08-20T00:00:00,2025-08-29T00:00:00,benign
req_ben_2847,pat_177,request_deactivation,phi_rec_177,0,0,0,2025-08-22T00:00:00,2025-09-07T00:00:00,benign
req_ben_2386,pat_18,request_deactivation,phi_rec_18,0,0,0,2025-08-16T00:00:00,2025-08-18T00:00:00,benign
req_ben_4612,pat_80,request_deactivation,phi_rec_80,0,0,0,2025-08-14T00:00:00,2025-09-01T00:00:00,benign
req_ben_1088,pat_55,request_deactivation,phi_rec_55,0,0,0,2025-08-21T00:00:00,2025-09-03T00:00:00,benign
req_ben_1158,pat_1,request_access,phi_rec_1,1,0,0,2025-08-12T00:00:00,2025-09-06T00:00:00,benign
req_ben_4219,pat_163,request_access,phi_rec_163,0,0,1,2025-08-07T00:00:00,2025-08-11T00:00:00,benign
req_ben_3532,pat_97,request_deactivation,phi_rec_97,0,0,0,2025-08-18T00:00:00,2025-09-07T00:00:00,benign
req_ben_573,pat_185,request_access,phi_rec_185,0,1,1,2025-08-24T00:00:00,2025-09-15T00:00:00,benign
req_ben_4284,pat_93,request_access,phi_rec_93,1,0,0,2025-08-09T00:00:00,2025-08-15T00:00:00,benign
req_ben_3058,pat_78,request_deactivation,phi_rec_78,0,0,0,2025-08-18T00:00:00,2025-09-04T00:00:00,benign
req_ben_1757,pat_60,request_deactivation,phi_rec_60,0,0,0,2025-08-20T00:00:00,2025-08-22T00:00:00,benign
req_ben_1149,pat_150,request_deactivation,phi_rec_150,0,0,0,2025-08-28T00:00:00,2025-09-22T00:00:00,benign
req_ben_1418,pat_20,request_deactivation,phi_rec_20,0,0,0,2025-08-19T00:00:00,2025-09-01T00:00:00,benign
req_ben_1836,pat_144,request_access,phi_rec_144,0,1,0,2025-08-28T00:00:00,2025-09-13T00:00:00,benign
req_ben_605,pat_182,request_access,phi_rec_182,0,0,1,2025-08-19T00:00:00,2025-08-28T00:00:00,benign
req_ben_1448,pat_57,request_access,phi_rec_57,1,1,1,2025-08-06T00:00:00,2025-08-30T00:00:00,benign
req_ben_627,pat_95,request_deactivation,phi_rec_95,0,0,0,2025-08-02T00:00:00,2025-08-13T00:00:00,benign
req_ben_4488,pat_19,request_access,phi_rec_19,1,1,1,2025-08-05T00:00:00,2025-08-10T00:00:00,benign
req_ben_3852,pat_10,request_deactivation,phi_rec_10,0,0,0,2025-08-28T00:00:00,2025-09-18T00:00:00,benign
req_ben_3050,pat_107,request_deactivation,phi_rec_107,0,0,0,2025-08-02T00:00:00,2025-08-13T00:00:00,benign
req_ben_1117,pat_142,request_access,phi_rec_142,0,0,1,2025-08-16T00:00:00,2025-09-10T00:00:00,benign
req_ben_1125,pat_179,request_access,phi_rec_179,1,0,1,2025-08-04T00:00:00,2025-08-26T00:00:00,benign
req_ben_117,pat_162,request_deactivation,phi_rec_162,0,0,0,2025-08-07T00:00:00,2025-08-16T00:00:00,benign
req_ben_882,pat_157,request_access,phi_rec_157,1,1,1,2025-08-06T00:00:00,2025-08-22T00:00:00,benign
req_ben_2560,pat_185,request_deactivation,phi_rec_185,0,0,0,2025-08-21T00:00:00,2025-09-06T00:00:00,benign
req_vio_116,pat_86,request_access,phi_rec_86,1,1,0,2025-07-22T00:00:00,,violation_gdpr_art15
req_ben_727,pat_0,request_access,phi_rec_0,0,1,1,2025-08-18T00:00:00,2025-08-31T00:00:00,benign
req_ben_3270,pat_110,request_access,phi_rec_110,1,1,1,2025-08-26T00:00:00,2025-09-19T00:00:00,benign
req_ben_2967,pat_174,request_access,phi_rec_174,1,1,0,2025-08-07T00:00:00,2025-08-14T00:00:00,benign
req_ben_1814,pat_116,request_access,phi_rec_116,1,1,1,2025-08-30T00:00:00,2025-09-18T00:00:00,benign
req_ben_1698,pat_147,request_deactivation,phi_rec_147,0,0,0,2025-08-30T00:00:00,2025-09-08T00:00:00,benign
req_ben_3413,pat_93,request_access,phi_rec_93,0,1,1,2025-08-14T00:00:00,2025-09-02T00:00:00,benign
req_ben_1159,pat_188,request_deactivation,phi_rec_188,0,0,0,2025-08-14T00:00:00,2025-09-03T00:00:00,benign
req_ben_4347,pat_6,request_deactivation,phi_rec_6,0,0,0,2025-08-15T00:00:00,2025-09-02T00:00:00,benign
req_ben_1137,pat_184,request_deactivation,phi_rec_184,0,0,0,2025-08-21T00:00:00,2025-09-03T00:00:00,benign
req_ben_4698,pat_40,request_access,phi_rec_40,1,1,1,2025-08-14T00:00:00,2025-08-20T00:00:00,benign
req_ben_807,pat_84,request_access,phi_rec_84,1,0,1,2025-08-26T00:00:00,2025-09-19T00:00:00,benign
req_ben_2589,pat_45,request_access,phi_rec_45,1,1,1,2025-08-11T00:00:00,2025-08-23T00:00:00,benign
req_vio_168,pat_157,request_access,phi_rec_157,1,0,0,2025-07-30T00:00:00,,violation_gdpr_art15
req_ben_728,pat_103,request_access,phi_rec_103,1,1,0,2025-08-21T00:00:00,2025-08-27T00:00:00,benign
req_ben_563,pat_127,request_access,phi_rec_127,1,1,1,2025-08-27T00:00:00,2025-08-30T00:00:00,benign
req_ben_2511,pat_86,request_deactivation,phi_rec_86,0,0,0,2025-08-20T00:00:00,2025-08-25T00:00:00,benign
req_ben_571,pat_103,request_access,phi_rec_103,1,1,0,2025-08-14T00:00:00,2025-09-04T00:00:00,benign
req_ben_2097,pat_157,request_access,phi_rec_157,0,0,1,2025-08-09T00:00:00,2025-08-24T00:00:00,benign
req_ben_1367,pat_104,request_deactivation,phi_rec_104,0,0,0,2025-08-11T00:00:00,2025-09-04T00:00:00,benign
req_ben_141,pat_172,request_access,phi_rec_172,0,1,1,2025-08-21T00:00:00,2025-09-02T00:00:00,benign
req_ben_3963,pat_85,request_access,phi_rec_85,1,1,1,2025-08-06T00:00:00,2025-08-15T00:00:00,benign
req_ben_742,pat_41,request_deactivation,phi_rec_41,0,0,0,2025-08-24T00:00:00,2025-09-12T00:00:00,benign
req_ben_514,pat_114,request_access,phi_rec_114,0,1,1,2025-08-13T00:00:00,2025-08-30T00:00:00,benign
req_ben_2214,pat_191,request_access,phi_rec_191,1,0,1,2025-08-06T00:00:00,2025-08-29T00:00:00,benign
req_ben_3123,pat_34,request_access,phi_rec_34,1,0,1,2025-08-19T00:00:00,2025-08-24T00:00:00,benign
req_ben_3199,pat_124,request_access,phi_rec_124,1,0,0,2025-08-19T00:00:00,2025-08-29T00:00:00,benign
req_ben_2602,pat_29,request_deactivation,phi_rec_29,0,0,0,2025-08-05T00:00:00,2025-08-26T00:00:00,benign
req_ben_1758,pat_62,request_deactivation,phi_rec_62,0,0,0,2025-08-28T00:00:00,2025-09-05T00:00:00,benign
req_ben_3100,pat_48,request_access,phi_rec_48,1,0,1,2025-08-06T00:00:00,2025-08-15T00:00:00,benign
req_ben_3558,pat_38,request_access,phi_rec_38,0,0,1,2025-08-18T00:00:00,2025-09-08T00:00:00,benign
req_ben_97,pat_162,request_access,phi_rec_162,1,0,0,2025-08-25T00:00:00,2025-09-12T00:00:00,benign
req_ben_2414,pat_198,request_access,phi_rec_198,1,0,0,2025-08-26T00:00:00,2025-09-10T00:00:00,benign
req_ben_829,pat_91,request_access,phi_rec_91,1,0,1,2025-08-03T00:00:00,2025-08-28T00:00:00,benign
req_ben_978,pat_56,request_access,phi_rec_56,0,1,1,2025-08-22T00:00:00,2025-09-10T00:00:00,benign
req_ben_1893,pat_19,request_access,phi_rec_19,0,1,1,2025-08-18T00:00:00,2025-09-10T00:00:00,benign
req_ben_348,pat_181,request_access,phi_rec_181,1,0,0,2025-08-07T00:00:00,2025-08-21T00:00:00,benign
req_ben_2755,pat_176,request_deactivation,phi_rec_176,0,0,0,2025-08-29T00:00:00,2025-09-11T00:00:00,benign
req_ben_656,pat_156,request_access,phi_rec_156,0,1,0,2025-08-15T00:00:00,2025-09-07T00:00:00,benign
req_ben_2494,pat_112,request_access,phi_rec_112,1,1,1,2025-08-30T00:00:00,2025-09-13T00:00:00,benign
req_ben_887,pat_27,request_access,phi_rec_27,1,1,1,2025-08-18T00:00:00,2025-09-12T00:00:00,benign
req_ben_1527,pat_158,request_access,phi_rec_158,1,1,1,2025-08-23T00:00:00,2025-08-25T00:00:00,benign
req_ben_1285,pat_2,request_deactivation,phi_rec_2,0,0,0,2025-08-21T00:00:00,2025-09-09T00:00:00,benign
req_ben_1681,pat_151,request_deactivation,phi_rec_151,0,0,0,2025-08-17T00:00:00,2025-09-10T00:00:00,benign
req_ben_2121,pat_60,request_access,phi_rec_60,1,1,0,2025-08-29T00:00:00,2025-09-12T00:00:00,benign
req_ben_981,pat_166,request_access,phi_rec_166,1,1,1,2025-08-10T00:00:00,2025-08-21T00:00:00,benign
req_ben_613,pat_28,request_deactivation,phi_rec_28,0,0,0,2025-08-15T00:00:00,2025-09-07T00:00:00,benign
req_ben_3781,pat_106,request_access,phi_rec_106,1,1,1,2025-08-17T00:00:00,2025-08-23T00:00:00,benign
req_ben_2784,pat_40,request_access,phi_rec_40,1,1,1,2025-08-21T00:00:00,2025-08-28T00:00:00,benign
req_ben_1188,pat_44,request_access,phi_rec_44,1,1,1,2025-08-30T00:00:00,2025-09-12T00:00:00,benign
req_ben_1230,pat_98,request_access,phi_rec_98,0,1,0,2025-08-09T00:00:00,2025-08-18T00:00:00,benign
req_ben_4368,pat_181,request_access,phi_rec_181,0,1,0,2025-08-24T00:00:00,2025-09-15T00:00:00,benign
req_ben_2806,pat_26,request_access,phi_rec_26,1,1,1,2025-08-07T00:00:00,2025-08-10T00:00:00,benign
req_vio_41,pat_189,request_deactivation,phi_rec_189,0,0,0,2025-04-24T00:00:00,,violation_gdpr_art17
req_ben_2408,pat_73,request_access,phi_rec_73,1,0,1,2025-08-30T00:00:00,2025-09-03T00:00:00,benign
req_ben_1572,pat_103,request_access,phi_rec_103,0,1,1,2025-08-08T00:00:00,2025-08-25T00:00:00,benign
req_ben_812,pat_188,request_deactivation,phi_rec_188,0,0,0,2025-08-17T00:00:00,2025-08-19T00:00:00,benign
req_ben_3420,pat_71,request_access,phi_rec_71,1,1,1,2025-08-16T00:00:00,2025-09-07T00:00:00,benign
req_ben_3978,pat_99,request_deactivation,phi_rec_99,0,0,0,2025-08-02T00:00:00,2025-08-05T00:00:00,benign
req_ben_3301,pat_11,request_access,phi_rec_11,0,1,1,2025-08-17T00:00:00,2025-08-26T00:00:00,benign
req_ben_2774,pat_43,request_deactivation,phi_rec_43,0,0,0,2025-08-12T00:00:00,2025-09-05T00:00:00,benign
req_ben_1453,pat_196,request_access,phi_rec_196,1,1,1,2025-08-06T00:00:00,2025-08-30T00:00:00,benign
req_ben_4315,pat_34,request_access,phi_rec_34,1,0,1,2025-08-07T00:00:00,2025-08-25T00:00:00,benign
req_ben_2157,pat_56,request_access,phi_rec_56,1,1,1,2025-08-19T00:00:00,2025-08-28T00:00:00,benign
req_ben_4020,pat_122,request_deactivation,phi_rec_122,0,0,0,2025-08-17T00:00:00,2025-08-28T00:00:00,benign
req_ben_3208,pat_57,request_access,phi_rec_57,0,0,1,2025-08-18T00:00:00,2025-09-06T00:00:00,benign
req_ben_2495,pat_115,request_deactivation,phi_rec_115,0,0,0,2025-08-28T00:00:00,2025-09-07T00:00:00,benign
req_ben_4077,pat_164,request_deactivation,phi_rec_164,0,0,0,2025-08-08T00:00:00,2025-08-11T00:00:00,benign
req_ben_3098,pat_96,request_access,phi_rec_96,1,1,1,2025-08-23T00:00:00,2025-08-31T00:00:00,benign
req_ben_3440,pat_187,request_access,phi_rec_187,0,0,1,2025-08-30T00:00:00,2025-09-17T00:00:00,benign
req_ben_2407,pat_28,request_access,phi_rec_28,0,1,0,2025-08-19T00:00:00,2025-08-27T00:00:00,benign
req_ben_3531,pat_28,request_access,phi_rec_28,1,1,1,2025-08-19T00:00:00,2025-09-05T00:00:00,benign
req_ben_2437,pat_0,request_deactivation,phi_rec_0,0,0,0,2025-08-21T00:00:00,2025-09-12T00:00:00,benign
req_ben_2449,pat_175,request_deactivation,phi_rec_175,0,0,0,2025-08-20T00:00:00,2025-09-09T00:00:00,benign
req_ben_2667,pat_187,request_deactivation,phi_rec_187,0,0,0,2025-08-29T00:00:00,2025-09-10T00:00:00,benign
req_ben_1843,pat_196,request_access,phi_rec_196,0,0,1,2025-08-10T00:00:00,2025-08-30T00:00:00,benign
req_ben_3176,pat_132,request_deactivation,phi_rec_132,0,0,0,2025-08-26T00:00:00,2025-09-01T00:00:00,benign
req_ben_673,pat_168,request_deactivation,phi_rec_168,0,0,0,2025-08-24T00:00:00,2025-09-05T00:00:00,benign
req_ben_2383,pat_83,request_access,phi_rec_83,1,1,0,2025-08-18T00:00:00,2025-08-21T00:00:00,benign
req_ben_4339,pat_4,request_access,phi_rec_4,1,1,0,2025-08-19T00:00:00,2025-08-29T00:00:00,benign
req_ben_3942,pat_199,request_access,phi_rec_199,1,1,1,2025-08-24T00:00:00,2025-08-31T00:00:00,benign
req_ben_3012,pat_175,request_deactivation,phi_rec_175,0,0,0,2025-08-18T00:00:00,2025-09-10T00:00:00,benign
req_ben_1709,pat_191,request_access,phi_rec_191,1,1,1,2025-08-24T00:00:00,2025-08-27T00:00:00,benign
req_ben_3814,pat_123,request_access,phi_rec_123,0,1,0,2025-08-03T00:00:00,2025-08-10T00:00:00,benign
req_ben_921,pat_180,request_deactivation,phi_rec_180,0,0,0,2025-08-30T00:00:00,2025-09-17T00:00:00,benign
req_ben_441,pat_132,request_access,phi_rec_132,0,1,0,2025-08-04T00:00:00,2025-08-20T00:00:00,benign
req_ben_2221,pat_129,request_access,phi_rec_129,1,1,1,2025-08-16T00:00:00,2025-09-07T00:00:00,benign
req_ben_3363,pat_54,request_access,phi_rec_54,1,1,1,2025-08-09T00:00:00,2025-08-22T00:00:00,benign
req_ben_948,pat_172,request_access,phi_rec_172,1,1,0,2025-08-08T00:00:00,2025-08-30T00:00:00,benign
req_ben_2336,pat_179,request_access,phi_rec_179,1,1,1,2025-08-29T00:00:00,2025-09-17T00:00:00,benign
req_ben_4380,pat_66,request_access,phi_rec_66,1,0,0,2025-08-20T00:00:00,2025-08-21T00:00:00,benign
req_vio_180,pat_1,request_access,phi_rec_1,1,1,1,2025-04-27T00:00:00,,violation_gdpr_art15
req_ben_2259,pat_68,request_access,phi_rec_68,1,0,1,2025-08-06T00:00:00,2025-08-17T00:00:00,benign
req_ben_2297,pat_17,request_deactivation,phi_rec_17,0,0,0,2025-08-25T00:00:00,2025-09-03T00:00:00,benign
req_ben_568,pat_96,request_access,phi_rec_96,1,1,1,2025-08-18T00:00:00,2025-08-22T00:00:00,benign
req_ben_1520,pat_57,request_access,phi_rec_57,1,0,0,2025-08-23T00:00:00,2025-08-31T00:00:00,benign
req_ben_2092,pat_145,request_access,phi_rec_145,1,1,0,2025-08-15T00:00:00,2025-08-27T00:00:00,benign
req_ben_2136,pat_22,request_access,phi_rec_22,1,0,1,2025-08-15T00:00:00,2025-09-04T00:00:00,benign
req_ben_100,pat_95,request_access,phi_rec_95,0,0,1,2025-08-09T00:00:00,2025-08-10T00:00:00,benign
req_ben_1588,pat_72,request_deactivation,phi_rec_72,0,0,0,2025-08-17T00:00:00,2025-08-20T00:00:00,benign
req_ben_1444,pat_139,request_access,phi_rec_139,1,1,0,2025-08-02T00:00:00,2025-08-08T00:00:00,benign
req_ben_833,pat_178,request_access,phi_rec_178,1,1,1,2025-08-07T00:00:00,2025-08-27T00:00:00,benign
req_ben_2938,pat_123,request_access,phi_rec_123,0,1,1,2025-08-13T00:00:00,2025-08-31T00:00:00,benign
req_ben_2952,pat_176,request_deactivation,phi_rec_176,0,0,0,2025-08-19T00:00:00,2025-08-24T00:00:00,benign
req_ben_2961,pat_70,request_access,phi_rec_70,1,0,1,2025-08-30T00:00:00,2025-08-31T00:00:00,benign
req_ben_1889,pat_169,request_access,phi_rec_169,1,0,0,2025-08-05T00:00:00,2025-08-30T00:00:00,benign
req_vio_77,pat_105,request_deactivation,phi_rec_105,0,0,0,2025-03-27T00:00:00,,violation_gdpr_art17
req_ben_1791,pat_130,request_access,phi_rec_130,0,1,0,2025-08-17T00:00:00,2025-09-08T00:00:00,benign
req_ben_2229,pat_160,request_access,phi_rec_160,1,1,1,2025-08-21T00:00:00,2025-09-07T00:00:00,benign
req_ben_4460,pat_47,request_deactivation,phi_rec_47,0,0,0,2025-08-27T00:00:00,2025-08-28T00:00:00,benign
req_ben_737,pat_168,request_access,phi_rec_168,0,1,0,2025-08-19T00:00:00,2025-09-04T00:00:00,benign
req_ben_1908,pat_183,request_deactivation,phi_rec_183,0,0,0,2025-08-17T00:00:00,2025-09-05T00:00:00,benign
req_ben_758,pat_162,request_access,phi_rec_162,1,0,1,2025-08-22T00:00:00,2025-09-10T00:00:00,benign
req_ben_52,pat_187,request_access,phi_rec_187,1,1,1,2025-08-29T00:00:00,2025-09-11T00:00:00,benign
req_ben_1167,pat_50,request_access,phi_rec_50,1,1,0,2025-08-29T00:00:00,2025-09-08T00:00:00,benign
req_ben_2519,pat_41,request_access,phi_rec_41,1,1,1,2025-08-03T00:00:00,2025-08-18T00:00:00,benign
req_ben_4163,pat_55,request_access,phi_rec_55,1,1,1,2025-08-20T00:00:00,2025-09-01T00:00:00,benign
req_vio_54,pat_100,request_access,phi_rec_100,0,1,0,2025-03-22T00:00:00,,violation_gdpr_art15
req_ben_521,pat_29,request_access,phi_rec_29,0,1,0,2025-08-07T00:00:00,2025-08-16T00:00:00,benign
req_vio_102,pat_77,request_access,phi_rec_77,1,1,0,2025-04-04T00:00:00,,violation_gdpr_art15
req_ben_2247,pat_49,request_deactivation,phi_rec_49,0,0,0,2025-08-23T00:00:00,2025-09-11T00:00:00,benign
req_vio_174,pat_150,request_access,phi_rec_150,0,1,0,2025-05-01T00:00:00,,violation_gdpr_art15
req_ben_4231,pat_175,request_access,phi_rec_175,1,1,0,2025-08-04T00:00:00,2025-08-19T00:00:00,benign
req_ben_1979,pat_119,request_access,phi_rec_119,1,1,1,2025-08-07T00:00:00,2025-08-09T00:00:00,benign
req_ben_1968,pat_5,request_access,phi_rec_5,0,0,1,2025-08-25T00:00:00,2025-09-18T00:00:00,benign
req_ben_3172,pat_121,request_access,phi_rec_121,1,0,0,2025-08-11T00:00:00,2025-08-13T00:00:00,benign
req_ben_4692,pat_161,request_access,phi_rec_161,1,1,0,2025-08-14T00:00:00,2025-08-24T00:00:00,benign
req_ben_3994,pat_177,request_access,phi_rec_177,1,1,1,2025-08-22T00:00:00,2025-09-12T00:00:00,benign
req_ben_2796,pat_79,request_access,phi_rec_79,1,1,0,2025-08-18T00:00:00,2025-09-11T00:00:00,benign
req_ben_4674,pat_14,request_access,phi_rec_14,1,1,1,2025-08-05T00:00:00,2025-08-27T00:00:00,benign
req_ben_3777,pat_66,request_access,phi_rec_66,1,1,1,2025-08-28T00:00:00,2025-09-07T00:00:00,benign
req_ben_2389,pat_188,request_deactivation,phi_rec_188,0,0,0,2025-08-16T00:00:00,2025-08-24T00:00:00,benign
req_ben_4446,pat_21,request_access,phi_rec_21,1,1,1,2025-08-03T00:00:00,2025-08-15T00:00:00,benign
req_ben_4716,pat_106,request_access,phi_rec_106,1,0,1,2025-08-26T00:00:00,2025-08-27T00:00:00,benign
req_ben_3061,pat_79,request_deactivation,phi_rec_79,0,0,0,2025-08-02T00:00:00,2025-08-04T00:00:00,benign
req_ben_1233,pat_189,request_access,phi_rec_189,0,1,1,2025-08-19T00:00:00,2025-09-09T00:00:00,benign
req_ben_1584,pat_154,request_access,phi_rec_154,0,0,1,2025-08-06T00:00:00,2025-08-14T00:00:00,benign
req_ben_1206,pat_133,request_access,phi_rec_133,0,1,1,2025-08-14T00:00:00,2025-08-29T00:00:00,benign
req_ben_838,pat_118,request_access,phi_rec_118,1,1,1,2025-08-16T00:00:00,2025-08-25T00:00:00,benign
req_ben_4631,pat_156,request_deactivation,phi_rec_156,0,0,0,2025-08-24T00:00:00,2025-09-08T00:00:00,benign
req_ben_1321,pat_181,request_deactivation,phi_rec_181,0,0,0,2025-08-03T00:00:00,2025-08-12T00:00:00,benign
req_ben_1951,pat_113,request_access,phi_rec_113,1,1,0,2025-08-29T00:00:00,2025-09-05T00:00:00,benign
req_ben_1093,pat_179,request_access,phi_rec_179,0,1,1,2025-08-06T00:00:00,2025-08-14T00:00:00,benign
req_ben_434,pat_53,request_access,phi_rec_53,1,0,0,2025-08-24T00:00:00,2025-09-11T00:00:00,benign
req_ben_2161,pat_164,request_access,phi_rec_164,0,1,0,2025-08-02T00:00:00,2025-08-09T00:00:00,benign
req_ben_3378,pat_174,request_deactivation,phi_rec_174,0,0,0,2025-08-27T00:00:00,2025-09-08T00:00:00,benign
req_ben_347,pat_43,request_deactivation,phi_rec_43,0,0,0,2025-08-14T00:00:00,2025-08-24T00:00:00,benign
req_ben_2265,pat_124,request_access,phi_rec_124,1,1,1,2025-08-23T00:00:00,2025-09-05T00:00:00,benign
req_vio_56,pat_155,request_access,phi_rec_155,0,1,1,2025-07-11T00:00:00,,violation_gdpr_art15
req_ben_3296,pat_9,request_access,phi_rec_9,0,1,1,2025-08-28T00:00:00,2025-08-31T00:00:00,benign
req_ben_462,pat_165,request_deactivation,phi_rec_165,0,0,0,2025-08-02T00:00:00,2025-08-05T00:00:00,benign
req_ben_2595,pat_139,request_deactivation,phi_rec_139,0,0,0,2025-08-07T00:00:00,2025-08-16T00:00:00,benign
req_ben_1259,pat_130,request_access,phi_rec_130,1,0,1,2025-08-02T00:00:00,2025-08-23T00:00:00,benign
req_ben_3977,pat_186,request_access,phi_rec_186,1,0,0,2025-08-22T00:00:00,2025-09-03T00:00:00,benign
req_ben_1068,pat_148,request_access,phi_rec_148,1,0,0,2025-08-10T00:00:00,2025-08-12T00:00:00,benign
req_ben_946,pat_109,request_access,phi_rec_109,1,0,1,2025-08-26T00:00:00,2025-08-27T00:00:00,benign
req_ben_314,pat_34,request_access,phi_rec_34,1,1,1,2025-08-21T00:00:00,2025-09-15T00:00:00,benign
req_ben_3469,pat_154,request_access,phi_rec_154,1,1,1,2025-08-10T00:00:00,2025-08-23T00:00:00,benign
req_ben_2763,pat_21,request_access,phi_rec_21,1,1,1,2025-08-15T00:00:00,2025-08-26T00:00:00,benign
req_ben_3736,pat_24,request_access,phi_rec_24,1,0,0,2025-08-26T00:00:00,2025-08-31T00:00:00,benign
req_ben_3526,pat_111,request_access,phi_rec_111,1,1,1,2025-08-26T00:00:00,2025-09-04T00:00:00,benign
req_vio_20,pat_27,request_access,phi_rec_27,0,0,1,2025-03-01T00:00:00,,violation_gdpr_art15
req_ben_1751,pat_64,request_deactivation,phi_rec_64,0,0,0,2025-08-17T00:00:00,2025-09-02T00:00:00,benign
req_ben_3915,pat_0,request_deactivation,phi_rec_0,0,0,0,2025-08-27T00:00:00,2025-09-01T00:00:00,benign
req_ben_1463,pat_34,request_access,phi_rec_34,0,1,1,2025-08-17T00:00:00,2025-09-04T00:00:00,benign
req_ben_2049,pat_177,request_access,phi_rec_177,1,0,0,2025-08-04T00:00:00,2025-08-19T00:00:00,benign
req_ben_3137,pat_136,request_deactivation,phi_rec_136,0,0,0,2025-08-19T00:00:00,2025-09-10T00:00:00,benign
req_ben_1477,pat_96,request_access,phi_rec_96,1,1,1,2025-08-13T00:00:00,2025-08-27T00:00:00,benign
req_ben_69,pat_41,request_access,phi_rec_41,0,1,1,2025-08-03T00:00:00,2025-08-20T00:00:00,benign
req_ben_2951,pat_125,request_deactivation,phi_rec_125,0,0,0,2025-08-09T00:00:00,2025-08-28T00:00:00,benign
req_ben_519,pat_129,request_access,phi_rec_129,0,1,0,2025-08-30T00:00:00,2025-09-23T00:00:00,benign
req_ben_498,pat_9,request_deactivation,phi_rec_9,0,0,0,2025-08-16T00:00:00,2025-08-26T00:00:00,benign
req_ben_3312,pat_53,request_access,phi_rec_53,1,1,1,2025-08-16T00:00:00,2025-08-28T00:00:00,benign
req_ben_2318,pat_89,request_access,phi_rec_89,1,1,1,2025-08-17T00:00:00,2025-09-09T00:00:00,benign
req_ben_1589,pat_128,request_access,phi_rec_128,1,0,0,2025-08-23T00:00:00,2025-08-29T00:00:00,benign
req_ben_1571,pat_149,request_access,phi_rec_149,0,0,1,2025-08-18T00:00:00,2025-08-30T00:00:00,benign
req_ben_3846,pat_28,request_deactivation,phi_rec_28,0,0,0,2025-08-07T00:00:00,2025-09-01T00:00:00,benign
req_ben_1669,pat_7,request_access,phi_rec_7,1,0,1,2025-08-03T00:00:00,2025-08-25T00:00:00,benign
req_ben_2110,pat_63,request_deactivation,phi_rec_63,0,0,0,2025-08-15T00:00:00,2025-08-17T00:00:00,benign
req_ben_3087,pat_104,request_access,phi_rec_104,0,1,1,2025-08-19T00:00:00,2025-09-11T00:00:00,benign
req_ben_594,pat_128,request_deactivation,phi_rec_128,0,0,0,2025-08-12T00:00:00,2025-09-03T00:00:00,benign
req_ben_2443,pat_77,request_access,phi_rec_77,1,1,1,2025-08-30T00:00:00,2025-09-01T00:00:00,benign
req_ben_3063,pat_198,request_deactivation,phi_rec_198,0,0,0,2025-08-12T00:00:00,2025-08-17T00:00:00,benign
req_ben_3902,pat_63,request_access,phi_rec_63,1,0,0,2025-08-14T00:00:00,2025-08-20T00:00:00,benign
req_ben_3212,pat_42,request_access,phi_rec_42,0,1,1,2025-08-20T00:00:00,2025-09-03T00:00:00,benign
req_ben_648,pat_61,request_access,phi_rec_61,0,0,1,2025-08-24T00:00:00,2025-09-02T00:00:00,benign
req_vio_120,pat_136,request_access,phi_rec_136,1,1,1,2025-04-16T00:00:00,,violation_gdpr_art15
req_ben_1412,pat_34,request_access,phi_rec_34,1,1,1,2025-08-17T00:00:00,2025-08-27T00:00:00,benign
req_ben_430,pat_17,request_deactivation,phi_rec_17,0,0,0,2025-08-16T00:00:00,2025-08-29T00:00:00,benign
req_ben_1017,pat_196,request_deactivation,phi_rec_196,0,0,0,2025-08-10T00:00:00,2025-08-26T00:00:00,benign
req_ben_499,pat_16,request_access,phi_rec_16,0,0,1,2025-08-20T00:00:00,2025-08-31T00:00:00,benign
req_ben_3677,pat_13,request_deactivation,phi_rec_13,0,0,0,2025-08-30T00:00:00,2025-09-16T00:00:00,benign
req_ben_1955,pat_19,request_deactivation,phi_rec_19,0,0,0,2025-08-24T00:00:00,2025-09-14T00:00:00,benign
req_ben_4133,pat_40,request_deactivation,phi_rec_40,0,0,0,2025-08-29T00:00:00,2025-09-19T00:00:00,benign
req_ben_1625,pat_90,request_access,phi_rec_90,0,1,0,2025-08-13T00:00:00,2025-09-03T00:00:00,benign
req_ben_4362,pat_113,request_access,phi_rec_113,1,0,1,2025-08-08T00:00:00,2025-08-09T00:00:00,benign
req_ben_4616,pat_21,request_deactivation,phi_rec_21,0,0,0,2025-08-03T00:00:00,2025-08-14T00:00:00,benign
req_ben_464,pat_159,request_access,phi_rec_159,1,1,1,2025-08-16T00:00:00,2025-08-17T00:00:00,benign
req_ben_543,pat_155,request_deactivation,phi_rec_155,0,0,0,2025-08-15T00:00:00,2025-09-01T00:00:00,benign
req_ben_4521,pat_109,request_access,phi_rec_109,1,1,1,2025-08-05T00:00:00,2025-08-14T00:00:00,benign
req_ben_2939,pat_130,request_access,phi_rec_130,1,1,1,2025-08-19T00:00:00,2025-09-01T00:00:00,benign
req_ben_1110,pat_70,request_access,phi_rec_70,1,0,0,2025-08-20T00:00:00,2025-09-08T00:00:00,benign
req_vio_230,pat_131,request_access,phi_rec_131,1,1,1,2025-03-29T00:00:00,,violation_gdpr_art15
req_ben_3121,pat_61,request_access,phi_rec_61,0,1,1,2025-08-21T00:00:00,2025-08-30T00:00:00,benign
req_ben_4294,pat_120,request_deactivation,phi_rec_120,0,0,0,2025-08-18T00:00:00,2025-08-24T00:00:00,benign
req_ben_3152,pat_144,request_deactivation,phi_rec_144,0,0,0,2025-08-25T00:00:00,2025-09-19T00:00:00,benign
req_ben_4351,pat_70,request_deactivation,phi_rec_70,0,0,0,2025-08-19T00:00:00,2025-09-02T00:00:00,benign
req_ben_3247,pat_157,request_access,phi_rec_157,0,0,1,2025-08-05T00:00:00,2025-08-15T00:00:00,benign
req_vio_79,pat_110,request_deactivation,phi_rec_110,0,0,0,2025-05-22T00:00:00,,violation_gdpr_art17
req_ben_2748,pat_84,request_access,phi_rec_84,0,1,1,2025-08-28T00:00:00,2025-09-07T00:00:00,benign
req_ben_1646,pat_50,request_access,phi_rec_50,1,1,1,2025-08-29T00:00:00,2025-09-21T00:00:00,benign
req_ben_3271,pat_93,request_deactivation,phi_rec_93,0,0,0,2025-08-22T00:00:00,2025-09-03T00:00:00,benign
req_ben_4091,pat_133,request_access,phi_rec_133,0,1,0,2025-08-29T00:00:00,2025-09-04T00:00:00,benign
req_ben_467,pat_86,request_deactivation,phi_rec_86,0,0,0,2025-08-08T00:00:00,2025-08-12T00:00:00,benign
req_ben_1816,pat_30,request_deactivation,phi_rec_30,0,0,0,2025-08-27T00:00:00,2025-09-01T00:00:00,benign
req_ben_2241,pat_108,request_access,phi_rec_108,0,1,1,2025-08-17T00:00:00,2025-09-10T00:00:00,benign
req_ben_2676,pat_70,request_access,phi_rec_70,0,1,0,2025-08-21T00:00:00,2025-08-30T00:00:00,benign
req_ben_4511,pat_96,request_access,phi_rec_96,0,0,1,2025-08-16T00:00:00,2025-08-25T00:00:00,benign
req_ben_4341,pat_181,request_access,phi_rec_181,0,1,0,2025-08-09T00:00:00,2025-08-10T00:00:00,benign
req_ben_1298,pat_96,request_access,phi_rec_96,0,1,1,2025-08-16T00:00:00,2025-08-25T00:00:00,benign
req_ben_306,pat_8,request_deactivation,phi_rec_8,0,0,0,2025-08-15T00:00:00,2025-08-26T00:00:00,benign
req_ben_4537,pat_141,request_access,phi_rec_141,1,1,1,2025-08-28T00:00:00,2025-09-22T00:00:00,benign
req_ben_1288,pat_63,request_access,phi_rec_63,0,1,1,2025-08-02T00:00:00,2025-08-07T00:00:00,benign
req_ben_3250,pat_40,request_access,phi_rec_40,0,0,1,2025-08-11T00:00:00,2025-08-28T00:00:00,benign
req_ben_4383,pat_189,request_access,phi_rec_189,1,1,1,2025-08-25T00:00:00,2025-09-01T00:00:00,benign
req_vio_47,pat_154,request_deactivation,phi_rec_154,0,0,0,2025-05-21T00:00:00,,violation_gdpr_art17
req_ben_3319,pat_132,request_access,phi_rec_132,1,0,0,2025-08-18T00:00:00,2025-09-01T00:00:00,benign
req_vio_177,pat_177,request_deactivation,phi_rec_177,0,0,0,2025-03-01T00:00:00,,violation_gdpr_art17
req_ben_3717,pat_170,request_deactivation,phi_rec_170,0,0,0,2025-08-12T00:00:00,2025-09-06T00:00:00,benign
req_ben_3866,pat_157,request_deactivation,phi_rec_157,0,0,0,2025-08-02T00:00:00,2025-08-21T00:00:00,benign
req_ben_4310,pat_15,request_access,phi_rec_15,1,0,0,2025-08-11T00:00:00,2025-08-26T00:00:00,benign
req_ben_2668,pat_190,request_deactivation,phi_rec_190,0,0,0,2025-08-28T00:00:00,2025-08-30T00:00:00,benign
req_ben_1336,pat_100,request_deactivation,phi_rec_100,0,0,0,2025-08-12T00:00:00,2025-08-19T00:00:00,benign
req_ben_4139,pat_114,request_access,phi_rec_114,0,1,0,2025-08-20T00:00:00,2025-08-26T00:00:00,benign
req_ben_1445,pat_134,request_access,phi_rec_134,1,1,0,2025-08-16T00:00:00,2025-08-26T00:00:00,benign
req_ben_1264,pat_104,request_deactivation,phi_rec_104,0,0,0,2025-08-19T00:00:00,2025-09-06T00:00:00,benign
req_ben_1010,pat_158,request_deactivation,phi_rec_158,0,0,0,2025-08-26T00:00:00,2025-09-13T00:00:00,benign
req_ben_3997,pat_168,request_deactivation,phi_rec_168,0,0,0,2025-08-11T00:00:00,2025-08-23T00:00:00,benign
req_ben_2108,pat_126,request_access,phi_rec_126,1,0,1,2025-08-30T00:00:00,2025-09-08T00:00:00,benign
req_ben_1037,pat_106,request_access,phi_rec_106,1,1,1,2025-08-26T00:00:00,2025-09-03T00:00:00,benign
req_ben_2508,pat_36,request_access,phi_rec_36,1,1,0,2025-08-21T00:00:00,2025-09-13T00:00:00,benign
req_ben_4525,pat_130,request_access,phi_rec_130,1,1,1,2025-08-19T00:00:00,2025-08-31T00:00:00,benign
req_ben_2744,pat_130,request_access,phi_rec_130,1,0,0,2025-08-14T00:00:00,2025-09-02T00:00:00,benign
req_ben_587,pat_188,request_access,phi_rec_188,1,0,1,2025-08-12T00:00:00,2025-08-26T00:00:00,benign
req_ben_2729,pat_47,request_access,phi_rec_47,1,1,0,2025-08-06T00:00:00,2025-08-11T00:00:00,benign
req_ben_3513,pat_140,request_deactivation,phi_rec_140,0,0,0,2025-08-23T00:00:00,2025-09-03T00:00:00,benign
req_ben_1510,pat_25,request_deactivation,phi_rec_25,0,0,0,2025-08-07T00:00:00,2025-08-27T00:00:00,benign
req_ben_3718,pat_16,request_access,phi_rec_16,1,1,1,2025-08-05T00:00:00,2025-08-11T00:00:00,benign
req_ben_4300,pat_52,request_access,phi_rec_52,1,1,1,2025-08-16T00:00:00,2025-08-23T00:00:00,benign
req_ben_2451,pat_81,request_access,phi_rec_81,0,0,1,2025-08-30T00:00:00,2025-09-23T00:00:00,benign
req_ben_2117,pat_91,request_access,phi_rec_91,1,1,1,2025-08-05T00:00:00,2025-08-14T00:00:00,benign
req_ben_2419,pat_130,request_access,phi_rec_130,0,1,0,2025-08-17T00:00:00,2025-09-09T00:00:00,benign
req_ben_1404,pat_3,request_deactivation,phi_rec_3,0,0,0,2025-08-05T00:00:00,2025-08-17T00:00:00,benign
req_ben_562,pat_41,request_deactivation,phi_rec_41,0,0,0,2025-08-26T00:00:00,2025-09-03T00:00:00,benign
req_ben_3913,pat_24,request_deactivation,phi_rec_24,0,0,0,2025-08-09T00:00:00,2025-08-11T00:00:00,benign
req_ben_3988,pat_78,request_access,phi_rec_78,0,1,1,2025-08-11T00:00:00,2025-08-20T00:00:00,benign
req_ben_3499,pat_183,request_access,phi_rec_183,1,1,1,2025-08-22T00:00:00,2025-09-13T00:00:00,benign
req_ben_999,pat_91,request_access,phi_rec_91,1,0,0,2025-08-05T00:00:00,2025-08-10T00:00:00,benign
req_ben_1597,pat_111,request_deactivation,phi_rec_111,0,0,0,2025-08-02T00:00:00,2025-08-08T00:00:00,benign
req_ben_4226,pat_7,request_access,phi_rec_7,0,1,1,2025-08-19T00:00:00,2025-08-24T00:00:00,benign
req_ben_1044,pat_31,request_access,phi_rec_31,1,1,1,2025-08-25T00:00:00,2025-09-17T00:00:00,benign
req_ben_4123,pat_28,request_deactivation,phi_rec_28,0,0,0,2025-08-25T00:00:00,2025-09-15T00:00:00,benign
req_ben_4654,pat_139,request_access,phi_rec_139,1,1,0,2025-08-12T00:00:00,2025-08-23T00:00:00,benign
req_ben_1676,pat_126,request_access,phi_rec_126,1,0,1,2025-08-27T00:00:00,2025-09-05T00:00:00,benign
req_ben_2553,pat_9,request_access,phi_rec_9,1,1,1,2025-08-16T00:00:00,2025-08-22T00:00:00,benign
req_ben_1937,pat_189,request_access,phi_rec_189,1,1,1,2025-08-16T00:00:00,2025-08-26T00:00:00,benign
req_ben_1844,pat_53,request_access,phi_rec_53,1,1,0,2025-08-11T00:00:00,2025-08-28T00:00:00,benign
req_ben_4398,pat_132,request_deactivation,phi_rec_132,0,0,0,2025-08-15T00:00:00,2025-09-07T00:00:00,benign
req_ben_4120,pat_191,request_access,phi_rec_191,1,1,1,2025-08-15T00:00:00,2025-09-06T00:00:00,benign
req_ben_2874,pat_43,request_access,phi_rec_43,0,1,1,2025-08-13T00:00:00,2025-08-19T00:00:00,benign
req_ben_21,pat_100,request_deactivation,phi_rec_100,0,0,0,2025-08-19T00:00:00,2025-08-23T00:00:00,benign
req_ben_4502,pat_127,request_access,phi_rec_127,1,1,1,2025-08-13T00:00:00,2025-08-25T00:00:00,benign
req_vio_44,pat_115,request_access,phi_rec_115,0,0,1,2025-07-07T00:00:00,,violation_gdpr_art15
req_ben_4387,pat_153,request_access,phi_rec_153,1,1,1,2025-08-23T00:00:00,2025-09-07T00:00:00,benign
req_ben_4247,pat_4,request_access,phi_rec_4,1,0,0,2025-08-17T00:00:00,2025-08-26T00:00:00,benign
req_ben_3904,pat_148,request_deactivation,phi_rec_148,0,0,0,2025-08-15T00:00:00,2025-08-30T00:00:00,benign
req_ben_226,pat_67,request_access,phi_rec_67,0,1,0,2025-08-10T00:00:00,2025-08-22T00:00:00,benign
req_ben_1668,pat_108,request_access,phi_rec_108,0,0,1,2025-08-23T00:00:00,2025-08-26T00:00:00,benign
req_ben_1087,pat_106,request_access,phi_rec_106,1,1,0,2025-08-19T00:00:00,2025-08-28T00:00:00,benign
req_ben_4481,pat_172,request_access,phi_rec_172,0,0,1,2025-08-20T00:00:00,2025-09-06T00:00:00,benign
req_ben_3006,pat_176,request_access,phi_rec_176,1,0,1,2025-08-26T00:00:00,2025-09-14T00:00:00,benign
req_ben_2597,pat_167,request_access,phi_rec_167,1,1,1,2025-08-07T00:00:00,2025-09-01T00:00:00,benign
req_ben_4581,pat_116,request_access,phi_rec_116,1,1,1,2025-08-12T00:00:00,2025-08-21T00:00:00,benign
req_ben_3873,pat_138,request_deactivation,phi_rec_138,0,0,0,2025-08-14T00:00:00,2025-09-06T00:00:00,benign
req_vio_136,pat_89,request_access,phi_rec_89,0,1,1,2025-06-24T00:00:00,,violation_gdpr_art15
req_ben_3295,pat_137,request_access,phi_rec_137,0,1,0,2025-08-27T00:00:00,2025-08-28T00:00:00,benign
req_ben_515,pat_33,request_access,phi_rec_33,0,0,1,2025-08-10T00:00:00,2025-08-28T00:00:00,benign
req_ben_212,pat_39,request_access,phi_rec_39,1,1,1,2025-08-10T00:00:00,2025-08-13T00:00:00,benign
req_ben_273,pat_87,request_access,phi_rec_87,0,1,0,2025-08-09T00:00:00,2025-08-19T00:00:00,benign
req_ben_2056,pat_145,request_access,phi_rec_145,1,0,1,2025-08-02T00:00:00,2025-08-20T00:00:00,benign
req_ben_4590,pat_192,request_access,phi_rec_192,1,1,1,2025-08-13T00:00:00,2025-08-23T00:00:00,benign
req_ben_4202,pat_10,request_deactivation,phi_rec_10,0,0,0,2025-08-15T00:00:00,2025-09-03T00:00:00,benign
req_ben_3210,pat_43,request_access,phi_rec_43,0,0,1,2025-08-26T00:00:00,2025-09-06T00:00:00,benign
req_ben_4333,pat_128,request_access,phi_rec_128,1,0,1,2025-08-29T00:00:00,2025-09-08T00:00:00,benign
req_ben_3160,pat_71,request_deactivation,phi_rec_71,0,0,0,2025-08-19T00:00:00,2025-08-27T00:00:00,benign
req_ben_3075,pat_146,request_access,phi_rec_146,1,0,0,2025-08-07T00:00:00,2025-08-27T00:00:00,benign
req_ben_1078,pat_86,request_access,phi_rec_86,1,1,1,2025-08-22T00:00:00,2025-08-27T00:00:00,benign
req_ben_1803,pat_104,request_deactivation,phi_rec_104,0,0,0,2025-08-07T00:00:00,2025-08-23T00:00:00,benign
req_ben_1610,pat_110,request_access,phi_rec_110,1,0,0,2025-08-05T00:00:00,2025-08-20T00:00:00,benign
req_ben_4430,pat_47,request_deactivation,phi_rec_47,0,0,0,2025-08-16T00:00:00,2025-08-20T00:00:00,benign
req_vio_243,pat_77,request_deactivation,phi_rec_77,0,0,0,2025-02-25T00:00:00,,violation_gdpr_art17
req_ben_943,pat_126,request_deactivation,phi_rec_126,0,0,0,2025-08-20T00:00:00,2025-09-11T00:00:00,benign
req_ben_3049,pat_175,request_access,phi_rec_175,1,1,1,2025-08-11T00:00:00,2025-08-17T00:00:00,benign
req_ben_4468,pat_68,request_deactivation,phi_rec_68,0,0,0,2025-08-20T00:00:00,2025-08-24T00:00:00,benign
req_ben_4083,pat_122,request_deactivation,phi_rec_122,0,0,0,2025-08-27T00:00:00,2025-09-18T00:00:00,benign
req_ben_3226,pat_108,request_deactivation,phi_rec_108,0,0,0,2025-08-28T00:00:00,2025-09-09T00:00:00,benign
req_ben_2604,pat_80,request_deactivation,phi_rec_80,0,0,0,2025-08-15T00:00:00,2025-09-07T00:00:00,benign
req_ben_2129,pat_184,request_deactivation,phi_rec_184,0,0,0,2025-08-02T00:00:00,2025-08-04T00:00:00,benign
req_ben_3429,pat_15,request_access,phi_rec_15,1,1,1,2025-08-20T00:00:00,2025-08-26T00:00:00,benign
req_ben_3864,pat_1,request_deactivation,phi_rec_1,0,0,0,2025-08-18T00:00:00,2025-09-08T00:00:00,benign
req_ben_2394,pat_120,request_deactivation,phi_rec_120,0,0,0,2025-08-15T00:00:00,2025-08-22T00:00:00,benign
req_ben_1054,pat_142,request_access,phi_rec_142,1,0,1,2025-08-02T00:00:00,2025-08-12T00:00:00,benign
req_ben_2768,pat_82,request_access,phi_rec_82,1,0,0,2025-08-03T00:00:00,2025-08-21T00:00:00,benign
req_ben_193,pat_199,request_access,phi_rec_199,1,1,1,2025-08-22T00:00:00,2025-09-14T00:00:00,benign
req_ben_4070,pat_0,request_access,phi_rec_0,1,1,1,2025-08-08T00:00:00,2025-08-19T00:00:00,benign
req_ben_4370,pat_87,request_access,phi_rec_87,0,1,0,2025-08-28T00:00:00,2025-09-02T00:00:00,benign
req_ben_954,pat_100,request_access,phi_rec_100,0,1,0,2025-08-10T00:00:00,2025-08-25T00:00:00,benign
req_vio_126,pat_42,request_access,phi_rec_42,0,1,0,2025-07-22T00:00:00,,violation_gdpr_art15
req_ben_422,pat_4,request_access,phi_rec_4,1,1,1,2025-08-13T00:00:00,2025-09-06T00:00:00,benign
req_ben_2080,pat_141,request_access,phi_rec_141,1,1,1,2025-08-10T00:00:00,2025-08-11T00:00:00,benign
req_ben_4043,pat_137,request_deactivation,phi_rec_137,0,0,0,2025-08-08T00:00:00,2025-08-23T00:00:00,benign
req_ben_1118,pat_158,request_deactivation,phi_rec_158,0,0,0,2025-08-12T00:00:00,2025-08-17T00:00:00,benign
req_ben_2831,pat_192,request_deactivation,phi_rec_192,0,0,0,2025-08-21T00:00:00,2025-09-08T00:00:00,benign
req_ben_3580,pat_11,request_access,phi_rec_11,1,0,1,2025-08-02T00:00:00,2025-08-24T00:00:00,benign
req_ben_685,pat_67,request_access,phi_rec_67,0,1,1,2025-08-07T00:00:00,2025-08-30T00:00:00,benign
req_ben_2631,pat_180,request_deactivation,phi_rec_180,0,0,0,2025-08-26T00:00:00,2025-09-03T00:00:00,benign
req_ben_1293,pat_167,request_deactivation,phi_rec_167,0,0,0,2025-08-22T00:00:00,2025-09-10T00:00:00,benign
req_vio_165,pat_140,request_deactivation,phi_rec_140,0,0,0,2025-03-06T00:00:00,,violation_gdpr_art17
req_ben_3881,pat_105,request_access,phi_rec_105,1,1,0,2025-08-22T00:00:00,2025-08-28T00:00:00,benign
req_ben_1793,pat_102,request_deactivation,phi_rec_102,0,0,0,2025-08-04T00:00:00,2025-08-13T00:00:00,benign
req_ben_3162,pat_48,request_access,phi_rec_48,1,1,1,2025-08-03T00:00:00,2025-08-17T00:00:00,benign
req_ben_3377,pat_142,request_deactivation,phi_rec_142,0,0,0,2025-08-16T00:00:00,2025-09-01T00:00:00,benign
req_ben_777,pat_59,request_deactivation,phi_rec_59,0,0,0,2025-08-11T00:00:00,2025-08-24T00:00:00,benign
req_ben_1767,pat_158,request_access,phi_rec_158,1,1,0,2025-08-10T00:00:00,2025-09-03T00:00:00,benign
req_ben_241,pat_5,request_access,phi_rec_5,0,0,1,2025-08-02T00:00:00,2025-08-13T00:00:00,benign
req_ben_3316,pat_42,request_access,phi_rec_42,0,0,1,2025-08-09T00:00:00,2025-08-27T00:00:00,benign
req_ben_2904,pat_171,request_deactivation,phi_rec_171,0,0,0,2025-08-03T00:00:00,2025-08-21T00:00:00,benign
req_ben_2741,pat_57,request_deactivation,phi_rec_57,0,0,0,2025-08-23T00:00:00,2025-09-02T00:00:00,benign
req_ben_513,pat_51,request_access,phi_rec_51,0,1,0,2025-08-15T00:00:00,2025-09-07T00:00:00,benign
req_ben_4052,pat_112,request_access,phi_rec_112,1,1,1,2025-08-21T00:00:00,2025-09-07T00:00:00,benign
req_ben_1427,pat_43,request_deactivation,phi_rec_43,0,0,0,2025-08-17T00:00:00,2025-09-10T00:00:00,benign
req_ben_2575,pat_47,request_access,phi_rec_47,1,1,1,2025-08-16T00:00:00,2025-09-04T00:00:00,benign
req_ben_3070,pat_55,request_access,phi_rec_55,1,0,1,2025-08-11T00:00:00,2025-09-02T00:00:00,benign
req_ben_3721,pat_181,request_access,phi_rec_181,0,0,1,2025-08-05T00:00:00,2025-08-09T00:00:00,benign
req_ben_389,pat_189,request_access,phi_rec_189,1,1,1,2025-08-04T00:00:00,2025-08-11T00:00:00,benign
req_ben_3180,pat_158,request_deactivation,phi_rec_158,0,0,0,2025-08-29T00:00:00,2025-09-06T00:00:00,benign
req_ben_2532,pat_44,request_deactivation,phi_rec_44,0,0,0,2025-08-28T00:00:00,2025-09-22T00:00:00,benign
req_vio_236,pat_15,request_access,phi_rec_15,1,1,1,2025-04-11T00:00:00,,violation_gdpr_art15
req_ben_2171,pat_155,request_access,phi_rec_155,1,1,1,2025-08-17T00:00:00,2025-09-02T00:00:00,benign
req_ben_3220,pat_114,request_access,phi_rec_114,0,1,0,2025-08-16T00:00:00,2025-09-02T00:00:00,benign
req_ben_288,pat_155,request_deactivation,phi_rec_155,0,0,0,2025-08-28T00:00:00,2025-09-04T00:00:00,benign
req_ben_1045,pat_24,request_access,phi_rec_24,1,0,1,2025-08-15T00:00:00,2025-08-18T00:00:00,benign
req_ben_3688,pat_23,request_deactivation,phi_rec_23,0,0,0,2025-08-12T00:00:00,2025-08-16T00:00:00,benign
req_ben_2402,pat_4,request_deactivation,phi_rec_4,0,0,0,2025-08-13T00:00:00,2025-08-17T00:00:00,benign
req_ben_407,pat_44,request_deactivation,phi_rec_44,0,0,0,2025-08-02T00:00:00,2025-08-18T00:00:00,benign
req_ben_1368,pat_61,request_deactivation,phi_rec_61,0,0,0,2025-08-21T00:00:00,2025-09-14T00:00:00,benign
req_ben_3538,pat_131,request_deactivation,phi_rec_131,0,0,0,2025-08-19T00:00:00,2025-08-29T00:00:00,benign
req_ben_3949,pat_184,request_access,phi_rec_184,0,0,1,2025-08-18T00:00:00,2025-08-23T00:00:00,benign
req_ben_2503,pat_94,request_deactivation,phi_rec_94,0,0,0,2025-08-15T00:00:00,2025-08-23T00:00:00,benign
req_ben_2793,pat_11,request_deactivation,phi_rec_11,0,0,0,2025-08-25T00:00:00,2025-09-15T00:00:00,benign
req_ben_4308,pat_171,request_access,phi_rec_171,1,1,1,2025-08-07T00:00:00,2025-08-17T00:00:00,benign
req_ben_1379,pat_81,request_access,phi_rec_81,1,1,1,2025-08-25T00:00:00,2025-09-07T00:00:00,benign
req_ben_2139,pat_139,request_access,phi_rec_139,1,1,1,2025-08-30T00:00:00,2025-09-01T00:00:00,benign
req_ben_1855,pat_47,request_access,phi_rec_47,0,1,1,2025-08-09T00:00:00,2025-08-24T00:00:00,benign
req_ben_344,pat_91,request_access,phi_rec_91,1,0,1,2025-08-23T00:00:00,2025-09-10T00:00:00,benign
req_ben_129,pat_99,request_access,phi_rec_99,1,1,1,2025-08-05T00:00:00,2025-08-12T00:00:00,benign
req_ben_3145,pat_61,request_access,phi_rec_61,0,0,1,2025-08-08T00:00:00,2025-09-02T00:00:00,benign
req_ben_824,pat_41,request_access,phi_rec_41,1,0,0,2025-08-16T00:00:00,2025-08-29T00:00:00,benign
req_ben_1615,pat_153,request_deactivation,phi_rec_153,0,0,0,2025-08-22T00:00:00,2025-08-31T00:00:00,benign
req_ben_2320,pat_78,request_access,phi_rec_78,1,0,0,2025-08-19T00:00:00,2025-08-23T00:00:00,benign
req_ben_4244,pat_79,request_access,phi_rec_79,1,1,1,2025-08-11T00:00:00,2025-09-04T00:00:00,benign
req_ben_4508,pat_10,request_access,phi_rec_10,1,1,0,2025-08-06T00:00:00,2025-08-07T00:00:00,benign
req_vio_247,pat_60,request_deactivation,phi_rec_60,0,0,0,2025-06-19T00:00:00,,violation_gdpr_art17
req_ben_1899,pat_98,request_deactivation,phi_rec_98,0,0,0,2025-08-24T00:00:00,2025-09-18T00:00:00,benign
req_ben_1870,pat_130,request_access,phi_rec_130,1,1,0,2025-08-03T00:00:00,2025-08-27T00:00:00,benign
req_ben_1685,pat_159,request_deactivation,phi_rec_159,0,0,0,2025-08-08T00:00:00,2025-08-14T00:00:00,benign
req_ben_4482,pat_5,request_access,phi_rec_5,1,1,1,2025-08-25T00:00:00,2025-09-09T00:00:00,benign
req_ben_1953,pat_149,request_access,phi_rec_149,1,1,1,2025-08-19T00:00:00,2025-09-06T00:00:00,benign
req_ben_3553,pat_39,request_access,phi_rec_39,1,1,1,2025-08-12T00:00:00,2025-08-19T00:00:00,benign
req_ben_4041,pat_161,request_access,phi_rec_161,1,1,1,2025-08-22T00:00:00,2025-09-02T00:00:00,benign
req_ben_3831,pat_30,request_access,phi_rec_30,1,0,1,2025-08-08T00:00:00,2025-08-25T00:00:00,benign
req_ben_3968,pat_21,request_access,phi_rec_21,1,0,1,2025-08-22T00:00:00,2025-08-23T00:00:00,benign
req_ben_146,pat_112,request_access,phi_rec_112,1,0,1,2025-08-04T00:00:00,2025-08-12T00:00:00,benign
