log_id,principal,action,resource,lab_result,clinical_note,billing_info,purpose,timestamp,label
log_0,bclerk_0,read_phi,phi_rec_164,0,0,1,billing,2025-05-28T14:10:38,benign
log_1,doc_0,read_phi,phi_rec_96,1,1,0,diagnosis,2025-06-28T08:10:38,benign
log_2,bclerk_0,read_phi,phi_rec_178,0,0,1,billing,2025-06-30T16:06:14,benign
log_3,doc_4,read_phi,phi_rec_196,0,0,0,marketing,2025-08-07T05:55:18,benign
log_4,doc_3,read_phi,phi_rec_26,1,1,0,diagnosis,2025-08-14T15:29:33,benign
log_5,doc_4,read_phi,phi_rec_17,0,0,0,marketing,2025-08-15T22:46:18,benign
log_6,doc_1,read_phi,phi_rec_85,1,1,0,diagnosis,2025-07-23T05:43:26,benign
log_7,doc_4,read_phi,phi_rec_173,0,0,0,billing,2025-01-17T13:24:03,benign
log_8,doc_1,read_phi,phi_rec_51,1,1,0,diagnosis,2025-07-29T06:09:19,benign
log_9,bclerk_0,read_phi,phi_rec_183,0,0,1,billing,2025-08-11T03:52:42,benign
log_10,doc_2,read_phi,phi_rec_126,1,1,0,diagnosis,2025-05-21T01:55:04,benign
log_11,bclerk_0,read_phi,phi_rec_188,0,0,1,billing,2025-04-17T11:14:18,benign
log_12,doc_3,read_phi,phi_rec_1,1,0,0,diagnosis,2025-05-09T04:47:34,benign
log_13,bclerk_0,read_phi,phi_rec_4,0,0,1,billing,2025-07-27T07:18:04,benign
log_14,bclerk_0,read_phi,phi_rec_20,0,0,1,billing,2025-02-28T16:16:30,benign
log_15,doc_4,read_phi,phi_rec_104,1,1,0,diagnosis,2025-08-07T20:15:30,benign
log_16,doc_2,read_phi,phi_rec_60,1,1,0,diagnosis,2025-05-13T22:57:59,benign
log_17,doc_0,read_phi,phi_rec_147,0,0,0,marketing,2025-05-25T01:34:03,benign
log_18,doc_4,read_phi,phi_rec_104,0,1,0,research,2025-02-28T09:01:09,benign
log_19,doc_4,read_phi,phi_rec_134,0,0,0,billing,2025-07-16T08:20:56,benign
log_20,doc_0,read_phi,phi_rec_28,0,0,0,marketing,2025-08-15T07:27:16,benign
log_21,doc_3,read_phi,phi_rec_158,0,0,0,marketing,2025-03-06T06:31:51,benign
log_22,doc_1,read_phi,phi_rec_119,0,0,0,billing,2025-03-13T19:36:24,benign
log_23,doc_0,read_phi,phi_rec_92,0,0,0,billing,2025-02-28T03:26:31,benign
log_24,doc_4,read_phi,phi_rec_45,0,0,0,billing,2025-02-01T10:06:18,benign
log_25,bclerk_0,read_phi,phi_rec_95,1,0,0,billing,2025-05-17T15:13:22,violation_hipaa_min_necessary
log_26,bclerk_0,read_phi,phi_rec_52,0,0,1,billing,2025-03-03T05:57:19,benign
log_27,doc_0,read_phi,phi_rec_152,0,0,0,billing,2025-01-01T14:40:01,benign
log_28,doc_2,read_phi,phi_rec_7,0,0,0,billing,2025-08-09T10:31:07,benign
log_29,bclerk_0,read_phi,phi_rec_13,0,0,1,billing,2025-04-23T09:21:54,benign
log_30,doc_1,read_phi,phi_rec_51,0,1,0,diagnosis,2025-06-06T21:10:08,benign
log_31,doc_2,read_phi,phi_rec_124,1,1,0,research,2025-06-07T07:17:59,benign
log_32,doc_4,read_phi,phi_rec_45,0,0,0,billing,2025-02-17T07:47:52,benign
log_33,doc_3,read_phi,phi_rec_115,0,0,0,billing,2025-03-30T11:20:02,benign
log_34,doc_4,read_phi,phi_rec_65,0,0,0,marketing,2025-05-02T19:03:12,benign
log_35,doc_2,read_phi,phi_rec_89,0,0,0,billing,2025-05-02T06:34:24,benign
log_36,doc_2,read_phi,phi_rec_7,1,1,0,diagnosis,2025-04-22T10:11:17,benign
log_37,doc_4,read_phi,phi_rec_187,1,1,0,diagnosis,2025-05-31T06:36:49,benign
log_38,doc_2,read_phi,phi_rec_64,1,0,0,diagnosis,2025-06-01T12:51:06,benign
log_39,doc_0,read_phi,phi_rec_169,0,0,0,billing,2025-05-21T06:26:14,benign
log_40,bclerk_0,read_phi,phi_rec_156,0,0,1,billing,2025-02-22T10:40:09,benign
log_41,doc_3,read_phi,phi_rec_153,0,0,0,marketing,2025-05-14T23:22:00,benign
log_42,doc_3,read_phi,phi_rec_36,0,0,0,marketing,2025-04-12T01:53:55,benign
log_43,doc_3,read_phi,phi_rec_153,0,0,0,marketing,2025-03-20T11:12:04,benign
log_44,doc_3,read_phi,phi_rec_127,0,0,0,marketing,2025-01-15T15:57:16,benign
log_45,doc_0,read_phi,phi_rec_189,1,1,0,diagnosis,2025-06-15T04:26:01,benign
log_46,doc_2,read_phi,phi_rec_69,1,1,0,diagnosis,2025-03-05T15:03:34,benign
log_47,doc_0,read_phi,phi_rec_147,1,1,0,diagnosis,2025-04-09T00:23:17,benign
log_48,doc_4,read_phi,phi_rec_72,1,0,0,diagnosis,2025-05-25T02:51:11,benign
log_49,doc_2,read_phi,phi_rec_66,0,0,0,research,2025-08-05T11:13:36,benign
log_50,bclerk_0,read_phi,phi_rec_87,0,0,1,billing,2025-06-14T17:23:07,benign
log_51,doc_4,read_phi,phi_rec_81,0,0,0,billing,2025-02-16T08:09:55,benign
log_52,doc_4,read_phi,phi_rec_170,0,1,0,research,2025-02-28T08:29:39,benign
log_53,doc_4,read_phi,phi_rec_32,0,1,0,research,2025-05-11T01:24:21,benign
log_54,doc_1,read_phi,phi_rec_151,0,0,0,marketing,2025-02-13T03:41:44,benign
log_55,doc_4,read_phi,phi_rec_141,1,1,0,diagnosis,2025-02-26T01:05:37,benign
log_56,doc_1,read_phi,phi_rec_21,1,1,0,research,2025-02-14T23:53:12,benign
log_57,doc_1,read_phi,phi_rec_86,0,1,0,diagnosis,2025-02-23T08:54:23,benign
log_58,doc_1,read_phi,phi_rec_168,0,0,0,billing,2025-03-25T15:31:20,benign
log_59,bclerk_0,read_phi,phi_rec_111,0,0,1,billing,2025-03-20T22:47:56,benign
log_60,doc_4,read_phi,phi_rec_133,0,0,0,billing,2025-03-25T13:42:24,benign
log_61,bclerk_0,read_phi,phi_rec_192,0,0,1,billing,2025-05-21T23:00:43,benign
log_62,bclerk_0,read_phi,phi_rec_64,0,0,1,billing,2025-04-01T16:06:11,benign
log_63,doc_1,read_phi,phi_rec_54,1,1,0,diagnosis,2025-04-14T01:52:29,benign
log_64,doc_2,read_phi,phi_rec_25,1,1,0,diagnosis,2025-04-20T21:54:56,benign
log_65,bclerk_0,read_phi,phi_rec_61,0,0,1,billing,2025-08-10T13:57:18,benign
log_66,doc_2,read_phi,phi_rec_100,0,0,0,billing,2025-05-07T02:05:25,benign
log_67,doc_2,read_phi,phi_rec_60,1,1,0,diagnosis,2025-07-05T02:26:36,benign
log_68,doc_2,read_phi,phi_rec_60,1,0,0,diagnosis,2025-05-10T02:30:49,benign
log_69,doc_2,read_phi,phi_rec_75,0,0,0,billing,2025-06-25T00:59:51,benign
log_70,doc_2,read_phi,phi_rec_166,1,1,0,research,2025-06-25T19:30:14,benign
log_71,doc_1,read_phi,phi_rec_154,0,0,0,marketing,2025-06-06T21:25:16,benign
log_72,doc_0,read_phi,phi_rec_67,0,0,0,billing,2025-02-20T19:55:40,benign
log_73,bclerk_0,read_phi,phi_rec_177,0,0,1,marketing,2025-08-25T08:15:40,violation_gdpr_art18
log_74,bclerk_0,read_phi,phi_rec_1,0,0,1,billing,2025-06-23T05:37:17,benign
log_75,bclerk_0,read_phi,phi_rec_101,0,0,1,billing,2025-04-23T08:56:01,benign
log_76,doc_3,read_phi,phi_rec_6,1,1,0,diagnosis,2025-01-10T19:44:17,benign
log_77,doc_0,read_phi,phi_rec_160,1,1,0,diagnosis,2025-04-27T19:18:31,benign
log_78,doc_0,read_phi,phi_rec_164,0,0,0,marketing,2025-02-11T05:31:05,benign
log_79,doc_2,read_phi,phi_rec_188,1,1,0,research,2025-02-16T00:29:30,benign
log_80,doc_4,read_phi,phi_rec_190,1,1,0,research,2025-08-11T11:13:02,benign
log_81,doc_3,read_phi,phi_rec_8,0,0,0,marketing,2025-04-19T14:14:22,benign
log_82,doc_3,read_phi,phi_rec_46,1,1,0,diagnosis,2025-08-23T20:34:34,benign
log_83,bclerk_0,read_phi,phi_rec_52,0,0,1,billing,2025-07-22T17:52:52,benign
log_84,doc_4,read_phi,phi_rec_19,1,0,0,diagnosis,2025-06-27T23:04:24,benign
log_85,doc_0,read_phi,phi_rec_58,1,0,0,diagnosis,2025-07-10T15:15:14,benign
log_86,doc_0,read_phi,phi_rec_155,1,1,0,diagnosis,2025-06-01T15:37:58,benign
log_87,doc_2,read_phi,phi_rec_126,0,1,0,research,2025-04-30T02:49:00,benign
log_88,doc_0,read_phi,phi_rec_122,0,0,0,billing,2025-08-20T14:46:30,benign
log_89,doc_2,read_phi,phi_rec_107,0,0,0,marketing,2025-07-26T23:35:12,benign
log_90,doc_0,read_phi,phi_rec_16,1,0,0,diagnosis,2025-04-28T22:50:08,benign
log_91,doc_1,read_phi,phi_rec_130,0,0,0,billing,2025-04-24T09:36:42,benign
log_92,doc_1,read_phi,phi_rec_82,0,0,0,billing,2025-03-22T15:44:59,benign
log_93,bclerk_0,read_phi,phi_rec_76,0,0,1,billing,2025-02-09T10:44:38,benign
log_94,doc_0,read_phi,phi_rec_136,1,1,0,research,2025-04-06T01:33:18,benign
log_95,doc_1,read_phi,phi_rec_93,1,1,0,diagnosis,2025-02-07T13:41:35,benign
log_96,bclerk_0,read_phi,phi_rec_134,0,0,1,billing,2025-04-13T21:30:43,benign
log_97,doc_2,read_phi,phi_rec_100,1,1,0,diagnosis,2025-06-11T12:50:48,benign
log_98,doc_3,read_phi,phi_rec_109,0,0,0,marketing,2025-01-16T18:40:36,benign
log_99,doc_2,read_phi,phi_rec_121,0,1,0,diagnosis,2025-08-28T09:14:37,benign
log_100,bclerk_0,read_phi,phi_rec_42,0,0,1,billing,2025-05-10T00:15:15,benign
log_101,doc_0,read_phi,phi_rec_129,0,0,0,marketing,2025-04-06T20:01:46,benign
log_102,doc_4,read_phi,phi_rec_68,0,0,0,billing,2025-04-06T16:54:28,benign
log_103,doc_0,read_phi,phi_rec_183,0,0,0,marketing,2025-04-18T05:39:21,benign
log_104,doc_4,read_phi,phi_rec_134,0,0,0,marketing,2025-07-01T06:31:39,benign
log_105,bclerk_0,read_phi,phi_rec_9,0,0,1,billing,2025-01-04T13:59:00,benign
log_106,doc_3,read_phi,phi_rec_90,1,1,0,research,2025-06-29T11:43:42,benign
log_107,doc_0,read_phi,phi_rec_59,0,0,0,billing,2025-01-23T22:55:18,benign
log_108,doc_3,read_phi,phi_rec_115,0,1,0,diagnosis,2025-07-30T14:48:22,benign
log_109,doc_4,read_phi,phi_rec_134,0,0,0,marketing,2025-05-05T22:36:26,benign
log_110,doc_2,read_phi,phi_rec_188,1,1,0,diagnosis,2025-04-19T08:51:19,benign
log_111,bclerk_0,read_phi,phi_rec_27,0,0,1,billing,2025-01-09T21:36:12,benign
log_112,doc_2,read_phi,phi_rec_64,1,1,0,diagnosis,2025-03-04T07:31:29,benign
log_113,doc_1,read_phi,phi_rec_182,0,0,0,billing,2025-04-27T18:54:09,benign
log_114,doc_0,read_phi,phi_rec_136,1,1,0,diagnosis,2025-05-24T12:35:18,benign
log_115,bclerk_0,read_phi,phi_rec_185,0,0,1,billing,2025-04-20T13:54:58,benign
log_116,doc_1,read_phi,phi_rec_84,1,1,0,diagnosis,2025-02-14T03:11:09,benign
log_117,bclerk_0,read_phi,phi_rec_39,0,0,1,billing,2025-05-12T06:00:18,benign
log_118,doc_0,read_phi,phi_rec_137,0,0,0,billing,2025-05-18T10:56:09,benign
log_119,doc_0,read_phi,phi_rec_189,0,0,0,marketing,2025-01-25T12:43:31,benign
log_120,bclerk_0,read_phi,phi_rec_169,0,0,1,billing,2025-08-12T14:05:44,benign
log_121,bclerk_0,read_phi,phi_rec_117,0,0,1,billing,2025-02-08T17:04:55,benign
log_122,doc_0,read_phi,phi_rec_160,0,0,0,marketing,2025-03-13T16:43:02,benign
log_123,doc_3,read_phi,phi_rec_143,0,0,0,billing,2025-06-15T08:08:49,benign
log_124,doc_3,read_phi,phi_rec_36,0,0,0,marketing,2025-08-01T01:48:03,benign
log_125,bclerk_0,read_phi,phi_rec_143,0,0,1,billing,2025-01-18T02:49:33,benign
log_126,bclerk_0,read_phi,phi_rec_188,0,0,1,billing,2025-07-16T21:55:53,benign
log_127,doc_4,read_phi,phi_rec_141,1,0,0,diagnosis,2025-08-04T20:38:08,benign
log_128,doc_2,read_phi,phi_rec_14,0,0,0,billing,2025-04-21T11:37:40,benign
log_129,doc_1,read_phi,phi_rec_103,0,1,0,research,2025-04-27T16:32:13,violation_gdpr_art18
log_130,bclerk_0,read_phi,phi_rec_75,0,0,1,billing,2025-01-17T09:00:29,benign
log_131,doc_4,read_phi,phi_rec_140,1,1,0,diagnosis,2025-05-23T12:55:50,benign
log_132,doc_3,read_phi,phi_rec_195,0,0,0,marketing,2025-07-14T08:08:31,benign
log_133,doc_0,read_phi,phi_rec_39,1,1,0,diagnosis,2025-06-02T18:23:15,benign
log_134,bclerk_0,read_phi,phi_rec_71,0,0,1,billing,2025-03-17T20:07:52,benign
log_135,doc_0,read_phi,phi_rec_193,1,1,0,diagnosis,2025-03-21T17:53:30,benign
log_136,doc_2,read_phi,phi_rec_47,0,0,0,billing,2025-01-17T23:04:26,benign
log_137,doc_0,read_phi,phi_rec_59,0,0,0,billing,2025-06-14T04:18:33,benign
log_138,doc_2,read_phi,phi_rec_7,0,0,0,billing,2025-04-30T19:25:54,benign
log_139,doc_2,read_phi,phi_rec_145,0,0,0,billing,2025-07-08T19:38:25,benign
log_140,doc_0,read_phi,phi_rec_156,1,1,0,research,2025-03-28T22:38:19,benign
log_141,doc_0,read_phi,phi_rec_158,0,1,0,diagnosis,2025-05-20T02:22:17,violation_hipaa_auth
log_142,doc_1,read_phi,phi_rec_48,1,1,0,research,2025-01-27T10:25:53,benign
log_143,bclerk_0,read_phi,phi_rec_51,0,0,1,billing,2025-03-21T09:07:33,benign
log_144,doc_0,read_phi,phi_rec_142,1,1,0,research,2025-03-04T12:39:22,benign
log_145,doc_3,read_phi,phi_rec_1,0,0,0,marketing,2025-01-29T17:23:33,benign
log_146,bclerk_0,read_phi,phi_rec_187,0,0,1,billing,2025-02-01T02:23:01,benign
log_147,doc_0,read_phi,phi_rec_156,0,0,0,marketing,2025-08-29T11:11:25,benign
log_148,doc_1,read_phi,phi_rec_125,0,0,0,billing,2025-01-20T19:33:11,benign
log_149,bclerk_0,read_phi,phi_rec_45,0,0,1,marketing,2025-06-19T04:50:20,violation_gdpr_art18
log_150,bclerk_0,read_phi,phi_rec_167,0,0,1,billing,2025-01-27T17:09:23,benign
log_151,doc_1,read_phi,phi_rec_184,0,1,0,research,2025-04-30T16:53:07,benign
log_152,doc_2,read_phi,phi_rec_107,0,0,0,billing,2025-06-21T20:07:36,benign
log_153,doc_2,read_phi,phi_rec_199,0,0,0,billing,2025-05-21T05:52:26,benign
log_154,doc_2,read_phi,phi_rec_165,1,0,0,diagnosis,2025-07-24T02:29:54,benign
log_155,doc_4,read_phi,phi_rec_20,0,1,0,diagnosis,2025-07-28T21:28:02,benign
log_156,bclerk_0,read_phi,phi_rec_71,0,0,1,billing,2025-01-03T00:21:29,benign
log_157,bclerk_0,read_phi,phi_rec_90,0,0,1,billing,2025-06-19T19:10:04,benign
log_158,doc_3,read_phi,phi_rec_8,0,0,0,billing,2025-06-14T08:47:41,benign
log_159,doc_2,read_phi,phi_rec_166,0,1,0,diagnosis,2025-03-23T12:12:43,benign
log_160,doc_4,read_phi,phi_rec_4,0,0,0,billing,2025-08-24T06:58:57,benign
log_161,doc_4,read_phi,phi_rec_4,1,0,0,diagnosis,2025-03-03T14:01:44,benign
log_162,bclerk_0,read_phi,phi_rec_61,0,0,1,billing,2025-03-27T00:21:40,benign
log_163,bclerk_0,read_phi,phi_rec_15,0,0,1,billing,2025-07-09T17:44:03,benign
log_164,doc_2,read_phi,phi_rec_165,0,1,0,diagnosis,2025-01-22T19:35:41,benign
log_165,doc_1,read_phi,phi_rec_102,0,0,0,billing,2025-01-04T18:04:57,benign
log_166,doc_2,read_phi,phi_rec_25,1,1,0,diagnosis,2025-07-22T21:22:28,benign
log_167,bclerk_0,read_phi,phi_rec_136,0,0,1,billing,2025-08-27T01:09:08,benign
log_168,bclerk_0,read_phi,phi_rec_143,0,0,1,billing,2025-04-27T02:07:12,benign
log_169,doc_4,read_phi,phi_rec_40,1,1,0,research,2025-06-14T10:14:40,benign
log_170,doc_4,read_phi,phi_rec_135,1,1,0,diagnosis,2025-03-14T08:57:26,benign
log_171,bclerk_0,read_phi,phi_rec_143,0,0,1,billing,2025-08-08T14:37:46,benign
log_172,doc_1,read_phi,phi_rec_168,1,1,0,research,2025-01-13T20:52:24,benign
log_173,doc_2,read_phi,phi_rec_83,1,1,0,diagnosis,2025-02-11T09:52:46,benign
log_174,doc_0,read_phi,phi_rec_67,0,1,0,diagnosis,2025-05-24T19:28:16,benign
log_175,doc_4,read_phi,phi_rec_68,1,1,0,diagnosis,2025-05-21T16:58:35,benign
log_176,doc_3,read_phi,phi_rec_1,0,0,0,marketing,2025-05-11T06:40:06,benign
log_177,doc_4,read_phi,phi_rec_19,0,0,0,billing,2025-07-27T08:21:42,benign
log_178,doc_0,read_phi,phi_rec_41,1,0,0,research,2025-02-04T11:35:37,benign
log_179,doc_4,read_phi,phi_rec_180,0,0,0,billing,2025-01-23T17:19:15,benign
log_180,doc_1,read_phi,phi_rec_55,0,0,0,billing,2025-07-01T09:54:43,benign
log_181,doc_4,read_phi,phi_rec_113,0,0,0,billing,2025-08-25T01:13:38,benign
log_182,doc_0,read_phi,phi_rec_183,0,1,0,diagnosis,2025-02-11T10:57:52,benign
log_183,bclerk_0,read_phi,phi_rec_99,1,0,0,billing,2025-04-03T19:47:15,violation_hipaa_min_necessary
log_184,doc_0,read_phi,phi_rec_95,0,0,0,billing,2025-08-06T05:15:39,benign
log_185,bclerk_0,read_phi,phi_rec_53,0,0,1,billing,2025-05-27T06:51:29,benign
log_186,bclerk_0,read_phi,phi_rec_49,0,0,1,billing,2025-05-11T21:25:18,benign
log_187,bclerk_0,read_phi,phi_rec_166,0,0,1,billing,2025-02-10T06:53:31,benign
log_188,doc_4,read_phi,phi_rec_140,1,1,0,diagnosis,2025-06-29T06:41:28,benign
log_189,doc_3,read_phi,phi_rec_76,0,1,0,research,2025-03-08T09:12:45,benign
log_190,bclerk_0,read_phi,phi_rec_169,0,0,1,billing,2025-02-24T04:53:39,benign
log_191,doc_2,read_phi,phi_rec_161,1,0,0,research,2025-02-26T06:22:52,benign
log_192,doc_2,read_phi,phi_rec_83,0,0,0,billing,2025-02-17T11:50:20,benign
log_193,doc_4,read_phi,phi_rec_74,1,1,0,research,2025-08-02T19:39:30,benign
log_194,bclerk_0,read_phi,phi_rec_4,0,0,1,billing,2025-07-04T20:32:34,benign
log_195,doc_4,read_phi,phi_rec_19,0,0,0,diagnosis,2025-08-21T08:52:28,benign
log_196,doc_0,read_phi,phi_rec_95,0,0,0,billing,2025-04-19T15:47:45,benign
log_197,bclerk_0,read_phi,phi_rec_86,0,0,1,billing,2025-01-24T01:24:39,benign
log_198,doc_3,read_phi,phi_rec_105,0,0,0,marketing,2025-06-18T09:12:03,benign
log_199,bclerk_0,read_phi,phi_rec_168,0,0,1,billing,2025-07-04T18:34:29,benign
log_200,bclerk_0,read_phi,phi_rec_3,0,0,1,billing,2025-01-09T23:58:39,benign
log_201,doc_2,read_phi,phi_rec_124,0,1,0,diagnosis,2025-02-12T06:25:29,benign
log_202,bclerk_0,read_phi,phi_rec_104,0,0,1,billing,2025-07-05T02:32:33,benign
log_203,doc_0,read_phi,phi_rec_77,0,0,0,billing,2025-01-03T04:04:08,benign
log_204,bclerk_0,read_phi,phi_rec_146,0,0,1,billing,2025-03-06T12:17:03,benign
log_205,doc_1,read_phi,phi_rec_118,0,0,0,billing,2025-03-16T04:55:10,benign
log_206,doc_4,read_phi,phi_rec_196,0,0,0,marketing,2025-07-08T05:55:56,benign
log_207,doc_3,read_phi,phi_rec_167,0,0,0,marketing,2025-05-12T06:32:22,benign
log_208,doc_0,read_phi,phi_rec_147,0,1,0,research,2025-08-12T11:09:19,violation_gdpr_art18
log_209,doc_1,read_phi,phi_rec_184,1,0,0,diagnosis,2025-04-14T19:41:16,benign
log_210,doc_3,read_phi,phi_rec_195,1,0,0,diagnosis,2025-05-08T03:19:48,benign
log_211,bclerk_0,read_phi,phi_rec_124,1,0,0,billing,2025-08-17T05:12:05,violation_hipaa_min_necessary
log_212,doc_0,read_phi,phi_rec_160,0,1,0,research,2025-04-25T06:41:01,benign
log_213,doc_3,read_phi,phi_rec_179,0,0,0,marketing,2025-02-11T02:50:27,benign
log_214,bclerk_0,read_phi,phi_rec_98,0,0,1,billing,2025-01-25T09:31:01,benign
log_215,doc_1,read_phi,phi_rec_94,1,1,0,diagnosis,2025-06-09T16:22:15,benign
log_216,bclerk_0,read_phi,phi_rec_26,0,0,1,billing,2025-06-13T22:56:22,benign
log_217,doc_1,read_phi,phi_rec_93,0,0,0,billing,2025-05-19T03:20:58,benign
log_218,bclerk_0,read_phi,phi_rec_171,0,0,1,billing,2025-01-03T17:55:48,benign
log_219,doc_2,read_phi,phi_rec_117,1,1,0,diagnosis,2025-06-12T12:41:23,benign
log_220,bclerk_0,read_phi,phi_rec_59,0,0,1,marketing,2025-05-04T14:11:03,violation_gdpr_art18
log_221,doc_1,read_phi,phi_rec_53,0,0,0,billing,2025-01-29T23:26:34,benign
log_222,doc_1,read_phi,phi_rec_21,0,0,0,billing,2025-04-02T10:17:45,benign
log_223,doc_2,read_phi,phi_rec_198,0,0,0,marketing,2025-05-07T08:42:01,benign
log_224,doc_4,read_phi,phi_rec_40,0,0,0,marketing,2025-01-03T17:02:12,benign
log_225,doc_2,read_phi,phi_rec_124,1,1,0,research,2025-06-22T03:40:05,benign
log_226,doc_0,read_phi,phi_rec_50,0,0,0,billing,2025-05-13T08:39:24,benign
log_227,doc_2,read_phi,phi_rec_47,1,1,0,research,2025-05-16T23:06:28,benign
log_228,doc_4,read_phi,phi_rec_106,0,0,0,billing,2025-03-23T06:52:39,benign
log_229,doc_2,read_phi,phi_rec_107,0,0,0,billing,2025-07-10T11:57:25,benign
log_230,doc_1,read_phi,phi_rec_125,1,1,0,research,2025-06-20T09:45:49,benign
log_231,bclerk_0,read_phi,phi_rec_191,0,0,1,billing,2025-04-21T00:20:41,benign
log_232,doc_2,read_phi,phi_rec_75,0,0,0,billing,2025-05-13T13:24:09,benign
log_233,bclerk_0,read_phi,phi_rec_28,0,0,1,billing,2025-06-23T13:24:54,benign
log_234,doc_4,read_phi,phi_rec_165,0,1,0,marketing,2025-01-13T18:55:10,violation_hipaa_auth
log_235,doc_2,read_phi,phi_rec_89,1,0,0,diagnosis,2025-08-18T20:42:04,benign
log_236,doc_0,read_phi,phi_rec_129,0,0,0,marketing,2025-03-27T14:44:02,benign
log_237,doc_1,read_phi,phi_rec_15,0,0,0,marketing,2025-07-28T07:55:04,benign
log_238,doc_0,read_phi,phi_rec_137,1,1,0,diagnosis,2025-01-21T20:30:36,benign
log_239,doc_1,read_phi,phi_rec_86,0,0,0,marketing,2025-02-28T00:16:33,benign
log_240,doc_4,read_phi,phi_rec_4,0,1,0,research,2025-06-07T20:53:48,benign
log_241,doc_2,read_phi,phi_rec_69,1,1,0,research,2025-04-25T01:44:47,benign
log_242,doc_1,read_phi,phi_rec_51,0,0,0,billing,2025-04-05T16:33:57,benign
log_243,bclerk_0,read_phi,phi_rec_88,0,0,1,billing,2025-08-10T22:19:21,benign
log_244,doc_2,read_phi,phi_rec_38,0,0,0,marketing,2025-03-17T04:48:09,benign
log_245,doc_4,read_phi,phi_rec_157,0,0,0,billing,2025-05-29T01:31:53,benign
log_246,bclerk_0,read_phi,phi_rec_176,0,0,1,billing,2025-08-27T21:53:16,benign
log_247,doc_0,read_phi,phi_rec_20,0,1,0,research,2025-03-26T19:59:51,violation_hipaa_auth
log_248,doc_2,read_phi,phi_rec_89,0,0,0,marketing,2025-04-23T17:13:37,benign
log_249,doc_0,read_phi,phi_rec_96,1,1,0,diagnosis,2025-08-25T09:51:43,benign
log_250,doc_0,read_phi,phi_rec_160,0,0,0,marketing,2025-05-24T08:51:03,benign
log_251,doc_2,read_phi,phi_rec_198,0,0,0,marketing,2025-07-04T12:05:51,benign
log_252,doc_1,read_phi,phi_rec_150,1,1,0,research,2025-02-28T00:12:56,benign
log_253,doc_4,read_phi,phi_rec_19,1,1,0,diagnosis,2025-03-27T08:09:35,benign
log_254,doc_0,read_phi,phi_rec_91,0,0,0,marketing,2025-08-06T03:24:58,benign
log_255,doc_0,read_phi,phi_rec_189,0,0,0,marketing,2025-07-15T09:31:15,benign
log_256,doc_2,read_phi,phi_rec_186,1,1,0,diagnosis,2025-06-09T11:48:04,benign
log_257,doc_4,read_phi,phi_rec_170,0,0,0,billing,2025-02-10T21:53:29,benign
log_258,bclerk_0,read_phi,phi_rec_106,0,0,1,billing,2025-04-30T00:41:36,benign
log_259,doc_2,read_phi,phi_rec_126,1,0,0,diagnosis,2025-08-15T15:52:14,benign
log_260,doc_4,read_phi,phi_rec_133,0,0,0,billing,2025-05-22T10:48:47,benign
log_261,doc_1,read_phi,phi_rec_185,1,1,0,research,2025-07-26T16:34:32,benign
log_262,doc_0,read_phi,phi_rec_16,1,1,0,diagnosis,2025-04-28T01:37:31,benign
log_263,doc_2,read_phi,phi_rec_38,1,0,0,diagnosis,2025-03-04T19:02:35,benign
log_264,doc_3,read_phi,phi_rec_30,0,0,0,billing,2025-05-11T09:59:15,benign
log_265,bclerk_0,read_phi,phi_rec_89,1,0,0,billing,2025-02-13T17:07:17,violation_hipaa_min_necessary
log_266,bclerk_0,read_phi,phi_rec_184,0,0,1,billing,2025-08-13T14:52:09,benign
log_267,doc_2,read_phi,phi_rec_22,0,0,0,marketing,2025-08-19T07:49:19,benign
log_268,doc_0,read_phi,phi_rec_77,0,0,0,billing,2025-07-29T03:02:47,benign
log_269,doc_1,read_phi,phi_rec_168,0,0,0,research,2025-08-27T09:08:33,benign
log_270,doc_4,read_phi,phi_rec_10,0,0,0,billing,2025-05-01T15:14:27,benign
log_271,doc_3,read_phi,phi_rec_46,0,0,0,billing,2025-03-29T00:13:23,benign
log_272,doc_1,read_phi,phi_rec_86,1,1,0,diagnosis,2025-06-23T08:13:28,benign
log_273,doc_4,read_phi,phi_rec_106,0,0,0,billing,2025-06-17T04:40:41,benign
log_274,doc_1,read_phi,phi_rec_48,0,0,0,marketing,2025-01-20T18:14:54,benign
log_275,doc_4,read_phi,phi_rec_10,1,1,0,diagnosis,2025-03-24T06:27:19,benign
log_276,doc_0,read_phi,phi_rec_28,0,1,0,diagnosis,2025-01-09T08:14:27,benign
log_277,doc_0,read_phi,phi_rec_41,0,0,0,billing,2025-05-11T06:10:36,benign
log_278,bclerk_0,read_phi,phi_rec_172,1,0,0,billing,2025-02-13T04:41:29,violation_hipaa_min_necessary
log_279,doc_4,read_phi,phi_rec_134,0,0,0,diagnosis,2025-02-03T03:25:44,benign
log_280,doc_0,read_phi,phi_rec_2,0,1,0,research,2025-02-26T18:21:14,benign
log_281,doc_1,read_phi,phi_rec_168,0,0,0,billing,2025-05-06T02:10:23,benign
log_282,doc_1,read_phi,phi_rec_33,0,0,0,marketing,2025-03-06T12:49:13,benign
log_283,doc_4,read_phi,phi_rec_170,0,0,0,billing,2025-02-19T05:44:19,benign
log_284,doc_2,read_phi,phi_rec_100,0,0,0,marketing,2025-01-24T11:28:13,benign
log_285,doc_0,read_phi,phi_rec_155,0,0,0,billing,2025-02-08T05:10:42,benign
log_286,bclerk_0,read_phi,phi_rec_8,0,0,1,billing,2025-03-24T01:40:58,benign
log_287,bclerk_0,read_phi,phi_rec_19,0,0,1,billing,2025-03-17T01:39:50,benign
log_288,doc_3,read_phi,phi_rec_115,0,0,0,billing,2025-07-03T19:09:09,benign
log_289,doc_1,read_phi,phi_rec_176,1,1,0,diagnosis,2025-05-09T16:15:05,benign
log_290,doc_4,read_phi,phi_rec_4,0,1,0,diagnosis,2025-07-02T17:48:45,benign
log_291,doc_2,read_phi,phi_rec_177,1,1,0,research,2025-03-30T16:39:04,benign
log_292,bclerk_0,read_phi,phi_rec_184,0,0,1,billing,2025-04-18T09:56:05,benign
log_293,doc_2,read_phi,phi_rec_100,0,0,0,billing,2025-04-05T14:41:28,benign
log_294,bclerk_0,read_phi,phi_rec_80,0,0,1,billing,2025-02-10T21:22:59,benign
log_295,doc_4,read_phi,phi_rec_56,1,1,0,research,2025-04-17T03:02:45,benign
log_296,doc_2,read_phi,phi_rec_47,0,0,0,marketing,2025-06-28T01:39:49,benign
log_297,doc_1,read_phi,phi_rec_150,1,1,0,research,2025-05-13T12:33:26,benign
log_298,bclerk_0,read_phi,phi_rec_18,0,0,1,billing,2025-04-11T18:31:14,benign
log_299,doc_2,read_phi,phi_rec_110,1,1,0,diagnosis,2025-04-05T11:37:45,benign
log_300,doc_2,read_phi,phi_rec_163,0,1,0,billing,2025-04-09T04:00:35,violation_hipaa_auth
log_301,doc_4,read_phi,phi_rec_27,0,0,0,marketing,2025-04-13T04:22:12,benign
log_302,doc_1,read_phi,phi_rec_21,0,0,0,billing,2025-08-29T06:59:00,benign
log_303,doc_4,read_phi,phi_rec_56,0,0,0,billing,2025-03-18T16:00:37,benign
log_304,doc_4,read_phi,phi_rec_159,0,1,0,diagnosis,2025-03-10T23:25:57,benign
log_305,doc_2,read_phi,phi_rec_165,0,0,0,marketing,2025-02-19T15:25:24,benign
log_306,bclerk_0,read_phi,phi_rec_178,0,0,1,billing,2025-05-24T02:39:22,benign
log_307,doc_1,read_phi,phi_rec_139,0,0,0,marketing,2025-03-21T07:10:58,benign
log_308,bclerk_0,read_phi,phi_rec_158,0,0,1,billing,2025-01-20T08:50:07,benign
log_309,doc_1,read_phi,phi_rec_154,0,0,0,billing,2025-01-17T07:40:18,benign
log_310,bclerk_0,read_phi,phi_rec_51,1,0,0,billing,2025-03-05T08:44:01,violation_hipaa_min_necessary
log_311,doc_1,read_phi,phi_rec_125,1,0,0,diagnosis,2025-08-25T22:00:20,benign
log_312,doc_3,read_phi,phi_rec_196,0,1,0,research,2025-08-11T14:40:05,violation_hipaa_auth
log_313,doc_3,read_phi,phi_rec_57,1,1,0,diagnosis,2025-03-21T23:56:54,benign
log_314,doc_1,read_phi,phi_rec_151,0,0,0,billing,2025-01-03T18:46:25,benign
log_315,doc_2,read_phi,phi_rec_89,1,1,0,diagnosis,2025-07-01T20:36:54,benign
log_316,bclerk_0,read_phi,phi_rec_38,0,0,1,billing,2025-01-22T05:52:34,benign
log_317,bclerk_0,read_phi,phi_rec_186,0,0,1,billing,2025-01-25T06:42:17,benign
log_318,bclerk_0,read_phi,phi_rec_150,0,0,1,billing,2025-01-14T09:48:41,benign
log_319,doc_0,read_phi,phi_rec_160,1,1,0,research,2025-06-30T00:02:03,benign
log_320,doc_0,read_phi,phi_rec_172,1,0,0,research,2025-04-23T12:57:10,benign
log_321,bclerk_0,read_phi,phi_rec_61,0,0,1,billing,2025-05-17T01:58:58,benign
log_322,bclerk_0,read_phi,phi_rec_107,0,0,1,billing,2025-06-03T09:51:25,benign
log_323,doc_2,read_phi,phi_rec_7,0,1,0,diagnosis,2025-01-05T15:43:00,benign
log_324,doc_4,read_phi,phi_rec_65,1,1,0,diagnosis,2025-06-25T18:41:04,benign
log_325,bclerk_0,read_phi,phi_rec_57,0,0,1,billing,2025-05-08T12:30:26,benign
log_326,doc_2,read_phi,phi_rec_100,1,1,0,diagnosis,2025-04-13T10:54:47,benign
log_327,doc_1,read_phi,phi_rec_93,0,0,0,billing,2025-08-08T13:07:58,benign
log_328,doc_3,read_phi,phi_rec_179,1,0,0,research,2025-04-17T09:18:45,benign
log_329,bclerk_0,read_phi,phi_rec_28,0,0,1,billing,2025-01-30T21:35:43,benign
log_330,doc_2,read_phi,phi_rec_166,0,0,0,billing,2025-04-17T11:36:46,benign
log_331,bclerk_0,read_phi,phi_rec_165,0,0,1,billing,2025-08-29T04:33:01,benign
log_332,bclerk_0,read_phi,phi_rec_53,0,1,0,billing,2025-06-22T15:45:14,violation_hipaa_min_necessary
log_333,bclerk_0,read_phi,phi_rec_24,0,1,0,billing,2025-08-27T10:47:23,violation_hipaa_min_necessary
log_334,doc_1,read_phi,phi_rec_150,0,1,0,diagnosis,2025-01-28T16:34:37,benign
log_335,doc_3,read_phi,phi_rec_179,0,0,0,marketing,2025-05-05T13:23:28,benign
log_336,doc_0,read_phi,phi_rec_23,0,0,0,billing,2025-07-12T10:21:16,benign
log_337,doc_1,read_phi,phi_rec_15,0,0,0,marketing,2025-08-02T13:34:26,benign
log_338,bclerk_0,read_phi,phi_rec_94,0,0,1,billing,2025-07-04T02:05:47,benign
log_339,doc_0,read_phi,phi_rec_138,1,1,0,diagnosis,2025-04-08T02:02:37,benign
log_340,bclerk_0,read_phi,phi_rec_173,0,0,1,billing,2025-04-21T02:42:49,benign
log_341,doc_1,read_phi,phi_rec_86,1,1,0,research,2025-02-20T01:00:12,benign
log_342,doc_0,read_phi,phi_rec_59,0,0,0,billing,2025-06-29T03:17:54,benign
log_343,bclerk_0,read_phi,phi_rec_29,0,0,1,billing,2025-05-08T21:33:59,benign
log_344,doc_1,read_phi,phi_rec_33,1,1,0,research,2025-04-24T13:12:13,benign
log_345,doc_4,read_phi,phi_rec_20,0,1,0,diagnosis,2025-05-05T15:38:31,benign
log_346,bclerk_0,read_phi,phi_rec_128,0,0,1,billing,2025-01-02T07:28:54,benign
log_347,doc_0,read_phi,phi_rec_92,1,1,0,diagnosis,2025-05-01T09:12:16,benign
log_348,doc_1,read_phi,phi_rec_163,1,1,0,diagnosis,2025-05-31T10:36:29,benign
log_349,doc_0,read_phi,phi_rec_160,0,1,0,diagnosis,2025-02-21T10:35:21,benign
log_350,doc_3,read_phi,phi_rec_143,0,0,0,marketing,2025-02-19T12:31:00,benign
log_351,doc_4,read_phi,phi_rec_159,0,0,0,marketing,2025-03-08T22:57:19,benign
log_352,bclerk_0,read_phi,phi_rec_149,1,0,0,billing,2025-01-15T13:48:36,violation_hipaa_min_necessary
log_353,bclerk_0,read_phi,phi_rec_152,0,0,1,billing,2025-08-04T09:30:01,benign
log_354,bclerk_0,read_phi,phi_rec_30,0,0,1,billing,2025-03-27T16:23:44,benign
log_355,doc_1,read_phi,phi_rec_71,0,0,0,billing,2025-04-29T20:42:05,benign
log_356,doc_2,read_phi,phi_rec_49,1,1,0,diagnosis,2025-03-05T10:30:29,benign
log_357,doc_3,read_phi,phi_rec_195,0,0,0,marketing,2025-04-18T15:04:17,benign
log_358,bclerk_0,read_phi,phi_rec_166,0,0,1,billing,2025-06-29T13:29:11,benign
log_359,doc_3,read_phi,phi_rec_179,0,0,0,marketing,2025-06-24T08:17:54,benign
log_360,doc_1,read_phi,phi_rec_54,1,1,0,diagnosis,2025-01-20T12:01:32,benign
log_361,doc_0,read_phi,phi_rec_147,0,0,0,billing,2025-08-21T00:02:47,benign
log_362,bclerk_0,read_phi,phi_rec_3,0,0,1,billing,2025-04-08T21:00:04,benign
log_363,bclerk_0,read_phi,phi_rec_8,0,0,1,billing,2025-05-10T01:59:31,benign
log_364,bclerk_0,read_phi,phi_rec_100,0,0,1,billing,2025-05-28T06:04:00,benign
log_365,doc_1,read_phi,phi_rec_84,1,0,0,diagnosis,2025-04-07T14:18:54,benign
log_366,doc_1,read_phi,phi_rec_154,0,0,0,billing,2025-05-02T23:21:03,benign
log_367,bclerk_0,read_phi,phi_rec_145,0,0,1,billing,2025-04-20T16:47:16,benign
log_368,doc_2,read_phi,phi_rec_29,0,1,0,research,2025-07-14T06:58:21,benign
log_369,doc_4,read_phi,phi_rec_173,0,0,0,billing,2025-01-27T06:11:59,benign
log_370,bclerk_0,read_phi,phi_rec_3,0,0,1,billing,2025-02-27T04:14:52,benign
log_371,doc_4,read_phi,phi_rec_65,0,0,0,billing,2025-04-03T23:09:27,benign
log_372,doc_0,read_phi,phi_rec_87,1,0,0,research,2025-04-02T04:58:19,benign
log_373,doc_1,read_phi,phi_rec_131,0,0,0,billing,2025-07-31T09:55:10,benign
log_374,doc_0,read_phi,phi_rec_95,0,0,0,billing,2025-07-02T01:21:32,benign
log_375,doc_0,read_phi,phi_rec_114,0,0,0,billing,2025-04-28T07:27:48,benign
log_376,bclerk_0,read_phi,phi_rec_132,0,0,1,billing,2025-06-29T16:44:46,benign
log_377,doc_4,read_phi,phi_rec_159,0,0,0,billing,2025-05-03T18:02:45,benign
log_378,doc_4,read_phi,phi_rec_196,0,0,0,billing,2025-07-12T05:38:25,benign
log_379,doc_1,read_phi,phi_rec_15,1,1,0,diagnosis,2025-01-11T02:12:43,benign
log_380,doc_0,read_phi,phi_rec_50,1,1,0,diagnosis,2025-05-01T06:16:50,benign
log_381,bclerk_0,read_phi,phi_rec_144,0,0,1,billing,2025-05-06T11:07:34,benign
log_382,doc_0,read_phi,phi_rec_162,1,1,0,diagnosis,2025-08-29T00:13:07,benign
log_383,doc_1,read_phi,phi_rec_150,0,0,0,billing,2025-02-06T13:42:52,benign
log_384,bclerk_0,read_phi,phi_rec_175,0,0,1,billing,2025-03-01T13:12:32,benign
log_385,doc_1,read_phi,phi_rec_93,1,1,0,diagnosis,2025-04-30T07:21:09,benign
log_386,doc_4,read_phi,phi_rec_74,0,0,0,billing,2025-01-24T01:22:14,benign
log_387,doc_2,read_phi,phi_rec_60,0,0,0,marketing,2025-05-09T05:31:31,benign
log_388,doc_2,read_phi,phi_rec_83,1,1,0,diagnosis,2025-08-10T06:29:58,benign
log_389,bclerk_0,read_phi,phi_rec_77,0,0,1,billing,2025-04-13T15:48:47,benign
log_390,bclerk_0,read_phi,phi_rec_167,0,0,1,billing,2025-05-06T03:47:14,benign
log_391,bclerk_0,read_phi,phi_rec_52,0,0,1,billing,2025-08-28T10:19:19,benign
log_392,doc_0,read_phi,phi_rec_96,1,1,0,diagnosis,2025-05-26T20:16:14,benign
log_393,bclerk_0,read_phi,phi_rec_75,0,0,1,billing,2025-06-18T17:14:45,benign
log_394,doc_2,read_phi,phi_rec_165,0,0,0,marketing,2025-01-07T18:11:46,benign
log_395,doc_2,read_phi,phi_rec_165,1,0,0,diagnosis,2025-03-31T19:10:37,benign
log_396,doc_1,read_phi,phi_rec_123,1,1,0,diagnosis,2025-07-29T09:55:14,benign
log_397,doc_0,read_phi,phi_rec_128,1,1,0,diagnosis,2025-06-27T15:07:12,benign
log_398,doc_4,read_phi,phi_rec_140,0,0,0,marketing,2025-03-29T05:14:32,benign
log_399,doc_3,read_phi,phi_rec_5,0,0,0,marketing,2025-02-26T02:43:18,benign
log_400,doc_0,read_phi,phi_rec_58,0,0,0,billing,2025-08-20T05:44:18,benign
log_401,bclerk_0,read_phi,phi_rec_37,0,0,1,billing,2025-01-20T12:59:30,benign
log_402,doc_0,read_phi,phi_rec_24,1,1,0,diagnosis,2025-01-25T16:38:58,benign
log_403,doc_2,read_phi,phi_rec_49,1,1,0,diagnosis,2025-06-08T13:59:23,benign
log_404,doc_1,read_phi,phi_rec_150,0,0,0,billing,2025-05-31T18:17:14,benign
log_405,doc_2,read_phi,phi_rec_83,0,1,0,diagnosis,2025-01-15T00:16:10,benign
log_406,bclerk_0,read_phi,phi_rec_27,0,0,1,billing,2025-05-17T23:22:51,benign
log_407,doc_4,read_phi,phi_rec_116,0,0,0,billing,2025-03-15T14:51:59,benign
log_408,doc_2,read_phi,phi_rec_188,1,1,0,diagnosis,2025-08-18T01:59:35,benign
log_409,bclerk_0,read_phi,phi_rec_138,0,0,1,billing,2025-07-23T21:00:46,benign
log_410,bclerk_0,read_phi,phi_rec_182,0,0,1,billing,2025-01-07T18:32:18,benign
log_411,doc_4,read_phi,phi_rec_52,1,1,0,diagnosis,2025-02-19T20:57:26,benign
log_412,doc_3,read_phi,phi_rec_108,0,0,0,marketing,2025-01-02T15:18:57,benign
log_413,doc_4,read_phi,phi_rec_141,0,0,0,billing,2025-06-11T09:08:22,benign
log_414,doc_2,read_phi,phi_rec_126,0,0,0,billing,2025-01-21T22:16:22,benign
log_415,bclerk_0,read_phi,phi_rec_184,0,0,1,billing,2025-02-17T11:43:35,benign
log_416,doc_1,read_phi,phi_rec_53,1,1,0,diagnosis,2025-03-16T00:26:04,benign
log_417,doc_2,read_phi,phi_rec_110,0,0,0,billing,2025-07-05T17:30:19,benign
log_418,doc_4,read_phi,phi_rec_190,0,0,0,billing,2025-03-25T00:14:02,benign
log_419,doc_3,read_phi,phi_rec_1,0,0,0,billing,2025-05-23T04:40:46,benign
log_420,doc_4,read_phi,phi_rec_78,1,0,0,diagnosis,2025-07-30T00:53:52,benign
log_421,doc_1,read_phi,phi_rec_33,1,1,0,diagnosis,2025-01-20T12:56:03,benign
log_422,doc_4,read_phi,phi_rec_17,1,1,0,diagnosis,2025-02-27T00:52:42,benign
log_423,doc_4,read_phi,phi_rec_157,1,1,0,diagnosis,2025-08-25T09:08:16,benign
log_424,doc_2,read_phi,phi_rec_3,1,1,0,diagnosis,2025-04-23T22:06:26,benign
log_425,bclerk_0,read_phi,phi_rec_130,0,0,1,billing,2025-06-02T18:13:13,benign
log_426,bclerk_0,read_phi,phi_rec_42,0,0,1,billing,2025-08-02T21:32:45,benign
log_427,doc_0,read_phi,phi_rec_39,1,1,0,research,2025-04-11T21:20:26,benign
log_428,doc_2,read_phi,phi_rec_124,0,0,0,billing,2025-08-23T22:41:14,benign
log_429,doc_4,read_phi,phi_rec_116,0,0,0,billing,2025-03-27T03:01:16,benign
log_430,bclerk_0,read_phi,phi_rec_145,0,0,1,marketing,2025-06-02T06:19:51,violation_gdpr_art18
log_431,doc_0,read_phi,phi_rec_189,0,0,0,marketing,2025-08-07T13:37:47,benign
log_432,doc_1,read_phi,phi_rec_168,1,1,0,diagnosis,2025-06-08T02:24:37,benign
log_433,doc_0,read_phi,phi_rec_183,1,1,0,research,2025-07-10T20:12:16,benign
log_434,doc_4,read_phi,phi_rec_78,0,0,0,marketing,2025-08-25T05:25:28,benign
log_435,bclerk_0,read_phi,phi_rec_148,0,0,1,billing,2025-02-18T13:42:35,benign
log_436,doc_0,read_phi,phi_rec_44,0,1,0,research,2025-07-01T13:04:47,benign
log_437,bclerk_0,read_phi,phi_rec_102,0,0,1,billing,2025-05-19T16:05:17,benign
log_438,doc_0,read_phi,phi_rec_128,0,0,0,marketing,2025-06-27T21:57:17,benign
log_439,bclerk_0,read_phi,phi_rec_145,0,0,1,billing,2025-08-22T13:13:09,benign
log_440,doc_0,read_phi,phi_rec_162,0,0,0,billing,2025-03-08T13:17:17,benign
log_441,doc_4,read_phi,phi_rec_141,0,0,0,billing,2025-04-10T23:58:56,benign
log_442,bclerk_0,read_phi,phi_rec_167,0,1,0,billing,2025-05-01T18:43:03,violation_hipaa_min_necessary
log_443,doc_1,read_phi,phi_rec_192,1,1,0,research,2025-04-21T08:32:49,benign
log_444,doc_2,read_phi,phi_rec_3,0,0,0,marketing,2025-07-20T00:47:01,benign
log_445,doc_4,read_phi,phi_rec_104,1,0,0,research,2025-08-25T05:51:55,benign
log_446,doc_4,read_phi,phi_rec_97,0,1,0,research,2025-02-09T16:05:48,benign
log_447,doc_3,read_phi,phi_rec_179,0,0,0,marketing,2025-02-12T19:56:48,benign
log_448,doc_0,read_phi,phi_rec_160,1,1,0,research,2025-05-24T11:36:06,benign
log_449,doc_1,read_phi,phi_rec_86,1,0,0,research,2025-04-17T11:49:45,benign
log_450,doc_2,read_phi,phi_rec_38,0,0,0,marketing,2025-03-27T17:23:43,benign
log_451,doc_0,read_phi,phi_rec_58,0,0,0,billing,2025-02-20T05:55:47,benign
log_452,doc_3,read_phi,phi_rec_35,1,1,0,diagnosis,2025-02-15T07:36:03,benign
log_453,bclerk_0,read_phi,phi_rec_163,0,0,1,billing,2025-04-17T05:07:37,benign
log_454,doc_2,read_phi,phi_rec_124,1,1,0,diagnosis,2025-07-10T12:38:26,benign
log_455,doc_2,read_phi,phi_rec_107,0,0,0,billing,2025-08-14T03:27:06,benign
log_456,doc_0,read_phi,phi_rec_23,1,1,0,diagnosis,2025-07-31T00:07:47,benign
log_457,doc_4,read_phi,phi_rec_74,1,1,0,diagnosis,2025-04-06T11:43:32,benign
log_458,doc_2,read_phi,phi_rec_69,0,0,0,billing,2025-03-09T20:58:24,benign
log_459,doc_2,read_phi,phi_rec_25,0,0,0,billing,2025-06-05T11:23:07,benign
log_460,doc_4,read_phi,phi_rec_187,0,0,0,diagnosis,2025-04-05T12:47:56,benign
log_461,doc_4,read_phi,phi_rec_42,0,1,0,billing,2025-08-15T00:21:36,violation_hipaa_auth
log_462,doc_4,read_phi,phi_rec_68,0,0,0,billing,2025-01-03T22:49:43,benign
log_463,doc_1,read_phi,phi_rec_94,0,0,0,billing,2025-08-08T15:22:47,benign
log_464,doc_0,read_phi,phi_rec_160,0,0,0,billing,2025-01-06T18:26:10,benign
log_465,doc_0,read_phi,phi_rec_41,0,0,0,billing,2025-06-22T05:46:31,benign
log_466,bclerk_0,read_phi,phi_rec_111,0,0,1,billing,2025-07-03T15:03:15,benign
log_467,doc_0,read_phi,phi_rec_196,0,1,0,diagnosis,2025-06-30T13:49:11,violation_hipaa_auth
log_468,doc_0,read_phi,phi_rec_111,1,0,0,research,2025-06-23T08:35:06,benign
log_469,doc_3,read_phi,phi_rec_90,0,0,0,marketing,2025-07-29T19:23:56,benign
log_470,doc_2,read_phi,phi_rec_121,1,1,0,research,2025-02-14T13:38:36,benign
log_471,doc_4,read_phi,phi_rec_19,0,0,0,billing,2025-06-21T08:34:57,benign
log_472,doc_1,read_phi,phi_rec_151,0,0,0,marketing,2025-01-09T19:07:13,benign
log_473,bclerk_0,read_phi,phi_rec_36,0,0,1,billing,2025-06-09T16:34:28,benign
log_474,doc_4,read_phi,phi_rec_140,1,0,0,research,2025-03-03T02:40:09,violation_gdpr_art18
log_475,doc_2,read_phi,phi_rec_100,1,1,0,diagnosis,2025-03-01T03:34:12,benign
log_476,doc_2,read_phi,phi_rec_9,1,0,0,diagnosis,2025-03-09T14:10:11,benign
log_477,doc_1,read_phi,phi_rec_53,0,0,0,billing,2025-08-05T07:23:10,benign
log_478,doc_2,read_phi,phi_rec_161,0,0,0,marketing,2025-08-10T04:43:57,benign
log_479,doc_1,read_phi,phi_rec_94,0,0,0,marketing,2025-05-29T07:52:49,benign
log_480,doc_4,read_phi,phi_rec_20,0,0,0,billing,2025-04-23T09:02:31,benign
log_481,doc_4,read_phi,phi_rec_61,1,1,0,diagnosis,2025-04-26T22:17:00,benign
log_482,bclerk_0,read_phi,phi_rec_25,0,0,1,billing,2025-07-01T23:52:58,benign
log_483,bclerk_0,read_phi,phi_rec_109,0,0,1,billing,2025-05-21T11:06:21,benign
log_484,doc_2,read_phi,phi_rec_107,0,0,0,marketing,2025-05-02T00:26:18,benign
log_485,doc_1,read_phi,phi_rec_123,0,0,0,billing,2025-03-11T14:54:00,benign
log_486,doc_4,read_phi,phi_rec_73,1,1,0,diagnosis,2025-04-20T07:12:44,benign
log_487,doc_4,read_phi,phi_rec_81,1,1,0,diagnosis,2025-05-04T11:39:56,benign
log_488,doc_1,read_phi,phi_rec_11,0,0,0,marketing,2025-06-16T00:04:57,benign
log_489,bclerk_0,read_phi,phi_rec_65,0,0,1,billing,2025-03-17T17:28:02,benign
log_490,doc_2,read_phi,phi_rec_80,0,1,0,diagnosis,2025-02-06T18:55:30,benign
log_491,doc_4,read_phi,phi_rec_12,1,1,0,diagnosis,2025-06-15T16:28:08,benign
log_492,doc_4,read_phi,phi_rec_197,1,1,0,research,2025-08-14T21:13:03,benign
log_493,bclerk_0,read_phi,phi_rec_98,0,0,1,billing,2025-01-21T20:08:56,benign
log_494,doc_3,read_phi,phi_rec_158,0,0,0,billing,2025-08-09T21:16:14,benign
log_495,doc_2,read_phi,phi_rec_38,1,0,0,diagnosis,2025-03-07T18:02:20,benign
log_496,doc_4,read_phi,phi_rec_159,0,0,0,marketing,2025-06-09T19:07:54,benign
log_497,bclerk_0,read_phi,phi_rec_164,0,0,1,billing,2025-06-14T01:31:01,benign
log_498,doc_4,read_phi,phi_rec_74,0,0,0,billing,2025-06-08T04:58:47,benign
log_499,doc_3,read_phi,phi_rec_143,0,1,0,research,2025-06-28T20:37:59,violation_gdpr_art18
log_500,doc_3,read_phi,phi_rec_175,0,0,0,marketing,2025-07-04T20:58:04,benign
log_501,doc_2,read_phi,phi_rec_83,0,1,0,research,2025-08-12T01:14:55,benign
log_502,doc_4,read_phi,phi_rec_72,1,1,0,diagnosis,2025-04-25T19:02:41,benign
log_503,bclerk_0,read_phi,phi_rec_190,0,0,1,billing,2025-02-04T00:35:24,benign
log_504,doc_0,read_phi,phi_rec_146,1,1,0,diagnosis,2025-07-18T05:42:55,benign
log_505,doc_3,read_phi,phi_rec_8,0,0,0,billing,2025-04-01T19:31:55,benign
log_506,doc_1,read_phi,phi_rec_33,1,1,0,research,2025-03-30T22:23:37,benign
log_507,doc_2,read_phi,phi_rec_145,0,1,0,diagnosis,2025-03-03T08:27:46,benign
log_508,doc_0,read_phi,phi_rec_95,1,1,0,diagnosis,2025-07-15T18:25:55,benign
log_509,doc_1,read_phi,phi_rec_15,1,0,0,diagnosis,2025-08-17T04:53:33,benign
log_510,doc_1,read_phi,phi_rec_192,1,1,0,diagnosis,2025-04-07T01:13:03,benign
log_511,doc_1,read_phi,phi_rec_93,1,1,0,diagnosis,2025-03-05T22:12:37,benign
log_512,doc_4,read_phi,phi_rec_52,0,0,0,marketing,2025-03-19T07:24:10,benign
log_513,doc_3,read_phi,phi_rec_36,0,0,0,billing,2025-07-02T19:06:38,benign
log_514,doc_3,read_phi,phi_rec_76,0,0,0,billing,2025-04-18T03:39:33,benign
log_515,doc_4,read_phi,phi_rec_101,0,1,0,diagnosis,2025-03-19T07:02:18,benign
log_516,doc_0,read_phi,phi_rec_160,0,0,0,marketing,2025-04-20T10:47:39,benign
log_517,doc_4,read_phi,phi_rec_52,1,1,0,diagnosis,2025-08-23T20:20:07,benign
log_518,bclerk_0,read_phi,phi_rec_74,0,0,1,billing,2025-07-09T05:22:38,benign
log_519,doc_1,read_phi,phi_rec_11,0,0,0,billing,2025-08-07T01:57:17,benign
log_520,doc_3,read_phi,phi_rec_53,0,1,0,billing,2025-06-14T13:21:39,violation_hipaa_auth
log_521,doc_4,read_phi,phi_rec_32,0,0,0,billing,2025-07-07T07:57:57,benign
log_522,doc_3,read_phi,phi_rec_36,1,1,0,diagnosis,2025-01-25T01:59:28,benign
log_523,bclerk_0,read_phi,phi_rec_173,0,0,1,billing,2025-05-29T11:36:12,benign
log_524,doc_3,read_phi,phi_rec_0,0,0,0,marketing,2025-07-24T14:15:18,benign
log_525,doc_2,read_phi,phi_rec_66,0,1,0,diagnosis,2025-01-22T01:58:37,benign
log_526,doc_3,read_phi,phi_rec_179,1,1,0,research,2025-02-02T12:13:53,benign
log_527,doc_3,read_phi,phi_rec_171,1,1,0,diagnosis,2025-04-16T11:11:00,benign
log_528,doc_1,read_phi,phi_rec_86,0,1,0,research,2025-08-01T14:59:37,benign
log_529,doc_2,read_phi,phi_rec_100,0,0,0,marketing,2025-07-08T05:36:30,benign
log_530,bclerk_0,read_phi,phi_rec_112,1,0,0,billing,2025-03-18T12:38:17,violation_hipaa_min_necessary
log_531,doc_0,read_phi,phi_rec_155,1,1,0,diagnosis,2025-06-02T15:08:22,benign
log_532,doc_2,read_phi,phi_rec_7,0,1,0,diagnosis,2025-02-06T23:24:28,benign
log_533,doc_2,read_phi,phi_rec_100,1,1,0,research,2025-07-14T11:32:22,benign
log_534,doc_4,read_phi,phi_rec_173,0,0,0,billing,2025-02-07T22:22:29,benign
log_535,doc_0,read_phi,phi_rec_87,0,0,0,billing,2025-01-08T14:50:56,benign
log_536,doc_2,read_phi,phi_rec_75,0,1,0,research,2025-06-06T14:50:43,violation_gdpr_art18
log_537,doc_0,read_phi,phi_rec_120,0,0,0,research,2025-04-05T20:27:13,benign
log_538,doc_2,read_phi,phi_rec_47,0,0,0,billing,2025-04-17T21:02:03,benign
log_539,doc_2,read_phi,phi_rec_117,1,1,0,diagnosis,2025-02-18T01:15:57,benign
log_540,doc_3,read_phi,phi_rec_35,0,0,0,billing,2025-06-24T11:38:28,benign
log_541,doc_2,read_phi,phi_rec_166,0,0,0,billing,2025-03-17T22:16:14,benign
log_542,doc_0,read_phi,phi_rec_63,1,1,0,diagnosis,2025-08-12T00:20:15,benign
log_543,doc_2,read_phi,phi_rec_66,1,0,0,diagnosis,2025-04-16T00:16:23,benign
log_544,doc_0,read_phi,phi_rec_87,0,0,0,billing,2025-05-04T05:34:42,benign
log_545,doc_0,read_phi,phi_rec_77,1,1,0,research,2025-03-18T09:32:32,benign
log_546,doc_1,read_phi,phi_rec_71,1,1,0,diagnosis,2025-04-29T00:01:44,benign
log_547,bclerk_0,read_phi,phi_rec_6,0,0,1,billing,2025-08-02T18:34:33,benign
log_548,doc_1,read_phi,phi_rec_103,0,0,0,marketing,2025-04-13T11:45:50,benign
log_549,bclerk_0,read_phi,phi_rec_7,0,0,1,marketing,2025-05-14T11:20:06,violation_gdpr_art18
log_550,bclerk_0,read_phi,phi_rec_180,0,0,1,billing,2025-03-28T13:46:25,benign
log_551,bclerk_0,read_phi,phi_rec_177,0,0,1,marketing,2025-07-19T03:18:36,violation_gdpr_art18
log_552,doc_1,read_phi,phi_rec_181,0,0,0,marketing,2025-03-22T23:52:37,benign
log_553,doc_4,read_phi,phi_rec_88,0,0,0,marketing,2025-05-14T19:53:17,benign
log_554,bclerk_0,read_phi,phi_rec_82,0,0,1,billing,2025-06-19T04:46:43,benign
log_555,doc_0,read_phi,phi_rec_59,1,0,0,research,2025-02-03T04:26:40,benign
log_556,doc_2,read_phi,phi_rec_117,1,0,0,research,2025-04-10T10:24:26,benign
log_557,doc_3,read_phi,phi_rec_30,0,0,0,billing,2025-08-02T09:24:06,benign
log_558,doc_0,read_phi,phi_rec_129,0,0,0,billing,2025-05-20T16:37:10,benign
log_559,doc_3,read_phi,phi_rec_153,0,0,0,marketing,2025-03-31T15:48:28,benign
log_560,bclerk_0,read_phi,phi_rec_74,0,0,1,marketing,2025-07-29T08:03:33,violation_gdpr_art18
log_561,doc_0,read_phi,phi_rec_174,0,0,0,research,2025-08-25T04:27:25,benign
log_562,doc_0,read_phi,phi_rec_147,1,1,0,diagnosis,2025-07-08T02:32:11,benign
log_563,doc_4,read_phi,phi_rec_32,1,1,0,diagnosis,2025-01-26T01:10:06,benign
log_564,bclerk_0,read_phi,phi_rec_18,0,0,1,billing,2025-02-21T11:11:06,benign
log_565,doc_0,read_phi,phi_rec_28,1,1,0,diagnosis,2025-03-19T20:52:17,benign
log_566,bclerk_0,read_phi,phi_rec_20,0,0,1,billing,2025-04-07T22:46:14,benign
log_567,doc_0,read_phi,phi_rec_172,1,1,0,research,2025-01-31T15:58:28,benign
log_568,doc_4,read_phi,phi_rec_157,0,0,0,marketing,2025-04-03T09:48:25,benign
log_569,doc_4,read_phi,phi_rec_88,1,1,0,diagnosis,2025-03-08T21:00:20,benign
log_570,bclerk_0,read_phi,phi_rec_136,0,0,1,billing,2025-07-01T16:53:54,benign
log_571,doc_4,read_phi,phi_rec_180,0,0,0,marketing,2025-07-24T12:59:44,benign
log_572,bclerk_0,read_phi,phi_rec_102,0,0,1,billing,2025-02-24T02:47:51,benign
log_573,doc_3,read_phi,phi_rec_194,0,0,0,billing,2025-07-12T10:57:15,benign
log_574,doc_3,read_phi,phi_rec_127,0,0,0,marketing,2025-08-20T06:55:37,benign
log_575,doc_0,read_phi,phi_rec_44,0,0,0,diagnosis,2025-07-10T00:22:26,benign
log_576,doc_4,read_phi,phi_rec_10,1,0,0,diagnosis,2025-07-07T13:37:30,benign
log_577,bclerk_0,read_phi,phi_rec_199,0,0,1,billing,2025-03-20T06:35:12,benign
log_578,bclerk_0,read_phi,phi_rec_94,0,0,1,billing,2025-04-11T21:39:51,benign
log_579,doc_0,read_phi,phi_rec_152,0,0,0,billing,2025-05-08T17:10:18,benign
log_580,doc_2,read_phi,phi_rec_186,1,1,0,diagnosis,2025-02-10T09:37:31,benign
log_581,bclerk_0,read_phi,phi_rec_99,0,0,1,billing,2025-04-20T21:11:22,benign
log_582,bclerk_0,read_phi,phi_rec_91,0,0,1,billing,2025-08-08T01:39:52,benign
log_583,doc_2,read_phi,phi_rec_49,1,1,0,diagnosis,2025-06-22T00:48:05,benign
log_584,doc_0,read_phi,phi_rec_160,0,0,0,marketing,2025-03-14T16:02:17,benign
log_585,doc_1,read_phi,phi_rec_33,0,0,0,marketing,2025-08-05T17:28:30,benign
log_586,doc_0,read_phi,phi_rec_92,1,1,0,diagnosis,2025-05-03T01:56:10,benign
log_587,doc_4,read_phi,phi_rec_101,0,0,0,marketing,2025-06-06T14:40:24,benign
log_588,doc_4,read_phi,phi_rec_81,0,0,0,billing,2025-04-12T20:01:45,benign
log_589,doc_0,read_phi,phi_rec_41,0,1,0,diagnosis,2025-02-08T18:56:20,benign
log_590,doc_2,read_phi,phi_rec_89,0,0,0,billing,2025-07-28T22:20:55,benign
log_591,doc_1,read_phi,phi_rec_103,1,1,0,diagnosis,2025-06-22T15:29:48,benign
log_592,doc_4,read_phi,phi_rec_101,0,0,0,billing,2025-05-09T23:19:17,benign
log_593,bclerk_0,read_phi,phi_rec_144,0,1,0,billing,2025-05-04T21:31:53,violation_hipaa_min_necessary
log_594,doc_4,read_phi,phi_rec_27,0,0,0,marketing,2025-07-08T00:44:28,benign
log_595,doc_3,read_phi,phi_rec_195,0,0,0,billing,2025-02-13T15:18:56,benign
log_596,bclerk_0,read_phi,phi_rec_32,0,0,1,billing,2025-07-20T06:49:56,benign
log_597,doc_2,read_phi,phi_rec_165,0,0,0,billing,2025-03-28T06:44:48,benign
log_598,doc_4,read_phi,phi_rec_104,0,0,0,billing,2025-01-18T08:55:40,benign
log_599,bclerk_0,read_phi,phi_rec_74,0,0,1,billing,2025-02-06T16:07:03,benign
log_600,doc_1,read_phi,phi_rec_125,0,0,0,billing,2025-01-16T08:29:06,benign
log_601,bclerk_0,read_phi,phi_rec_122,0,0,1,billing,2025-08-01T04:42:19,benign
log_602,bclerk_0,read_phi,phi_rec_193,0,0,1,billing,2025-08-14T03:34:02,benign
log_603,doc_3,read_phi,phi_rec_167,0,0,0,marketing,2025-06-14T07:41:28,benign
log_604,bclerk_0,read_phi,phi_rec_159,0,0,1,billing,2025-01-28T22:40:59,benign
log_605,doc_1,read_phi,phi_rec_48,1,1,0,research,2025-07-28T15:51:02,benign
log_606,bclerk_0,read_phi,phi_rec_58,0,0,1,billing,2025-07-19T09:03:47,benign
log_607,doc_3,read_phi,phi_rec_195,1,1,0,diagnosis,2025-01-24T08:14:55,benign
log_608,doc_1,read_phi,phi_rec_176,1,1,0,diagnosis,2025-06-13T02:08:16,benign
log_609,doc_2,read_phi,phi_rec_124,0,0,0,billing,2025-08-09T12:04:42,benign
log_610,bclerk_0,read_phi,phi_rec_88,0,0,1,billing,2025-08-29T07:36:57,benign
log_611,bclerk_0,read_phi,phi_rec_190,0,0,1,billing,2025-05-10T12:42:35,benign
log_612,doc_4,read_phi,phi_rec_190,0,0,0,billing,2025-02-25T12:27:22,benign
log_613,doc_4,read_phi,phi_rec_20,1,1,0,research,2025-07-22T15:29:10,benign
log_614,doc_4,read_phi,phi_rec_56,1,1,0,diagnosis,2025-04-24T13:15:10,benign
log_615,bclerk_0,read_phi,phi_rec_15,0,1,0,billing,2025-04-04T10:15:55,violation_hipaa_min_necessary
log_616,doc_0,read_phi,phi_rec_92,1,0,0,diagnosis,2025-08-14T22:03:36,benign
log_617,bclerk_0,read_phi,phi_rec_34,0,0,1,billing,2025-01-27T18:52:03,benign
log_618,bclerk_0,read_phi,phi_rec_19,0,0,1,billing,2025-04-15T07:07:04,benign
log_619,bclerk_0,read_phi,phi_rec_160,0,0,1,billing,2025-04-06T12:43:09,benign
log_620,doc_0,read_phi,phi_rec_111,1,1,0,research,2025-05-30T09:30:11,benign
log_621,doc_0,read_phi,phi_rec_118,0,1,0,research,2025-01-03T01:15:13,violation_hipaa_auth
log_622,doc_4,read_phi,phi_rec_173,0,0,0,billing,2025-01-29T18:48:31,benign
log_623,doc_1,read_phi,phi_rec_85,0,0,0,billing,2025-05-28T02:31:54,benign
log_624,doc_4,read_phi,phi_rec_159,1,1,0,diagnosis,2025-06-07T07:36:33,benign
log_625,doc_3,read_phi,phi_rec_8,0,0,0,billing,2025-05-18T12:05:47,benign
log_626,doc_2,read_phi,phi_rec_117,1,1,0,research,2025-04-26T21:35:52,benign
log_627,doc_1,read_phi,phi_rec_93,0,0,0,billing,2025-01-15T05:20:46,benign
log_628,doc_2,read_phi,phi_rec_110,0,0,0,billing,2025-03-17T13:04:37,benign
log_629,doc_0,read_phi,phi_rec_63,1,1,0,diagnosis,2025-05-29T18:48:21,benign
log_630,bclerk_0,read_phi,phi_rec_7,0,0,1,billing,2025-08-27T19:49:02,benign
log_631,bclerk_0,read_phi,phi_rec_45,0,0,1,billing,2025-06-07T21:35:55,benign
log_632,doc_3,read_phi,phi_rec_143,0,0,0,billing,2025-05-14T19:51:21,benign
log_633,doc_2,read_phi,phi_rec_80,0,0,0,billing,2025-02-13T21:03:35,benign
log_634,doc_1,read_phi,phi_rec_102,0,1,0,research,2025-07-10T12:01:22,violation_gdpr_art18
log_635,doc_2,read_phi,phi_rec_188,1,1,0,research,2025-04-07T23:39:48,benign
log_636,bclerk_0,read_phi,phi_rec_63,0,0,1,billing,2025-02-12T13:29:13,benign
log_637,doc_4,read_phi,phi_rec_187,1,0,0,research,2025-01-17T06:37:57,benign
log_638,bclerk_0,read_phi,phi_rec_42,0,0,1,billing,2025-06-30T10:09:43,benign
log_639,bclerk_0,read_phi,phi_rec_65,0,0,1,billing,2025-05-24T05:00:08,benign
log_640,doc_4,read_phi,phi_rec_99,0,0,0,marketing,2025-07-22T19:36:57,benign
log_641,doc_2,read_phi,phi_rec_107,0,0,0,marketing,2025-04-29T04:23:08,benign
log_642,doc_4,read_phi,phi_rec_106,0,0,0,billing,2025-08-11T08:46:17,benign
log_643,doc_3,read_phi,phi_rec_98,0,0,0,billing,2025-05-16T22:48:00,benign
log_644,doc_4,read_phi,phi_rec_32,1,1,0,research,2025-03-21T13:16:08,benign
log_645,doc_2,read_phi,phi_rec_117,0,0,0,billing,2025-02-15T06:49:49,benign
log_646,doc_1,read_phi,phi_rec_131,0,0,0,marketing,2025-08-13T17:33:23,benign
log_647,doc_4,read_phi,phi_rec_141,0,1,0,diagnosis,2025-03-20T01:32:30,benign
log_648,doc_2,read_phi,phi_rec_161,1,1,0,research,2025-05-08T16:39:21,benign
log_649,doc_2,read_phi,phi_rec_49,0,0,0,marketing,2025-05-29T12:20:56,benign
log_650,doc_4,read_phi,phi_rec_99,1,0,0,research,2025-02-08T11:59:50,benign
log_651,doc_0,read_phi,phi_rec_142,0,1,0,research,2025-07-21T18:37:45,benign
log_652,doc_2,read_phi,phi_rec_165,0,0,0,billing,2025-01-08T12:59:25,benign
log_653,doc_1,read_phi,phi_rec_21,0,0,0,marketing,2025-04-25T13:19:56,benign
log_654,doc_1,read_phi,phi_rec_93,0,0,0,billing,2025-01-13T15:45:25,benign
log_655,doc_0,read_phi,phi_rec_50,1,1,0,diagnosis,2025-07-18T12:03:52,benign
log_656,bclerk_0,read_phi,phi_rec_104,0,1,0,billing,2025-02-11T23:42:29,violation_hipaa_min_necessary
log_657,doc_4,read_phi,phi_rec_61,1,1,0,diagnosis,2025-04-02T10:14:11,benign
log_658,doc_4,read_phi,phi_rec_134,1,1,0,diagnosis,2025-07-17T16:38:00,benign
log_659,doc_2,read_phi,phi_rec_69,0,0,0,billing,2025-06-22T09:36:20,benign
log_660,doc_3,read_phi,phi_rec_0,0,0,0,marketing,2025-02-01T08:24:15,benign
log_661,doc_2,read_phi,phi_rec_75,0,1,0,diagnosis,2025-03-12T21:46:49,benign
log_662,bclerk_0,read_phi,phi_rec_91,0,0,1,billing,2025-01-14T11:56:15,benign
log_663,doc_4,read_phi,phi_rec_140,0,0,0,marketing,2025-03-28T22:03:50,benign
log_664,doc_0,read_phi,phi_rec_172,1,0,0,diagnosis,2025-05-05T18:09:01,benign
log_665,doc_4,read_phi,phi_rec_127,0,1,0,marketing,2025-07-13T05:59:56,violation_hipaa_auth
log_666,doc_2,read_phi,phi_rec_161,0,0,0,billing,2025-06-24T02:59:33,benign
log_667,doc_0,read_phi,phi_rec_87,0,0,0,billing,2025-05-13T21:03:05,benign
log_668,doc_4,read_phi,phi_rec_104,0,0,0,billing,2025-05-19T10:46:52,benign
log_669,doc_1,read_phi,phi_rec_119,0,0,0,billing,2025-08-14T14:26:15,benign
log_670,doc_2,read_phi,phi_rec_198,0,0,0,marketing,2025-08-13T11:31:33,benign
log_671,doc_1,read_phi,phi_rec_139,0,1,0,diagnosis,2025-03-11T04:20:56,benign
log_672,doc_2,read_phi,phi_rec_112,0,1,0,research,2025-02-11T20:12:06,benign
log_673,doc_0,read_phi,phi_rec_162,0,1,0,diagnosis,2025-01-21T06:36:50,benign
log_674,doc_0,read_phi,phi_rec_122,1,1,0,diagnosis,2025-01-16T09:12:46,benign
log_675,doc_3,read_phi,phi_rec_143,1,1,0,diagnosis,2025-03-01T20:37:41,benign
log_676,doc_3,read_phi,phi_rec_1,0,0,0,marketing,2025-08-03T13:26:13,benign
log_677,bclerk_0,read_phi,phi_rec_177,0,0,1,billing,2025-01-04T14:29:07,benign
log_678,doc_4,read_phi,phi_rec_133,0,0,0,billing,2025-01-09T16:11:47,benign
log_679,doc_2,read_phi,phi_rec_112,0,0,0,billing,2025-07-08T15:25:23,benign
log_680,bclerk_0,read_phi,phi_rec_49,0,0,1,billing,2025-01-12T21:40:38,benign
log_681,doc_3,read_phi,phi_rec_98,1,1,0,research,2025-08-25T16:44:15,benign
log_682,doc_0,read_phi,phi_rec_189,0,0,0,billing,2025-03-10T16:01:28,benign
log_683,bclerk_0,read_phi,phi_rec_141,0,0,1,billing,2025-07-23T12:28:18,benign
log_684,bclerk_0,read_phi,phi_rec_189,0,0,1,billing,2025-02-04T03:11:31,benign
log_685,doc_1,read_phi,phi_rec_163,0,0,0,marketing,2025-07-06T21:52:42,benign
log_686,doc_4,read_phi,phi_rec_99,0,0,0,marketing,2025-07-12T15:24:38,benign
log_687,doc_0,read_phi,phi_rec_122,1,1,0,diagnosis,2025-04-07T05:31:19,benign
log_688,doc_2,read_phi,phi_rec_64,0,0,0,billing,2025-04-18T21:11:24,benign
log_689,doc_3,read_phi,phi_rec_6,0,0,0,billing,2025-08-26T17:10:58,benign
log_690,doc_3,read_phi,phi_rec_143,0,0,0,marketing,2025-07-12T05:45:11,benign
log_691,bclerk_0,read_phi,phi_rec_14,0,1,0,billing,2025-08-03T00:00:53,violation_hipaa_min_necessary
log_692,doc_1,read_phi,phi_rec_11,1,1,0,diagnosis,2025-01-30T23:25:43,benign
log_693,doc_2,read_phi,phi_rec_38,1,1,0,research,2025-03-25T02:44:08,benign
log_694,doc_4,read_phi,phi_rec_157,0,0,0,marketing,2025-04-24T23:59:36,benign
log_695,doc_3,read_phi,phi_rec_175,1,1,0,diagnosis,2025-04-06T06:56:40,benign
log_696,bclerk_0,read_phi,phi_rec_130,0,0,1,billing,2025-02-22T18:49:25,benign
log_697,bclerk_0,read_phi,phi_rec_56,0,0,1,billing,2025-03-27T00:46:25,benign
log_698,bclerk_0,read_phi,phi_rec_134,0,0,1,billing,2025-01-30T04:34:53,benign
log_699,doc_0,read_phi,phi_rec_138,1,1,0,diagnosis,2025-08-04T14:48:25,benign
log_700,doc_1,read_phi,phi_rec_181,0,0,0,marketing,2025-04-12T03:31:44,benign
log_701,doc_4,read_phi,phi_rec_74,0,0,0,billing,2025-08-13T02:59:22,benign
log_702,doc_4,read_phi,phi_rec_187,1,1,0,research,2025-05-18T12:52:06,benign
log_703,bclerk_0,read_phi,phi_rec_122,0,0,1,billing,2025-05-23T03:52:28,benign
log_704,doc_0,read_phi,phi_rec_39,1,1,0,diagnosis,2025-02-11T04:14:39,benign
log_705,bclerk_0,read_phi,phi_rec_51,0,0,1,billing,2025-04-17T21:07:36,benign
log_706,doc_1,read_phi,phi_rec_184,0,0,0,billing,2025-04-28T11:58:01,benign
log_707,doc_3,read_phi,phi_rec_36,0,1,0,research,2025-08-09T23:43:34,benign
log_708,bclerk_0,read_phi,phi_rec_29,0,0,1,billing,2025-07-13T08:22:42,benign
log_709,doc_2,read_phi,phi_rec_100,0,1,0,diagnosis,2025-01-28T10:46:42,benign
log_710,doc_1,read_phi,phi_rec_53,1,1,0,research,2025-02-25T06:54:37,benign
log_711,doc_4,read_phi,phi_rec_187,0,0,0,marketing,2025-07-16T15:15:56,benign
log_712,doc_2,read_phi,phi_rec_38,0,0,0,marketing,2025-01-29T12:41:37,benign
log_713,bclerk_0,read_phi,phi_rec_17,0,0,1,billing,2025-01-12T01:57:00,benign
log_714,bclerk_0,read_phi,phi_rec_169,0,0,1,billing,2025-05-21T13:05:12,benign
log_715,doc_0,read_phi,phi_rec_120,1,1,0,diagnosis,2025-05-01T01:41:08,benign
log_716,doc_4,read_phi,phi_rec_56,1,1,0,research,2025-05-14T12:15:30,benign
log_717,bclerk_0,read_phi,phi_rec_15,0,0,1,billing,2025-06-25T13:58:34,benign
log_718,bclerk_0,read_phi,phi_rec_87,0,0,1,marketing,2025-07-20T07:13:49,violation_gdpr_art18
log_719,doc_2,read_phi,phi_rec_47,1,1,0,diagnosis,2025-08-04T02:56:03,benign
log_720,bclerk_0,read_phi,phi_rec_15,0,0,1,billing,2025-06-21T19:52:17,benign
log_721,doc_1,read_phi,phi_rec_192,1,1,0,diagnosis,2025-07-03T14:57:18,benign
log_722,doc_4,read_phi,phi_rec_170,1,1,0,research,2025-08-11T09:27:24,benign
log_723,doc_2,read_phi,phi_rec_145,1,1,0,diagnosis,2025-07-07T18:33:50,benign
log_724,doc_3,read_phi,phi_rec_46,0,0,0,marketing,2025-04-24T16:18:01,benign
log_725,bclerk_0,read_phi,phi_rec_1,0,0,1,billing,2025-03-29T06:57:36,benign
log_726,doc_3,read_phi,phi_rec_1,0,0,0,marketing,2025-05-06T04:37:13,benign
log_727,bclerk_0,read_phi,phi_rec_2,0,0,1,billing,2025-05-23T04:20:57,benign
log_728,doc_2,read_phi,phi_rec_126,0,0,0,billing,2025-08-08T01:58:49,benign
log_729,bclerk_0,read_phi,phi_rec_51,1,0,0,billing,2025-08-22T08:12:51,violation_hipaa_min_necessary
log_730,bclerk_0,read_phi,phi_rec_64,0,0,1,billing,2025-02-04T08:11:16,benign
log_731,bclerk_0,read_phi,phi_rec_104,0,0,1,billing,2025-07-25T06:00:11,benign
log_732,bclerk_0,read_phi,phi_rec_197,0,0,1,billing,2025-08-29T10:31:30,benign
log_733,doc_0,read_phi,phi_rec_67,0,0,0,marketing,2025-06-24T03:03:41,benign
log_734,doc_4,read_phi,phi_rec_180,0,0,0,billing,2025-02-09T18:03:29,benign
log_735,bclerk_0,read_phi,phi_rec_180,0,0,1,billing,2025-05-04T10:12:14,benign
log_736,doc_1,read_phi,phi_rec_185,1,0,0,research,2025-05-06T15:41:04,benign
log_737,doc_2,read_phi,phi_rec_3,1,1,0,diagnosis,2025-03-22T07:55:25,benign
log_738,doc_2,read_phi,phi_rec_14,0,1,0,research,2025-05-15T14:45:38,violation_gdpr_art18
log_739,doc_1,read_phi,phi_rec_71,1,1,0,diagnosis,2025-02-28T18:15:52,benign
log_740,bclerk_0,read_phi,phi_rec_91,0,0,1,billing,2025-08-16T14:30:56,benign
log_741,doc_3,read_phi,phi_rec_1,1,1,0,research,2025-03-10T14:10:56,benign
log_742,doc_0,read_phi,phi_rec_155,0,0,0,billing,2025-03-20T20:51:15,benign
log_743,doc_1,read_phi,phi_rec_123,0,1,0,research,2025-04-25T14:42:48,benign
log_744,bclerk_0,read_phi,phi_rec_72,0,0,1,billing,2025-08-23T11:43:10,benign
log_745,doc_3,read_phi,phi_rec_179,1,1,0,diagnosis,2025-06-02T19:45:31,benign
log_746,bclerk_0,read_phi,phi_rec_96,0,0,1,billing,2025-07-24T01:38:10,benign
log_747,doc_4,read_phi,phi_rec_173,0,0,0,billing,2025-07-12T21:44:22,benign
log_748,bclerk_0,read_phi,phi_rec_137,0,0,1,billing,2025-08-18T05:10:31,benign
log_749,doc_1,read_phi,phi_rec_181,1,1,0,diagnosis,2025-04-18T12:03:25,benign
log_750,doc_2,read_phi,phi_rec_22,0,0,0,billing,2025-02-04T22:11:10,benign
log_751,bclerk_0,read_phi,phi_rec_60,0,0,1,billing,2025-08-13T00:21:34,benign
log_752,doc_0,read_phi,phi_rec_42,0,0,0,marketing,2025-02-15T23:47:12,benign
log_753,bclerk_0,read_phi,phi_rec_23,0,0,1,billing,2025-02-18T07:50:26,benign
log_754,bclerk_0,read_phi,phi_rec_98,0,0,1,billing,2025-05-30T23:01:49,benign
log_755,doc_2,read_phi,phi_rec_126,1,1,0,research,2025-05-09T03:36:01,benign
log_756,doc_3,read_phi,phi_rec_167,0,0,0,billing,2025-05-30T12:11:59,benign
log_757,bclerk_0,read_phi,phi_rec_68,1,0,0,billing,2025-06-01T10:14:32,violation_hipaa_min_necessary
log_758,doc_2,read_phi,phi_rec_166,1,0,0,diagnosis,2025-05-26T06:34:39,benign
log_759,doc_0,read_phi,phi_rec_174,1,1,0,research,2025-07-05T19:14:01,benign
log_760,doc_3,read_phi,phi_rec_6,0,1,0,diagnosis,2025-02-13T20:12:14,benign
log_761,doc_2,read_phi,phi_rec_110,0,0,0,billing,2025-02-11T08:14:22,benign
log_762,doc_0,read_phi,phi_rec_147,1,1,0,diagnosis,2025-03-23T05:45:32,benign
log_763,doc_2,read_phi,phi_rec_117,1,1,0,research,2025-07-15T15:30:12,benign
log_764,doc_0,read_phi,phi_rec_28,1,1,0,diagnosis,2025-03-03T01:04:39,benign
log_765,doc_2,read_phi,phi_rec_178,1,0,0,research,2025-01-18T20:40:14,benign
log_766,doc_2,read_phi,phi_rec_18,0,1,0,diagnosis,2025-06-28T10:08:53,benign
log_767,doc_1,read_phi,phi_rec_176,0,0,0,marketing,2025-01-05T21:27:00,benign
log_768,doc_0,read_phi,phi_rec_67,0,0,0,marketing,2025-03-14T23:41:02,benign
log_769,bclerk_0,read_phi,phi_rec_25,0,0,1,billing,2025-06-06T20:45:12,benign
log_770,bclerk_0,read_phi,phi_rec_79,0,0,1,billing,2025-02-15T02:42:10,benign
log_771,doc_4,read_phi,phi_rec_135,0,1,0,research,2025-01-15T17:16:27,benign
log_772,doc_3,read_phi,phi_rec_35,1,1,0,diagnosis,2025-03-06T00:58:26,benign
log_773,doc_3,read_phi,phi_rec_175,0,1,0,diagnosis,2025-05-05T13:18:46,benign
log_774,doc_2,read_phi,phi_rec_166,0,0,0,diagnosis,2025-03-15T20:23:38,benign
log_775,bclerk_0,read_phi,phi_rec_36,0,0,1,billing,2025-01-30T21:52:50,benign
log_776,doc_3,read_phi,phi_rec_57,0,0,0,marketing,2025-04-23T05:27:43,benign
log_777,doc_0,read_phi,phi_rec_160,0,0,0,marketing,2025-06-02T02:49:04,benign
log_778,doc_3,read_phi,phi_rec_6,1,1,0,diagnosis,2025-04-21T18:54:09,benign
log_779,doc_3,read_phi,phi_rec_98,1,1,0,research,2025-02-06T16:22:13,benign
log_780,doc_0,read_phi,phi_rec_23,0,1,0,diagnosis,2025-04-02T17:42:37,benign
log_781,bclerk_0,read_phi,phi_rec_18,0,0,1,billing,2025-03-26T14:45:28,benign
log_782,doc_1,read_phi,phi_rec_53,0,0,0,billing,2025-07-29T05:37:40,benign
log_783,doc_2,read_phi,phi_rec_89,1,1,0,diagnosis,2025-07-07T19:09:22,benign
log_784,doc_2,read_phi,phi_rec_83,1,1,0,diagnosis,2025-06-04T07:42:23,benign
log_785,bclerk_0,read_phi,phi_rec_190,0,0,1,billing,2025-07-10T08:24:54,benign
log_786,doc_0,read_phi,phi_rec_169,0,0,0,marketing,2025-07-30T04:46:08,benign
log_787,doc_4,read_phi,phi_rec_106,0,1,0,diagnosis,2025-03-11T01:25:49,benign
log_788,doc_4,read_phi,phi_rec_61,0,0,0,billing,2025-06-03T09:50:54,benign
log_789,doc_4,read_phi,phi_rec_81,0,0,0,billing,2025-08-17T01:10:59,benign
log_790,doc_0,read_phi,phi_rec_96,0,0,0,billing,2025-08-18T14:16:57,benign
log_791,doc_0,read_phi,phi_rec_160,0,0,0,billing,2025-04-27T08:47:47,benign
log_792,doc_3,read_phi,phi_rec_46,0,0,0,billing,2025-05-21T14:37:22,benign
log_793,doc_1,read_phi,phi_rec_130,0,0,0,marketing,2025-06-08T20:59:25,benign
log_794,bclerk_0,read_phi,phi_rec_46,0,0,1,billing,2025-02-03T06:22:51,benign
log_795,doc_0,read_phi,phi_rec_172,1,1,0,diagnosis,2025-07-20T05:50:14,benign
log_796,bclerk_0,read_phi,phi_rec_95,0,0,1,billing,2025-08-09T01:50:27,benign
log_797,doc_3,read_phi,phi_rec_6,1,0,0,research,2025-04-25T12:31:32,benign
log_798,bclerk_0,read_phi,phi_rec_152,0,0,1,billing,2025-08-17T00:15:04,benign
log_799,doc_0,read_phi,phi_rec_16,1,1,0,diagnosis,2025-05-11T15:38:36,benign
log_800,doc_0,read_phi,phi_rec_24,0,0,0,billing,2025-08-12T22:52:55,benign
log_801,bclerk_0,read_phi,phi_rec_34,0,0,1,billing,2025-07-25T02:00:38,benign
log_802,doc_3,read_phi,phi_rec_121,0,1,0,billing,2025-07-28T22:49:45,violation_hipaa_auth
log_803,doc_2,read_phi,phi_rec_75,0,0,0,billing,2025-03-17T21:22:30,benign
log_804,doc_2,read_phi,phi_rec_83,1,1,0,diagnosis,2025-03-31T11:57:33,benign
log_805,doc_3,read_phi,phi_rec_76,0,0,0,billing,2025-05-07T03:11:01,benign
log_806,bclerk_0,read_phi,phi_rec_41,0,0,1,marketing,2025-05-12T01:13:20,violation_gdpr_art18
log_807,bclerk_0,read_phi,phi_rec_59,0,0,1,billing,2025-04-25T05:36:40,benign
log_808,doc_4,read_phi,phi_rec_70,0,1,0,diagnosis,2025-05-04T11:52:36,benign
log_809,doc_2,read_phi,phi_rec_107,0,0,0,marketing,2025-08-26T06:39:50,benign
log_810,doc_0,read_phi,phi_rec_164,0,0,0,marketing,2025-06-24T15:59:55,benign
log_811,doc_0,read_phi,phi_rec_146,0,1,0,diagnosis,2025-06-15T13:07:16,benign
log_812,bclerk_0,read_phi,phi_rec_26,0,0,1,billing,2025-06-22T23:19:48,benign
log_813,doc_2,read_phi,phi_rec_100,0,0,0,billing,2025-08-09T15:45:17,benign
log_814,doc_3,read_phi,phi_rec_35,0,1,0,research,2025-03-17T18:33:54,benign
log_815,doc_2,read_phi,phi_rec_75,0,0,0,billing,2025-07-14T23:29:02,benign
log_816,doc_0,read_phi,phi_rec_87,0,0,0,billing,2025-06-17T00:07:39,benign
log_817,doc_3,read_phi,phi_rec_127,1,1,0,diagnosis,2025-03-17T02:43:51,benign
log_818,doc_4,read_phi,phi_rec_20,1,0,0,research,2025-03-29T07:30:30,benign
log_819,bclerk_0,read_phi,phi_rec_21,0,0,1,billing,2025-07-26T04:30:37,benign
log_820,doc_1,read_phi,phi_rec_21,1,1,0,diagnosis,2025-05-27T10:07:33,benign
log_821,bclerk_0,read_phi,phi_rec_22,0,0,1,billing,2025-04-15T12:54:06,benign
log_822,doc_0,read_phi,phi_rec_41,0,0,0,billing,2025-04-02T15:54:03,benign
log_823,doc_3,read_phi,phi_rec_90,0,0,0,billing,2025-02-27T12:58:37,benign
log_824,doc_1,read_phi,phi_rec_54,0,0,0,billing,2025-03-01T11:09:13,benign
log_825,doc_3,read_phi,phi_rec_175,1,1,0,diagnosis,2025-06-20T01:00:01,benign
log_826,doc_4,read_phi,phi_rec_61,0,0,0,marketing,2025-04-03T23:41:07,benign
log_827,doc_0,read_phi,phi_rec_137,0,0,0,billing,2025-02-11T03:41:43,benign
log_828,doc_2,read_phi,phi_rec_145,0,1,0,diagnosis,2025-03-15T11:56:18,benign
log_829,doc_4,read_phi,phi_rec_17,0,0,0,marketing,2025-02-18T00:48:23,benign
log_830,doc_1,read_phi,phi_rec_82,0,0,0,marketing,2025-03-03T08:12:34,benign
log_831,bclerk_0,read_phi,phi_rec_135,0,0,1,billing,2025-07-31T10:28:37,benign
log_832,doc_3,read_phi,phi_rec_105,0,1,0,diagnosis,2025-05-12T08:27:04,benign
log_833,doc_1,read_phi,phi_rec_51,1,1,0,research,2025-07-26T15:50:29,benign
log_834,doc_4,read_phi,phi_rec_159,1,1,0,diagnosis,2025-06-08T09:08:11,benign
log_835,doc_3,read_phi,phi_rec_115,0,0,0,billing,2025-06-21T20:37:20,benign
log_836,doc_4,read_phi,phi_rec_81,0,0,0,marketing,2025-07-07T16:34:05,benign
log_837,doc_0,read_phi,phi_rec_16,1,1,0,diagnosis,2025-02-02T11:05:32,benign
log_838,doc_1,read_phi,phi_rec_21,0,0,0,marketing,2025-06-11T18:12:38,benign
log_839,doc_2,read_phi,phi_rec_126,0,0,0,billing,2025-07-15T00:02:16,benign
log_840,doc_2,read_phi,phi_rec_75,0,1,0,diagnosis,2025-03-07T02:51:42,benign
log_841,doc_1,read_phi,phi_rec_82,0,0,0,marketing,2025-04-08T17:55:19,benign
log_842,doc_0,read_phi,phi_rec_58,0,0,0,billing,2025-07-07T07:12:35,benign
log_843,bclerk_0,read_phi,phi_rec_45,0,0,1,billing,2025-04-16T01:55:25,benign
log_844,doc_2,read_phi,phi_rec_69,1,1,0,research,2025-06-07T08:00:56,benign
log_845,bclerk_0,read_phi,phi_rec_107,0,0,1,billing,2025-06-21T03:13:38,benign
log_846,doc_3,read_phi,phi_rec_105,1,1,0,diagnosis,2025-08-15T01:45:32,benign
log_847,bclerk_0,read_phi,phi_rec_46,0,0,1,billing,2025-03-08T16:04:39,benign
log_848,doc_1,read_phi,phi_rec_185,0,1,0,diagnosis,2025-01-13T14:29:17,benign
log_849,doc_4,read_phi,phi_rec_34,1,1,0,research,2025-06-08T13:14:15,benign
log_850,doc_1,read_phi,phi_rec_21,1,1,0,research,2025-01-07T22:36:32,benign
log_851,doc_3,read_phi,phi_rec_179,0,1,0,diagnosis,2025-08-26T01:02:08,benign
log_852,doc_0,read_phi,phi_rec_114,0,0,0,billing,2025-08-04T00:10:03,benign
log_853,bclerk_0,read_phi,phi_rec_144,0,0,1,billing,2025-06-29T20:32:11,benign
log_854,doc_2,read_phi,phi_rec_199,1,1,0,diagnosis,2025-08-19T16:02:01,benign
log_855,doc_2,read_phi,phi_rec_9,0,0,0,billing,2025-08-23T09:30:12,benign
log_856,bclerk_0,read_phi,phi_rec_52,0,0,1,billing,2025-05-06T05:49:18,benign
log_857,doc_0,read_phi,phi_rec_174,0,0,0,billing,2025-07-12T00:20:02,benign
log_858,doc_0,read_phi,phi_rec_23,1,1,0,diagnosis,2025-02-20T01:29:09,benign
log_859,doc_1,read_phi,phi_rec_48,1,1,0,diagnosis,2025-06-18T01:04:49,benign
log_860,doc_2,read_phi,phi_rec_178,1,1,0,diagnosis,2025-06-27T04:16:14,benign
log_861,doc_3,read_phi,phi_rec_98,1,1,0,diagnosis,2025-08-13T10:36:05,benign
log_862,bclerk_0,read_phi,phi_rec_82,0,0,1,billing,2025-03-27T05:46:36,benign
log_863,doc_1,read_phi,phi_rec_93,0,0,0,billing,2025-01-11T22:34:33,benign
log_864,doc_0,read_phi,phi_rec_95,1,1,0,diagnosis,2025-02-08T16:10:09,benign
log_865,doc_2,read_phi,phi_rec_198,0,0,0,billing,2025-07-22T14:43:37,benign
log_866,doc_2,read_phi,phi_rec_166,0,0,0,billing,2025-07-24T05:27:57,benign
log_867,doc_2,read_phi,phi_rec_112,0,0,0,marketing,2025-02-21T12:30:40,benign
log_868,doc_0,read_phi,phi_rec_129,0,0,0,marketing,2025-03-05T19:19:01,benign
log_869,bclerk_0,read_phi,phi_rec_18,0,0,1,billing,2025-05-30T16:46:04,benign
log_870,doc_4,read_phi,phi_rec_27,0,0,0,marketing,2025-07-11T14:01:59,benign
log_871,doc_0,read_phi,phi_rec_77,1,1,0,diagnosis,2025-05-28T11:44:31,benign
log_872,doc_2,read_phi,phi_rec_89,1,1,0,diagnosis,2025-05-03T07:49:03,benign
log_873,doc_4,read_phi,phi_rec_37,1,1,0,diagnosis,2025-04-20T13:26:07,benign
log_874,doc_2,read_phi,phi_rec_18,0,0,0,marketing,2025-06-15T07:31:07,benign
log_875,bclerk_0,read_phi,phi_rec_97,0,0,1,billing,2025-08-04T17:21:24,benign
log_876,doc_1,read_phi,phi_rec_185,1,1,0,diagnosis,2025-01-25T22:22:20,benign
log_877,doc_1,read_phi,phi_rec_184,0,1,0,diagnosis,2025-06-01T13:05:53,benign
log_878,doc_1,read_phi,phi_rec_125,0,0,0,billing,2025-05-25T21:21:20,benign
log_879,doc_2,read_phi,phi_rec_14,1,1,0,diagnosis,2025-04-26T22:25:47,benign
log_880,bclerk_0,read_phi,phi_rec_143,0,0,1,billing,2025-03-15T21:25:53,benign
log_881,doc_0,read_phi,phi_rec_59,0,0,0,billing,2025-02-15T10:50:22,benign
log_882,bclerk_0,read_phi,phi_rec_43,0,0,1,billing,2025-03-13T13:05:58,benign
log_883,doc_1,read_phi,phi_rec_103,1,0,0,research,2025-03-18T08:43:31,violation_gdpr_art18
log_884,doc_0,read_phi,phi_rec_77,1,1,0,research,2025-04-24T06:28:09,benign
log_885,doc_2,read_phi,phi_rec_69,0,0,0,research,2025-06-04T00:18:03,benign
log_886,doc_4,read_phi,phi_rec_140,0,0,0,billing,2025-01-30T13:07:57,benign
log_887,doc_0,read_phi,phi_rec_24,1,1,0,diagnosis,2025-06-10T12:45:23,benign
log_888,doc_1,read_phi,phi_rec_185,0,0,0,billing,2025-04-30T19:31:09,benign
log_889,bclerk_0,read_phi,phi_rec_149,0,0,1,billing,2025-07-22T18:17:22,benign
log_890,doc_2,read_phi,phi_rec_38,0,0,0,billing,2025-06-18T16:49:45,benign
log_891,doc_4,read_phi,phi_rec_10,0,0,0,billing,2025-04-23T10:43:51,benign
log_892,doc_4,read_phi,phi_rec_70,0,0,0,marketing,2025-08-12T23:42:07,benign
log_893,doc_0,read_phi,phi_rec_41,1,1,0,research,2025-03-06T08:28:56,benign
log_894,doc_0,read_phi,phi_rec_87,1,1,0,diagnosis,2025-05-23T12:51:13,benign
log_895,doc_3,read_phi,phi_rec_90,1,1,0,diagnosis,2025-08-10T15:23:40,benign
log_896,doc_2,read_phi,phi_rec_166,1,1,0,research,2025-08-04T01:53:32,benign
log_897,bclerk_0,read_phi,phi_rec_187,0,0,1,billing,2025-05-28T00:18:10,benign
log_898,doc_3,read_phi,phi_rec_79,0,0,0,marketing,2025-03-24T11:52:24,benign
log_899,doc_3,read_phi,phi_rec_6,0,0,0,marketing,2025-02-27T11:54:36,benign
log_900,doc_2,read_phi,phi_rec_80,1,1,0,diagnosis,2025-06-10T10:51:29,benign
log_901,doc_3,read_phi,phi_rec_195,0,0,0,marketing,2025-05-12T13:08:05,benign
log_902,doc_1,read_phi,phi_rec_84,0,0,0,billing,2025-02-11T04:23:14,benign
log_903,doc_2,read_phi,phi_rec_7,0,0,0,billing,2025-06-13T12:48:24,benign
log_904,doc_0,read_phi,phi_rec_59,1,1,0,diagnosis,2025-02-08T02:43:29,benign
log_905,doc_1,read_phi,phi_rec_150,0,0,0,billing,2025-04-24T17:11:55,benign
log_906,doc_0,read_phi,phi_rec_95,1,1,0,diagnosis,2025-08-15T10:34:07,benign
log_907,doc_0,read_phi,phi_rec_189,0,0,0,billing,2025-05-10T04:45:55,benign
log_908,doc_0,read_phi,phi_rec_24,0,0,0,billing,2025-06-22T09:17:55,benign
log_909,bclerk_0,read_phi,phi_rec_69,0,0,1,marketing,2025-03-05T20:37:00,violation_gdpr_art18
log_910,doc_4,read_phi,phi_rec_159,0,0,0,billing,2025-01-22T08:49:23,benign
log_911,doc_2,read_phi,phi_rec_60,1,1,0,diagnosis,2025-08-28T02:49:37,benign
log_912,doc_0,read_phi,phi_rec_149,1,1,0,diagnosis,2025-02-14T10:16:57,benign
log_913,doc_4,read_phi,phi_rec_106,0,0,0,billing,2025-08-13T05:34:52,benign
log_914,doc_1,read_phi,phi_rec_154,0,0,0,marketing,2025-01-14T16:46:10,benign
log_915,doc_2,read_phi,phi_rec_69,1,1,0,research,2025-07-21T16:18:10,benign
log_916,doc_0,read_phi,phi_rec_169,0,0,0,marketing,2025-01-11T17:24:48,benign
log_917,bclerk_0,read_phi,phi_rec_45,0,0,1,billing,2025-05-21T08:35:18,benign
log_918,doc_4,read_phi,phi_rec_141,0,0,0,billing,2025-03-04T01:50:51,benign
log_919,bclerk_0,read_phi,phi_rec_47,0,0,1,billing,2025-06-30T21:17:38,benign
log_920,doc_1,read_phi,phi_rec_118,0,0,0,billing,2025-05-30T09:42:10,benign
log_921,bclerk_0,read_phi,phi_rec_13,0,0,1,billing,2025-06-29T16:29:59,benign
log_922,bclerk_0,read_phi,phi_rec_28,0,0,1,billing,2025-03-01T10:30:04,benign
log_923,bclerk_0,read_phi,phi_rec_40,0,0,1,billing,2025-08-09T12:24:36,benign
log_924,doc_1,read_phi,phi_rec_11,1,1,0,research,2025-07-13T01:18:42,benign
log_925,doc_3,read_phi,phi_rec_26,1,0,0,diagnosis,2025-06-27T20:33:44,benign
log_926,doc_4,read_phi,phi_rec_106,1,1,0,diagnosis,2025-02-24T08:58:49,benign
log_927,doc_1,read_phi,phi_rec_185,0,0,0,marketing,2025-02-12T13:04:08,benign
log_928,doc_0,read_phi,phi_rec_136,0,0,0,billing,2025-08-20T20:36:13,benign
log_929,doc_4,read_phi,phi_rec_170,0,1,0,diagnosis,2025-08-27T00:47:59,benign
log_930,doc_1,read_phi,phi_rec_48,1,1,0,diagnosis,2025-08-17T08:44:31,benign
log_931,bclerk_0,read_phi,phi_rec_25,0,0,1,billing,2025-02-20T19:51:56,benign
log_932,bclerk_0,read_phi,phi_rec_122,0,0,1,billing,2025-07-17T02:41:15,benign
log_933,doc_2,read_phi,phi_rec_124,0,0,0,billing,2025-02-22T11:32:34,benign
log_934,bclerk_0,read_phi,phi_rec_176,0,0,1,billing,2025-04-19T05:32:12,benign
log_935,doc_1,read_phi,phi_rec_86,1,1,0,research,2025-05-04T13:46:27,benign
log_936,doc_2,read_phi,phi_rec_186,0,0,0,marketing,2025-04-25T00:46:12,benign
log_937,bclerk_0,read_phi,phi_rec_174,0,0,1,billing,2025-03-17T19:39:46,benign
log_938,bclerk_0,read_phi,phi_rec_196,0,0,1,billing,2025-07-04T12:20:48,benign
log_939,doc_1,read_phi,phi_rec_94,0,1,0,diagnosis,2025-04-04T03:54:52,benign
log_940,doc_3,read_phi,phi_rec_167,0,0,0,marketing,2025-02-07T07:49:06,benign
log_941,doc_4,read_phi,phi_rec_65,1,0,0,research,2025-08-13T08:24:11,benign
log_942,doc_4,read_phi,phi_rec_116,0,0,0,billing,2025-06-10T20:29:18,benign
log_943,bclerk_0,read_phi,phi_rec_186,0,0,1,billing,2025-06-16T07:43:17,benign
log_944,doc_3,read_phi,phi_rec_127,0,0,0,marketing,2025-05-15T22:24:59,benign
log_945,doc_4,read_phi,phi_rec_101,1,1,0,diagnosis,2025-01-21T19:50:25,benign
log_946,bclerk_0,read_phi,phi_rec_83,0,0,1,billing,2025-01-31T01:26:47,benign
log_947,doc_4,read_phi,phi_rec_32,1,1,0,diagnosis,2025-03-31T14:59:18,benign
log_948,doc_2,read_phi,phi_rec_186,0,0,0,marketing,2025-04-18T03:38:23,benign
log_949,doc_2,read_phi,phi_rec_178,0,0,0,billing,2025-04-22T21:12:45,benign
log_950,bclerk_0,read_phi,phi_rec_18,0,0,1,billing,2025-07-18T06:43:21,benign
log_951,doc_0,read_phi,phi_rec_39,1,1,0,diagnosis,2025-02-02T14:25:08,benign
log_952,bclerk_0,read_phi,phi_rec_118,0,0,1,billing,2025-01-09T23:27:10,benign
log_953,doc_1,read_phi,phi_rec_33,0,1,0,research,2025-06-15T03:00:47,benign
log_954,bclerk_0,read_phi,phi_rec_198,0,0,1,billing,2025-02-22T18:24:20,benign
log_955,doc_0,read_phi,phi_rec_155,0,0,0,diagnosis,2025-03-26T10:26:53,benign
log_956,doc_3,read_phi,phi_rec_167,1,0,0,research,2025-02-15T02:11:12,benign
log_957,doc_1,read_phi,phi_rec_119,0,0,0,billing,2025-03-17T12:45:11,benign
log_958,doc_3,read_phi,phi_rec_26,1,1,0,diagnosis,2025-04-30T16:50:00,benign
log_959,doc_4,read_phi,phi_rec_32,1,1,0,diagnosis,2025-02-05T03:45:46,benign
log_960,doc_2,read_phi,phi_rec_9,1,0,0,diagnosis,2025-08-11T20:49:49,benign
log_961,doc_3,read_phi,phi_rec_175,0,0,0,marketing,2025-02-15T16:05:44,benign
log_962,doc_4,read_phi,phi_rec_19,0,0,0,billing,2025-07-02T23:06:30,benign
log_963,doc_4,read_phi,phi_rec_12,0,0,0,billing,2025-07-03T18:26:26,benign
log_964,doc_4,read_phi,phi_rec_197,0,0,0,billing,2025-03-26T18:42:31,benign
log_965,doc_3,read_phi,phi_rec_79,1,1,0,diagnosis,2025-01-07T18:23:42,benign
log_966,doc_0,read_phi,phi_rec_41,1,1,0,diagnosis,2025-02-13T17:33:35,benign
log_967,doc_2,read_phi,phi_rec_49,0,0,0,billing,2025-05-26T02:42:14,benign
log_968,bclerk_0,read_phi,phi_rec_4,0,0,1,billing,2025-05-30T18:26:04,benign
log_969,doc_4,read_phi,phi_rec_104,0,1,0,research,2025-07-18T14:35:36,benign
log_970,bclerk_0,read_phi,phi_rec_53,0,0,1,billing,2025-01-26T23:18:20,benign
log_971,bclerk_0,read_phi,phi_rec_63,0,0,1,billing,2025-06-07T14:24:10,benign
log_972,doc_0,read_phi,phi_rec_155,1,1,0,diagnosis,2025-01-15T04:23:47,benign
log_973,doc_0,read_phi,phi_rec_147,0,0,0,billing,2025-06-09T16:28:50,benign
log_974,bclerk_0,read_phi,phi_rec_54,0,0,1,billing,2025-07-12T01:56:01,benign
log_975,doc_0,read_phi,phi_rec_44,1,1,0,diagnosis,2025-04-15T10:08:17,benign
log_976,doc_0,read_phi,phi_rec_58,0,0,0,billing,2025-07-05T11:07:48,benign
log_977,doc_4,read_phi,phi_rec_68,0,0,0,marketing,2025-01-28T05:07:23,benign
log_978,doc_3,read_phi,phi_rec_143,0,0,0,billing,2025-05-25T05:11:13,benign
log_979,doc_2,read_phi,phi_rec_25,0,0,0,billing,2025-03-27T12:52:52,benign
log_980,doc_1,read_phi,phi_rec_151,1,1,0,diagnosis,2025-03-20T05:29:56,benign
log_981,doc_2,read_phi,phi_rec_110,1,1,0,research,2025-08-11T15:46:38,benign
log_982,doc_4,read_phi,phi_rec_157,0,0,0,marketing,2025-04-07T00:38:43,benign
log_983,doc_1,read_phi,phi_rec_84,0,0,0,research,2025-06-07T09:52:00,benign
log_984,doc_3,read_phi,phi_rec_8,0,0,0,marketing,2025-03-28T03:28:18,benign
log_985,doc_4,read_phi,phi_rec_159,0,0,0,marketing,2025-04-01T15:53:38,benign
log_986,doc_3,read_phi,phi_rec_1,0,0,0,billing,2025-07-03T12:04:49,benign
log_987,bclerk_0,read_phi,phi_rec_130,0,0,1,billing,2025-07-30T05:02:47,benign
log_988,doc_3,read_phi,phi_rec_179,0,0,0,marketing,2025-05-17T22:48:17,benign
log_989,doc_1,read_phi,phi_rec_21,0,0,0,marketing,2025-04-06T17:39:19,benign
log_990,doc_3,read_phi,phi_rec_30,0,0,0,billing,2025-02-19T10:42:18,benign
log_991,doc_2,read_phi,phi_rec_29,0,1,0,diagnosis,2025-04-20T02:10:54,benign
log_992,doc_2,read_phi,phi_rec_166,1,1,0,diagnosis,2025-07-23T12:18:46,benign
log_993,doc_0,read_phi,phi_rec_156,1,0,0,research,2025-05-20T01:44:05,benign
log_994,bclerk_0,read_phi,phi_rec_192,0,0,1,billing,2025-02-07T22:19:33,benign
log_995,bclerk_0,read_phi,phi_rec_132,0,0,1,billing,2025-03-15T18:24:18,benign
log_996,bclerk_0,read_phi,phi_rec_142,0,0,1,marketing,2025-05-13T15:58:29,violation_gdpr_art18
log_997,doc_4,read_phi,phi_rec_190,1,0,0,research,2025-04-10T04:52:33,benign
log_998,doc_1,read_phi,phi_rec_48,0,0,0,billing,2025-05-22T21:16:29,benign
log_999,bclerk_0,read_phi,phi_rec_175,0,0,1,billing,2025-06-26T14:41:14,benign
log_1000,bclerk_0,read_phi,phi_rec_192,0,0,1,billing,2025-06-22T00:29:34,benign
log_1001,doc_0,read_phi,phi_rec_152,1,1,0,research,2025-01-28T19:10:50,benign
log_1002,doc_3,read_phi,phi_rec_43,0,0,0,billing,2025-02-01T02:52:00,benign
log_1003,doc_2,read_phi,phi_rec_83,0,1,0,research,2025-05-30T14:24:34,benign
log_1004,doc_4,read_phi,phi_rec_190,1,1,0,research,2025-02-06T17:35:13,benign
log_1005,doc_3,read_phi,phi_rec_5,0,0,0,billing,2025-06-29T10:56:53,benign
log_1006,bclerk_0,read_phi,phi_rec_90,0,0,1,billing,2025-08-03T12:37:16,benign
log_1007,bclerk_0,read_phi,phi_rec_151,0,0,1,billing,2025-03-31T07:29:24,benign
log_1008,doc_3,read_phi,phi_rec_79,0,0,0,billing,2025-01-02T09:23:42,benign
log_1009,doc_3,read_phi,phi_rec_194,1,1,0,research,2025-03-04T10:56:27,benign
log_1010,bclerk_0,read_phi,phi_rec_39,0,0,1,billing,2025-06-07T20:53:17,benign
log_1011,doc_2,read_phi,phi_rec_117,1,1,0,research,2025-03-21T03:12:12,benign
log_1012,bclerk_0,read_phi,phi_rec_103,0,0,1,billing,2025-02-19T17:04:39,benign
log_1013,doc_1,read_phi,phi_rec_192,0,0,0,billing,2025-08-27T07:08:23,benign
log_1014,bclerk_0,read_phi,phi_rec_134,0,0,1,billing,2025-06-16T06:16:25,benign
log_1015,doc_1,read_phi,phi_rec_86,1,1,0,diagnosis,2025-06-26T10:47:41,benign
log_1016,doc_0,read_phi,phi_rec_183,0,0,0,billing,2025-02-14T19:45:13,benign
log_1017,bclerk_0,read_phi,phi_rec_192,0,1,0,billing,2025-02-20T02:25:16,violation_hipaa_min_necessary
log_1018,bclerk_0,read_phi,phi_rec_189,0,0,1,billing,2025-04-14T18:27:13,benign
log_1019,doc_3,read_phi,phi_rec_57,1,1,0,research,2025-08-27T12:05:15,benign
log_1020,doc_3,read_phi,phi_rec_153,1,0,0,research,2025-05-18T21:07:00,benign
log_1021,doc_0,read_phi,phi_rec_189,0,0,0,billing,2025-02-06T15:31:46,benign
log_1022,doc_0,read_phi,phi_rec_23,0,0,0,billing,2025-06-18T01:14:20,benign
log_1023,doc_2,read_phi,phi_rec_9,0,0,0,billing,2025-01-06T11:04:04,benign
log_1024,doc_0,read_phi,phi_rec_23,0,0,0,billing,2025-03-16T14:07:40,benign
log_1025,doc_4,read_phi,phi_rec_101,1,0,0,diagnosis,2025-02-18T10:42:03,benign
log_1026,bclerk_0,read_phi,phi_rec_122,0,0,1,marketing,2025-08-28T19:06:48,violation_gdpr_art18
log_1027,bclerk_0,read_phi,phi_rec_154,0,0,1,billing,2025-03-16T05:17:32,benign
log_1028,doc_0,read_phi,phi_rec_2,0,0,0,marketing,2025-06-10T08:19:45,benign
log_1029,bclerk_0,read_phi,phi_rec_133,0,0,1,billing,2025-02-22T07:38:32,benign
log_1030,doc_3,read_phi,phi_rec_35,1,1,0,research,2025-03-18T11:27:10,benign
log_1031,doc_1,read_phi,phi_rec_181,1,0,0,research,2025-02-02T18:30:22,violation_gdpr_art18
log_1032,doc_0,read_phi,phi_rec_136,0,0,0,marketing,2025-04-01T13:19:29,benign
log_1033,doc_4,read_phi,phi_rec_34,0,0,0,billing,2025-02-06T21:04:45,benign
log_1034,doc_4,read_phi,phi_rec_65,1,1,0,diagnosis,2025-08-27T09:14:09,benign
log_1035,doc_2,read_phi,phi_rec_199,1,1,0,diagnosis,2025-07-27T21:50:05,benign
log_1036,doc_0,read_phi,phi_rec_169,0,0,0,marketing,2025-07-07T21:03:44,benign
log_1037,doc_2,read_phi,phi_rec_47,0,0,0,marketing,2025-04-22T09:45:14,benign
log_1038,doc_4,read_phi,phi_rec_99,0,0,0,marketing,2025-02-02T03:46:16,benign
log_1039,doc_4,read_phi,phi_rec_17,0,0,0,marketing,2025-06-20T16:49:59,benign
log_1040,doc_4,read_phi,phi_rec_72,1,1,0,research,2025-03-08T03:38:13,benign
log_1041,doc_0,read_phi,phi_rec_2,0,1,0,diagnosis,2025-03-30T16:45:35,benign
log_1042,doc_3,read_phi,phi_rec_127,1,1,0,research,2025-08-14T06:09:58,benign
log_1043,doc_2,read_phi,phi_rec_199,1,1,0,research,2025-07-26T18:56:03,benign
log_1044,bclerk_0,read_phi,phi_rec_23,0,0,1,billing,2025-06-22T02:25:23,benign
log_1045,doc_4,read_phi,phi_rec_159,0,0,0,billing,2025-06-26T06:40:10,benign
log_1046,doc_4,read_phi,phi_rec_170,0,0,0,billing,2025-07-03T07:16:04,benign
log_1047,doc_3,read_phi,phi_rec_109,0,0,0,marketing,2025-01-20T03:22:53,benign
log_1048,bclerk_0,read_phi,phi_rec_129,0,0,1,billing,2025-01-17T00:28:05,benign
log_1049,bclerk_0,read_phi,phi_rec_196,0,0,1,billing,2025-08-10T05:31:29,benign
log_1050,doc_4,read_phi,phi_rec_70,0,0,0,marketing,2025-01-04T02:45:35,benign
log_1051,doc_2,read_phi,phi_rec_64,1,1,0,diagnosis,2025-06-21T03:17:02,benign
log_1052,doc_3,read_phi,phi_rec_76,0,0,0,marketing,2025-02-17T05:16:40,benign
log_1053,doc_2,read_phi,phi_rec_29,0,0,0,billing,2025-06-09T12:04:09,benign
log_1054,doc_1,read_phi,phi_rec_13,0,1,0,research,2025-01-30T22:22:03,violation_gdpr_art18
log_1055,doc_4,read_phi,phi_rec_73,0,0,0,billing,2025-08-28T03:13:11,benign
log_1056,doc_0,read_phi,phi_rec_174,1,1,0,diagnosis,2025-08-26T02:01:20,benign
log_1057,doc_2,read_phi,phi_rec_60,0,0,0,marketing,2025-01-05T05:47:50,benign
log_1058,doc_2,read_phi,phi_rec_117,1,1,0,research,2025-01-23T08:25:50,benign
log_1059,doc_0,read_phi,phi_rec_129,0,1,0,diagnosis,2025-03-17T06:37:59,benign
log_1060,doc_4,read_phi,phi_rec_180,0,0,0,billing,2025-02-26T18:59:27,benign
log_1061,bclerk_0,read_phi,phi_rec_90,0,0,1,billing,2025-01-12T12:57:57,benign
log_1062,bclerk_0,read_phi,phi_rec_70,0,0,1,billing,2025-04-17T03:28:21,benign
log_1063,doc_0,read_phi,phi_rec_122,1,0,0,diagnosis,2025-07-20T03:55:02,benign
log_1064,doc_4,read_phi,phi_rec_141,1,0,0,diagnosis,2025-04-24T16:26:30,benign
log_1065,doc_4,read_phi,phi_rec_73,1,1,0,diagnosis,2025-03-09T08:21:30,benign
log_1066,doc_0,read_phi,phi_rec_164,1,1,0,research,2025-03-01T19:35:21,benign
log_1067,doc_0,read_phi,phi_rec_50,0,0,0,marketing,2025-01-11T05:01:28,benign
log_1068,doc_2,read_phi,phi_rec_117,0,0,0,billing,2025-02-12T14:45:02,benign
log_1069,bclerk_0,read_phi,phi_rec_94,0,0,1,billing,2025-04-04T23:31:33,benign
log_1070,doc_0,read_phi,phi_rec_142,1,1,0,diagnosis,2025-04-16T11:02:49,benign
log_1071,doc_1,read_phi,phi_rec_15,0,0,0,billing,2025-06-07T17:11:22,benign
log_1072,doc_1,read_phi,phi_rec_48,1,1,0,research,2025-06-27T03:57:18,benign
log_1073,bclerk_0,read_phi,phi_rec_153,0,0,1,billing,2025-06-04T01:59:39,benign
log_1074,doc_4,read_phi,phi_rec_101,1,1,0,diagnosis,2025-01-24T09:09:35,benign
log_1075,doc_4,read_phi,phi_rec_141,1,0,0,diagnosis,2025-04-23T04:27:38,benign
log_1076,doc_1,read_phi,phi_rec_48,1,0,0,diagnosis,2025-07-28T08:14:40,benign
log_1077,bclerk_0,read_phi,phi_rec_15,0,0,1,billing,2025-05-01T18:20:42,benign
log_1078,doc_1,read_phi,phi_rec_182,0,0,0,marketing,2025-04-01T03:56:05,benign
log_1079,doc_1,read_phi,phi_rec_11,1,1,0,research,2025-03-14T12:02:31,benign
log_1080,doc_2,read_phi,phi_rec_7,0,0,0,billing,2025-06-25T22:39:40,benign
log_1081,bclerk_0,read_phi,phi_rec_15,0,0,1,billing,2025-05-08T13:05:46,benign
log_1082,doc_0,read_phi,phi_rec_128,0,0,0,billing,2025-06-01T15:42:50,benign
log_1083,doc_2,read_phi,phi_rec_69,0,1,0,diagnosis,2025-02-22T18:35:16,benign
log_1084,doc_4,read_phi,phi_rec_68,1,1,0,research,2025-08-25T21:59:17,benign
log_1085,doc_1,read_phi,phi_rec_131,0,0,0,diagnosis,2025-01-24T05:01:33,benign
log_1086,doc_0,read_phi,phi_rec_95,0,0,0,billing,2025-03-27T01:58:21,benign
log_1087,doc_1,read_phi,phi_rec_139,0,0,0,marketing,2025-08-22T15:34:54,benign
log_1088,bclerk_0,read_phi,phi_rec_41,0,0,1,billing,2025-05-12T02:44:41,benign
log_1089,doc_0,read_phi,phi_rec_122,1,1,0,diagnosis,2025-06-12T09:00:54,benign
log_1090,doc_1,read_phi,phi_rec_165,0,1,0,billing,2025-01-12T16:47:51,violation_hipaa_auth
log_1091,doc_0,read_phi,phi_rec_41,1,1,0,research,2025-01-23T15:08:00,benign
log_1092,doc_3,read_phi,phi_rec_6,0,0,0,marketing,2025-04-29T12:46:10,benign
log_1093,doc_4,read_phi,phi_rec_140,1,1,0,diagnosis,2025-03-18T12:34:57,benign
log_1094,doc_2,read_phi,phi_rec_14,0,0,0,marketing,2025-08-11T04:07:47,benign
log_1095,doc_3,read_phi,phi_rec_115,1,1,0,diagnosis,2025-07-14T12:54:59,benign
log_1096,doc_1,read_phi,phi_rec_168,0,1,0,research,2025-05-23T21:32:28,benign
log_1097,doc_0,read_phi,phi_rec_142,1,1,0,research,2025-06-11T18:29:05,benign
log_1098,doc_2,read_phi,phi_rec_165,0,0,0,marketing,2025-03-18T09:01:15,benign
log_1099,doc_1,read_phi,phi_rec_123,0,0,0,marketing,2025-04-28T03:16:28,benign
log_1100,doc_3,read_phi,phi_rec_90,0,0,0,billing,2025-01-15T05:04:29,benign
log_1101,bclerk_0,read_phi,phi_rec_182,0,0,1,billing,2025-02-01T05:15:35,benign
log_1102,bclerk_0,read_phi,phi_rec_34,0,0,1,billing,2025-07-15T15:20:54,benign
log_1103,doc_2,read_phi,phi_rec_49,0,0,0,marketing,2025-03-08T23:57:49,benign
log_1104,bclerk_0,read_phi,phi_rec_100,0,0,1,billing,2025-03-22T23:54:00,benign
log_1105,doc_1,read_phi,phi_rec_21,1,1,0,diagnosis,2025-03-05T15:11:12,benign
log_1106,doc_4,read_phi,phi_rec_32,0,0,0,billing,2025-04-24T13:02:33,benign
log_1107,doc_0,read_phi,phi_rec_146,1,1,0,diagnosis,2025-05-07T19:54:36,benign
log_1108,doc_1,read_phi,phi_rec_151,0,0,0,marketing,2025-07-20T17:48:38,benign
log_1109,doc_0,read_phi,phi_rec_164,1,1,0,research,2025-02-26T05:36:40,benign
log_1110,doc_4,read_phi,phi_rec_116,1,1,0,diagnosis,2025-05-23T21:03:59,benign
log_1111,bclerk_0,read_phi,phi_rec_61,0,0,1,billing,2025-06-24T10:13:13,benign
log_1112,doc_4,read_phi,phi_rec_187,1,1,0,diagnosis,2025-02-04T23:44:36,benign
log_1113,doc_3,read_phi,phi_rec_62,0,0,0,billing,2025-03-12T19:50:02,benign
log_1114,doc_1,read_phi,phi_rec_86,1,1,0,diagnosis,2025-08-06T09:29:19,benign
log_1115,doc_0,read_phi,phi_rec_147,0,0,0,billing,2025-04-07T11:44:51,benign
log_1116,doc_4,read_phi,phi_rec_170,1,1,0,diagnosis,2025-05-09T19:02:48,benign
log_1117,doc_0,read_phi,phi_rec_152,0,0,0,marketing,2025-03-31T01:42:38,benign
log_1118,doc_4,read_phi,phi_rec_17,1,0,0,diagnosis,2025-05-14T22:48:09,benign
log_1119,doc_3,read_phi,phi_rec_30,0,0,0,billing,2025-02-14T14:00:46,benign
log_1120,doc_4,read_phi,phi_rec_19,1,1,0,diagnosis,2025-07-09T14:06:54,benign
log_1121,doc_1,read_phi,phi_rec_51,0,0,0,marketing,2025-04-06T03:36:46,benign
log_1122,doc_4,read_phi,phi_rec_190,1,1,0,research,2025-03-08T20:26:12,benign
log_1123,bclerk_0,read_phi,phi_rec_60,0,0,1,billing,2025-07-01T15:16:05,benign
log_1124,doc_2,read_phi,phi_rec_188,1,0,0,research,2025-03-12T18:32:15,benign
log_1125,doc_2,read_phi,phi_rec_64,0,0,0,billing,2025-07-31T11:23:19,benign
log_1126,doc_0,read_phi,phi_rec_58,1,1,0,diagnosis,2025-07-11T12:48:29,benign
log_1127,doc_0,read_phi,phi_rec_164,1,1,0,diagnosis,2025-02-02T12:37:34,benign
log_1128,doc_4,read_phi,phi_rec_40,0,0,0,marketing,2025-01-28T20:13:31,benign
log_1129,bclerk_0,read_phi,phi_rec_118,0,0,1,marketing,2025-01-13T09:20:52,violation_gdpr_art18
log_1130,doc_2,read_phi,phi_rec_101,0,1,0,diagnosis,2025-04-19T04:52:22,violation_hipaa_auth
log_1131,bclerk_0,read_phi,phi_rec_186,0,0,1,billing,2025-02-02T09:37:19,benign
log_1132,bclerk_0,read_phi,phi_rec_98,0,0,1,billing,2025-06-24T19:20:39,benign
log_1133,doc_0,read_phi,phi_rec_152,1,1,0,research,2025-08-18T10:32:11,benign
log_1134,doc_0,read_phi,phi_rec_156,0,0,0,marketing,2025-06-18T23:48:06,benign
log_1135,doc_4,read_phi,phi_rec_187,0,0,0,billing,2025-03-30T18:42:10,benign
log_1136,doc_2,read_phi,phi_rec_14,0,0,0,marketing,2025-08-22T14:25:02,benign
log_1137,doc_3,read_phi,phi_rec_43,0,0,0,marketing,2025-01-28T13:15:10,benign
log_1138,bclerk_0,read_phi,phi_rec_101,0,0,1,billing,2025-01-21T07:39:06,benign
log_1139,doc_0,read_phi,phi_rec_59,1,1,0,diagnosis,2025-03-10T19:01:45,benign
log_1140,bclerk_0,read_phi,phi_rec_70,0,0,1,billing,2025-06-18T01:12:49,benign
log_1141,doc_0,read_phi,phi_rec_44,0,0,0,marketing,2025-02-06T01:50:08,benign
log_1142,doc_4,read_phi,phi_rec_45,0,0,0,billing,2025-04-24T14:36:02,benign
log_1143,doc_0,read_phi,phi_rec_156,0,0,0,billing,2025-04-22T23:25:24,benign
log_1144,doc_0,read_phi,phi_rec_152,0,0,0,billing,2025-08-28T23:04:04,benign
log_1145,doc_3,read_phi,phi_rec_5,0,0,0,marketing,2025-01-23T07:04:21,benign
log_1146,doc_1,read_phi,phi_rec_184,0,0,0,diagnosis,2025-07-05T07:47:56,benign
log_1147,doc_2,read_phi,phi_rec_100,0,0,0,marketing,2025-03-27T16:36:47,benign
log_1148,doc_0,read_phi,phi_rec_156,0,0,0,billing,2025-06-11T11:30:09,benign
log_1149,doc_1,read_phi,phi_rec_93,1,1,0,diagnosis,2025-01-29T16:12:39,benign
log_1150,doc_0,read_phi,phi_rec_92,0,1,0,diagnosis,2025-02-11T00:06:55,benign
log_1151,bclerk_0,read_phi,phi_rec_37,0,0,1,billing,2025-03-05T17:04:12,benign
log_1152,doc_1,read_phi,phi_rec_125,1,1,0,research,2025-01-03T20:42:46,benign
log_1153,doc_2,read_phi,phi_rec_14,0,0,0,marketing,2025-01-10T18:05:16,benign
log_1154,bclerk_0,read_phi,phi_rec_120,0,0,1,billing,2025-03-09T19:19:05,benign
log_1155,bclerk_0,read_phi,phi_rec_141,0,0,1,marketing,2025-04-11T05:15:58,violation_gdpr_art18
log_1156,bclerk_0,read_phi,phi_rec_134,0,0,1,billing,2025-03-24T00:40:44,benign
log_1157,doc_4,read_phi,phi_rec_106,1,1,0,diagnosis,2025-02-02T02:00:21,benign
log_1158,doc_0,read_phi,phi_rec_95,0,0,0,marketing,2025-03-30T08:18:12,benign
log_1159,doc_4,read_phi,phi_rec_113,0,0,0,billing,2025-07-19T04:07:08,benign
log_1160,bclerk_0,read_phi,phi_rec_165,0,0,1,billing,2025-02-19T13:47:12,benign
log_1161,doc_3,read_phi,phi_rec_8,0,0,0,billing,2025-03-04T00:56:56,benign
log_1162,doc_2,read_phi,phi_rec_83,0,0,0,marketing,2025-06-14T05:46:25,benign
log_1163,doc_0,read_phi,phi_rec_41,1,0,0,diagnosis,2025-07-26T11:12:56,benign
log_1164,bclerk_0,read_phi,phi_rec_132,0,0,1,billing,2025-03-04T19:25:54,benign
log_1165,doc_2,read_phi,phi_rec_124,1,1,0,diagnosis,2025-05-04T00:15:34,benign
log_1166,doc_1,read_phi,phi_rec_139,0,0,0,marketing,2025-04-21T03:50:25,benign
log_1167,doc_2,read_phi,phi_rec_49,1,1,0,diagnosis,2025-08-01T02:40:32,benign
log_1168,doc_0,read_phi,phi_rec_24,0,0,0,marketing,2025-08-20T00:41:59,benign
log_1169,doc_1,read_phi,phi_rec_131,0,0,0,billing,2025-01-09T05:35:59,benign
log_1170,doc_3,read_phi,phi_rec_195,1,1,0,research,2025-06-04T14:07:29,benign
log_1171,doc_3,read_phi,phi_rec_195,1,1,0,diagnosis,2025-05-03T20:18:59,benign
log_1172,doc_0,read_phi,phi_rec_59,0,0,0,billing,2025-05-05T01:28:13,benign
log_1173,doc_3,read_phi,phi_rec_167,1,1,0,research,2025-01-25T22:36:49,benign
log_1174,doc_4,read_phi,phi_rec_56,0,0,0,billing,2025-08-09T10:36:11,benign
log_1175,doc_1,read_phi,phi_rec_93,0,0,0,billing,2025-08-16T12:51:34,benign
log_1176,doc_4,read_phi,phi_rec_170,0,0,0,billing,2025-07-14T01:05:40,benign
log_1177,bclerk_0,read_phi,phi_rec_168,0,0,1,billing,2025-05-13T13:39:38,benign
log_1178,doc_0,read_phi,phi_rec_128,0,0,0,billing,2025-02-08T20:14:01,benign
log_1179,doc_1,read_phi,phi_rec_163,0,0,0,marketing,2025-01-04T07:09:05,benign
log_1180,doc_0,read_phi,phi_rec_193,0,0,0,billing,2025-01-22T10:30:29,benign
log_1181,doc_4,read_phi,phi_rec_140,1,0,0,diagnosis,2025-02-06T05:17:45,benign
log_1182,bclerk_0,read_phi,phi_rec_143,0,0,1,billing,2025-03-26T07:11:11,benign
log_1183,doc_4,read_phi,phi_rec_197,0,0,0,billing,2025-01-30T06:47:37,benign
log_1184,doc_4,read_phi,phi_rec_72,0,0,0,billing,2025-01-15T09:11:30,benign
log_1185,doc_3,read_phi,phi_rec_62,0,0,0,billing,2025-05-29T19:09:30,benign
log_1186,doc_3,read_phi,phi_rec_197,0,1,0,diagnosis,2025-01-13T01:51:58,violation_hipaa_auth
log_1187,doc_0,read_phi,phi_rec_67,1,1,0,diagnosis,2025-04-10T08:33:57,benign
log_1188,doc_2,read_phi,phi_rec_110,1,1,0,diagnosis,2025-06-16T23:47:45,benign
log_1189,bclerk_0,read_phi,phi_rec_108,0,0,1,billing,2025-07-17T11:15:05,benign
log_1190,doc_1,read_phi,phi_rec_129,0,1,0,diagnosis,2025-01-04T12:27:29,violation_hipaa_auth
log_1191,doc_2,read_phi,phi_rec_161,1,0,0,diagnosis,2025-03-28T13:51:47,benign
log_1192,doc_4,read_phi,phi_rec_196,1,1,0,research,2025-06-03T06:58:17,benign
log_1193,bclerk_0,read_phi,phi_rec_183,0,0,1,billing,2025-01-11T20:45:00,benign
log_1194,doc_4,read_phi,phi_rec_196,1,1,0,research,2025-03-04T11:46:52,benign
log_1195,bclerk_0,read_phi,phi_rec_104,1,0,0,billing,2025-04-27T17:29:42,violation_hipaa_min_necessary
log_1196,doc_0,read_phi,phi_rec_67,0,1,0,research,2025-03-12T04:26:52,benign
log_1197,doc_1,read_phi,phi_rec_118,0,0,0,billing,2025-08-02T05:58:47,benign
log_1198,doc_3,read_phi,phi_rec_46,0,0,0,marketing,2025-07-10T00:03:33,benign
log_1199,bclerk_0,read_phi,phi_rec_75,0,0,1,billing,2025-03-15T23:45:48,benign
log_1200,bclerk_0,read_phi,phi_rec_44,0,1,0,billing,2025-01-07T14:21:46,violation_hipaa_min_necessary
log_1201,doc_3,read_phi,phi_rec_1,0,0,0,billing,2025-04-05T15:23:54,benign
log_1202,doc_3,read_phi,phi_rec_115,0,0,0,billing,2025-02-21T07:54:45,benign
log_1203,doc_4,read_phi,phi_rec_176,0,1,0,diagnosis,2025-07-22T15:04:16,violation_hipaa_auth
log_1204,doc_0,read_phi,phi_rec_92,0,0,0,billing,2025-03-04T14:22:14,benign
log_1205,doc_0,read_phi,phi_rec_63,1,1,0,diagnosis,2025-02-07T18:41:07,benign
log_1206,bclerk_0,read_phi,phi_rec_11,0,0,1,billing,2025-06-06T21:31:36,benign
log_1207,doc_0,read_phi,phi_rec_149,1,1,0,diagnosis,2025-06-15T08:32:14,benign
log_1208,doc_4,read_phi,phi_rec_101,0,0,0,billing,2025-05-07T04:33:47,benign
log_1209,doc_4,read_phi,phi_rec_37,1,1,0,diagnosis,2025-02-06T10:10:15,benign
log_1210,bclerk_0,read_phi,phi_rec_81,0,0,1,billing,2025-07-10T08:39:56,benign
log_1211,bclerk_0,read_phi,phi_rec_107,0,1,0,billing,2025-07-18T00:58:53,violation_hipaa_min_necessary
log_1212,doc_4,read_phi,phi_rec_32,1,0,0,research,2025-08-11T08:12:10,benign
log_1213,doc_1,read_phi,phi_rec_139,0,1,0,research,2025-01-30T02:05:53,violation_gdpr_art18
log_1214,bclerk_0,read_phi,phi_rec_46,0,1,0,billing,2025-03-09T12:09:59,violation_hipaa_min_necessary
log_1215,doc_4,read_phi,phi_rec_78,0,0,0,marketing,2025-03-01T15:48:47,benign
log_1216,doc_4,read_phi,phi_rec_12,0,0,0,billing,2025-02-13T09:41:50,benign
log_1217,doc_2,read_phi,phi_rec_75,0,0,0,billing,2025-03-09T05:24:39,benign
log_1218,doc_2,read_phi,phi_rec_112,0,0,0,billing,2025-06-13T20:46:46,benign
log_1219,doc_0,read_phi,phi_rec_96,0,0,0,billing,2025-02-10T16:14:23,benign
log_1220,doc_1,read_phi,phi_rec_125,0,0,0,billing,2025-01-12T12:21:21,benign
log_1221,doc_4,read_phi,phi_rec_104,0,0,0,marketing,2025-03-10T15:55:04,benign
log_1222,doc_0,read_phi,phi_rec_136,1,1,0,research,2025-04-28T13:54:31,benign
log_1223,doc_2,read_phi,phi_rec_75,0,0,0,billing,2025-05-30T20:05:05,benign
log_1224,doc_3,read_phi,phi_rec_194,1,1,0,diagnosis,2025-04-01T08:21:28,benign
log_1225,doc_1,read_phi,phi_rec_119,0,0,0,marketing,2025-02-05T01:31:11,benign
log_1226,doc_2,read_phi,phi_rec_145,0,1,0,diagnosis,2025-08-12T05:39:53,benign
log_1227,doc_4,read_phi,phi_rec_56,0,1,0,research,2025-04-11T19:33:41,benign
log_1228,doc_0,read_phi,phi_rec_156,1,1,0,research,2025-08-19T22:58:18,benign
log_1229,doc_1,read_phi,phi_rec_103,1,1,0,diagnosis,2025-05-05T17:44:52,benign
log_1230,doc_2,read_phi,phi_rec_22,0,0,0,billing,2025-01-12T17:47:44,benign
log_1231,doc_0,read_phi,phi_rec_136,0,0,0,marketing,2025-07-01T21:10:59,benign
log_1232,doc_3,read_phi,phi_rec_115,0,0,0,billing,2025-01-19T22:31:12,benign
log_1233,doc_3,read_phi,phi_rec_105,1,1,0,diagnosis,2025-06-10T04:19:09,benign
log_1234,bclerk_0,read_phi,phi_rec_88,0,0,1,billing,2025-08-24T10:34:28,benign
log_1235,doc_0,read_phi,phi_rec_137,0,0,0,billing,2025-02-24T16:29:51,benign
log_1236,bclerk_0,read_phi,phi_rec_158,0,0,1,billing,2025-05-28T11:43:06,benign
log_1237,doc_3,read_phi,phi_rec_46,0,0,0,marketing,2025-07-06T08:54:28,benign
log_1238,doc_1,read_phi,phi_rec_118,1,1,0,diagnosis,2025-05-17T05:26:41,benign
log_1239,doc_0,read_phi,phi_rec_41,0,0,0,billing,2025-06-30T05:05:51,benign
log_1240,doc_1,read_phi,phi_rec_102,1,0,0,diagnosis,2025-06-07T21:24:24,benign
log_1241,doc_4,read_phi,phi_rec_187,0,0,0,marketing,2025-08-02T06:32:08,benign
log_1242,doc_1,read_phi,phi_rec_115,0,1,0,diagnosis,2025-03-01T09:17:09,violation_hipaa_auth
log_1243,bclerk_0,read_phi,phi_rec_89,0,0,1,billing,2025-03-28T07:25:21,benign
log_1244,doc_3,read_phi,phi_rec_6,1,1,0,research,2025-05-17T18:12:08,benign
log_1245,doc_0,read_phi,phi_rec_138,1,0,0,research,2025-06-18T01:00:38,benign
log_1246,bclerk_0,read_phi,phi_rec_40,0,0,1,billing,2025-08-25T06:01:13,benign
log_1247,doc_2,read_phi,phi_rec_29,1,1,0,diagnosis,2025-04-28T05:05:47,benign
log_1248,bclerk_0,read_phi,phi_rec_135,0,0,1,billing,2025-03-01T03:47:48,benign
log_1249,doc_4,read_phi,phi_rec_73,1,1,0,diagnosis,2025-07-17T06:46:10,benign
log_1250,bclerk_0,read_phi,phi_rec_199,1,0,0,billing,2025-06-16T04:11:29,violation_hipaa_min_necessary
log_1251,doc_0,read_phi,phi_rec_58,0,0,0,billing,2025-02-02T03:24:23,benign
log_1252,bclerk_0,read_phi,phi_rec_126,0,0,1,billing,2025-08-05T06:24:57,benign
log_1253,doc_3,read_phi,phi_rec_115,0,0,0,billing,2025-01-08T21:04:32,benign
log_1254,doc_2,read_phi,phi_rec_124,0,1,0,research,2025-08-21T18:18:35,benign
log_1255,doc_1,read_phi,phi_rec_93,0,0,0,marketing,2025-03-29T03:44:56,benign
log_1256,doc_2,read_phi,phi_rec_110,1,1,0,research,2025-03-13T04:53:56,benign
log_1257,doc_4,read_phi,phi_rec_190,0,0,0,billing,2025-06-04T04:50:20,benign
log_1258,doc_2,read_phi,phi_rec_64,0,0,0,billing,2025-07-24T03:57:45,benign
log_1259,bclerk_0,read_phi,phi_rec_158,0,0,1,billing,2025-05-12T09:03:38,benign
log_1260,doc_4,read_phi,phi_rec_27,0,1,0,diagnosis,2025-03-31T03:09:09,benign
log_1261,doc_3,read_phi,phi_rec_143,1,1,0,diagnosis,2025-06-09T17:31:22,benign
log_1262,doc_3,read_phi,phi_rec_90,0,0,0,marketing,2025-06-28T07:02:20,benign
log_1263,doc_1,read_phi,phi_rec_185,1,1,0,diagnosis,2025-05-07T10:54:03,benign
log_1264,doc_1,read_phi,phi_rec_168,0,0,0,billing,2025-06-10T04:05:00,benign
log_1265,doc_0,read_phi,phi_rec_39,1,1,0,research,2025-03-15T12:18:40,benign
log_1266,doc_2,read_phi,phi_rec_49,0,0,0,marketing,2025-07-28T04:23:17,benign
log_1267,doc_3,read_phi,phi_rec_194,1,1,0,research,2025-04-03T13:46:55,benign
log_1268,doc_2,read_phi,phi_rec_165,0,0,0,marketing,2025-01-17T13:35:37,benign
log_1269,doc_3,read_phi,phi_rec_79,0,0,0,research,2025-01-05T17:21:26,benign
log_1270,doc_3,read_phi,phi_rec_8,1,1,0,diagnosis,2025-06-06T05:52:36,benign
log_1271,doc_2,read_phi,phi_rec_69,0,0,0,research,2025-06-08T06:06:21,benign
log_1272,doc_0,read_phi,phi_rec_129,0,0,0,billing,2025-07-05T04:12:02,benign
log_1273,doc_0,read_phi,phi_rec_87,1,1,0,research,2025-06-27T00:55:01,benign
log_1274,doc_2,read_phi,phi_rec_166,1,1,0,research,2025-01-06T01:12:19,benign
log_1275,bclerk_0,read_phi,phi_rec_60,0,0,1,billing,2025-03-08T16:59:11,benign
log_1276,doc_2,read_phi,phi_rec_9,0,0,0,billing,2025-04-09T01:40:16,benign
log_1277,doc_0,read_phi,phi_rec_174,0,0,0,marketing,2025-06-09T18:01:56,benign
log_1278,doc_4,read_phi,phi_rec_99,0,0,0,marketing,2025-06-12T18:15:09,benign
log_1279,doc_3,read_phi,phi_rec_5,0,0,0,billing,2025-02-20T08:31:23,benign
log_1280,doc_2,read_phi,phi_rec_166,1,1,0,diagnosis,2025-01-17T11:14:37,benign
log_1281,doc_2,read_phi,phi_rec_47,0,0,0,billing,2025-07-04T02:43:57,benign
log_1282,doc_0,read_phi,phi_rec_172,0,0,0,billing,2025-08-24T06:34:05,benign
log_1283,doc_1,read_phi,phi_rec_182,1,1,0,research,2025-07-12T21:49:04,benign
log_1284,doc_1,read_phi,phi_rec_28,0,1,0,diagnosis,2025-06-02T05:44:21,violation_hipaa_auth
log_1285,doc_3,read_phi,phi_rec_79,0,0,0,billing,2025-04-19T10:41:33,benign
log_1286,doc_1,read_phi,phi_rec_53,0,0,0,billing,2025-08-10T10:40:35,benign
log_1287,doc_2,read_phi,phi_rec_112,0,1,0,diagnosis,2025-08-05T01:15:23,benign
log_1288,bclerk_0,read_phi,phi_rec_197,0,0,1,billing,2025-03-28T09:45:07,benign
log_1289,bclerk_0,read_phi,phi_rec_7,0,0,1,marketing,2025-03-08T19:41:30,violation_gdpr_art18
log_1290,doc_4,read_phi,phi_rec_72,0,1,0,diagnosis,2025-06-26T18:01:02,benign
log_1291,bclerk_0,read_phi,phi_rec_3,0,0,1,billing,2025-07-30T04:20:58,benign
log_1292,bclerk_0,read_phi,phi_rec_4,0,0,1,marketing,2025-05-19T12:49:31,violation_gdpr_art18
log_1293,doc_3,read_phi,phi_rec_43,1,1,0,diagnosis,2025-08-03T08:43:31,benign
log_1294,bclerk_0,read_phi,phi_rec_174,0,0,1,billing,2025-01-17T02:28:03,benign
log_1295,doc_0,read_phi,phi_rec_164,1,1,0,diagnosis,2025-01-16T09:16:12,benign
log_1296,doc_2,read_phi,phi_rec_108,0,1,0,marketing,2025-03-10T03:50:22,violation_hipaa_auth
log_1297,doc_0,read_phi,phi_rec_132,0,0,0,marketing,2025-03-09T19:43:57,benign
log_1298,bclerk_0,read_phi,phi_rec_25,0,0,1,billing,2025-02-25T17:13:38,benign
log_1299,doc_0,read_phi,phi_rec_39,0,0,0,billing,2025-05-01T19:47:00,benign
log_1300,doc_0,read_phi,phi_rec_149,1,0,0,research,2025-06-01T08:34:13,benign
log_1301,doc_0,read_phi,phi_rec_194,0,1,0,marketing,2025-04-01T12:47:21,violation_hipaa_auth
log_1302,doc_4,read_phi,phi_rec_10,0,0,0,marketing,2025-02-06T00:46:07,benign
log_1303,doc_2,read_phi,phi_rec_126,0,0,0,billing,2025-08-11T05:36:51,benign
log_1304,bclerk_0,read_phi,phi_rec_81,0,0,1,billing,2025-01-17T02:18:41,benign
log_1305,doc_3,read_phi,phi_rec_5,1,1,0,research,2025-08-02T11:30:34,benign
log_1306,doc_1,read_phi,phi_rec_84,1,1,0,diagnosis,2025-05-11T03:38:26,benign
log_1307,doc_0,read_phi,phi_rec_96,0,0,0,billing,2025-06-16T02:39:40,benign
log_1308,doc_0,read_phi,phi_rec_162,0,0,0,billing,2025-05-11T03:22:03,benign
log_1309,doc_4,read_phi,phi_rec_10,0,0,0,marketing,2025-07-20T00:49:29,benign
log_1310,doc_4,read_phi,phi_rec_140,1,1,0,diagnosis,2025-02-16T01:00:53,benign
log_1311,bclerk_0,read_phi,phi_rec_121,0,0,1,billing,2025-04-13T16:33:41,benign
log_1312,bclerk_0,read_phi,phi_rec_104,0,0,1,billing,2025-06-16T00:26:06,benign
log_1313,doc_4,read_phi,phi_rec_135,0,0,0,billing,2025-04-13T13:16:20,benign
log_1314,bclerk_0,read_phi,phi_rec_156,0,0,1,billing,2025-08-29T03:54:03,benign
log_1315,doc_2,read_phi,phi_rec_186,1,0,0,research,2025-08-07T14:41:54,benign
log_1316,doc_0,read_phi,phi_rec_120,0,1,0,diagnosis,2025-03-06T04:30:14,benign
log_1317,doc_2,read_phi,phi_rec_80,0,0,0,billing,2025-05-02T02:48:36,benign
log_1318,doc_1,read_phi,phi_rec_48,0,0,0,marketing,2025-02-28T22:40:41,benign
log_1319,doc_0,read_phi,phi_rec_28,1,1,0,diagnosis,2025-02-01T01:26:00,benign
log_1320,doc_3,read_phi,phi_rec_179,1,0,0,research,2025-08-22T17:05:00,benign
log_1321,doc_1,read_phi,phi_rec_33,1,0,0,research,2025-07-07T16:02:18,benign
log_1322,bclerk_0,read_phi,phi_rec_21,0,0,1,billing,2025-02-14T09:44:58,benign
log_1323,doc_0,read_phi,phi_rec_24,0,0,0,billing,2025-07-31T22:21:01,benign
log_1324,doc_3,read_phi,phi_rec_62,1,1,0,diagnosis,2025-08-25T19:15:26,benign
log_1325,doc_3,read_phi,phi_rec_143,0,0,0,marketing,2025-01-28T11:55:34,benign
log_1326,bclerk_0,read_phi,phi_rec_148,0,0,1,billing,2025-02-04T14:50:08,benign
log_1327,doc_3,read_phi,phi_rec_179,0,0,0,marketing,2025-01-10T05:28:14,benign
log_1328,bclerk_0,read_phi,phi_rec_160,0,0,1,billing,2025-02-01T03:49:27,benign
log_1329,doc_3,read_phi,phi_rec_5,0,0,0,marketing,2025-06-12T01:56:12,benign
log_1330,bclerk_0,read_phi,phi_rec_190,0,0,1,marketing,2025-03-19T19:34:35,violation_gdpr_art18
log_1331,doc_0,read_phi,phi_rec_172,1,1,0,research,2025-05-26T22:16:56,benign
log_1332,doc_3,read_phi,phi_rec_179,1,1,0,research,2025-01-07T21:58:27,benign
log_1333,bclerk_0,read_phi,phi_rec_31,0,0,1,billing,2025-07-29T06:26:34,benign
log_1334,bclerk_0,read_phi,phi_rec_181,0,0,1,billing,2025-07-02T15:41:30,benign
log_1335,bclerk_0,read_phi,phi_rec_1,0,0,1,billing,2025-04-06T05:58:04,benign
log_1336,bclerk_0,read_phi,phi_rec_80,0,0,1,marketing,2025-06-05T00:51:59,violation_gdpr_art18
log_1337,doc_3,read_phi,phi_rec_43,0,0,0,marketing,2025-08-16T02:57:54,benign
log_1338,doc_4,read_phi,phi_rec_116,1,1,0,diagnosis,2025-07-14T06:40:37,benign
log_1339,doc_2,read_phi,phi_rec_145,0,0,0,billing,2025-04-10T17:56:13,benign
log_1340,bclerk_0,read_phi,phi_rec_57,0,0,1,billing,2025-06-10T06:02:29,benign
log_1341,doc_4,read_phi,phi_rec_74,0,0,0,billing,2025-08-04T04:37:35,benign
log_1342,doc_0,read_phi,phi_rec_132,0,0,0,marketing,2025-06-19T03:06:36,benign
log_1343,bclerk_0,read_phi,phi_rec_186,0,0,1,billing,2025-05-29T11:42:51,benign
log_1344,doc_3,read_phi,phi_rec_158,0,1,0,research,2025-04-01T00:08:00,violation_gdpr_art18
log_1345,bclerk_0,read_phi,phi_rec_38,0,0,1,billing,2025-03-29T14:49:47,benign
log_1346,doc_2,read_phi,phi_rec_107,1,0,0,diagnosis,2025-06-11T02:06:00,benign
log_1347,doc_0,read_phi,phi_rec_42,0,0,0,marketing,2025-02-25T22:25:31,benign
log_1348,doc_4,read_phi,phi_rec_45,1,1,0,diagnosis,2025-08-04T03:09:04,benign
log_1349,doc_4,read_phi,phi_rec_74,1,1,0,research,2025-01-08T13:07:13,benign
log_1350,doc_3,read_phi,phi_rec_46,0,0,0,marketing,2025-05-01T20:04:48,benign
log_1351,doc_0,read_phi,phi_rec_111,1,1,0,research,2025-06-29T04:03:48,benign
log_1352,doc_1,read_phi,phi_rec_118,1,1,0,diagnosis,2025-02-13T01:00:38,benign
log_1353,doc_3,read_phi,phi_rec_8,0,1,0,research,2025-01-11T23:57:55,benign
log_1354,doc_4,read_phi,phi_rec_52,0,0,0,billing,2025-02-19T18:34:53,benign
log_1355,doc_0,read_phi,phi_rec_156,1,0,0,diagnosis,2025-01-17T17:28:35,benign
log_1356,bclerk_0,read_phi,phi_rec_108,0,0,1,billing,2025-04-27T07:26:45,benign
log_1357,doc_4,read_phi,phi_rec_65,0,1,0,research,2025-08-04T18:10:42,benign
log_1358,doc_4,read_phi,phi_rec_45,0,0,0,billing,2025-03-10T02:07:39,benign
log_1359,doc_2,read_phi,phi_rec_186,1,1,0,research,2025-05-21T11:35:23,benign
log_1360,doc_1,read_phi,phi_rec_184,1,1,0,research,2025-08-08T00:22:14,benign
log_1361,doc_3,read_phi,phi_rec_0,0,0,0,marketing,2025-01-10T10:46:26,benign
log_1362,doc_0,read_phi,phi_rec_59,0,1,0,research,2025-06-03T18:56:51,benign
log_1363,doc_1,read_phi,phi_rec_82,0,0,0,billing,2025-01-09T03:25:57,benign
log_1364,doc_0,read_phi,phi_rec_77,1,1,0,diagnosis,2025-08-12T04:32:44,benign
log_1365,doc_4,read_phi,phi_rec_68,0,0,0,marketing,2025-02-16T15:30:14,benign
log_1366,doc_4,read_phi,phi_rec_133,0,0,0,billing,2025-01-02T08:29:45,benign
log_1367,bclerk_0,read_phi,phi_rec_84,0,0,1,billing,2025-07-17T04:07:42,benign
log_1368,doc_2,read_phi,phi_rec_69,1,1,0,diagnosis,2025-07-29T22:24:23,benign
log_1369,bclerk_0,read_phi,phi_rec_59,1,0,0,billing,2025-07-27T11:40:27,violation_hipaa_min_necessary
log_1370,doc_4,read_phi,phi_rec_12,0,0,0,marketing,2025-06-10T08:30:15,benign
log_1371,doc_1,read_phi,phi_rec_163,1,1,0,diagnosis,2025-06-30T00:22:35,benign
log_1372,doc_4,read_phi,phi_rec_170,0,0,0,marketing,2025-05-11T21:48:50,benign
log_1373,doc_3,read_phi,phi_rec_191,0,1,0,diagnosis,2025-06-24T16:15:18,benign
log_1374,doc_2,read_phi,phi_rec_25,1,1,0,diagnosis,2025-08-03T07:37:08,benign
log_1375,doc_2,read_phi,phi_rec_3,1,1,0,diagnosis,2025-06-21T22:25:22,benign
log_1376,doc_2,read_phi,phi_rec_31,1,1,0,diagnosis,2025-06-09T04:26:08,benign
log_1377,doc_4,read_phi,phi_rec_34,0,0,0,billing,2025-03-08T10:50:01,benign
log_1378,doc_0,read_phi,phi_rec_111,0,0,0,billing,2025-02-07T02:17:51,benign
log_1379,bclerk_0,read_phi,phi_rec_169,0,0,1,billing,2025-03-23T15:36:23,benign
log_1380,doc_2,read_phi,phi_rec_7,1,1,0,diagnosis,2025-06-29T09:48:05,benign
log_1381,bclerk_0,read_phi,phi_rec_83,0,0,1,billing,2025-04-14T00:09:35,benign
log_1382,doc_1,read_phi,phi_rec_168,1,1,0,research,2025-01-20T19:04:35,benign
log_1383,bclerk_0,read_phi,phi_rec_19,0,0,1,billing,2025-02-02T07:04:59,benign
log_1384,doc_0,read_phi,phi_rec_138,1,1,0,research,2025-02-09T20:51:11,benign
log_1385,doc_0,read_phi,phi_rec_146,1,1,0,research,2025-03-03T07:25:18,benign
log_1386,doc_4,read_phi,phi_rec_170,0,0,0,billing,2025-06-15T04:16:16,benign
log_1387,doc_4,read_phi,phi_rec_106,1,1,0,diagnosis,2025-07-29T13:36:29,benign
log_1388,doc_4,read_phi,phi_rec_140,0,0,0,marketing,2025-04-28T23:35:22,benign
log_1389,doc_2,read_phi,phi_rec_3,1,1,0,diagnosis,2025-06-06T07:05:39,benign
log_1390,bclerk_0,read_phi,phi_rec_189,0,0,1,billing,2025-06-21T09:57:30,benign
log_1391,doc_0,read_phi,phi_rec_146,0,0,0,billing,2025-05-30T18:13:27,benign
log_1392,doc_1,read_phi,phi_rec_192,1,0,0,research,2025-08-12T20:18:38,benign
log_1393,doc_0,read_phi,phi_rec_129,0,0,0,billing,2025-05-14T22:53:03,benign
log_1394,doc_4,read_phi,phi_rec_180,0,0,0,billing,2025-02-04T18:11:00,benign
log_1395,bclerk_0,read_phi,phi_rec_48,0,0,1,billing,2025-07-12T18:25:43,benign
log_1396,bclerk_0,read_phi,phi_rec_179,0,0,1,billing,2025-04-17T23:11:26,benign
log_1397,doc_0,read_phi,phi_rec_183,0,0,0,marketing,2025-02-12T22:35:18,benign
log_1398,bclerk_0,read_phi,phi_rec_141,0,0,1,marketing,2025-03-10T21:40:14,violation_gdpr_art18
log_1399,doc_3,read_phi,phi_rec_127,1,1,0,diagnosis,2025-01-29T03:53:24,benign
log_1400,doc_4,read_phi,phi_rec_56,0,1,0,research,2025-01-16T17:07:52,benign
log_1401,bclerk_0,read_phi,phi_rec_151,0,0,1,billing,2025-07-30T13:12:08,benign
log_1402,doc_2,read_phi,phi_rec_83,1,1,0,diagnosis,2025-06-06T13:53:20,benign
log_1403,doc_3,read_phi,phi_rec_115,0,1,0,diagnosis,2025-01-11T10:37:12,benign
log_1404,doc_2,read_phi,phi_rec_100,0,0,0,marketing,2025-07-23T11:54:04,benign
log_1405,doc_0,read_phi,phi_rec_146,1,1,0,diagnosis,2025-04-24T02:27:09,benign
log_1406,doc_4,read_phi,phi_rec_97,1,1,0,research,2025-06-09T11:27:27,benign
log_1407,doc_0,read_phi,phi_rec_120,0,0,0,billing,2025-01-03T07:33:53,benign
log_1408,doc_4,read_phi,phi_rec_70,0,0,0,marketing,2025-03-23T20:07:40,benign
log_1409,doc_0,read_phi,phi_rec_16,0,0,0,billing,2025-07-05T02:50:14,benign
log_1410,bclerk_0,read_phi,phi_rec_100,0,0,1,billing,2025-04-01T21:50:03,benign
log_1411,doc_0,read_phi,phi_rec_2,0,0,0,billing,2025-07-28T05:41:49,benign
log_1412,doc_1,read_phi,phi_rec_192,0,1,0,research,2025-07-09T21:23:08,benign
log_1413,doc_3,read_phi,phi_rec_167,0,0,0,billing,2025-02-06T15:22:35,benign
log_1414,doc_0,read_phi,phi_rec_129,0,0,0,billing,2025-05-25T05:01:25,benign
log_1415,bclerk_0,read_phi,phi_rec_138,0,0,1,billing,2025-05-01T22:19:54,benign
log_1416,doc_4,read_phi,phi_rec_32,0,1,0,research,2025-04-22T18:49:14,benign
log_1417,doc_1,read_phi,phi_rec_123,0,0,0,marketing,2025-05-23T06:01:12,benign
log_1418,doc_1,read_phi,phi_rec_131,0,0,0,marketing,2025-08-25T20:15:48,benign
log_1419,doc_2,read_phi,phi_rec_66,1,0,0,research,2025-07-22T21:03:17,benign
log_1420,doc_4,read_phi,phi_rec_17,0,0,0,marketing,2025-02-21T12:53:12,benign
log_1421,doc_1,read_phi,phi_rec_51,0,0,0,marketing,2025-04-12T10:08:47,benign
log_1422,doc_1,read_phi,phi_rec_88,0,1,0,marketing,2025-03-06T12:32:53,violation_hipaa_auth
log_1423,bclerk_0,read_phi,phi_rec_5,0,0,1,billing,2025-04-18T18:32:37,benign
log_1424,doc_0,read_phi,phi_rec_136,0,1,0,diagnosis,2025-08-07T07:50:29,benign
log_1425,doc_1,read_phi,phi_rec_85,0,0,0,billing,2025-05-30T04:42:37,benign
log_1426,doc_2,read_phi,phi_rec_69,0,1,0,research,2025-04-27T11:09:42,benign
log_1427,doc_3,read_phi,phi_rec_46,1,0,0,diagnosis,2025-04-09T23:49:05,benign
log_1428,bclerk_0,read_phi,phi_rec_30,0,0,1,billing,2025-05-28T14:51:45,benign
log_1429,doc_4,read_phi,phi_rec_45,1,1,0,diagnosis,2025-04-22T22:20:08,benign
log_1430,bclerk_0,read_phi,phi_rec_68,0,1,0,billing,2025-02-23T10:38:13,violation_hipaa_min_necessary
log_1431,doc_1,read_phi,phi_rec_53,1,1,0,diagnosis,2025-03-27T08:48:45,benign
log_1432,doc_2,read_phi,phi_rec_14,0,0,0,marketing,2025-06-23T12:37:18,benign
log_1433,doc_0,read_phi,phi_rec_95,0,0,0,billing,2025-07-04T19:07:09,benign
log_1434,doc_4,read_phi,phi_rec_78,1,1,0,diagnosis,2025-02-15T05:06:47,benign
log_1435,doc_0,read_phi,phi_rec_172,0,1,0,diagnosis,2025-06-30T10:45:40,benign
log_1436,doc_4,read_phi,phi_rec_134,1,1,0,research,2025-05-07T19:41:27,benign
log_1437,doc_4,read_phi,phi_rec_106,0,1,0,diagnosis,2025-07-06T03:19:01,benign
log_1438,doc_4,read_phi,phi_rec_52,1,1,0,research,2025-08-29T11:58:06,benign
log_1439,doc_1,read_phi,phi_rec_168,0,0,0,marketing,2025-03-13T09:06:09,benign
log_1440,doc_4,read_phi,phi_rec_140,0,0,0,marketing,2025-07-29T10:36:15,benign
log_1441,doc_0,read_phi,phi_rec_16,1,1,0,diagnosis,2025-02-15T22:03:33,benign
log_1442,bclerk_0,read_phi,phi_rec_117,0,0,1,billing,2025-07-29T17:38:09,benign
log_1443,bclerk_0,read_phi,phi_rec_148,0,0,1,billing,2025-01-08T03:16:59,benign
log_1444,doc_4,read_phi,phi_rec_190,0,0,0,billing,2025-05-30T11:20:22,benign
log_1445,bclerk_0,read_phi,phi_rec_79,0,0,1,billing,2025-04-01T07:11:07,benign
log_1446,doc_1,read_phi,phi_rec_55,1,1,0,diagnosis,2025-05-07T07:30:36,benign
log_1447,doc_0,read_phi,phi_rec_164,1,0,0,diagnosis,2025-04-17T00:44:00,benign
log_1448,doc_3,read_phi,phi_rec_98,0,0,0,billing,2025-07-31T01:29:46,benign
log_1449,doc_0,read_phi,phi_rec_39,1,1,0,diagnosis,2025-05-11T18:22:13,benign
log_1450,doc_4,read_phi,phi_rec_68,1,1,0,research,2025-03-11T23:40:28,benign
log_1451,doc_3,read_phi,phi_rec_76,1,1,0,research,2025-08-08T09:03:50,benign
log_1452,bclerk_0,read_phi,phi_rec_87,0,0,1,billing,2025-08-15T19:53:10,benign
log_1453,doc_2,read_phi,phi_rec_64,0,0,0,billing,2025-06-22T15:26:47,benign
log_1454,doc_2,read_phi,phi_rec_178,1,1,0,diagnosis,2025-04-09T05:22:04,benign
log_1455,doc_0,read_phi,phi_rec_120,1,1,0,diagnosis,2025-05-09T12:23:25,benign
log_1456,doc_4,read_phi,phi_rec_141,0,0,0,billing,2025-03-17T01:00:39,benign
log_1457,doc_2,read_phi,phi_rec_188,1,0,0,research,2025-01-14T01:03:43,benign
log_1458,doc_1,read_phi,phi_rec_82,1,1,0,diagnosis,2025-03-20T09:48:05,benign
log_1459,doc_3,read_phi,phi_rec_105,1,0,0,diagnosis,2025-02-13T22:22:12,benign
log_1460,doc_1,read_phi,phi_rec_71,1,1,0,diagnosis,2025-03-28T17:12:53,benign
log_1461,doc_1,read_phi,phi_rec_163,0,0,0,marketing,2025-07-08T05:45:40,benign
log_1462,doc_3,read_phi,phi_rec_167,1,1,0,diagnosis,2025-04-07T22:28:41,benign
log_1463,doc_2,read_phi,phi_rec_60,1,1,0,diagnosis,2025-05-24T22:40:53,benign
log_1464,doc_2,read_phi,phi_rec_166,0,0,0,marketing,2025-03-02T07:03:37,benign
log_1465,bclerk_0,read_phi,phi_rec_186,0,0,1,billing,2025-07-25T07:20:57,benign
log_1466,doc_0,read_phi,phi_rec_129,1,1,0,diagnosis,2025-08-06T05:14:25,benign
log_1467,doc_0,read_phi,phi_rec_50,0,1,0,research,2025-05-31T21:41:47,benign
log_1468,doc_0,read_phi,phi_rec_162,1,0,0,diagnosis,2025-01-09T23:28:19,benign
log_1469,doc_4,read_phi,phi_rec_12,0,0,0,billing,2025-07-17T23:14:38,benign
log_1470,doc_4,read_phi,phi_rec_116,0,1,0,diagnosis,2025-04-29T08:19:16,benign
log_1471,doc_4,read_phi,phi_rec_187,0,1,0,research,2025-05-07T19:04:17,benign
log_1472,doc_1,read_phi,phi_rec_163,0,0,0,marketing,2025-01-30T08:12:52,benign
log_1473,doc_1,read_phi,phi_rec_48,1,1,0,diagnosis,2025-07-21T15:02:28,benign
log_1474,doc_0,read_phi,phi_rec_146,1,1,0,diagnosis,2025-07-24T15:07:18,benign
log_1475,bclerk_0,read_phi,phi_rec_160,0,0,1,billing,2025-03-27T20:45:56,benign
log_1476,doc_3,read_phi,phi_rec_1,0,0,0,billing,2025-03-31T11:51:09,benign
log_1477,bclerk_0,read_phi,phi_rec_91,0,0,1,billing,2025-05-07T20:55:56,benign
log_1478,doc_0,read_phi,phi_rec_91,0,0,0,billing,2025-07-19T19:57:30,benign
log_1479,bclerk_0,read_phi,phi_rec_83,0,0,1,billing,2025-01-13T09:50:04,benign
log_1480,doc_4,read_phi,phi_rec_70,1,0,0,research,2025-02-13T18:12:59,violation_gdpr_art18
log_1481,doc_1,read_phi,phi_rec_71,0,0,0,marketing,2025-07-29T04:32:23,benign
log_1482,doc_2,read_phi,phi_rec_64,1,1,0,diagnosis,2025-05-09T15:45:17,benign
log_1483,doc_0,read_phi,phi_rec_42,1,1,0,diagnosis,2025-07-21T07:46:01,benign
log_1484,doc_0,read_phi,phi_rec_95,0,0,0,marketing,2025-06-13T17:55:46,benign
log_1485,doc_3,read_phi,phi_rec_179,1,1,0,diagnosis,2025-05-23T05:55:26,benign
log_1486,doc_1,read_phi,phi_rec_192,1,0,0,research,2025-02-02T13:03:27,benign
log_1487,doc_2,read_phi,phi_rec_83,0,1,0,research,2025-01-06T23:31:08,benign
log_1488,doc_2,read_phi,phi_rec_14,0,0,0,marketing,2025-07-31T14:57:09,benign
log_1489,doc_3,read_phi,phi_rec_105,0,0,0,marketing,2025-07-24T04:27:57,benign
log_1490,doc_0,read_phi,phi_rec_120,0,0,0,diagnosis,2025-01-07T00:50:32,benign
log_1491,doc_0,read_phi,phi_rec_95,1,1,0,diagnosis,2025-05-29T10:23:02,benign
log_1492,bclerk_0,read_phi,phi_rec_30,0,0,1,billing,2025-06-27T17:56:19,benign
log_1493,doc_1,read_phi,phi_rec_15,0,0,0,marketing,2025-04-20T16:34:04,benign
log_1494,doc_1,read_phi,phi_rec_48,0,0,0,marketing,2025-02-26T21:21:46,benign
log_1495,doc_0,read_phi,phi_rec_155,1,1,0,diagnosis,2025-02-13T00:11:11,benign
log_1496,doc_4,read_phi,phi_rec_148,1,1,0,research,2025-05-07T21:27:22,benign
log_1497,doc_0,read_phi,phi_rec_164,0,0,0,marketing,2025-05-24T09:21:45,benign
log_1498,doc_0,read_phi,phi_rec_128,0,0,0,billing,2025-02-16T00:22:02,benign
log_1499,doc_2,read_phi,phi_rec_107,0,1,0,research,2025-08-13T07:32:43,violation_gdpr_art18
log_1500,bclerk_0,read_phi,phi_rec_175,0,0,1,billing,2025-03-18T18:46:44,benign
log_1501,doc_0,read_phi,phi_rec_63,0,0,0,marketing,2025-04-27T13:36:44,benign
log_1502,bclerk_0,read_phi,phi_rec_116,0,0,1,billing,2025-03-18T20:59:24,benign
log_1503,doc_2,read_phi,phi_rec_7,0,1,0,diagnosis,2025-08-10T16:34:28,benign
log_1504,doc_1,read_phi,phi_rec_71,0,0,0,marketing,2025-07-15T17:08:44,benign
log_1505,doc_2,read_phi,phi_rec_80,0,0,0,billing,2025-03-02T01:12:26,benign
log_1506,doc_2,read_phi,phi_rec_199,1,1,0,research,2025-03-02T21:14:18,benign
log_1507,doc_4,read_phi,phi_rec_58,0,1,0,diagnosis,2025-06-24T16:46:12,violation_hipaa_auth
log_1508,doc_2,read_phi,phi_rec_64,0,0,0,billing,2025-01-12T15:40:57,benign
log_1509,doc_2,read_phi,phi_rec_177,1,1,0,diagnosis,2025-02-14T04:21:04,benign
log_1510,bclerk_0,read_phi,phi_rec_167,0,0,1,billing,2025-04-12T21:21:33,benign
log_1511,doc_1,read_phi,phi_rec_71,0,0,0,marketing,2025-07-14T04:11:12,benign
log_1512,bclerk_0,read_phi,phi_rec_102,0,0,1,billing,2025-04-25T05:47:07,benign
log_1513,doc_0,read_phi,phi_rec_162,1,1,0,diagnosis,2025-05-22T14:18:32,benign
log_1514,doc_0,read_phi,phi_rec_111,0,1,0,diagnosis,2025-07-16T09:20:35,benign
log_1515,bclerk_0,read_phi,phi_rec_119,0,0,1,billing,2025-07-11T07:14:57,benign
log_1516,bclerk_0,read_phi,phi_rec_95,0,0,1,billing,2025-05-23T02:10:35,benign
log_1517,doc_4,read_phi,phi_rec_61,1,0,0,diagnosis,2025-05-30T22:24:45,benign
log_1518,doc_0,read_phi,phi_rec_156,0,0,0,marketing,2025-07-17T02:28:07,benign
log_1519,doc_2,read_phi,phi_rec_69,0,0,0,billing,2025-05-23T07:12:11,benign
log_1520,doc_4,read_phi,phi_rec_20,0,0,0,billing,2025-01-29T07:54:30,benign
log_1521,doc_3,read_phi,phi_rec_26,0,0,0,billing,2025-07-23T15:56:30,benign
log_1522,bclerk_0,read_phi,phi_rec_44,0,0,1,billing,2025-03-06T07:02:41,benign
log_1523,doc_3,read_phi,phi_rec_5,0,0,0,marketing,2025-01-05T04:38:35,benign
log_1524,doc_0,read_phi,phi_rec_142,0,1,0,diagnosis,2025-06-29T18:27:38,benign
log_1525,doc_0,read_phi,phi_rec_91,0,0,0,billing,2025-05-10T09:51:45,benign
log_1526,doc_1,read_phi,phi_rec_182,1,1,0,research,2025-03-03T05:59:31,benign
log_1527,doc_4,read_phi,phi_rec_32,0,0,0,marketing,2025-05-11T17:37:41,benign
log_1528,doc_0,read_phi,phi_rec_152,1,1,0,diagnosis,2025-02-17T20:03:08,benign
log_1529,doc_2,read_phi,phi_rec_121,0,0,0,billing,2025-04-04T03:35:36,benign
log_1530,doc_2,read_phi,phi_rec_178,0,0,0,billing,2025-04-21T08:03:02,benign
log_1531,doc_2,read_phi,phi_rec_178,1,1,0,diagnosis,2025-08-03T10:08:23,benign
log_1532,doc_0,read_phi,phi_rec_164,0,0,0,marketing,2025-04-02T11:44:56,benign
log_1533,doc_4,read_phi,phi_rec_187,1,1,0,research,2025-06-28T04:21:37,benign
log_1534,doc_3,read_phi,phi_rec_26,1,1,0,diagnosis,2025-07-07T10:36:45,benign
log_1535,doc_1,read_phi,phi_rec_192,1,1,0,research,2025-04-18T13:34:45,benign
log_1536,doc_2,read_phi,phi_rec_38,0,0,0,billing,2025-08-23T08:26:08,benign
log_1537,doc_1,read_phi,phi_rec_86,1,1,0,research,2025-05-04T01:43:51,benign
log_1538,bclerk_0,read_phi,phi_rec_199,0,0,1,billing,2025-08-13T08:01:21,benign
log_1539,doc_3,read_phi,phi_rec_115,0,0,0,billing,2025-06-11T22:27:42,benign
log_1540,doc_4,read_phi,phi_rec_27,0,0,0,billing,2025-08-24T20:58:10,benign
log_1541,doc_0,read_phi,phi_rec_192,0,1,0,diagnosis,2025-03-21T14:28:50,violation_hipaa_auth
log_1542,doc_4,read_phi,phi_rec_173,0,0,0,billing,2025-07-19T16:49:04,benign
log_1543,doc_4,read_phi,phi_rec_196,0,0,0,marketing,2025-05-30T03:32:40,benign
log_1544,bclerk_0,read_phi,phi_rec_48,0,1,0,billing,2025-07-17T14:49:46,violation_hipaa_min_necessary
log_1545,doc_0,read_phi,phi_rec_24,1,1,0,research,2025-05-29T23:28:22,benign
log_1546,doc_4,read_phi,phi_rec_52,0,0,0,marketing,2025-05-12T03:31:55,benign
log_1547,doc_4,read_phi,phi_rec_88,0,0,0,billing,2025-06-17T21:47:37,benign
log_1548,doc_4,read_phi,phi_rec_140,0,1,0,diagnosis,2025-08-27T12:48:31,benign
log_1549,bclerk_0,read_phi,phi_rec_119,0,0,1,billing,2025-03-30T18:35:27,benign
log_1550,bclerk_0,read_phi,phi_rec_194,0,0,1,billing,2025-04-27T01:52:23,benign
log_1551,doc_0,read_phi,phi_rec_28,1,0,0,diagnosis,2025-04-19T21:35:56,benign
log_1552,doc_4,read_phi,phi_rec_56,0,1,0,research,2025-05-29T08:44:01,benign
log_1553,doc_0,read_phi,phi_rec_47,0,1,0,marketing,2025-07-14T13:57:08,violation_hipaa_auth
log_1554,doc_2,read_phi,phi_rec_22,1,1,0,diagnosis,2025-06-19T13:35:21,benign
log_1555,doc_3,read_phi,phi_rec_1,0,1,0,diagnosis,2025-05-03T12:35:06,benign
log_1556,doc_3,read_phi,phi_rec_62,1,1,0,research,2025-08-15T14:01:08,benign
log_1557,doc_2,read_phi,phi_rec_198,0,0,0,marketing,2025-07-14T04:10:43,benign
log_1558,doc_0,read_phi,phi_rec_39,1,1,0,research,2025-02-08T23:10:21,benign
log_1559,doc_3,read_phi,phi_rec_194,0,0,0,billing,2025-04-27T04:54:08,benign
log_1560,doc_2,read_phi,phi_rec_14,0,0,0,marketing,2025-08-22T02:21:59,benign
log_1561,doc_2,read_phi,phi_rec_31,1,1,0,diagnosis,2025-07-08T19:09:13,benign
log_1562,doc_0,read_phi,phi_rec_44,1,0,0,research,2025-07-16T22:01:56,benign
log_1563,doc_4,read_phi,phi_rec_88,1,0,0,research,2025-05-08T17:25:42,benign
log_1564,doc_0,read_phi,phi_rec_122,1,1,0,diagnosis,2025-06-23T23:04:47,benign
log_1565,doc_4,read_phi,phi_rec_19,0,0,0,billing,2025-04-23T12:32:39,benign
log_1566,bclerk_0,read_phi,phi_rec_86,0,0,1,billing,2025-04-27T21:43:27,benign
log_1567,bclerk_0,read_phi,phi_rec_98,0,0,1,billing,2025-03-06T13:59:42,benign
log_1568,doc_0,read_phi,phi_rec_96,0,0,0,billing,2025-01-22T10:33:51,benign
log_1569,doc_1,read_phi,phi_rec_53,0,0,0,billing,2025-03-22T11:43:13,benign
log_1570,doc_2,read_phi,phi_rec_199,1,1,0,diagnosis,2025-01-19T12:23:35,benign
log_1571,doc_3,read_phi,phi_rec_105,1,1,0,diagnosis,2025-04-12T01:44:30,benign
log_1572,doc_0,read_phi,phi_rec_77,0,0,0,billing,2025-03-02T16:17:15,benign
log_1573,doc_2,read_phi,phi_rec_199,0,1,0,research,2025-06-02T00:01:56,benign
log_1574,doc_0,read_phi,phi_rec_24,0,0,0,diagnosis,2025-04-03T18:53:51,benign
log_1575,bclerk_0,read_phi,phi_rec_84,0,1,0,billing,2025-08-24T06:29:57,violation_hipaa_min_necessary
log_1576,doc_4,read_phi,phi_rec_148,1,1,0,diagnosis,2025-03-04T16:57:50,benign
log_1577,doc_0,read_phi,phi_rec_58,1,1,0,diagnosis,2025-07-09T06:31:57,benign
log_1578,doc_2,read_phi,phi_rec_177,1,1,0,research,2025-02-10T13:09:21,benign
log_1579,doc_2,read_phi,phi_rec_145,0,0,0,billing,2025-02-24T22:08:16,benign
log_1580,doc_0,read_phi,phi_rec_183,1,1,0,research,2025-02-16T10:47:33,benign
log_1581,bclerk_0,read_phi,phi_rec_90,0,0,1,billing,2025-04-05T03:15:18,benign
log_1582,bclerk_0,read_phi,phi_rec_113,0,1,0,billing,2025-01-18T17:28:44,violation_hipaa_min_necessary
log_1583,doc_4,read_phi,phi_rec_157,0,0,0,billing,2025-06-12T15:20:17,benign
log_1584,doc_0,read_phi,phi_rec_144,1,1,0,diagnosis,2025-03-30T06:37:01,benign
log_1585,doc_1,read_phi,phi_rec_53,0,0,0,billing,2025-03-12T16:08:11,benign
log_1586,doc_3,read_phi,phi_rec_57,0,0,0,billing,2025-01-14T04:46:15,benign
log_1587,doc_4,read_phi,phi_rec_141,0,0,0,billing,2025-08-06T14:38:25,benign
log_1588,doc_4,read_phi,phi_rec_187,0,0,0,billing,2025-02-13T17:29:24,benign
log_1589,bclerk_0,read_phi,phi_rec_51,0,0,1,billing,2025-03-07T17:46:54,benign
log_1590,bclerk_0,read_phi,phi_rec_195,1,0,0,billing,2025-08-14T12:16:09,violation_hipaa_min_necessary
log_1591,bclerk_0,read_phi,phi_rec_74,0,0,1,billing,2025-01-23T18:33:02,benign
log_1592,bclerk_0,read_phi,phi_rec_136,0,0,1,billing,2025-01-25T20:25:07,benign
log_1593,doc_4,read_phi,phi_rec_116,0,1,0,diagnosis,2025-03-08T12:45:50,benign
log_1594,doc_3,read_phi,phi_rec_8,0,0,0,billing,2025-08-03T19:31:32,benign
log_1595,doc_0,read_phi,phi_rec_149,1,1,0,research,2025-03-27T14:15:51,benign
log_1596,doc_3,read_phi,phi_rec_179,0,0,0,marketing,2025-05-28T23:15:05,benign
log_1597,doc_2,read_phi,phi_rec_69,0,0,0,billing,2025-02-23T07:34:03,benign
log_1598,doc_2,read_phi,phi_rec_100,1,1,0,research,2025-03-18T11:21:54,benign
log_1599,doc_2,read_phi,phi_rec_9,1,0,0,diagnosis,2025-08-03T00:06:20,benign
log_1600,doc_1,read_phi,phi_rec_55,0,0,0,marketing,2025-03-15T06:32:10,benign
log_1601,doc_0,read_phi,phi_rec_24,0,0,0,billing,2025-02-16T17:39:33,benign
log_1602,doc_0,read_phi,phi_rec_67,0,0,0,billing,2025-02-24T14:32:16,benign
log_1603,doc_1,read_phi,phi_rec_33,0,0,0,billing,2025-05-19T13:13:25,benign
log_1604,doc_4,read_phi,phi_rec_120,0,1,0,research,2025-06-25T07:29:21,violation_hipaa_auth
log_1605,doc_1,read_phi,phi_rec_168,0,0,0,billing,2025-05-25T11:08:30,benign
log_1606,doc_2,read_phi,phi_rec_3,0,0,0,billing,2025-03-25T23:43:24,benign
log_1607,doc_1,read_phi,phi_rec_103,0,0,0,marketing,2025-07-30T13:16:00,benign
log_1608,doc_4,read_phi,phi_rec_19,0,0,0,billing,2025-05-13T12:41:57,benign
log_1609,doc_0,read_phi,phi_rec_137,0,0,0,billing,2025-02-06T17:00:19,benign
log_1610,doc_4,read_phi,phi_rec_140,0,0,0,billing,2025-03-22T17:15:58,benign
log_1611,doc_0,read_phi,phi_rec_156,0,1,0,diagnosis,2025-01-14T15:04:39,benign
log_1612,bclerk_0,read_phi,phi_rec_114,0,0,1,billing,2025-08-20T06:02:02,benign
log_1613,doc_3,read_phi,phi_rec_195,0,0,0,marketing,2025-02-05T21:47:35,benign
log_1614,doc_2,read_phi,phi_rec_75,1,1,0,diagnosis,2025-05-10T20:32:37,benign
log_1615,doc_1,read_phi,phi_rec_125,1,1,0,research,2025-01-28T12:06:28,benign
log_1616,doc_3,read_phi,phi_rec_62,0,0,0,marketing,2025-05-15T20:51:02,benign
log_1617,doc_0,read_phi,phi_rec_156,0,0,0,marketing,2025-02-23T07:08:17,benign
log_1618,doc_1,read_phi,phi_rec_168,0,0,0,billing,2025-07-12T04:51:42,benign
log_1619,doc_1,read_phi,phi_rec_54,1,1,0,diagnosis,2025-02-26T18:10:32,benign
log_1620,doc_2,read_phi,phi_rec_66,1,0,0,diagnosis,2025-04-05T11:07:43,benign
log_1621,doc_2,read_phi,phi_rec_83,0,0,0,billing,2025-03-16T01:04:23,benign
log_1622,doc_4,read_phi,phi_rec_74,1,1,0,research,2025-04-29T14:24:35,benign
log_1623,doc_0,read_phi,phi_rec_96,1,0,0,diagnosis,2025-05-13T19:30:38,benign
log_1624,doc_0,read_phi,phi_rec_2,0,0,0,diagnosis,2025-05-28T19:51:03,benign
log_1625,doc_0,read_phi,phi_rec_50,0,0,0,marketing,2025-02-11T17:32:11,benign
log_1626,doc_0,read_phi,phi_rec_164,0,0,0,billing,2025-02-14T18:53:05,benign
log_1627,doc_0,read_phi,phi_rec_144,0,0,0,billing,2025-05-17T18:56:57,benign
log_1628,doc_2,read_phi,phi_rec_9,1,1,0,diagnosis,2025-03-05T06:13:08,benign
log_1629,doc_0,read_phi,phi_rec_67,1,0,0,research,2025-05-30T18:04:30,benign
log_1630,doc_3,read_phi,phi_rec_79,1,1,0,diagnosis,2025-01-11T02:40:59,benign
log_1631,doc_3,read_phi,phi_rec_8,1,1,0,diagnosis,2025-05-16T07:36:00,benign
log_1632,doc_2,read_phi,phi_rec_126,1,0,0,diagnosis,2025-07-31T19:19:27,benign
log_1633,doc_1,read_phi,phi_rec_13,0,0,0,billing,2025-06-21T05:18:17,benign
log_1634,doc_0,read_phi,phi_rec_183,0,0,0,diagnosis,2025-01-19T06:56:14,benign
log_1635,bclerk_0,read_phi,phi_rec_168,0,0,1,billing,2025-03-02T05:03:43,benign
log_1636,doc_0,read_phi,phi_rec_30,0,1,0,diagnosis,2025-06-11T09:21:54,violation_hipaa_auth
log_1637,doc_1,read_phi,phi_rec_13,0,0,0,billing,2025-04-07T03:28:59,benign
log_1638,doc_1,read_phi,phi_rec_93,1,1,0,diagnosis,2025-02-26T02:49:17,benign
log_1639,doc_0,read_phi,phi_rec_58,1,0,0,diagnosis,2025-01-03T03:00:49,benign
log_1640,doc_4,read_phi,phi_rec_27,1,1,0,research,2025-08-01T22:58:37,benign
log_1641,doc_0,read_phi,phi_rec_162,1,1,0,diagnosis,2025-03-19T15:54:27,benign
log_1642,doc_0,read_phi,phi_rec_147,1,0,0,diagnosis,2025-06-30T15:35:46,benign
log_1643,bclerk_0,read_phi,phi_rec_94,0,0,1,billing,2025-08-07T00:22:33,benign
log_1644,doc_3,read_phi,phi_rec_195,1,0,0,diagnosis,2025-07-06T10:45:17,benign
log_1645,doc_4,read_phi,phi_rec_78,1,1,0,diagnosis,2025-01-19T10:06:22,benign
log_1646,doc_1,read_phi,phi_rec_48,0,0,0,marketing,2025-07-09T12:10:32,benign
log_1647,doc_2,read_phi,phi_rec_31,0,0,0,billing,2025-08-06T08:56:00,benign
log_1648,bclerk_0,read_phi,phi_rec_7,0,0,1,billing,2025-04-16T16:50:46,benign
log_1649,doc_1,read_phi,phi_rec_125,1,0,0,diagnosis,2025-02-19T04:13:03,benign
log_1650,bclerk_0,read_phi,phi_rec_9,0,0,1,billing,2025-01-28T06:50:46,benign
log_1651,doc_4,read_phi,phi_rec_148,0,0,0,marketing,2025-06-27T09:52:37,benign
log_1652,bclerk_0,read_phi,phi_rec_129,0,0,1,billing,2025-03-21T07:40:51,benign
log_1653,doc_2,read_phi,phi_rec_145,0,0,0,billing,2025-06-21T20:55:48,benign
log_1654,bclerk_0,read_phi,phi_rec_3,0,0,1,billing,2025-08-07T01:51:02,benign
log_1655,bclerk_0,read_phi,phi_rec_61,0,0,1,billing,2025-01-08T17:10:28,benign
log_1656,doc_4,read_phi,phi_rec_187,1,1,0,diagnosis,2025-05-22T04:07:23,benign
log_1657,bclerk_0,read_phi,phi_rec_14,0,0,1,billing,2025-05-11T13:43:12,benign
log_1658,doc_2,read_phi,phi_rec_145,1,0,0,diagnosis,2025-05-03T04:10:11,benign
log_1659,bclerk_0,read_phi,phi_rec_75,0,0,1,marketing,2025-01-07T09:18:57,violation_gdpr_art18
log_1660,doc_1,read_phi,phi_rec_84,0,1,0,diagnosis,2025-02-19T22:59:50,benign
log_1661,doc_0,read_phi,phi_rec_147,1,0,0,diagnosis,2025-05-19T09:21:34,benign
log_1662,doc_0,read_phi,phi_rec_144,1,1,0,research,2025-05-15T01:46:37,benign
log_1663,doc_1,read_phi,phi_rec_118,0,1,0,diagnosis,2025-07-15T03:35:28,benign
log_1664,doc_0,read_phi,phi_rec_183,0,0,0,billing,2025-02-04T10:05:34,benign
log_1665,doc_0,read_phi,phi_rec_146,0,0,0,billing,2025-07-16T14:17:31,benign
log_1666,doc_2,read_phi,phi_rec_69,0,1,0,diagnosis,2025-05-01T18:36:08,benign
log_1667,doc_2,read_phi,phi_rec_47,0,1,0,research,2025-07-30T15:58:48,benign
log_1668,doc_2,read_phi,phi_rec_126,1,1,0,research,2025-02-12T06:04:26,benign
log_1669,doc_4,read_phi,phi_rec_4,0,0,0,diagnosis,2025-07-03T02:20:47,benign
log_1670,doc_3,read_phi,phi_rec_143,0,0,0,marketing,2025-04-06T02:37:42,benign
log_1671,doc_4,read_phi,phi_rec_34,1,1,0,research,2025-08-09T08:34:16,benign
log_1672,doc_0,read_phi,phi_rec_114,0,0,0,billing,2025-06-10T23:01:21,benign
log_1673,doc_3,read_phi,phi_rec_8,1,1,0,diagnosis,2025-06-21T00:41:32,benign
log_1674,doc_3,read_phi,phi_rec_62,1,1,0,diagnosis,2025-01-06T15:04:59,benign
log_1675,doc_3,read_phi,phi_rec_127,1,1,0,research,2025-03-08T04:23:14,benign
log_1676,doc_2,read_phi,phi_rec_166,1,1,0,diagnosis,2025-08-10T16:10:40,benign
log_1677,bclerk_0,read_phi,phi_rec_133,0,0,1,billing,2025-06-07T12:58:02,benign
log_1678,bclerk_0,read_phi,phi_rec_58,0,0,1,billing,2025-03-21T18:32:32,benign
log_1679,doc_3,read_phi,phi_rec_109,0,0,0,marketing,2025-04-08T03:54:30,benign
log_1680,doc_0,read_phi,phi_rec_189,1,1,0,diagnosis,2025-02-26T01:48:58,benign
log_1681,doc_2,read_phi,phi_rec_29,1,0,0,diagnosis,2025-06-19T15:28:25,benign
log_1682,doc_2,read_phi,phi_rec_165,1,1,0,diagnosis,2025-01-29T02:16:24,benign
log_1683,doc_1,read_phi,phi_rec_103,1,1,0,diagnosis,2025-08-05T07:53:08,benign
log_1684,bclerk_0,read_phi,phi_rec_162,0,0,1,billing,2025-04-28T21:33:55,benign
log_1685,doc_2,read_phi,phi_rec_67,0,1,0,diagnosis,2025-06-08T14:36:21,violation_hipaa_auth
log_1686,doc_2,read_phi,phi_rec_83,0,1,0,research,2025-03-09T21:59:35,benign
log_1687,doc_4,read_phi,phi_rec_141,1,1,0,diagnosis,2025-06-11T23:37:57,benign
log_1688,doc_0,read_phi,phi_rec_183,1,1,0,diagnosis,2025-08-02T13:40:50,benign
log_1689,doc_0,read_phi,phi_rec_193,0,0,0,billing,2025-05-23T01:17:14,benign
log_1690,doc_3,read_phi,phi_rec_191,0,0,0,marketing,2025-01-13T11:59:53,benign
log_1691,doc_1,read_phi,phi_rec_154,0,0,0,diagnosis,2025-04-09T19:48:59,benign
log_1692,doc_1,read_phi,phi_rec_118,1,1,0,diagnosis,2025-06-26T02:30:22,benign
log_1693,doc_1,read_phi,phi_rec_176,0,0,0,billing,2025-06-23T15:24:53,benign
log_1694,doc_4,read_phi,phi_rec_81,0,0,0,marketing,2025-07-25T17:28:05,benign
log_1695,doc_3,read_phi,phi_rec_62,1,1,0,diagnosis,2025-07-05T09:47:45,benign
log_1696,doc_0,read_phi,phi_rec_77,1,1,0,research,2025-07-10T18:15:45,benign
log_1697,bclerk_0,read_phi,phi_rec_195,0,0,1,billing,2025-05-03T01:21:41,benign
log_1698,doc_0,read_phi,phi_rec_15,0,1,0,diagnosis,2025-07-11T03:42:16,violation_hipaa_auth
log_1699,doc_1,read_phi,phi_rec_84,1,1,0,diagnosis,2025-04-05T07:08:00,benign
log_1700,doc_2,read_phi,phi_rec_124,0,0,0,billing,2025-05-09T02:35:43,benign
log_1701,doc_1,read_phi,phi_rec_151,0,0,0,marketing,2025-05-06T23:52:03,benign
log_1702,doc_2,read_phi,phi_rec_14,0,0,0,marketing,2025-05-11T08:28:25,benign
log_1703,doc_0,read_phi,phi_rec_144,1,0,0,research,2025-01-12T01:42:24,benign
log_1704,doc_1,read_phi,phi_rec_84,1,1,0,research,2025-06-15T03:24:25,benign
log_1705,bclerk_0,read_phi,phi_rec_193,0,0,1,billing,2025-01-07T13:19:14,benign
log_1706,doc_1,read_phi,phi_rec_21,0,0,0,marketing,2025-01-07T18:41:15,benign
log_1707,bclerk_0,read_phi,phi_rec_6,0,0,1,billing,2025-03-27T17:02:56,benign
log_1708,doc_1,read_phi,phi_rec_84,1,1,0,research,2025-06-09T03:24:05,benign
log_1709,bclerk_0,read_phi,phi_rec_199,0,0,1,billing,2025-04-19T23:50:55,benign
log_1710,bclerk_0,read_phi,phi_rec_126,0,0,1,billing,2025-06-09T02:29:50,benign
log_1711,doc_1,read_phi,phi_rec_139,0,0,0,billing,2025-07-04T04:32:23,benign
log_1712,doc_0,read_phi,phi_rec_152,1,1,0,research,2025-08-13T06:57:21,benign
log_1713,doc_2,read_phi,phi_rec_38,1,1,0,research,2025-06-24T01:49:41,benign
log_1714,doc_2,read_phi,phi_rec_161,0,1,0,diagnosis,2025-08-15T23:56:56,benign
log_1715,doc_4,read_phi,phi_rec_78,0,0,0,marketing,2025-01-22T15:20:52,benign
log_1716,doc_1,read_phi,phi_rec_181,1,1,0,diagnosis,2025-05-11T12:40:47,benign
log_1717,doc_0,read_phi,phi_rec_58,1,0,0,diagnosis,2025-07-14T12:42:38,benign
log_1718,doc_0,read_phi,phi_rec_138,0,0,0,marketing,2025-06-11T13:40:03,benign
log_1719,doc_0,read_phi,phi_rec_142,0,1,0,research,2025-03-26T05:41:13,benign
log_1720,doc_3,read_phi,phi_rec_158,0,0,0,billing,2025-01-02T21:36:14,benign
log_1721,doc_4,read_phi,phi_rec_4,1,1,0,research,2025-05-09T21:50:41,benign
log_1722,doc_2,read_phi,phi_rec_31,0,0,0,billing,2025-07-28T00:03:54,benign
log_1723,doc_1,read_phi,phi_rec_123,1,1,0,research,2025-05-15T20:15:57,benign
log_1724,doc_0,read_phi,phi_rec_144,0,1,0,research,2025-05-09T15:26:53,benign
log_1725,doc_3,read_phi,phi_rec_127,0,0,0,billing,2025-02-26T05:10:30,benign
log_1726,doc_2,read_phi,phi_rec_178,0,0,0,marketing,2025-03-08T09:59:45,benign
log_1727,bclerk_0,read_phi,phi_rec_52,0,0,1,billing,2025-05-08T11:55:41,benign
log_1728,doc_2,read_phi,phi_rec_38,1,1,0,diagnosis,2025-01-12T05:10:24,benign
log_1729,doc_3,read_phi,phi_rec_98,0,0,0,billing,2025-04-03T14:02:21,benign
log_1730,doc_4,read_phi,phi_rec_135,1,1,0,diagnosis,2025-07-18T22:56:01,benign
log_1731,doc_2,read_phi,phi_rec_117,0,0,0,billing,2025-06-14T07:51:55,benign
log_1732,doc_1,read_phi,phi_rec_185,1,1,0,research,2025-07-09T06:02:54,benign
log_1733,bclerk_0,read_phi,phi_rec_31,0,0,1,billing,2025-03-23T08:18:43,benign
log_1734,doc_1,read_phi,phi_rec_130,1,1,0,diagnosis,2025-04-04T22:37:47,benign
log_1735,doc_2,read_phi,phi_rec_22,1,1,0,diagnosis,2025-08-29T05:22:05,benign
log_1736,bclerk_0,read_phi,phi_rec_147,0,0,1,billing,2025-08-28T15:11:09,benign
log_1737,doc_4,read_phi,phi_rec_68,0,0,0,billing,2025-01-07T03:18:52,benign
log_1738,doc_2,read_phi,phi_rec_178,0,0,0,billing,2025-06-29T11:12:39,benign
log_1739,doc_2,read_phi,phi_rec_121,1,1,0,research,2025-03-24T08:18:21,benign
log_1740,doc_1,read_phi,phi_rec_181,0,1,0,research,2025-02-14T11:35:09,violation_gdpr_art18
log_1741,bclerk_0,read_phi,phi_rec_130,0,0,1,billing,2025-01-05T18:33:56,benign
log_1742,doc_4,read_phi,phi_rec_52,0,0,0,marketing,2025-01-12T17:16:13,benign
log_1743,doc_0,read_phi,phi_rec_174,0,0,0,billing,2025-01-15T11:46:27,benign
log_1744,doc_0,read_phi,phi_rec_58,0,0,0,billing,2025-08-14T18:09:04,benign
log_1745,doc_2,read_phi,phi_rec_100,1,0,0,research,2025-07-27T11:52:51,benign
log_1746,doc_3,read_phi,phi_rec_30,1,0,0,diagnosis,2025-06-25T08:36:49,benign
log_1747,doc_0,read_phi,phi_rec_189,0,0,0,billing,2025-04-01T05:15:52,benign
log_1748,doc_0,read_phi,phi_rec_189,0,0,0,billing,2025-05-26T19:21:18,benign
log_1749,doc_2,read_phi,phi_rec_3,1,1,0,diagnosis,2025-06-30T12:03:00,benign
log_1750,doc_4,read_phi,phi_rec_72,0,1,0,diagnosis,2025-05-20T04:05:30,benign
log_1751,doc_0,read_phi,phi_rec_137,1,1,0,diagnosis,2025-02-22T10:13:19,benign
log_1752,doc_4,read_phi,phi_rec_180,0,0,0,marketing,2025-07-26T09:46:13,benign
log_1753,doc_0,read_phi,phi_rec_162,1,1,0,research,2025-08-08T20:03:52,benign
log_1754,doc_4,read_phi,phi_rec_12,0,0,0,marketing,2025-07-04T22:21:45,benign
log_1755,doc_0,read_phi,phi_rec_144,0,0,0,billing,2025-02-26T09:19:18,benign
log_1756,doc_3,read_phi,phi_rec_109,1,0,0,diagnosis,2025-03-20T07:28:24,benign
log_1757,bclerk_0,read_phi,phi_rec_146,0,0,1,billing,2025-05-09T08:34:32,benign
log_1758,doc_3,read_phi,phi_rec_115,1,0,0,diagnosis,2025-05-09T16:01:10,benign
log_1759,bclerk_0,read_phi,phi_rec_54,0,0,1,billing,2025-05-16T12:20:40,benign
log_1760,doc_4,read_phi,phi_rec_101,0,0,0,marketing,2025-07-04T18:33:28,benign
log_1761,doc_0,read_phi,phi_rec_50,1,1,0,diagnosis,2025-06-30T18:35:15,benign
log_1762,bclerk_0,read_phi,phi_rec_156,0,0,1,billing,2025-06-14T22:53:05,benign
log_1763,doc_1,read_phi,phi_rec_103,0,0,0,marketing,2025-08-02T22:07:34,benign
log_1764,doc_2,read_phi,phi_rec_31,0,0,0,billing,2025-07-20T12:44:51,benign
log_1765,doc_2,read_phi,phi_rec_14,1,1,0,diagnosis,2025-07-31T18:28:56,benign
log_1766,doc_0,read_phi,phi_rec_138,0,0,0,marketing,2025-07-17T16:33:11,benign
log_1767,doc_2,read_phi,phi_rec_25,1,1,0,diagnosis,2025-07-06T05:40:04,benign
log_1768,doc_1,read_phi,phi_rec_171,0,1,0,marketing,2025-04-25T14:34:18,violation_hipaa_auth
log_1769,doc_3,read_phi,phi_rec_115,0,0,0,billing,2025-07-18T01:37:16,benign
log_1770,bclerk_0,read_phi,phi_rec_189,0,0,1,billing,2025-01-17T03:51:45,benign
log_1771,doc_3,read_phi,phi_rec_79,0,0,0,marketing,2025-04-02T05:52:31,benign
log_1772,doc_4,read_phi,phi_rec_159,0,0,0,billing,2025-05-28T09:34:32,benign
log_1773,doc_1,read_phi,phi_rec_131,0,0,0,billing,2025-01-29T04:39:28,benign
log_1774,bclerk_0,read_phi,phi_rec_163,0,0,1,billing,2025-04-29T01:59:54,benign
log_1775,doc_4,read_phi,phi_rec_37,0,0,0,billing,2025-05-19T20:20:56,benign
log_1776,doc_3,read_phi,phi_rec_36,0,0,0,marketing,2025-02-13T14:35:42,benign
log_1777,bclerk_0,read_phi,phi_rec_92,0,0,1,billing,2025-03-14T10:59:04,benign
log_1778,doc_4,read_phi,phi_rec_65,0,0,0,billing,2025-01-17T18:35:02,benign
log_1779,bclerk_0,read_phi,phi_rec_66,0,0,1,billing,2025-05-05T17:28:56,benign
log_1780,bclerk_0,read_phi,phi_rec_183,0,0,1,billing,2025-03-24T07:30:44,benign
log_1781,bclerk_0,read_phi,phi_rec_179,0,0,1,billing,2025-03-14T20:38:02,benign
log_1782,doc_0,read_phi,phi_rec_152,0,0,0,marketing,2025-07-08T00:28:05,benign
log_1783,doc_2,read_phi,phi_rec_22,0,0,0,marketing,2025-04-02T07:32:11,benign
log_1784,doc_4,read_phi,phi_rec_104,0,0,0,billing,2025-06-29T13:37:00,benign
log_1785,bclerk_0,read_phi,phi_rec_58,0,0,1,billing,2025-03-12T07:26:49,benign
log_1786,doc_4,read_phi,phi_rec_97,1,1,0,diagnosis,2025-05-21T09:44:30,benign
log_1787,doc_4,read_phi,phi_rec_170,0,0,0,marketing,2025-06-08T02:01:08,benign
log_1788,bclerk_0,read_phi,phi_rec_85,0,0,1,billing,2025-06-14T23:56:41,benign
log_1789,doc_2,read_phi,phi_rec_110,0,0,0,billing,2025-02-18T04:36:40,benign
log_1790,bclerk_0,read_phi,phi_rec_157,0,0,1,billing,2025-07-30T17:38:14,benign
log_1791,bclerk_0,read_phi,phi_rec_60,0,0,1,billing,2025-04-29T18:22:36,benign
log_1792,doc_4,read_phi,phi_rec_70,0,0,0,billing,2025-08-13T13:09:22,benign
log_1793,doc_0,read_phi,phi_rec_2,0,0,0,marketing,2025-04-29T10:22:25,benign
log_1794,doc_1,read_phi,phi_rec_185,1,1,0,diagnosis,2025-02-05T20:12:14,benign
log_1795,doc_3,read_phi,phi_rec_62,1,1,0,research,2025-03-21T04:01:55,benign
log_1796,bclerk_0,read_phi,phi_rec_135,0,0,1,billing,2025-08-01T05:34:00,benign
log_1797,doc_4,read_phi,phi_rec_115,0,1,0,billing,2025-02-20T11:57:50,violation_hipaa_auth
log_1798,bclerk_0,read_phi,phi_rec_27,0,0,1,billing,2025-06-09T15:16:52,benign
log_1799,doc_1,read_phi,phi_rec_15,0,1,0,diagnosis,2025-07-30T15:08:38,benign
log_1800,doc_0,read_phi,phi_rec_189,0,0,0,billing,2025-01-12T14:59:56,benign
log_1801,doc_4,read_phi,phi_rec_187,1,1,0,diagnosis,2025-03-01T17:03:14,benign
log_1802,bclerk_0,read_phi,phi_rec_190,0,0,1,billing,2025-08-05T14:13:00,benign
log_1803,bclerk_0,read_phi,phi_rec_13,0,0,1,billing,2025-04-26T16:20:09,benign
log_1804,doc_4,read_phi,phi_rec_20,0,0,0,marketing,2025-05-08T12:23:22,benign
log_1805,doc_3,read_phi,phi_rec_62,1,1,0,diagnosis,2025-03-04T09:54:04,benign
log_1806,doc_4,read_phi,phi_rec_45,1,1,0,diagnosis,2025-05-07T05:30:35,benign
log_1807,doc_4,read_phi,phi_rec_78,1,1,0,diagnosis,2025-06-29T01:52:26,benign
log_1808,doc_0,read_phi,phi_rec_136,1,1,0,research,2025-05-04T16:05:34,benign
log_1809,bclerk_0,read_phi,phi_rec_7,0,0,1,billing,2025-07-04T20:50:15,benign
log_1810,doc_2,read_phi,phi_rec_83,0,0,0,marketing,2025-04-06T11:38:19,benign
log_1811,doc_4,read_phi,phi_rec_74,1,1,0,research,2025-07-25T16:01:36,benign
log_1812,doc_0,read_phi,phi_rec_149,0,0,0,marketing,2025-03-04T00:08:29,benign
log_1813,doc_0,read_phi,phi_rec_63,0,0,0,billing,2025-03-09T21:29:58,benign
log_1814,doc_0,read_phi,phi_rec_144,1,1,0,research,2025-04-07T00:18:16,benign
log_1815,doc_1,read_phi,phi_rec_94,0,0,0,marketing,2025-07-12T02:01:25,benign
log_1816,doc_0,read_phi,phi_rec_146,0,0,0,billing,2025-02-09T21:02:11,benign
log_1817,doc_2,read_phi,phi_rec_29,0,0,0,marketing,2025-01-01T08:46:25,benign
log_1818,doc_4,read_phi,phi_rec_52,0,0,0,billing,2025-06-16T05:39:35,benign
log_1819,bclerk_0,read_phi,phi_rec_44,0,0,1,billing,2025-05-19T11:38:03,benign
log_1820,bclerk_0,read_phi,phi_rec_155,0,0,1,billing,2025-08-25T12:59:21,benign
log_1821,doc_2,read_phi,phi_rec_14,0,0,0,marketing,2025-04-07T15:26:47,benign
log_1822,doc_2,read_phi,phi_rec_69,0,0,0,billing,2025-03-03T17:16:49,benign
log_1823,doc_2,read_phi,phi_rec_112,1,1,0,diagnosis,2025-08-18T18:30:53,benign
log_1824,doc_2,read_phi,phi_rec_49,1,0,0,diagnosis,2025-08-01T19:42:25,benign
log_1825,bclerk_0,read_phi,phi_rec_147,0,0,1,billing,2025-02-26T13:15:30,benign
log_1826,doc_0,read_phi,phi_rec_42,0,0,0,billing,2025-01-08T11:01:15,benign
log_1827,doc_1,read_phi,phi_rec_85,0,1,0,diagnosis,2025-02-10T01:51:38,benign
log_1828,doc_3,read_phi,phi_rec_171,0,0,0,marketing,2025-01-13T02:53:00,benign
log_1829,doc_4,read_phi,phi_rec_148,1,0,0,research,2025-08-07T12:47:56,benign
log_1830,doc_3,read_phi,phi_rec_26,1,1,0,diagnosis,2025-01-07T22:15:10,benign
log_1831,doc_0,read_phi,phi_rec_92,0,0,0,billing,2025-07-10T14:14:11,benign
log_1832,doc_1,read_phi,phi_rec_86,0,0,0,billing,2025-03-29T20:32:49,benign
log_1833,doc_1,read_phi,phi_rec_48,1,1,0,diagnosis,2025-05-28T07:37:19,benign
log_1834,doc_0,read_phi,phi_rec_59,0,0,0,billing,2025-02-05T09:51:58,benign
log_1835,doc_1,read_phi,phi_rec_125,1,1,0,diagnosis,2025-07-23T19:49:00,benign
log_1836,bclerk_0,read_phi,phi_rec_193,0,0,1,billing,2025-03-15T14:34:36,benign
log_1837,bclerk_0,read_phi,phi_rec_9,0,0,1,billing,2025-08-23T12:58:08,benign
log_1838,doc_4,read_phi,phi_rec_81,1,1,0,diagnosis,2025-05-30T00:04:34,benign
log_1839,doc_2,read_phi,phi_rec_38,1,0,0,research,2025-01-19T11:56:49,benign
log_1840,bclerk_0,read_phi,phi_rec_177,0,0,1,billing,2025-06-05T06:26:16,benign
log_1841,doc_0,read_phi,phi_rec_193,1,1,0,diagnosis,2025-03-08T04:29:11,benign
log_1842,doc_0,read_phi,phi_rec_137,0,0,0,billing,2025-03-06T10:29:26,benign
log_1843,doc_1,read_phi,phi_rec_48,0,0,0,marketing,2025-08-05T12:30:30,benign
log_1844,bclerk_0,read_phi,phi_rec_136,0,0,1,billing,2025-08-17T02:05:00,benign
log_1845,bclerk_0,read_phi,phi_rec_16,0,0,1,billing,2025-07-11T11:21:30,benign
log_1846,doc_0,read_phi,phi_rec_155,0,0,0,billing,2025-08-28T18:40:21,benign
log_1847,doc_2,read_phi,phi_rec_100,0,0,0,marketing,2025-01-14T00:35:21,benign
log_1848,doc_2,read_phi,phi_rec_9,0,0,0,billing,2025-03-21T07:10:30,benign
log_1849,doc_3,read_phi,phi_rec_79,0,1,0,research,2025-03-16T11:35:31,benign
log_1850,bclerk_0,read_phi,phi_rec_68,0,0,1,billing,2025-08-13T22:26:07,benign
log_1851,doc_4,read_phi,phi_rec_17,0,0,0,billing,2025-06-22T20:20:43,benign
log_1852,bclerk_0,read_phi,phi_rec_181,0,1,0,billing,2025-08-03T16:14:39,violation_hipaa_min_necessary
log_1853,bclerk_0,read_phi,phi_rec_119,0,0,1,billing,2025-01-04T22:55:01,benign
log_1854,doc_1,read_phi,phi_rec_13,0,1,0,diagnosis,2025-02-09T07:36:09,benign
log_1855,doc_0,read_phi,phi_rec_67,0,0,0,marketing,2025-06-20T21:37:00,benign
log_1856,bclerk_0,read_phi,phi_rec_39,0,0,1,marketing,2025-08-18T06:32:38,violation_gdpr_art18
log_1857,doc_0,read_phi,phi_rec_169,1,1,0,diagnosis,2025-04-12T18:41:44,benign
log_1858,bclerk_0,read_phi,phi_rec_84,0,0,1,billing,2025-06-28T23:24:31,benign
log_1859,doc_0,read_phi,phi_rec_160,1,0,0,diagnosis,2025-03-23T03:55:12,benign
log_1860,doc_4,read_phi,phi_rec_17,0,1,0,diagnosis,2025-01-13T13:55:00,benign
log_1861,doc_3,read_phi,phi_rec_1,0,0,0,billing,2025-03-20T20:05:02,benign
log_1862,doc_4,read_phi,phi_rec_32,1,0,0,diagnosis,2025-08-09T08:11:05,benign
log_1863,doc_0,read_phi,phi_rec_137,0,0,0,billing,2025-06-29T22:43:53,benign
log_1864,doc_1,read_phi,phi_rec_21,0,0,0,billing,2025-06-21T19:23:09,benign
log_1865,doc_0,read_phi,phi_rec_160,0,0,0,marketing,2025-05-08T09:06:25,benign
log_1866,bclerk_0,read_phi,phi_rec_128,0,0,1,billing,2025-08-16T09:35:31,benign
log_1867,doc_2,read_phi,phi_rec_121,0,0,0,billing,2025-08-27T05:22:53,benign
log_1868,doc_1,read_phi,phi_rec_185,1,1,0,research,2025-02-04T01:39:54,benign
log_1869,doc_1,read_phi,phi_rec_125,1,0,0,diagnosis,2025-03-30T23:10:50,benign
log_1870,doc_1,read_phi,phi_rec_11,0,0,0,billing,2025-04-12T19:25:10,benign
log_1871,bclerk_0,read_phi,phi_rec_56,0,0,1,billing,2025-07-23T09:12:17,benign
log_1872,bclerk_0,read_phi,phi_rec_50,0,0,1,billing,2025-03-21T22:29:09,benign
log_1873,bclerk_0,read_phi,phi_rec_33,0,0,1,billing,2025-02-20T17:14:41,benign
log_1874,doc_1,read_phi,phi_rec_53,1,0,0,research,2025-04-06T04:38:38,benign
log_1875,doc_2,read_phi,phi_rec_124,0,0,0,billing,2025-02-08T23:48:59,benign
log_1876,doc_0,read_phi,phi_rec_138,1,0,0,diagnosis,2025-05-07T02:02:34,benign
log_1877,doc_0,read_phi,phi_rec_132,0,0,0,billing,2025-02-07T18:14:53,benign
log_1878,doc_3,read_phi,phi_rec_175,0,0,0,billing,2025-06-09T15:07:11,benign
log_1879,bclerk_0,read_phi,phi_rec_5,0,0,1,billing,2025-02-17T17:17:43,benign
log_1880,bclerk_0,read_phi,phi_rec_88,0,0,1,billing,2025-08-22T21:58:40,benign
log_1881,doc_2,read_phi,phi_rec_64,0,1,0,diagnosis,2025-08-09T14:04:07,benign
log_1882,doc_0,read_phi,phi_rec_165,0,1,0,billing,2025-07-24T00:36:11,violation_hipaa_auth
log_1883,doc_4,read_phi,phi_rec_78,1,1,0,diagnosis,2025-08-08T00:00:24,benign
log_1884,doc_4,read_phi,phi_rec_113,0,0,0,billing,2025-02-16T15:10:54,benign
log_1885,doc_4,read_phi,phi_rec_81,0,0,0,marketing,2025-01-30T21:45:01,benign
log_1886,doc_3,read_phi,phi_rec_70,0,1,0,billing,2025-06-19T09:08:09,violation_hipaa_auth
log_1887,doc_4,read_phi,phi_rec_135,0,0,0,billing,2025-05-16T18:20:15,benign
log_1888,doc_3,read_phi,phi_rec_98,0,1,0,research,2025-06-17T14:40:53,benign
log_1889,doc_1,read_phi,phi_rec_119,0,0,0,marketing,2025-05-10T00:46:16,benign
log_1890,bclerk_0,read_phi,phi_rec_47,0,0,1,billing,2025-02-24T22:16:01,benign
log_1891,doc_1,read_phi,phi_rec_15,0,0,0,marketing,2025-06-20T09:28:38,benign
log_1892,bclerk_0,read_phi,phi_rec_55,0,0,1,billing,2025-04-04T02:59:58,benign
log_1893,doc_4,read_phi,phi_rec_78,1,1,0,research,2025-07-15T22:50:47,benign
log_1894,doc_2,read_phi,phi_rec_72,0,1,0,billing,2025-02-09T03:19:17,violation_hipaa_auth
log_1895,bclerk_0,read_phi,phi_rec_8,0,0,1,billing,2025-04-10T17:37:36,benign
log_1896,doc_3,read_phi,phi_rec_143,0,0,0,marketing,2025-01-24T04:14:01,benign
log_1897,doc_2,read_phi,phi_rec_188,1,1,0,diagnosis,2025-05-26T00:39:46,benign
log_1898,doc_1,read_phi,phi_rec_192,0,0,0,billing,2025-05-31T09:47:04,benign
log_1899,doc_2,read_phi,phi_rec_145,0,0,0,billing,2025-04-18T04:53:44,benign
log_1900,doc_0,read_phi,phi_rec_67,0,0,0,marketing,2025-03-07T01:41:34,benign
log_1901,bclerk_0,read_phi,phi_rec_66,0,0,1,billing,2025-06-30T05:58:42,benign
log_1902,doc_1,read_phi,phi_rec_103,0,0,0,billing,2025-08-09T18:34:16,benign
log_1903,doc_4,read_phi,phi_rec_99,1,1,0,research,2025-07-02T17:03:47,benign
log_1904,doc_4,read_phi,phi_rec_68,1,0,0,diagnosis,2025-04-12T22:11:26,benign
log_1905,doc_4,read_phi,phi_rec_73,0,0,0,marketing,2025-06-03T06:28:14,benign
log_1906,doc_4,read_phi,phi_rec_140,1,1,0,diagnosis,2025-07-08T10:02:18,benign
log_1907,doc_4,read_phi,phi_rec_101,0,0,0,marketing,2025-03-03T05:06:20,benign
log_1908,doc_4,read_phi,phi_rec_196,1,1,0,diagnosis,2025-06-03T14:30:07,benign
log_1909,doc_4,read_phi,phi_rec_74,0,1,0,research,2025-05-25T19:38:00,benign
log_1910,bclerk_0,read_phi,phi_rec_154,0,0,1,billing,2025-03-03T04:48:53,benign
log_1911,doc_3,read_phi,phi_rec_127,0,0,0,marketing,2025-02-06T17:07:13,benign
log_1912,doc_0,read_phi,phi_rec_16,0,0,0,billing,2025-04-13T03:39:38,benign
log_1913,doc_3,read_phi,phi_rec_43,0,0,0,billing,2025-07-14T14:54:27,benign
log_1914,doc_1,read_phi,phi_rec_185,1,0,0,diagnosis,2025-02-25T17:03:02,benign
log_1915,doc_1,read_phi,phi_rec_151,0,0,0,billing,2025-06-13T18:38:52,benign
log_1916,doc_1,read_phi,phi_rec_181,1,1,0,diagnosis,2025-04-30T15:32:26,benign
log_1917,doc_0,read_phi,phi_rec_169,1,0,0,diagnosis,2025-01-05T10:26:21,benign
log_1918,doc_4,read_phi,phi_rec_140,1,1,0,diagnosis,2025-07-23T08:04:03,benign
log_1919,doc_4,read_phi,phi_rec_27,1,1,0,diagnosis,2025-03-13T07:17:10,benign
log_1920,doc_2,read_phi,phi_rec_49,0,0,0,marketing,2025-05-30T01:33:22,benign
log_1921,doc_1,read_phi,phi_rec_53,1,1,0,research,2025-05-18T22:03:26,benign
log_1922,bclerk_0,read_phi,phi_rec_22,0,0,1,billing,2025-07-27T19:10:53,benign
log_1923,bclerk_0,read_phi,phi_rec_80,0,0,1,billing,2025-02-08T21:09:41,benign
log_1924,doc_0,read_phi,phi_rec_91,0,0,0,billing,2025-01-26T11:06:00,benign
log_1925,doc_1,read_phi,phi_rec_93,0,0,0,marketing,2025-08-13T04:23:45,benign
log_1926,doc_2,read_phi,phi_rec_60,1,1,0,diagnosis,2025-08-02T11:53:08,benign
log_1927,bclerk_0,read_phi,phi_rec_130,0,0,1,billing,2025-04-07T10:09:34,benign
log_1928,doc_0,read_phi,phi_rec_58,1,1,0,diagnosis,2025-06-08T10:58:11,benign
log_1929,bclerk_0,read_phi,phi_rec_136,0,0,1,billing,2025-07-18T06:35:07,benign
log_1930,doc_3,read_phi,phi_rec_6,0,0,0,marketing,2025-04-24T22:57:09,benign
log_1931,bclerk_0,read_phi,phi_rec_2,0,0,1,billing,2025-02-23T07:05:57,benign
log_1932,doc_1,read_phi,phi_rec_53,0,1,0,diagnosis,2025-03-30T22:11:20,benign
log_1933,doc_1,read_phi,phi_rec_163,0,0,0,billing,2025-04-09T22:26:24,benign
log_1934,doc_1,read_phi,phi_rec_71,0,1,0,diagnosis,2025-05-31T20:17:22,benign
log_1935,doc_0,read_phi,phi_rec_92,0,0,0,billing,2025-07-23T23:50:04,benign
log_1936,doc_0,read_phi,phi_rec_174,0,0,0,billing,2025-02-10T16:57:12,benign
log_1937,doc_2,read_phi,phi_rec_161,1,1,0,research,2025-06-17T03:14:12,benign
log_1938,doc_1,read_phi,phi_rec_125,0,0,0,billing,2025-05-30T00:26:55,benign
log_1939,doc_0,read_phi,phi_rec_92,1,1,0,diagnosis,2025-07-15T20:09:36,benign
log_1940,doc_2,read_phi,phi_rec_69,0,0,0,billing,2025-03-31T18:33:09,benign
log_1941,bclerk_0,read_phi,phi_rec_49,0,0,1,billing,2025-05-02T16:04:07,benign
log_1942,doc_2,read_phi,phi_rec_64,1,1,0,diagnosis,2025-08-07T08:18:29,benign
log_1943,doc_0,read_phi,phi_rec_23,1,1,0,diagnosis,2025-03-18T21:57:09,benign
log_1944,doc_4,read_phi,phi_rec_45,0,0,0,diagnosis,2025-03-20T12:52:56,benign
log_1945,doc_0,read_phi,phi_rec_132,0,0,0,marketing,2025-06-19T10:45:15,benign
log_1946,doc_1,read_phi,phi_rec_51,1,0,0,diagnosis,2025-05-04T15:02:32,benign
log_1947,doc_2,read_phi,phi_rec_3,0,0,0,billing,2025-06-02T03:28:48,benign
log_1948,doc_0,read_phi,phi_rec_155,0,0,0,billing,2025-08-23T11:16:46,benign
log_1949,bclerk_0,read_phi,phi_rec_146,0,0,1,marketing,2025-08-05T05:23:41,violation_gdpr_art18
log_1950,doc_0,read_phi,phi_rec_189,0,0,0,marketing,2025-07-29T05:18:49,benign
log_1951,doc_4,read_phi,phi_rec_106,0,0,0,billing,2025-05-21T13:16:42,benign
log_1952,doc_2,read_phi,phi_rec_22,0,0,0,billing,2025-04-17T11:43:38,benign
log_1953,doc_4,read_phi,phi_rec_135,1,1,0,research,2025-04-26T02:43:50,benign
log_1954,doc_4,read_phi,phi_rec_52,1,1,0,diagnosis,2025-06-27T19:24:03,benign
log_1955,doc_2,read_phi,phi_rec_9,0,0,0,diagnosis,2025-05-08T07:56:18,benign
log_1956,doc_0,read_phi,phi_rec_162,0,0,0,billing,2025-03-19T23:45:39,benign
log_1957,doc_2,read_phi,phi_rec_119,0,1,0,diagnosis,2025-03-19T15:33:17,violation_hipaa_auth
log_1958,doc_1,read_phi,phi_rec_53,1,1,0,diagnosis,2025-06-17T10:21:22,benign
log_1959,doc_2,read_phi,phi_rec_47,1,1,0,diagnosis,2025-04-18T08:37:55,benign
log_1960,bclerk_0,read_phi,phi_rec_171,0,0,1,billing,2025-01-08T11:56:50,benign
log_1961,doc_0,read_phi,phi_rec_155,1,1,0,diagnosis,2025-06-07T19:35:56,benign
log_1962,bclerk_0,read_phi,phi_rec_71,0,0,1,billing,2025-04-29T20:31:27,benign
log_1963,doc_2,read_phi,phi_rec_112,0,0,0,billing,2025-05-02T08:12:17,benign
log_1964,doc_0,read_phi,phi_rec_144,1,1,0,research,2025-03-11T15:43:23,benign
log_1965,doc_0,read_phi,phi_rec_111,0,0,0,marketing,2025-06-19T17:52:40,benign
log_1966,doc_3,read_phi,phi_rec_195,1,1,0,diagnosis,2025-06-03T04:00:58,benign
log_1967,doc_4,read_phi,phi_rec_4,1,1,0,research,2025-08-14T04:32:33,benign
log_1968,bclerk_0,read_phi,phi_rec_155,0,0,1,billing,2025-05-14T15:31:48,benign
log_1969,doc_0,read_phi,phi_rec_136,0,0,0,marketing,2025-02-02T06:14:00,benign
log_1970,doc_4,read_phi,phi_rec_180,0,0,0,marketing,2025-04-07T08:52:49,benign
log_1971,doc_0,read_phi,phi_rec_28,0,1,0,research,2025-07-03T23:53:40,violation_gdpr_art18
log_1972,bclerk_0,read_phi,phi_rec_125,0,0,1,marketing,2025-03-04T23:36:49,violation_gdpr_art18
log_1973,doc_0,read_phi,phi_rec_136,0,0,0,billing,2025-06-05T19:41:30,benign
log_1974,doc_0,read_phi,phi_rec_58,0,0,0,billing,2025-05-24T15:58:15,benign
log_1975,doc_3,read_phi,phi_rec_79,1,1,0,diagnosis,2025-03-14T03:45:14,benign
log_1976,doc_0,read_phi,phi_rec_169,0,1,0,diagnosis,2025-06-13T15:35:02,benign
log_1977,bclerk_0,read_phi,phi_rec_16,0,0,1,billing,2025-07-25T00:52:57,benign
log_1978,doc_0,read_phi,phi_rec_169,0,0,0,billing,2025-02-13T09:31:07,benign
log_1979,doc_1,read_phi,phi_rec_103,1,1,0,diagnosis,2025-05-28T23:58:14,benign
log_1980,doc_0,read_phi,phi_rec_149,0,0,0,billing,2025-02-07T16:33:26,benign
log_1981,doc_0,read_phi,phi_rec_96,1,1,0,diagnosis,2025-01-02T06:33:05,benign
log_1982,doc_0,read_phi,phi_rec_152,0,0,0,marketing,2025-03-14T00:42:09,benign
log_1983,bclerk_0,read_phi,phi_rec_154,0,0,1,billing,2025-07-23T13:57:43,benign
log_1984,doc_1,read_phi,phi_rec_123,1,1,0,diagnosis,2025-08-18T05:51:53,benign
log_1985,doc_4,read_phi,phi_rec_104,1,1,0,diagnosis,2025-05-17T18:42:50,benign
log_1986,doc_4,read_phi,phi_rec_140,0,0,0,marketing,2025-05-17T18:31:14,benign
log_1987,doc_0,read_phi,phi_rec_122,0,0,0,diagnosis,2025-04-12T04:10:06,benign
log_1988,bclerk_0,read_phi,phi_rec_77,0,0,1,billing,2025-04-20T22:56:21,benign
log_1989,doc_4,read_phi,phi_rec_40,0,0,0,billing,2025-05-11T23:46:50,benign
log_1990,bclerk_0,read_phi,phi_rec_79,0,0,1,billing,2025-06-24T15:31:52,benign
log_1991,doc_2,read_phi,phi_rec_161,1,1,0,diagnosis,2025-02-27T17:22:34,benign
log_1992,doc_1,read_phi,phi_rec_51,0,0,0,marketing,2025-03-15T16:46:39,benign
log_1993,bclerk_0,read_phi,phi_rec_156,0,0,1,billing,2025-08-17T13:07:19,benign
log_1994,doc_4,read_phi,phi_rec_140,1,1,0,diagnosis,2025-02-23T22:36:49,benign
log_1995,bclerk_0,read_phi,phi_rec_196,0,0,1,billing,2025-06-07T05:02:09,benign
log_1996,bclerk_0,read_phi,phi_rec_3,0,0,1,billing,2025-08-25T16:16:09,benign
log_1997,doc_0,read_phi,phi_rec_183,1,0,0,diagnosis,2025-03-12T00:41:08,benign
log_1998,bclerk_0,read_phi,phi_rec_119,0,0,1,billing,2025-06-09T17:56:26,benign
log_1999,doc_0,read_phi,phi_rec_162,1,1,0,diagnosis,2025-07-16T13:59:24,benign
log_2000,doc_1,read_phi,phi_rec_11,1,0,0,diagnosis,2025-08-19T02:41:58,benign
log_2001,doc_4,read_phi,phi_rec_68,0,0,0,billing,2025-04-19T21:09:06,benign
log_2002,doc_4,read_phi,phi_rec_113,0,0,0,billing,2025-08-09T20:25:50,benign
log_2003,doc_1,read_phi,phi_rec_131,0,0,0,marketing,2025-01-30T13:09:05,benign
log_2004,doc_0,read_phi,phi_rec_120,1,1,0,research,2025-04-02T20:21:32,benign
log_2005,doc_0,read_phi,phi_rec_91,0,1,0,research,2025-06-09T05:14:26,benign
log_2006,doc_0,read_phi,phi_rec_155,1,1,0,diagnosis,2025-01-24T12:51:47,benign
log_2007,bclerk_0,read_phi,phi_rec_176,0,0,1,billing,2025-07-21T10:40:17,benign
log_2008,doc_0,read_phi,phi_rec_92,1,1,0,diagnosis,2025-08-06T18:42:02,benign
log_2009,bclerk_0,read_phi,phi_rec_134,0,0,1,billing,2025-02-11T15:18:36,benign
log_2010,doc_2,read_phi,phi_rec_165,1,1,0,diagnosis,2025-05-07T18:52:11,benign
log_2011,doc_2,read_phi,phi_rec_89,1,0,0,diagnosis,2025-05-28T02:20:02,benign
log_2012,doc_0,read_phi,phi_rec_96,1,1,0,diagnosis,2025-06-28T03:25:52,benign
log_2013,doc_4,read_phi,phi_rec_20,0,0,0,billing,2025-06-19T03:44:49,benign
log_2014,doc_1,read_phi,phi_rec_184,0,1,0,diagnosis,2025-08-29T17:31:58,benign
log_2015,doc_0,read_phi,phi_rec_174,0,0,0,billing,2025-08-12T17:49:53,benign
log_2016,doc_0,read_phi,phi_rec_77,1,1,0,diagnosis,2025-07-19T23:01:33,benign
log_2017,doc_3,read_phi,phi_rec_109,1,1,0,research,2025-07-01T07:02:38,benign
log_2018,doc_0,read_phi,phi_rec_142,1,1,0,research,2025-05-13T05:43:44,benign
log_2019,doc_1,read_phi,phi_rec_33,1,1,0,research,2025-05-03T18:16:19,benign
log_2020,doc_2,read_phi,phi_rec_117,1,0,0,diagnosis,2025-07-25T07:56:11,benign
log_2021,doc_0,read_phi,phi_rec_50,0,0,0,marketing,2025-06-01T16:58:25,benign
log_2022,bclerk_0,read_phi,phi_rec_175,0,0,1,billing,2025-05-08T18:53:18,benign
log_2023,doc_1,read_phi,phi_rec_154,0,0,0,marketing,2025-08-03T05:24:15,benign
log_2024,doc_3,read_phi,phi_rec_79,0,0,0,billing,2025-04-03T21:22:55,benign
log_2025,bclerk_0,read_phi,phi_rec_57,0,0,1,billing,2025-04-03T06:34:51,benign
log_2026,doc_1,read_phi,phi_rec_182,1,1,0,diagnosis,2025-08-13T16:19:11,benign
log_2027,doc_3,read_phi,phi_rec_36,0,0,0,billing,2025-07-12T23:03:08,benign
log_2028,doc_2,read_phi,phi_rec_31,1,1,0,research,2025-03-31T19:41:11,benign
log_2029,doc_0,read_phi,phi_rec_183,0,0,0,billing,2025-01-25T15:51:16,benign
log_2030,doc_1,read_phi,phi_rec_125,1,1,0,diagnosis,2025-08-19T23:59:40,benign
log_2031,doc_3,read_phi,phi_rec_6,1,1,0,research,2025-08-25T15:50:22,benign
log_2032,doc_2,read_phi,phi_rec_31,1,1,0,research,2025-06-09T02:24:43,benign
log_2033,doc_2,read_phi,phi_rec_198,0,0,0,marketing,2025-03-06T01:31:51,benign
log_2034,doc_0,read_phi,phi_rec_128,0,1,0,research,2025-02-28T03:39:35,violation_gdpr_art18
log_2035,doc_0,read_phi,phi_rec_138,0,0,0,billing,2025-01-12T10:08:13,benign
log_2036,doc_0,read_phi,phi_rec_111,1,1,0,research,2025-01-27T06:42:40,benign
log_2037,doc_4,read_phi,phi_rec_140,1,1,0,diagnosis,2025-08-22T09:08:48,benign
log_2038,bclerk_0,read_phi,phi_rec_107,0,0,1,billing,2025-02-10T06:49:15,benign
log_2039,bclerk_0,read_phi,phi_rec_122,0,1,0,billing,2025-07-03T13:43:24,violation_hipaa_min_necessary
log_2040,bclerk_0,read_phi,phi_rec_183,0,0,1,billing,2025-06-02T19:34:58,benign
log_2041,doc_1,read_phi,phi_rec_54,0,0,0,marketing,2025-07-14T16:02:26,benign
log_2042,doc_3,read_phi,phi_rec_8,0,0,0,billing,2025-01-08T04:57:30,benign
log_2043,doc_2,read_phi,phi_rec_186,0,0,0,billing,2025-08-28T17:13:58,benign
log_2044,doc_0,read_phi,phi_rec_91,1,1,0,diagnosis,2025-05-23T06:32:29,benign
log_2045,bclerk_0,read_phi,phi_rec_120,0,0,1,billing,2025-07-13T21:41:23,benign
log_2046,doc_4,read_phi,phi_rec_74,0,0,0,billing,2025-05-09T06:37:29,benign
log_2047,doc_1,read_phi,phi_rec_176,1,1,0,diagnosis,2025-08-12T00:59:21,benign
log_2048,doc_0,read_phi,phi_rec_41,1,1,0,diagnosis,2025-04-09T19:30:59,benign
log_2049,doc_1,read_phi,phi_rec_85,1,1,0,diagnosis,2025-07-04T04:08:05,benign
log_2050,doc_0,read_phi,phi_rec_162,1,1,0,diagnosis,2025-04-22T03:20:45,benign
log_2051,doc_4,read_phi,phi_rec_81,1,1,0,diagnosis,2025-06-01T03:27:30,benign
log_2052,bclerk_0,read_phi,phi_rec_92,0,0,1,billing,2025-08-03T01:51:35,benign
log_2053,doc_2,read_phi,phi_rec_186,1,1,0,diagnosis,2025-01-26T09:07:32,benign
log_2054,doc_4,read_phi,phi_rec_134,0,0,0,marketing,2025-04-02T06:56:33,benign
log_2055,doc_3,read_phi,phi_rec_62,0,0,0,marketing,2025-04-18T23:28:42,benign
log_2056,doc_2,read_phi,phi_rec_83,0,0,0,marketing,2025-05-25T08:53:48,benign
log_2057,doc_3,read_phi,phi_rec_143,0,0,0,marketing,2025-04-02T18:46:33,benign
log_2058,bclerk_0,read_phi,phi_rec_111,0,0,1,billing,2025-06-27T07:24:36,benign
log_2059,doc_4,read_phi,phi_rec_65,0,0,0,marketing,2025-01-04T04:03:25,benign
log_2060,doc_3,read_phi,phi_rec_57,1,1,0,research,2025-06-12T21:50:27,benign
log_2061,doc_0,read_phi,phi_rec_16,0,0,0,billing,2025-06-10T07:46:44,benign
log_2062,bclerk_0,read_phi,phi_rec_12,0,1,0,billing,2025-08-06T18:33:20,violation_hipaa_min_necessary
log_2063,doc_1,read_phi,phi_rec_53,1,1,0,diagnosis,2025-02-19T19:57:42,benign
log_2064,doc_4,read_phi,phi_rec_135,1,1,0,research,2025-08-19T09:13:32,benign
log_2065,doc_1,read_phi,phi_rec_33,0,1,0,diagnosis,2025-01-15T03:18:16,benign
log_2066,doc_0,read_phi,phi_rec_172,1,1,0,research,2025-06-01T09:24:13,benign
log_2067,doc_0,read_phi,phi_rec_39,1,0,0,research,2025-06-08T04:51:45,benign
log_2068,doc_2,read_phi,phi_rec_161,0,0,0,billing,2025-01-09T12:39:31,benign
log_2069,doc_3,read_phi,phi_rec_115,0,0,0,billing,2025-01-10T09:16:03,benign
log_2070,bclerk_0,read_phi,phi_rec_91,0,0,1,billing,2025-07-22T16:05:30,benign
log_2071,doc_3,read_phi,phi_rec_62,0,0,0,marketing,2025-03-10T08:50:13,benign
log_2072,doc_4,read_phi,phi_rec_10,1,1,0,research,2025-08-09T04:36:58,benign
log_2073,doc_2,read_phi,phi_rec_112,0,0,0,billing,2025-01-10T14:52:31,benign
log_2074,doc_0,read_phi,phi_rec_189,1,1,0,diagnosis,2025-06-18T23:01:10,benign
log_2075,doc_2,read_phi,phi_rec_31,0,0,0,billing,2025-01-25T16:00:43,benign
log_2076,doc_1,read_phi,phi_rec_51,0,1,0,research,2025-04-08T15:40:41,benign
log_2077,doc_3,read_phi,phi_rec_115,1,1,0,diagnosis,2025-01-28T17:55:16,benign
log_2078,doc_3,read_phi,phi_rec_0,1,1,0,research,2025-03-15T23:42:34,benign
log_2079,doc_3,read_phi,phi_rec_127,0,0,0,marketing,2025-05-27T20:08:16,benign
log_2080,doc_0,read_phi,phi_rec_23,1,1,0,diagnosis,2025-01-04T03:04:24,benign
log_2081,doc_3,read_phi,phi_rec_115,0,0,0,billing,2025-04-03T13:25:02,benign
log_2082,doc_4,read_phi,phi_rec_78,0,0,0,billing,2025-08-23T20:54:50,benign
log_2083,doc_1,read_phi,phi_rec_11,0,0,0,billing,2025-01-21T01:12:02,benign
log_2084,doc_2,read_phi,phi_rec_107,1,1,0,diagnosis,2025-02-25T23:22:19,benign
log_2085,doc_3,read_phi,phi_rec_179,1,1,0,diagnosis,2025-08-13T11:54:30,benign
log_2086,doc_2,read_phi,phi_rec_186,1,1,0,diagnosis,2025-04-06T07:04:31,benign
log_2087,doc_3,read_phi,phi_rec_36,1,0,0,research,2025-02-03T12:49:04,benign
log_2088,bclerk_0,read_phi,phi_rec_104,0,0,1,billing,2025-03-12T14:52:09,benign
log_2089,doc_2,read_phi,phi_rec_83,1,1,0,research,2025-05-12T22:07:24,benign
log_2090,doc_3,read_phi,phi_rec_0,0,0,0,billing,2025-04-26T18:20:54,benign
log_2091,doc_1,read_phi,phi_rec_93,0,0,0,marketing,2025-04-11T20:36:41,benign
log_2092,bclerk_0,read_phi,phi_rec_2,0,0,1,billing,2025-06-26T11:42:25,benign
log_2093,doc_0,read_phi,phi_rec_67,1,1,0,diagnosis,2025-05-21T07:40:26,benign
log_2094,bclerk_0,read_phi,phi_rec_19,0,0,1,billing,2025-03-07T14:35:47,benign
log_2095,doc_0,read_phi,phi_rec_172,0,0,0,billing,2025-07-05T11:49:09,benign
log_2096,doc_3,read_phi,phi_rec_171,1,1,0,research,2025-01-14T23:59:06,benign
log_2097,bclerk_0,read_phi,phi_rec_17,0,0,1,billing,2025-03-17T05:14:37,benign
log_2098,doc_3,read_phi,phi_rec_79,0,0,0,diagnosis,2025-05-08T00:53:00,benign
log_2099,doc_2,read_phi,phi_rec_38,0,0,0,billing,2025-04-13T12:19:55,benign
log_2100,doc_0,read_phi,phi_rec_152,0,0,0,marketing,2025-03-10T17:30:35,benign
log_2101,doc_0,read_phi,phi_rec_152,0,0,0,marketing,2025-03-20T17:15:23,benign
log_2102,doc_0,read_phi,phi_rec_137,0,1,0,diagnosis,2025-04-09T15:32:23,benign
log_2103,bclerk_0,read_phi,phi_rec_82,0,0,1,billing,2025-03-07T06:39:14,benign
log_2104,doc_1,read_phi,phi_rec_85,1,0,0,diagnosis,2025-08-02T13:34:22,benign
log_2105,doc_4,read_phi,phi_rec_4,0,0,0,research,2025-03-23T21:46:59,benign
log_2106,doc_1,read_phi,phi_rec_15,0,0,0,billing,2025-07-04T03:01:06,benign
log_2107,doc_1,read_phi,phi_rec_13,0,0,0,billing,2025-08-11T03:25:54,benign
log_2108,bclerk_0,read_phi,phi_rec_43,0,0,1,billing,2025-07-23T16:31:43,benign
log_2109,doc_4,read_phi,phi_rec_187,0,1,0,research,2025-05-17T04:07:15,benign
log_2110,doc_4,read_phi,phi_rec_70,0,0,0,billing,2025-04-06T17:06:39,benign
log_2111,bclerk_0,read_phi,phi_rec_152,0,0,1,billing,2025-07-26T12:08:47,benign
log_2112,doc_3,read_phi,phi_rec_175,0,0,0,billing,2025-05-29T10:57:29,benign
log_2113,doc_2,read_phi,phi_rec_31,1,0,0,diagnosis,2025-03-23T03:47:08,benign
log_2114,doc_0,read_phi,phi_rec_77,0,1,0,research,2025-03-10T01:05:45,benign
log_2115,doc_4,read_phi,phi_rec_170,0,1,0,research,2025-02-17T06:00:54,benign
log_2116,bclerk_0,read_phi,phi_rec_105,0,1,0,billing,2025-07-17T08:15:20,violation_hipaa_min_necessary
log_2117,doc_0,read_phi,phi_rec_183,0,0,0,billing,2025-07-06T23:46:06,benign
log_2118,doc_1,read_phi,phi_rec_84,0,0,0,billing,2025-08-20T05:24:08,benign
log_2119,doc_1,read_phi,phi_rec_82,0,0,0,marketing,2025-07-14T08:20:00,benign
log_2120,doc_2,read_phi,phi_rec_178,1,0,0,diagnosis,2025-07-04T10:19:34,benign
log_2121,bclerk_0,read_phi,phi_rec_183,0,0,1,billing,2025-06-03T15:20:33,benign
log_2122,doc_1,read_phi,phi_rec_181,1,1,0,diagnosis,2025-03-03T20:06:52,benign
log_2123,bclerk_0,read_phi,phi_rec_12,0,0,1,billing,2025-07-29T11:54:12,benign
log_2124,doc_1,read_phi,phi_rec_102,0,0,0,marketing,2025-07-31T23:49:22,benign
log_2125,doc_0,read_phi,phi_rec_77,0,0,0,billing,2025-03-04T06:14:18,benign
log_2126,doc_2,read_phi,phi_rec_83,0,0,0,billing,2025-03-26T21:18:04,benign
log_2127,doc_0,read_phi,phi_rec_28,0,0,0,marketing,2025-01-03T00:46:26,benign
log_2128,doc_4,read_phi,phi_rec_68,0,0,0,billing,2025-04-18T02:45:38,benign
log_2129,doc_0,read_phi,phi_rec_42,0,0,0,marketing,2025-05-22T15:56:27,benign
log_2130,doc_2,read_phi,phi_rec_18,1,1,0,diagnosis,2025-06-01T11:39:00,benign
log_2131,doc_0,read_phi,phi_rec_136,0,0,0,billing,2025-05-11T15:23:27,benign
log_2132,doc_1,read_phi,phi_rec_118,0,0,0,billing,2025-01-02T20:54:57,benign
log_2133,bclerk_0,read_phi,phi_rec_86,0,0,1,billing,2025-05-16T10:24:16,benign
log_2134,doc_2,read_phi,phi_rec_22,0,0,0,marketing,2025-05-17T17:53:37,benign
log_2135,doc_2,read_phi,phi_rec_178,0,1,0,research,2025-03-14T07:40:19,benign
log_2136,doc_1,read_phi,phi_rec_71,0,0,0,marketing,2025-05-28T23:13:00,benign
log_2137,doc_4,read_phi,phi_rec_133,0,0,0,marketing,2025-04-28T12:52:49,benign
log_2138,bclerk_0,read_phi,phi_rec_117,0,0,1,billing,2025-02-06T09:33:55,benign
log_2139,bclerk_0,read_phi,phi_rec_49,0,0,1,billing,2025-03-15T23:13:32,benign
log_2140,bclerk_0,read_phi,phi_rec_12,0,0,1,billing,2025-01-12T11:31:29,benign
log_2141,doc_2,read_phi,phi_rec_60,1,1,0,diagnosis,2025-07-25T00:07:09,benign
log_2142,doc_4,read_phi,phi_rec_20,0,0,0,billing,2025-02-28T22:06:16,benign
log_2143,doc_4,read_phi,phi_rec_81,1,1,0,diagnosis,2025-02-08T20:38:04,benign
log_2144,doc_0,read_phi,phi_rec_2,1,1,0,research,2025-06-10T23:37:15,benign
log_2145,doc_4,read_phi,phi_rec_196,0,1,0,research,2025-01-14T01:53:15,benign
log_2146,doc_0,read_phi,phi_rec_183,0,1,0,diagnosis,2025-08-16T14:52:23,benign
log_2147,bclerk_0,read_phi,phi_rec_163,0,0,1,billing,2025-02-17T08:46:31,benign
log_2148,bclerk_0,read_phi,phi_rec_153,0,0,1,billing,2025-07-30T20:59:05,benign
log_2149,doc_0,read_phi,phi_rec_169,1,1,0,diagnosis,2025-02-24T22:09:06,benign
log_2150,doc_1,read_phi,phi_rec_48,0,0,0,billing,2025-06-13T03:52:18,benign
log_2151,doc_3,read_phi,phi_rec_143,1,0,0,diagnosis,2025-08-27T12:15:57,benign
log_2152,doc_3,read_phi,phi_rec_143,1,0,0,research,2025-04-25T17:00:26,violation_gdpr_art18
log_2153,bclerk_0,read_phi,phi_rec_179,0,0,1,billing,2025-06-17T16:21:50,benign
log_2154,doc_3,read_phi,phi_rec_30,0,0,0,diagnosis,2025-08-12T10:13:12,benign
log_2155,doc_3,read_phi,phi_rec_62,0,0,0,marketing,2025-04-04T18:34:20,benign
log_2156,doc_2,read_phi,phi_rec_47,0,0,0,marketing,2025-07-02T16:25:57,benign
log_2157,doc_0,read_phi,phi_rec_120,1,1,0,diagnosis,2025-01-22T07:45:48,benign
log_2158,doc_0,read_phi,phi_rec_58,0,0,0,billing,2025-06-21T19:46:57,benign
log_2159,doc_2,read_phi,phi_rec_31,1,0,0,research,2025-04-17T01:09:54,benign
log_2160,doc_4,read_phi,phi_rec_61,0,0,0,marketing,2025-01-06T08:05:32,benign
log_2161,doc_2,read_phi,phi_rec_198,0,0,0,billing,2025-03-23T15:29:58,benign
log_2162,doc_2,read_phi,phi_rec_177,0,1,0,diagnosis,2025-05-22T04:58:29,benign
log_2163,doc_0,read_phi,phi_rec_96,1,0,0,diagnosis,2025-05-12T15:13:58,benign
log_2164,doc_4,read_phi,phi_rec_135,1,0,0,research,2025-05-18T22:53:31,benign
log_2165,doc_3,read_phi,phi_rec_57,0,0,0,marketing,2025-05-11T20:59:49,benign
log_2166,doc_0,read_phi,phi_rec_95,0,0,0,marketing,2025-01-24T17:07:19,benign
log_2167,doc_2,read_phi,phi_rec_25,1,1,0,diagnosis,2025-03-02T17:10:22,benign
log_2168,doc_2,read_phi,phi_rec_49,0,0,0,marketing,2025-01-29T22:45:14,benign
log_2169,doc_0,read_phi,phi_rec_149,0,1,0,research,2025-07-07T14:17:27,benign
log_2170,doc_0,read_phi,phi_rec_122,0,0,0,billing,2025-08-01T14:08:44,benign
log_2171,doc_0,read_phi,phi_rec_92,0,0,0,billing,2025-06-20T12:47:12,benign
log_2172,doc_3,read_phi,phi_rec_175,1,0,0,diagnosis,2025-02-12T11:09:22,benign
log_2173,doc_4,read_phi,phi_rec_135,1,1,0,research,2025-05-02T23:04:19,benign
log_2174,bclerk_0,read_phi,phi_rec_189,0,1,0,billing,2025-07-10T00:28:09,violation_hipaa_min_necessary
log_2175,doc_0,read_phi,phi_rec_132,0,0,0,billing,2025-04-23T15:10:33,benign
log_2176,doc_2,read_phi,phi_rec_29,1,1,0,diagnosis,2025-08-08T11:10:52,benign
log_2177,doc_0,read_phi,phi_rec_174,0,0,0,marketing,2025-04-03T12:25:33,benign
log_2178,doc_1,read_phi,phi_rec_13,1,1,0,diagnosis,2025-07-30T11:46:22,benign
log_2179,bclerk_0,read_phi,phi_rec_110,0,0,1,billing,2025-04-05T23:04:00,benign
log_2180,doc_4,read_phi,phi_rec_52,1,1,0,diagnosis,2025-04-29T11:42:50,benign
log_2181,bclerk_0,read_phi,phi_rec_45,0,0,1,billing,2025-04-05T18:42:33,benign
log_2182,doc_2,read_phi,phi_rec_80,0,0,0,billing,2025-03-22T13:16:53,benign
log_2183,doc_0,read_phi,phi_rec_96,0,0,0,billing,2025-07-03T06:23:35,benign
log_2184,bclerk_0,read_phi,phi_rec_82,0,0,1,billing,2025-08-07T21:05:10,benign
log_2185,doc_4,read_phi,phi_rec_56,1,0,0,diagnosis,2025-05-06T14:17:46,benign
log_2186,doc_4,read_phi,phi_rec_37,1,1,0,diagnosis,2025-05-26T06:16:41,benign
log_2187,bclerk_0,read_phi,phi_rec_90,0,0,1,billing,2025-08-27T01:05:14,benign
log_2188,doc_2,read_phi,phi_rec_22,0,0,0,marketing,2025-08-07T14:44:48,benign
log_2189,doc_3,read_phi,phi_rec_35,0,0,0,billing,2025-03-23T16:42:16,benign
log_2190,doc_4,read_phi,phi_rec_99,0,1,0,diagnosis,2025-05-18T18:47:49,benign
log_2191,doc_0,read_phi,phi_rec_155,1,1,0,diagnosis,2025-01-14T01:51:35,benign
log_2192,doc_4,read_phi,phi_rec_70,0,1,0,research,2025-08-15T05:15:48,violation_gdpr_art18
log_2193,doc_0,read_phi,phi_rec_95,0,0,0,marketing,2025-08-14T21:53:16,benign
log_2194,doc_0,read_phi,phi_rec_129,1,0,0,diagnosis,2025-04-04T15:53:52,benign
log_2195,doc_3,read_phi,phi_rec_167,1,1,0,diagnosis,2025-05-19T19:16:12,benign
log_2196,doc_4,read_phi,phi_rec_52,1,1,0,diagnosis,2025-04-14T01:30:25,benign
log_2197,doc_2,read_phi,phi_rec_47,0,0,0,marketing,2025-02-03T23:54:25,benign
log_2198,doc_0,read_phi,phi_rec_44,0,0,0,marketing,2025-08-05T15:55:59,benign
log_2199,doc_4,read_phi,phi_rec_81,0,0,0,billing,2025-01-24T11:38:48,benign
log_2200,doc_1,read_phi,phi_rec_182,1,1,0,research,2025-07-25T01:26:18,benign
log_2201,doc_0,read_phi,phi_rec_142,0,0,0,billing,2025-06-29T21:56:10,benign
log_2202,doc_0,read_phi,phi_rec_138,0,1,0,research,2025-03-24T17:26:16,benign
log_2203,doc_3,read_phi,phi_rec_6,0,0,0,marketing,2025-05-17T07:13:31,benign
log_2204,doc_1,read_phi,phi_rec_53,0,0,0,billing,2025-07-26T22:08:14,benign
log_2205,doc_4,read_phi,phi_rec_148,0,0,0,marketing,2025-05-09T15:53:03,benign
log_2206,doc_1,read_phi,phi_rec_48,1,0,0,diagnosis,2025-06-05T14:29:44,benign
log_2207,bclerk_0,read_phi,phi_rec_47,0,0,1,billing,2025-04-09T10:50:08,benign
log_2208,doc_2,read_phi,phi_rec_18,1,1,0,diagnosis,2025-03-19T17:22:04,benign
log_2209,doc_1,read_phi,phi_rec_93,1,0,0,diagnosis,2025-02-14T06:51:31,benign
log_2210,bclerk_0,read_phi,phi_rec_158,0,0,1,billing,2025-06-26T07:25:29,benign
log_2211,bclerk_0,read_phi,phi_rec_52,0,0,1,billing,2025-08-01T00:33:49,benign
log_2212,doc_3,read_phi,phi_rec_143,0,0,0,billing,2025-01-16T05:13:07,benign
log_2213,doc_4,read_phi,phi_rec_4,0,0,0,research,2025-05-13T13:09:17,benign
log_2214,doc_4,read_phi,phi_rec_133,1,1,0,diagnosis,2025-08-19T17:13:26,benign
log_2215,doc_0,read_phi,phi_rec_92,1,0,0,diagnosis,2025-07-09T16:19:51,benign
log_2216,doc_1,read_phi,phi_rec_21,0,0,0,billing,2025-01-01T03:12:36,benign
log_2217,doc_4,read_phi,phi_rec_148,0,0,0,billing,2025-08-05T15:53:05,benign
log_2218,doc_1,read_phi,phi_rec_82,0,0,0,marketing,2025-02-09T21:31:47,benign
log_2219,doc_2,read_phi,phi_rec_60,0,0,0,billing,2025-06-05T05:27:17,benign
log_2220,doc_3,read_phi,phi_rec_90,0,0,0,marketing,2025-04-21T14:46:12,benign
log_2221,doc_3,read_phi,phi_rec_6,1,1,0,diagnosis,2025-04-03T19:19:24,benign
log_2222,doc_3,read_phi,phi_rec_43,0,0,0,billing,2025-07-31T12:30:05,benign
log_2223,doc_4,read_phi,phi_rec_99,0,0,0,billing,2025-03-22T07:50:10,benign
log_2224,doc_1,read_phi,phi_rec_21,1,1,0,diagnosis,2025-02-08T11:03:40,benign
log_2225,doc_3,read_phi,phi_rec_108,1,0,0,research,2025-07-17T16:27:54,benign
log_2226,doc_0,read_phi,phi_rec_136,0,0,0,marketing,2025-05-14T01:15:06,benign
log_2227,doc_4,read_phi,phi_rec_56,1,1,0,diagnosis,2025-06-09T23:07:23,benign
log_2228,doc_4,read_phi,phi_rec_40,0,1,0,research,2025-03-03T04:41:20,benign
log_2229,doc_1,read_phi,phi_rec_21,1,1,0,research,2025-04-04T00:35:24,benign
log_2230,doc_2,read_phi,phi_rec_89,1,1,0,diagnosis,2025-08-27T18:05:20,benign
log_2231,doc_4,read_phi,phi_rec_148,0,0,0,marketing,2025-06-14T19:53:24,benign
log_2232,doc_1,read_phi,phi_rec_54,1,1,0,diagnosis,2025-08-08T17:47:50,benign
log_2233,bclerk_0,read_phi,phi_rec_27,0,0,1,billing,2025-07-11T20:16:20,benign
log_2234,doc_2,read_phi,phi_rec_161,0,1,0,diagnosis,2025-06-16T04:16:28,benign
log_2235,bclerk_0,read_phi,phi_rec_62,0,0,1,billing,2025-06-23T07:23:28,benign
log_2236,doc_1,read_phi,phi_rec_176,0,0,0,billing,2025-08-19T15:59:14,benign
log_2237,doc_4,read_phi,phi_rec_74,0,0,0,billing,2025-02-20T01:08:45,benign
log_2238,doc_2,read_phi,phi_rec_60,1,1,0,diagnosis,2025-07-30T20:47:49,benign
log_2239,doc_4,read_phi,phi_rec_99,0,0,0,marketing,2025-04-29T07:59:47,benign
log_2240,doc_4,read_phi,phi_rec_32,0,0,0,marketing,2025-02-04T07:10:10,benign
log_2241,doc_0,read_phi,phi_rec_67,0,0,0,marketing,2025-02-11T06:11:49,benign
log_2242,doc_2,read_phi,phi_rec_22,1,0,0,research,2025-08-04T20:14:42,violation_gdpr_art18
log_2243,doc_1,read_phi,phi_rec_13,0,0,0,marketing,2025-08-22T03:35:23,benign
log_2244,doc_1,read_phi,phi_rec_48,0,0,0,billing,2025-01-03T14:31:43,benign
log_2245,bclerk_0,read_phi,phi_rec_12,0,0,1,billing,2025-08-27T16:50:09,benign
log_2246,doc_3,read_phi,phi_rec_57,0,1,0,diagnosis,2025-05-25T20:31:26,benign
log_2247,doc_2,read_phi,phi_rec_75,1,0,0,diagnosis,2025-02-14T01:16:32,benign
log_2248,bclerk_0,read_phi,phi_rec_103,0,0,1,billing,2025-07-27T16:06:59,benign
log_2249,doc_1,read_phi,phi_rec_151,0,0,0,marketing,2025-08-07T15:27:31,benign
log_2250,doc_3,read_phi,phi_rec_62,1,0,0,research,2025-03-28T17:25:37,benign
log_2251,doc_1,read_phi,phi_rec_84,0,0,0,billing,2025-08-29T03:44:32,benign
log_2252,doc_4,read_phi,phi_rec_140,1,1,0,diagnosis,2025-08-13T00:33:11,benign
log_2253,doc_3,read_phi,phi_rec_158,1,1,0,diagnosis,2025-03-06T21:49:46,benign
log_2254,doc_0,read_phi,phi_rec_58,0,0,0,billing,2025-08-17T18:30:44,benign
log_2255,bclerk_0,read_phi,phi_rec_114,0,1,0,billing,2025-03-29T22:45:53,violation_hipaa_min_necessary
log_2256,bclerk_0,read_phi,phi_rec_195,0,0,1,billing,2025-03-03T10:35:52,benign
log_2257,doc_4,read_phi,phi_rec_190,1,0,0,diagnosis,2025-08-26T11:37:44,benign
log_2258,doc_0,read_phi,phi_rec_136,1,0,0,research,2025-07-25T00:51:47,benign
log_2259,doc_3,read_phi,phi_rec_198,0,1,0,billing,2025-02-12T04:38:14,violation_hipaa_auth
log_2260,doc_1,read_phi,phi_rec_168,0,0,0,research,2025-07-14T09:11:54,benign
log_2261,doc_2,read_phi,phi_rec_89,0,0,0,marketing,2025-06-07T13:46:52,benign
log_2262,bclerk_0,read_phi,phi_rec_31,0,0,1,billing,2025-08-21T17:45:37,benign
log_2263,bclerk_0,read_phi,phi_rec_25,0,0,1,billing,2025-01-27T02:15:51,benign
log_2264,doc_1,read_phi,phi_rec_125,0,1,0,research,2025-02-20T22:25:03,benign
log_2265,doc_3,read_phi,phi_rec_30,0,0,0,billing,2025-01-28T15:20:31,benign
log_2266,doc_2,read_phi,phi_rec_60,0,0,0,billing,2025-04-07T04:13:13,benign
log_2267,doc_2,read_phi,phi_rec_188,1,1,0,research,2025-04-01T15:20:58,benign
log_2268,doc_2,read_phi,phi_rec_60,0,0,0,marketing,2025-07-18T00:52:12,benign
log_2269,doc_1,read_phi,phi_rec_130,1,1,0,diagnosis,2025-04-07T07:21:41,benign
log_2270,doc_4,read_phi,phi_rec_116,0,0,0,billing,2025-06-26T17:27:16,benign
log_2271,doc_4,read_phi,phi_rec_187,0,1,0,research,2025-06-23T22:38:14,benign
log_2272,doc_0,read_phi,phi_rec_2,0,0,0,billing,2025-06-05T08:13:07,benign
log_2273,bclerk_0,read_phi,phi_rec_148,0,0,1,billing,2025-08-08T17:26:06,benign
log_2274,doc_0,read_phi,phi_rec_138,0,0,0,billing,2025-05-01T09:12:32,benign
log_2275,bclerk_0,read_phi,phi_rec_107,0,0,1,billing,2025-08-03T14:33:15,benign
log_2276,bclerk_0,read_phi,phi_rec_40,0,0,1,billing,2025-07-11T05:27:42,benign
log_2277,doc_0,read_phi,phi_rec_39,1,1,0,research,2025-05-26T23:01:17,benign
log_2278,doc_4,read_phi,phi_rec_10,1,1,0,diagnosis,2025-04-10T18:36:50,benign
log_2279,doc_2,read_phi,phi_rec_110,1,1,0,research,2025-01-14T19:00:29,benign
log_2280,bclerk_0,read_phi,phi_rec_111,0,0,1,billing,2025-01-27T22:36:27,benign
log_2281,doc_1,read_phi,phi_rec_11,1,1,0,research,2025-03-17T05:54:38,benign
log_2282,bclerk_0,read_phi,phi_rec_69,0,0,1,billing,2025-01-18T14:53:35,benign
log_2283,doc_0,read_phi,phi_rec_2,1,1,0,research,2025-06-20T07:38:09,benign
log_2284,bclerk_0,read_phi,phi_rec_148,0,0,1,billing,2025-04-17T09:47:41,benign
log_2285,bclerk_0,read_phi,phi_rec_74,1,0,0,billing,2025-03-24T13:19:59,violation_hipaa_min_necessary
log_2286,doc_1,read_phi,phi_rec_51,1,1,0,research,2025-03-28T22:24:03,benign
log_2287,doc_3,read_phi,phi_rec_26,0,0,0,billing,2025-01-22T09:41:43,benign
log_2288,doc_4,read_phi,phi_rec_78,1,0,0,research,2025-03-16T17:57:10,benign
log_2289,doc_0,read_phi,phi_rec_136,0,0,0,marketing,2025-03-08T12:31:19,benign
log_2290,doc_4,read_phi,phi_rec_133,0,0,0,billing,2025-05-28T06:42:08,benign
log_2291,bclerk_0,read_phi,phi_rec_71,0,0,1,billing,2025-01-03T11:14:29,benign
log_2292,doc_2,read_phi,phi_rec_38,1,1,0,diagnosis,2025-04-16T00:22:45,benign
log_2293,bclerk_0,read_phi,phi_rec_44,0,0,1,billing,2025-04-29T21:59:47,benign
log_2294,doc_3,read_phi,phi_rec_195,0,0,0,billing,2025-01-05T17:24:16,benign
log_2295,doc_3,read_phi,phi_rec_43,0,0,0,billing,2025-06-04T12:43:02,benign
log_2296,bclerk_0,read_phi,phi_rec_154,0,0,1,billing,2025-06-13T04:33:31,benign
log_2297,doc_1,read_phi,phi_rec_33,0,0,0,marketing,2025-01-26T14:12:03,benign
log_2298,doc_4,read_phi,phi_rec_40,1,1,0,diagnosis,2025-05-04T01:35:15,benign
log_2299,doc_1,read_phi,phi_rec_103,0,0,0,billing,2025-07-06T21:25:54,benign
log_2300,doc_3,read_phi,phi_rec_175,0,1,0,research,2025-05-07T10:53:15,violation_gdpr_art18
log_2301,doc_4,read_phi,phi_rec_101,0,1,0,diagnosis,2025-08-20T04:38:04,benign
log_2302,doc_0,read_phi,phi_rec_147,1,1,0,diagnosis,2025-08-12T11:34:42,benign
log_2303,bclerk_0,read_phi,phi_rec_140,0,0,1,billing,2025-02-11T21:35:48,benign
log_2304,doc_0,read_phi,phi_rec_128,1,1,0,diagnosis,2025-06-18T07:10:43,benign
log_2305,doc_4,read_phi,phi_rec_141,1,1,0,diagnosis,2025-03-18T12:00:03,benign
log_2306,doc_4,read_phi,phi_rec_116,0,0,0,billing,2025-07-08T03:49:49,benign
log_2307,doc_4,read_phi,phi_rec_159,0,0,0,billing,2025-01-23T09:18:08,benign
log_2308,doc_2,read_phi,phi_rec_22,0,0,0,marketing,2025-03-08T21:03:02,benign
log_2309,doc_0,read_phi,phi_rec_120,0,1,0,diagnosis,2025-04-14T07:11:30,benign
log_2310,doc_2,read_phi,phi_rec_7,1,1,0,diagnosis,2025-05-18T02:24:09,benign
log_2311,doc_2,read_phi,phi_rec_198,1,1,0,diagnosis,2025-03-25T10:26:07,benign
log_2312,doc_0,read_phi,phi_rec_24,0,1,0,research,2025-01-16T23:36:04,benign
log_2313,bclerk_0,read_phi,phi_rec_27,0,0,1,billing,2025-02-10T20:46:44,benign
log_2314,doc_2,read_phi,phi_rec_88,0,1,0,marketing,2025-05-30T08:37:57,violation_hipaa_auth
log_2315,bclerk_0,read_phi,phi_rec_57,0,0,1,billing,2025-03-20T03:31:05,benign
log_2316,bclerk_0,read_phi,phi_rec_61,0,0,1,billing,2025-02-10T23:34:50,benign
log_2317,doc_3,read_phi,phi_rec_57,0,0,0,billing,2025-05-13T10:06:41,benign
log_2318,doc_4,read_phi,phi_rec_19,1,1,0,diagnosis,2025-06-12T06:53:03,benign
log_2319,doc_1,read_phi,phi_rec_103,1,1,0,diagnosis,2025-05-06T20:31:14,benign
log_2320,doc_4,read_phi,phi_rec_72,0,0,0,marketing,2025-03-17T01:12:31,benign
log_2321,doc_1,read_phi,phi_rec_182,0,0,0,billing,2025-01-10T09:52:47,benign
log_2322,doc_1,read_phi,phi_rec_182,1,1,0,diagnosis,2025-05-17T05:21:52,benign
log_2323,doc_3,read_phi,phi_rec_1,0,0,0,diagnosis,2025-06-25T23:13:49,benign
log_2324,bclerk_0,read_phi,phi_rec_44,0,0,1,billing,2025-06-18T13:56:55,benign
log_2325,doc_0,read_phi,phi_rec_142,1,0,0,diagnosis,2025-04-19T11:02:24,benign
log_2326,doc_2,read_phi,phi_rec_49,0,0,0,marketing,2025-08-20T10:57:08,benign
log_2327,doc_1,read_phi,phi_rec_131,0,0,0,marketing,2025-06-03T15:19:13,benign
log_2328,doc_0,read_phi,phi_rec_160,0,0,0,billing,2025-08-16T00:31:09,benign
log_2329,bclerk_0,read_phi,phi_rec_6,0,0,1,billing,2025-06-13T23:30:46,benign
log_2330,bclerk_0,read_phi,phi_rec_159,0,0,1,billing,2025-04-19T07:44:05,benign
log_2331,doc_4,read_phi,phi_rec_99,1,1,0,diagnosis,2025-04-23T15:08:55,benign
log_2332,bclerk_0,read_phi,phi_rec_191,0,0,1,billing,2025-02-17T13:39:47,benign
log_2333,doc_1,read_phi,phi_rec_139,0,0,0,billing,2025-04-14T19:25:09,benign
log_2334,doc_2,read_phi,phi_rec_89,1,0,0,diagnosis,2025-05-02T03:07:37,benign
log_2335,doc_1,read_phi,phi_rec_168,0,0,0,marketing,2025-02-27T11:19:28,benign
log_2336,doc_1,read_phi,phi_rec_131,1,1,0,diagnosis,2025-06-17T21:24:44,benign
log_2337,doc_1,read_phi,phi_rec_154,0,0,0,billing,2025-02-03T17:40:12,benign
log_2338,doc_2,read_phi,phi_rec_126,0,0,0,billing,2025-06-26T01:33:30,benign
log_2339,doc_0,read_phi,phi_rec_50,0,0,0,billing,2025-03-23T22:34:04,benign
log_2340,bclerk_0,read_phi,phi_rec_55,0,0,1,billing,2025-01-23T23:58:14,benign
log_2341,bclerk_0,read_phi,phi_rec_140,0,0,1,billing,2025-01-09T06:31:39,benign
log_2342,doc_2,read_phi,phi_rec_165,0,0,0,billing,2025-08-16T05:53:00,benign
log_2343,bclerk_0,read_phi,phi_rec_176,0,0,1,billing,2025-04-07T09:34:24,benign
log_2344,doc_4,read_phi,phi_rec_72,1,1,0,diagnosis,2025-06-01T20:49:21,benign
log_2345,doc_2,read_phi,phi_rec_100,1,1,0,diagnosis,2025-02-01T06:45:57,benign
log_2346,doc_1,read_phi,phi_rec_13,0,0,0,billing,2025-05-03T07:11:48,benign
log_2347,doc_4,read_phi,phi_rec_134,0,1,0,research,2025-08-05T17:45:33,benign
log_2348,doc_0,read_phi,phi_rec_59,1,1,0,research,2025-03-07T14:15:17,benign
log_2349,doc_1,read_phi,phi_rec_184,0,0,0,research,2025-07-05T20:59:42,benign
log_2350,bclerk_0,read_phi,phi_rec_83,0,0,1,billing,2025-03-23T09:48:22,benign
log_2351,doc_3,read_phi,phi_rec_0,0,0,0,billing,2025-08-02T19:02:56,benign
log_2352,doc_4,read_phi,phi_rec_4,1,1,0,research,2025-08-02T12:26:31,benign
log_2353,bclerk_0,read_phi,phi_rec_17,0,0,1,billing,2025-01-20T19:39:18,benign
log_2354,doc_2,read_phi,phi_rec_121,0,0,0,billing,2025-06-08T05:48:44,benign
log_2355,doc_0,read_phi,phi_rec_149,1,0,0,research,2025-05-23T23:05:25,benign
log_2356,bclerk_0,read_phi,phi_rec_76,0,0,1,billing,2025-06-05T05:36:55,benign
log_2357,doc_4,read_phi,phi_rec_180,0,1,0,diagnosis,2025-05-25T10:38:46,benign
log_2358,bclerk_0,read_phi,phi_rec_20,0,0,1,billing,2025-07-28T16:02:23,benign
log_2359,doc_0,read_phi,phi_rec_58,0,0,0,billing,2025-04-29T11:08:29,benign
log_2360,bclerk_0,read_phi,phi_rec_102,0,0,1,billing,2025-05-03T05:49:32,benign
log_2361,doc_3,read_phi,phi_rec_167,0,0,0,billing,2025-08-17T22:13:27,benign
log_2362,doc_4,read_phi,phi_rec_34,0,1,0,research,2025-07-17T15:59:41,benign
log_2363,doc_0,read_phi,phi_rec_128,1,1,0,diagnosis,2025-02-27T13:54:59,benign
log_2364,doc_0,read_phi,phi_rec_162,1,0,0,diagnosis,2025-04-20T11:42:35,benign
log_2365,doc_4,read_phi,phi_rec_148,1,0,0,diagnosis,2025-05-17T01:14:22,benign
log_2366,doc_3,read_phi,phi_rec_108,0,0,0,billing,2025-03-26T21:24:56,benign
log_2367,doc_2,read_phi,phi_rec_18,0,0,0,billing,2025-05-02T10:06:29,benign
log_2368,doc_3,read_phi,phi_rec_167,0,1,0,research,2025-07-29T09:26:58,benign
log_2369,doc_2,read_phi,phi_rec_124,0,0,0,billing,2025-01-07T04:01:33,benign
log_2370,doc_0,read_phi,phi_rec_189,0,0,0,billing,2025-08-13T05:45:32,benign
log_2371,doc_4,read_phi,phi_rec_34,0,0,0,marketing,2025-02-19T16:19:15,benign
log_2372,doc_3,read_phi,phi_rec_129,0,1,0,marketing,2025-01-26T04:41:23,violation_hipaa_auth
log_2373,bclerk_0,read_phi,phi_rec_164,0,0,1,billing,2025-05-04T11:24:12,benign
log_2374,doc_1,read_phi,phi_rec_84,0,0,0,billing,2025-04-19T11:16:57,benign
log_2375,doc_4,read_phi,phi_rec_196,0,0,0,billing,2025-02-15T21:48:02,benign
log_2376,doc_1,read_phi,phi_rec_11,0,0,0,marketing,2025-02-12T09:29:44,benign
log_2377,bclerk_0,read_phi,phi_rec_31,0,0,1,billing,2025-05-01T05:43:02,benign
log_2378,doc_0,read_phi,phi_rec_155,0,0,0,billing,2025-05-10T10:47:33,benign
log_2379,doc_2,read_phi,phi_rec_60,0,0,0,marketing,2025-04-18T17:55:56,benign
log_2380,doc_0,read_phi,phi_rec_137,0,1,0,diagnosis,2025-07-20T04:20:35,benign
log_2381,doc_1,read_phi,phi_rec_163,0,0,0,billing,2025-08-02T16:50:02,benign
log_2382,doc_2,read_phi,phi_rec_75,0,0,0,billing,2025-02-08T01:00:17,benign
log_2383,bclerk_0,read_phi,phi_rec_138,0,0,1,billing,2025-08-04T14:43:33,benign
log_2384,doc_4,read_phi,phi_rec_101,1,1,0,diagnosis,2025-08-17T15:17:18,benign
log_2385,doc_4,read_phi,phi_rec_133,0,0,0,billing,2025-01-07T16:14:04,benign
log_2386,bclerk_0,read_phi,phi_rec_40,0,0,1,billing,2025-01-20T12:05:07,benign
log_2387,bclerk_0,read_phi,phi_rec_199,0,0,1,billing,2025-04-11T05:32:07,benign
log_2388,doc_1,read_phi,phi_rec_119,0,1,0,research,2025-03-13T18:17:10,violation_gdpr_art18
log_2389,bclerk_0,read_phi,phi_rec_42,0,0,1,billing,2025-04-07T19:27:25,benign
log_2390,doc_4,read_phi,phi_rec_61,0,0,0,billing,2025-02-22T15:48:54,benign
log_2391,bclerk_0,read_phi,phi_rec_175,0,0,1,billing,2025-07-01T19:15:48,benign
log_2392,bclerk_0,read_phi,phi_rec_155,0,0,1,billing,2025-08-03T23:31:23,benign
log_2393,doc_0,read_phi,phi_rec_169,0,0,0,marketing,2025-06-29T06:50:48,benign
log_2394,doc_0,read_phi,phi_rec_136,0,0,0,research,2025-02-23T15:18:02,benign
log_2395,bclerk_0,read_phi,phi_rec_143,1,0,0,billing,2025-01-28T16:03:49,violation_hipaa_min_necessary
log_2396,bclerk_0,read_phi,phi_rec_75,0,0,1,marketing,2025-04-09T23:06:49,violation_gdpr_art18
log_2397,bclerk_0,read_phi,phi_rec_172,0,0,1,marketing,2025-04-03T06:57:46,violation_gdpr_art18
log_2398,doc_4,read_phi,phi_rec_70,0,0,0,marketing,2025-07-02T23:45:58,benign
log_2399,doc_1,read_phi,phi_rec_184,0,0,0,billing,2025-01-31T15:07:59,benign
log_2400,doc_0,read_phi,phi_rec_44,0,0,0,billing,2025-06-26T20:41:13,benign
log_2401,bclerk_0,read_phi,phi_rec_160,0,0,1,billing,2025-03-07T17:39:19,benign
log_2402,doc_0,read_phi,phi_rec_149,0,0,0,billing,2025-07-15T00:06:11,benign
log_2403,doc_2,read_phi,phi_rec_75,0,0,0,billing,2025-03-20T16:23:30,benign
log_2404,doc_2,read_phi,phi_rec_178,0,0,0,billing,2025-05-22T21:08:40,benign
log_2405,doc_0,read_phi,phi_rec_132,1,1,0,research,2025-05-11T06:38:01,benign
log_2406,doc_2,read_phi,phi_rec_198,1,0,0,diagnosis,2025-02-10T01:00:44,benign
log_2407,doc_4,read_phi,phi_rec_157,0,1,0,diagnosis,2025-01-21T03:54:44,benign
log_2408,doc_4,read_phi,phi_rec_73,1,1,0,research,2025-01-22T17:08:17,benign
log_2409,doc_4,read_phi,phi_rec_17,1,1,0,research,2025-02-02T03:39:38,benign
log_2410,doc_0,read_phi,phi_rec_138,0,0,0,billing,2025-07-02T00:44:55,benign
log_2411,doc_0,read_phi,phi_rec_144,1,1,0,research,2025-01-05T03:36:26,benign
log_2412,doc_2,read_phi,phi_rec_89,1,1,0,research,2025-03-25T22:36:28,benign
log_2413,doc_4,read_phi,phi_rec_40,0,0,0,billing,2025-05-01T23:59:47,benign
log_2414,doc_1,read_phi,phi_rec_154,0,0,0,billing,2025-01-19T08:30:42,benign
log_2415,doc_1,read_phi,phi_rec_102,0,1,0,diagnosis,2025-07-30T14:05:22,benign
log_2416,doc_4,read_phi,phi_rec_65,0,1,0,diagnosis,2025-07-16T01:51:30,benign
log_2417,doc_2,read_phi,phi_rec_121,0,0,0,marketing,2025-05-05T15:32:46,benign
log_2418,doc_2,read_phi,phi_rec_110,1,0,0,diagnosis,2025-05-10T23:31:45,benign
log_2419,doc_1,read_phi,phi_rec_54,1,1,0,diagnosis,2025-06-22T10:58:56,benign
log_2420,doc_4,read_phi,phi_rec_113,0,0,0,billing,2025-03-18T03:10:42,benign
log_2421,doc_4,read_phi,phi_rec_148,0,0,0,billing,2025-03-10T16:35:16,benign
log_2422,doc_0,read_phi,phi_rec_28,0,0,0,billing,2025-01-18T10:14:21,benign
log_2423,bclerk_0,read_phi,phi_rec_161,0,0,1,billing,2025-07-06T14:20:08,benign
log_2424,doc_3,read_phi,phi_rec_194,0,1,0,research,2025-07-06T14:44:20,benign
log_2425,bclerk_0,read_phi,phi_rec_102,0,0,1,billing,2025-05-14T08:20:23,benign
log_2426,doc_4,read_phi,phi_rec_104,0,0,0,marketing,2025-07-24T16:07:10,benign
log_2427,doc_4,read_phi,phi_rec_134,1,1,0,research,2025-05-21T15:09:28,benign
log_2428,doc_1,read_phi,phi_rec_185,0,0,0,marketing,2025-02-07T03:21:59,benign
log_2429,bclerk_0,read_phi,phi_rec_181,0,0,1,billing,2025-03-04T16:50:20,benign
log_2430,doc_1,read_phi,phi_rec_55,0,0,0,billing,2025-08-06T09:31:59,benign
log_2431,doc_4,read_phi,phi_rec_20,0,0,0,marketing,2025-05-01T13:00:13,benign
log_2432,bclerk_0,read_phi,phi_rec_126,0,0,1,billing,2025-04-09T08:12:11,benign
log_2433,doc_0,read_phi,phi_rec_160,0,0,0,billing,2025-01-30T10:06:07,benign
log_2434,doc_4,read_phi,phi_rec_73,1,0,0,research,2025-08-27T05:28:53,benign
log_2435,doc_1,read_phi,phi_rec_51,1,1,0,diagnosis,2025-05-27T08:42:38,benign
log_2436,doc_1,read_phi,phi_rec_151,1,1,0,diagnosis,2025-07-05T01:31:58,benign
log_2437,doc_2,read_phi,phi_rec_188,0,0,0,marketing,2025-04-14T12:16:52,benign
log_2438,doc_4,read_phi,phi_rec_197,0,0,0,billing,2025-04-15T21:57:21,benign
log_2439,doc_4,read_phi,phi_rec_4,1,1,0,diagnosis,2025-05-05T05:58:40,benign
log_2440,doc_2,read_phi,phi_rec_29,0,0,0,billing,2025-07-03T08:02:21,benign
log_2441,bclerk_0,read_phi,phi_rec_65,1,0,0,billing,2025-02-02T16:08:49,violation_hipaa_min_necessary
log_2442,doc_4,read_phi,phi_rec_45,1,1,0,diagnosis,2025-02-12T16:49:04,benign
log_2443,doc_0,read_phi,phi_rec_136,0,0,0,marketing,2025-02-25T06:26:47,benign
log_2444,bclerk_0,read_phi,phi_rec_199,0,0,1,billing,2025-05-18T06:17:14,benign
log_2445,doc_3,read_phi,phi_rec_194,0,0,0,marketing,2025-07-28T02:21:32,benign
log_2446,doc_0,read_phi,phi_rec_16,0,0,0,billing,2025-01-20T13:04:25,benign
log_2447,doc_1,read_phi,phi_rec_125,0,0,0,billing,2025-02-28T05:00:49,benign
log_2448,doc_1,read_phi,phi_rec_168,0,0,0,billing,2025-04-21T21:10:05,benign
log_2449,doc_0,read_phi,phi_rec_28,1,1,0,diagnosis,2025-01-07T14:24:52,benign
log_2450,bclerk_0,read_phi,phi_rec_89,0,0,1,billing,2025-08-29T00:57:10,benign
log_2451,doc_2,read_phi,phi_rec_107,0,0,0,marketing,2025-05-16T08:47:07,benign
log_2452,bclerk_0,read_phi,phi_rec_162,0,0,1,billing,2025-08-15T00:44:01,benign
log_2453,doc_3,read_phi,phi_rec_62,1,1,0,diagnosis,2025-01-07T23:15:57,benign
log_2454,bclerk_0,read_phi,phi_rec_60,0,0,1,billing,2025-05-05T18:59:34,benign
log_2455,doc_4,read_phi,phi_rec_4,1,1,0,research,2025-05-02T18:42:03,benign
log_2456,doc_1,read_phi,phi_rec_154,0,0,0,marketing,2025-03-16T15:17:55,benign
log_2457,doc_2,read_phi,phi_rec_69,0,0,0,billing,2025-08-29T10:42:22,benign
log_2458,bclerk_0,read_phi,phi_rec_51,0,0,1,billing,2025-01-02T23:29:04,benign
log_2459,bclerk_0,read_phi,phi_rec_185,0,0,1,billing,2025-01-20T22:18:14,benign
log_2460,doc_0,read_phi,phi_rec_111,0,0,0,marketing,2025-03-21T15:44:12,benign
log_2461,doc_2,read_phi,phi_rec_47,1,1,0,research,2025-06-12T09:25:15,benign
log_2462,bclerk_0,read_phi,phi_rec_21,0,1,0,billing,2025-07-13T08:50:04,violation_hipaa_min_necessary
log_2463,doc_4,read_phi,phi_rec_32,0,0,0,marketing,2025-01-15T02:51:06,benign
log_2464,doc_2,read_phi,phi_rec_9,1,1,0,diagnosis,2025-06-07T04:03:26,benign
log_2465,bclerk_0,read_phi,phi_rec_129,0,0,1,billing,2025-03-27T14:17:56,benign
log_2466,doc_4,read_phi,phi_rec_180,0,0,0,billing,2025-03-03T22:12:08,benign
log_2467,doc_3,read_phi,phi_rec_171,0,0,0,billing,2025-04-15T15:18:31,benign
log_2468,doc_3,read_phi,phi_rec_175,0,0,0,marketing,2025-02-01T18:15:17,benign
log_2469,doc_0,read_phi,phi_rec_147,1,1,0,diagnosis,2025-04-09T09:44:55,benign
log_2470,doc_4,read_phi,phi_rec_99,0,0,0,billing,2025-01-24T06:15:08,benign
log_2471,bclerk_0,read_phi,phi_rec_148,0,0,1,billing,2025-06-15T19:11:30,benign
log_2472,bclerk_0,read_phi,phi_rec_12,0,0,1,billing,2025-01-18T10:28:09,benign
log_2473,doc_1,read_phi,phi_rec_93,0,0,0,marketing,2025-04-13T23:21:29,benign
log_2474,doc_1,read_phi,phi_rec_51,1,1,0,research,2025-06-08T06:54:51,benign
log_2475,doc_1,read_phi,phi_rec_71,0,0,0,marketing,2025-05-26T02:55:19,benign
log_2476,doc_0,read_phi,phi_rec_152,1,0,0,diagnosis,2025-03-17T21:55:13,benign
log_2477,doc_0,read_phi,phi_rec_137,1,1,0,diagnosis,2025-03-19T02:53:44,benign
log_2478,doc_2,read_phi,phi_rec_165,0,0,0,marketing,2025-02-23T01:57:41,benign
log_2479,doc_4,read_phi,phi_rec_20,1,1,0,research,2025-03-25T11:13:40,benign
log_2480,doc_2,read_phi,phi_rec_38,0,0,0,billing,2025-02-10T15:19:13,benign
log_2481,doc_2,read_phi,phi_rec_117,1,0,0,diagnosis,2025-08-25T13:37:41,benign
log_2482,doc_0,read_phi,phi_rec_146,0,1,0,research,2025-08-27T01:26:55,benign
log_2483,doc_0,read_phi,phi_rec_160,0,0,0,marketing,2025-02-13T15:36:21,benign
log_2484,doc_4,read_phi,phi_rec_27,0,1,0,diagnosis,2025-08-10T14:26:59,benign
log_2485,doc_1,read_phi,phi_rec_15,0,1,0,diagnosis,2025-08-28T08:49:07,benign
log_2486,doc_2,read_phi,phi_rec_83,0,0,0,marketing,2025-04-19T00:42:15,benign
log_2487,bclerk_0,read_phi,phi_rec_147,0,0,1,billing,2025-05-08T21:40:39,benign
log_2488,bclerk_0,read_phi,phi_rec_130,0,0,1,billing,2025-05-15T13:20:07,benign
log_2489,doc_2,read_phi,phi_rec_110,0,0,0,billing,2025-02-01T13:04:08,benign
log_2490,bclerk_0,read_phi,phi_rec_52,0,0,1,billing,2025-06-24T12:01:44,benign
log_2491,bclerk_0,read_phi,phi_rec_149,0,0,1,billing,2025-03-22T03:53:19,benign
log_2492,bclerk_0,read_phi,phi_rec_80,0,0,1,billing,2025-06-21T21:18:07,benign
log_2493,doc_0,read_phi,phi_rec_50,0,0,0,billing,2025-07-14T04:24:49,benign
log_2494,doc_0,read_phi,phi_rec_91,0,1,0,research,2025-02-11T13:57:20,benign
log_2495,doc_2,read_phi,phi_rec_80,0,0,0,billing,2025-03-10T20:28:16,benign
log_2496,doc_2,read_phi,phi_rec_69,0,1,0,diagnosis,2025-01-26T05:32:49,benign
log_2497,bclerk_0,read_phi,phi_rec_61,0,0,1,billing,2025-03-31T20:27:21,benign
log_2498,doc_4,read_phi,phi_rec_197,1,0,0,diagnosis,2025-06-26T01:15:58,benign
log_2499,doc_4,read_phi,phi_rec_148,1,1,0,diagnosis,2025-01-09T06:09:07,benign
log_2500,bclerk_0,read_phi,phi_rec_169,0,0,1,billing,2025-06-30T13:58:18,benign
log_2501,doc_4,read_phi,phi_rec_196,0,0,0,marketing,2025-05-17T10:26:24,benign
log_2502,bclerk_0,read_phi,phi_rec_32,0,0,1,billing,2025-03-07T01:12:25,benign
log_2503,doc_4,read_phi,phi_rec_10,0,0,0,billing,2025-01-13T07:29:28,benign
log_2504,bclerk_0,read_phi,phi_rec_32,0,0,1,billing,2025-02-23T00:21:48,benign
log_2505,bclerk_0,read_phi,phi_rec_157,0,0,1,billing,2025-03-15T04:59:35,benign
log_2506,doc_4,read_phi,phi_rec_196,0,0,0,billing,2025-04-03T16:28:22,benign
log_2507,doc_0,read_phi,phi_rec_160,1,1,0,diagnosis,2025-02-17T07:12:10,benign
log_2508,bclerk_0,read_phi,phi_rec_161,0,0,1,billing,2025-05-23T20:52:42,benign
log_2509,doc_4,read_phi,phi_rec_65,0,0,0,marketing,2025-08-02T00:44:50,benign
log_2510,doc_4,read_phi,phi_rec_190,0,0,0,billing,2025-02-08T19:52:26,benign
log_2511,doc_3,read_phi,phi_rec_171,0,1,0,research,2025-04-22T23:47:19,benign
log_2512,doc_2,read_phi,phi_rec_165,0,0,0,billing,2025-08-26T18:33:44,benign
log_2513,doc_1,read_phi,phi_rec_118,1,1,0,diagnosis,2025-07-09T17:44:45,benign
log_2514,doc_0,read_phi,phi_rec_155,0,0,0,billing,2025-07-08T01:38:42,benign
log_2515,doc_4,read_phi,phi_rec_101,1,1,0,diagnosis,2025-05-26T23:29:45,benign
log_2516,doc_1,read_phi,phi_rec_185,1,0,0,research,2025-03-30T11:50:15,benign
log_2517,doc_4,read_phi,phi_rec_45,0,0,0,billing,2025-03-30T13:02:17,benign
log_2518,doc_4,read_phi,phi_rec_97,1,1,0,diagnosis,2025-08-04T16:25:22,benign
log_2519,doc_4,read_phi,phi_rec_88,0,1,0,research,2025-01-24T01:41:09,benign
log_2520,doc_3,read_phi,phi_rec_158,0,1,0,diagnosis,2025-05-16T14:59:32,benign
log_2521,doc_3,read_phi,phi_rec_0,0,0,0,marketing,2025-05-12T20:26:24,benign
log_2522,doc_4,read_phi,phi_rec_180,0,1,0,research,2025-07-09T07:43:25,violation_gdpr_art18
log_2523,doc_1,read_phi,phi_rec_102,0,0,0,marketing,2025-03-12T08:29:20,benign
log_2524,doc_3,read_phi,phi_rec_30,0,0,0,billing,2025-03-15T08:24:29,benign
log_2525,doc_2,read_phi,phi_rec_49,1,1,0,diagnosis,2025-07-31T18:37:15,benign
log_2526,bclerk_0,read_phi,phi_rec_194,0,1,0,billing,2025-07-31T11:17:31,violation_hipaa_min_necessary
log_2527,bclerk_0,read_phi,phi_rec_31,0,0,1,billing,2025-07-09T15:29:39,benign
log_2528,bclerk_0,read_phi,phi_rec_25,0,0,1,billing,2025-01-02T04:43:52,benign
log_2529,doc_2,read_phi,phi_rec_117,1,1,0,diagnosis,2025-06-15T15:43:56,benign
log_2530,bclerk_0,read_phi,phi_rec_8,0,0,1,billing,2025-06-19T20:17:05,benign
log_2531,doc_0,read_phi,phi_rec_77,1,1,0,research,2025-01-27T02:18:03,benign
log_2532,doc_3,read_phi,phi_rec_98,0,0,0,billing,2025-01-09T12:05:31,benign
log_2533,doc_3,read_phi,phi_rec_127,1,1,0,research,2025-04-27T10:55:33,benign
log_2534,doc_4,read_phi,phi_rec_135,1,1,0,diagnosis,2025-03-12T20:37:03,benign
log_2535,doc_0,read_phi,phi_rec_41,1,1,0,diagnosis,2025-08-27T19:21:00,benign
log_2536,bclerk_0,read_phi,phi_rec_106,0,0,1,billing,2025-01-06T23:39:38,benign
log_2537,doc_3,read_phi,phi_rec_167,0,0,0,marketing,2025-04-25T02:15:15,benign
log_2538,doc_1,read_phi,phi_rec_154,0,0,0,marketing,2025-05-16T17:08:49,benign
log_2539,doc_2,read_phi,phi_rec_3,1,1,0,diagnosis,2025-04-17T00:15:09,benign
log_2540,bclerk_0,read_phi,phi_rec_193,1,0,0,billing,2025-01-19T13:00:22,violation_hipaa_min_necessary
log_2541,doc_1,read_phi,phi_rec_119,0,0,0,billing,2025-07-20T06:49:31,benign
log_2542,doc_2,read_phi,phi_rec_198,0,0,0,billing,2025-02-26T15:39:23,benign
log_2543,doc_4,read_phi,phi_rec_45,1,0,0,diagnosis,2025-05-16T01:13:05,benign
log_2544,bclerk_0,read_phi,phi_rec_170,0,0,1,billing,2025-06-16T09:25:14,benign
log_2545,bclerk_0,read_phi,phi_rec_51,0,0,1,billing,2025-04-09T22:18:39,benign
log_2546,bclerk_0,read_phi,phi_rec_24,0,0,1,billing,2025-05-23T11:43:07,benign
log_2547,doc_2,read_phi,phi_rec_25,1,1,0,diagnosis,2025-08-27T08:52:58,benign
log_2548,doc_1,read_phi,phi_rec_185,1,1,0,research,2025-05-21T06:50:59,benign
log_2549,doc_1,read_phi,phi_rec_168,0,0,0,marketing,2025-01-13T08:35:28,benign
log_2550,doc_3,read_phi,phi_rec_171,0,0,0,marketing,2025-08-03T03:17:14,benign
log_2551,doc_4,read_phi,phi_rec_101,0,0,0,marketing,2025-04-19T04:32:56,benign
log_2552,bclerk_0,read_phi,phi_rec_100,0,0,1,billing,2025-01-05T03:47:44,benign
log_2553,doc_0,read_phi,phi_rec_164,0,0,0,billing,2025-07-24T18:38:15,benign
log_2554,doc_0,read_phi,phi_rec_144,1,1,0,diagnosis,2025-02-02T13:45:17,benign
log_2555,doc_2,read_phi,phi_rec_188,0,0,0,marketing,2025-02-06T07:14:19,benign
log_2556,doc_0,read_phi,phi_rec_87,1,1,0,research,2025-05-08T04:27:33,benign
log_2557,bclerk_0,read_phi,phi_rec_100,0,0,1,billing,2025-03-10T11:51:51,benign
log_2558,bclerk_0,read_phi,phi_rec_135,0,0,1,billing,2025-03-06T08:03:24,benign
log_2559,doc_4,read_phi,phi_rec_159,0,0,0,marketing,2025-07-26T13:36:18,benign
log_2560,doc_3,read_phi,phi_rec_175,0,0,0,marketing,2025-08-02T06:36:18,benign
log_2561,bclerk_0,read_phi,phi_rec_196,0,0,1,billing,2025-04-17T07:57:12,benign
log_2562,doc_3,read_phi,phi_rec_195,0,0,0,billing,2025-07-23T01:31:34,benign
log_2563,doc_1,read_phi,phi_rec_125,1,1,0,diagnosis,2025-07-29T02:24:40,benign
log_2564,bclerk_0,read_phi,phi_rec_70,0,0,1,billing,2025-03-06T00:45:12,benign
log_2565,doc_3,read_phi,phi_rec_43,1,1,0,research,2025-06-29T00:51:14,benign
log_2566,bclerk_0,read_phi,phi_rec_21,0,0,1,billing,2025-02-05T10:40:00,benign
log_2567,doc_2,read_phi,phi_rec_80,1,0,0,diagnosis,2025-06-28T07:07:33,benign
log_2568,doc_3,read_phi,phi_rec_36,0,0,0,billing,2025-08-08T12:29:47,benign
log_2569,doc_2,read_phi,phi_rec_29,1,1,0,research,2025-05-03T09:39:28,benign
log_2570,doc_3,read_phi,phi_rec_35,1,1,0,research,2025-04-17T01:18:59,benign
log_2571,doc_4,read_phi,phi_rec_148,0,0,0,billing,2025-01-07T14:37:57,benign
log_2572,doc_1,read_phi,phi_rec_163,1,1,0,diagnosis,2025-04-23T04:38:42,benign
log_2573,doc_1,read_phi,phi_rec_84,0,0,0,billing,2025-07-01T01:18:44,benign
log_2574,doc_2,read_phi,phi_rec_29,0,0,0,billing,2025-08-23T10:18:36,benign
log_2575,doc_3,read_phi,phi_rec_175,0,0,0,marketing,2025-05-11T10:10:31,benign
log_2576,doc_3,read_phi,phi_rec_143,1,1,0,diagnosis,2025-08-27T14:14:49,benign
log_2577,doc_4,read_phi,phi_rec_170,0,0,0,marketing,2025-03-17T08:24:34,benign
log_2578,doc_4,read_phi,phi_rec_81,0,1,0,diagnosis,2025-05-29T06:05:49,benign
log_2579,doc_2,read_phi,phi_rec_29,0,0,0,billing,2025-06-25T16:28:54,benign
log_2580,doc_1,read_phi,phi_rec_168,0,0,0,billing,2025-08-27T04:14:50,benign
log_2581,doc_0,read_phi,phi_rec_63,0,0,0,billing,2025-05-15T21:34:39,benign
log_2582,doc_4,read_phi,phi_rec_40,0,1,0,research,2025-05-08T04:31:07,benign
log_2583,doc_1,read_phi,phi_rec_150,1,1,0,research,2025-04-20T17:37:34,benign
log_2584,doc_2,read_phi,phi_rec_126,0,0,0,billing,2025-07-03T18:48:51,benign
log_2585,doc_0,read_phi,phi_rec_138,0,0,0,marketing,2025-06-02T00:20:53,benign
log_2586,bclerk_0,read_phi,phi_rec_30,0,0,1,billing,2025-01-26T20:26:38,benign
log_2587,doc_1,read_phi,phi_rec_82,0,1,0,research,2025-08-04T05:29:08,violation_gdpr_art18
log_2588,doc_1,read_phi,phi_rec_11,0,0,0,billing,2025-02-25T11:44:16,benign
log_2589,doc_4,read_phi,phi_rec_73,1,1,0,research,2025-07-06T23:38:01,benign
log_2590,doc_0,read_phi,phi_rec_91,1,1,0,research,2025-07-17T19:03:56,benign
log_2591,bclerk_0,read_phi,phi_rec_62,0,0,1,billing,2025-03-20T02:13:06,benign
log_2592,doc_4,read_phi,phi_rec_101,0,0,0,marketing,2025-08-11T04:16:28,benign
log_2593,bclerk_0,read_phi,phi_rec_194,0,0,1,billing,2025-07-07T07:06:22,benign
log_2594,doc_0,read_phi,phi_rec_114,1,0,0,diagnosis,2025-08-25T18:30:03,benign
log_2595,bclerk_0,read_phi,phi_rec_55,1,0,0,billing,2025-07-21T04:44:29,violation_hipaa_min_necessary
log_2596,doc_3,read_phi,phi_rec_79,0,0,0,marketing,2025-07-08T09:28:15,benign
log_2597,doc_0,read_phi,phi_rec_24,1,1,0,research,2025-06-09T00:12:13,benign
log_2598,bclerk_0,read_phi,phi_rec_89,0,0,1,billing,2025-01-13T01:29:48,benign
log_2599,doc_0,read_phi,phi_rec_183,1,1,0,research,2025-08-05T00:49:56,benign
log_2600,doc_0,read_phi,phi_rec_169,0,0,0,billing,2025-02-16T08:33:13,benign
log_2601,bclerk_0,read_phi,phi_rec_180,0,0,1,billing,2025-08-12T01:41:24,benign
log_2602,doc_3,read_phi,phi_rec_191,1,1,0,diagnosis,2025-06-01T09:40:11,benign
log_2603,doc_0,read_phi,phi_rec_59,0,0,0,research,2025-05-18T00:24:05,benign
log_2604,doc_1,read_phi,phi_rec_51,0,1,0,diagnosis,2025-07-08T13:09:04,benign
log_2605,doc_1,read_phi,phi_rec_176,1,0,0,research,2025-02-22T02:32:42,benign
log_2606,doc_4,read_phi,phi_rec_134,0,0,0,billing,2025-06-11T00:43:09,benign
log_2607,doc_4,read_phi,phi_rec_81,0,0,0,billing,2025-02-13T01:36:30,benign
log_2608,doc_1,read_phi,phi_rec_151,0,0,0,marketing,2025-04-05T07:42:17,benign
log_2609,doc_2,read_phi,phi_rec_188,0,0,0,research,2025-08-14T08:33:28,benign
log_2610,doc_1,read_phi,phi_rec_176,1,1,0,diagnosis,2025-01-14T00:15:19,benign
log_2611,doc_1,read_phi,phi_rec_85,1,1,0,diagnosis,2025-08-08T18:39:35,benign
log_2612,bclerk_0,read_phi,phi_rec_110,0,0,1,billing,2025-06-09T22:55:41,benign
log_2613,bclerk_0,read_phi,phi_rec_5,0,0,1,billing,2025-01-12T05:43:15,benign
log_2614,doc_4,read_phi,phi_rec_157,0,0,0,billing,2025-03-09T06:07:18,benign
log_2615,doc_4,read_phi,phi_rec_159,1,1,0,diagnosis,2025-01-24T18:28:39,benign
log_2616,doc_1,read_phi,phi_rec_5,0,1,0,marketing,2025-02-21T12:20:49,violation_hipaa_auth
log_2617,doc_2,read_phi,phi_rec_9,0,0,0,billing,2025-08-04T07:11:41,benign
log_2618,doc_0,read_phi,phi_rec_58,1,1,0,diagnosis,2025-01-18T18:10:19,benign
log_2619,doc_0,read_phi,phi_rec_114,0,0,0,billing,2025-08-27T13:10:04,benign
log_2620,doc_2,read_phi,phi_rec_66,0,0,0,billing,2025-03-06T16:52:02,benign
log_2621,bclerk_0,read_phi,phi_rec_65,0,0,1,billing,2025-06-25T15:53:07,benign
log_2622,doc_3,read_phi,phi_rec_194,0,0,0,marketing,2025-04-02T15:24:36,benign
log_2623,bclerk_0,read_phi,phi_rec_73,0,0,1,billing,2025-04-27T01:23:33,benign
log_2624,bclerk_0,read_phi,phi_rec_24,0,0,1,billing,2025-04-23T22:36:08,benign
log_2625,doc_0,read_phi,phi_rec_142,0,1,0,diagnosis,2025-03-07T23:57:18,benign
log_2626,doc_0,read_phi,phi_rec_169,1,1,0,diagnosis,2025-03-13T20:24:36,benign
log_2627,doc_0,read_phi,phi_rec_44,1,1,0,research,2025-03-16T05:19:52,benign
log_2628,doc_3,read_phi,phi_rec_105,0,0,0,marketing,2025-03-29T02:54:08,benign
log_2629,bclerk_0,read_phi,phi_rec_148,0,0,1,billing,2025-01-09T13:21:50,benign
log_2630,doc_3,read_phi,phi_rec_0,0,0,0,marketing,2025-05-03T11:44:12,benign
log_2631,doc_0,read_phi,phi_rec_164,1,1,0,diagnosis,2025-05-23T21:17:45,benign
log_2632,doc_0,read_phi,phi_rec_41,0,0,0,billing,2025-03-20T12:11:12,benign
log_2633,doc_3,read_phi,phi_rec_76,0,1,0,diagnosis,2025-07-13T17:29:01,benign
log_2634,doc_1,read_phi,phi_rec_51,0,1,0,diagnosis,2025-03-13T23:17:13,benign
log_2635,doc_1,read_phi,phi_rec_48,1,1,0,diagnosis,2025-05-09T07:50:03,benign
log_2636,doc_0,read_phi,phi_rec_42,1,1,0,diagnosis,2025-07-11T16:03:23,benign
log_2637,doc_0,read_phi,phi_rec_142,1,0,0,diagnosis,2025-03-08T11:58:27,benign
log_2638,bclerk_0,read_phi,phi_rec_42,0,0,1,billing,2025-08-02T18:13:31,benign
log_2639,doc_4,read_phi,phi_rec_140,0,0,0,marketing,2025-03-18T22:55:21,benign
log_2640,doc_2,read_phi,phi_rec_14,0,0,0,marketing,2025-04-01T06:16:13,benign
log_2641,doc_0,read_phi,phi_rec_137,0,0,0,billing,2025-08-03T12:01:06,benign
log_2642,doc_4,read_phi,phi_rec_148,0,0,0,marketing,2025-06-11T05:16:21,benign
log_2643,doc_3,read_phi,phi_rec_90,1,1,0,diagnosis,2025-02-22T22:17:29,benign
log_2644,doc_4,read_phi,phi_rec_81,0,1,0,research,2025-08-19T06:39:05,benign
log_2645,doc_2,read_phi,phi_rec_77,0,1,0,research,2025-07-30T21:41:21,violation_hipaa_auth
log_2646,doc_4,read_phi,phi_rec_34,0,0,0,marketing,2025-06-03T15:34:43,benign
log_2647,doc_4,read_phi,phi_rec_141,1,1,0,diagnosis,2025-05-09T15:55:53,benign
log_2648,doc_4,read_phi,phi_rec_101,0,0,0,billing,2025-02-14T20:07:55,benign
log_2649,doc_2,read_phi,phi_rec_9,0,0,0,billing,2025-08-13T22:58:56,benign
log_2650,doc_3,read_phi,phi_rec_180,0,1,0,marketing,2025-04-03T06:22:33,violation_hipaa_auth
log_2651,doc_4,read_phi,phi_rec_135,0,0,0,billing,2025-03-19T19:45:46,benign
log_2652,doc_2,read_phi,phi_rec_165,0,0,0,diagnosis,2025-06-29T10:18:57,benign
log_2653,bclerk_0,read_phi,phi_rec_105,0,0,1,billing,2025-01-08T01:12:08,benign
log_2654,doc_0,read_phi,phi_rec_183,0,0,0,marketing,2025-04-18T08:34:23,benign
log_2655,doc_1,read_phi,phi_rec_54,1,1,0,research,2025-06-17T07:49:37,benign
log_2656,doc_3,read_phi,phi_rec_6,0,0,0,billing,2025-03-10T02:14:34,benign
log_2657,bclerk_0,read_phi,phi_rec_181,0,0,1,billing,2025-04-05T10:20:49,benign
log_2658,doc_0,read_phi,phi_rec_39,1,0,0,research,2025-02-05T10:08:21,benign
log_2659,bclerk_0,read_phi,phi_rec_179,0,0,1,billing,2025-03-07T09:56:33,benign
log_2660,doc_1,read_phi,phi_rec_185,0,0,0,marketing,2025-01-11T09:40:23,benign
log_2661,doc_1,read_phi,phi_rec_185,1,0,0,research,2025-05-04T16:04:14,benign
log_2662,doc_3,read_phi,phi_rec_1,1,1,0,research,2025-03-11T02:54:25,benign
log_2663,doc_2,read_phi,phi_rec_3,0,0,0,billing,2025-07-29T20:40:37,benign
log_2664,doc_3,read_phi,phi_rec_195,1,1,0,diagnosis,2025-06-11T14:59:49,benign
log_2665,doc_0,read_phi,phi_rec_132,0,0,0,billing,2025-02-03T21:58:43,benign
log_2666,doc_1,read_phi,phi_rec_71,1,1,0,diagnosis,2025-07-31T18:20:36,benign
log_2667,bclerk_0,read_phi,phi_rec_107,0,0,1,billing,2025-05-16T14:33:35,benign
log_2668,doc_1,read_phi,phi_rec_103,0,0,0,billing,2025-06-11T20:58:20,benign
log_2669,doc_1,read_phi,phi_rec_33,0,0,0,marketing,2025-01-02T18:57:22,benign
log_2670,doc_1,read_phi,phi_rec_130,0,0,0,billing,2025-03-03T11:23:55,benign
log_2671,doc_1,read_phi,phi_rec_93,1,0,0,diagnosis,2025-02-20T00:35:55,benign
log_2672,doc_3,read_phi,phi_rec_8,1,0,0,diagnosis,2025-06-05T09:21:48,benign
log_2673,doc_0,read_phi,phi_rec_129,0,0,0,billing,2025-01-01T08:35:33,benign
log_2674,doc_4,read_phi,phi_rec_106,1,1,0,diagnosis,2025-01-03T16:55:31,benign
log_2675,doc_1,read_phi,phi_rec_53,0,0,0,billing,2025-04-07T01:44:47,benign
log_2676,doc_2,read_phi,phi_rec_47,1,1,0,research,2025-03-29T00:44:40,benign
log_2677,doc_0,read_phi,phi_rec_39,0,0,0,billing,2025-03-15T11:54:44,benign
log_2678,doc_3,read_phi,phi_rec_62,1,1,0,research,2025-05-06T23:30:55,benign
log_2679,doc_0,read_phi,phi_rec_138,1,1,0,diagnosis,2025-04-19T13:22:43,benign
log_2680,doc_4,read_phi,phi_rec_113,0,0,0,billing,2025-05-09T15:01:20,benign
log_2681,bclerk_0,read_phi,phi_rec_102,0,0,1,billing,2025-04-23T11:51:12,benign
log_2682,doc_2,read_phi,phi_rec_126,1,0,0,research,2025-01-04T23:30:31,benign
log_2683,doc_1,read_phi,phi_rec_151,0,1,0,diagnosis,2025-04-11T03:01:25,benign
log_2684,doc_1,read_phi,phi_rec_163,0,0,0,marketing,2025-04-04T02:23:24,benign
log_2685,doc_4,read_phi,phi_rec_187,1,1,0,diagnosis,2025-01-17T22:31:09,benign
log_2686,doc_4,read_phi,phi_rec_73,0,0,0,marketing,2025-02-26T12:30:47,benign
log_2687,doc_2,read_phi,phi_rec_64,0,0,0,billing,2025-01-09T04:53:18,benign
log_2688,doc_3,read_phi,phi_rec_98,0,0,0,billing,2025-01-13T02:30:26,benign
log_2689,doc_0,read_phi,phi_rec_92,1,1,0,diagnosis,2025-03-24T14:34:14,benign
log_2690,doc_2,read_phi,phi_rec_107,0,0,0,marketing,2025-08-16T08:06:59,benign
log_2691,bclerk_0,read_phi,phi_rec_48,0,0,1,billing,2025-04-05T21:13:57,benign
log_2692,doc_0,read_phi,phi_rec_132,1,1,0,diagnosis,2025-04-26T01:13:35,benign
log_2693,doc_4,read_phi,phi_rec_173,1,1,0,diagnosis,2025-07-16T21:42:06,benign
log_2694,doc_1,read_phi,phi_rec_176,0,0,0,diagnosis,2025-07-25T22:29:50,benign
log_2695,doc_3,read_phi,phi_rec_8,1,1,0,research,2025-02-28T07:26:48,benign
log_2696,bclerk_0,read_phi,phi_rec_40,0,0,1,billing,2025-01-26T19:04:48,benign
log_2697,doc_1,read_phi,phi_rec_85,0,0,0,marketing,2025-01-02T15:39:18,benign
log_2698,doc_0,read_phi,phi_rec_156,0,0,0,marketing,2025-03-14T11:29:41,benign
log_2699,bclerk_0,read_phi,phi_rec_92,0,0,1,billing,2025-07-27T14:19:59,benign
log_2700,doc_0,read_phi,phi_rec_162,0,0,0,billing,2025-08-14T23:45:51,benign
log_2701,bclerk_0,read_phi,phi_rec_145,0,0,1,billing,2025-07-07T23:55:39,benign
log_2702,doc_4,read_phi,phi_rec_190,0,0,0,billing,2025-03-10T19:35:26,benign
log_2703,bclerk_0,read_phi,phi_rec_134,1,0,0,billing,2025-08-06T10:52:45,violation_hipaa_min_necessary
log_2704,bclerk_0,read_phi,phi_rec_25,0,0,1,billing,2025-01-21T20:27:49,benign
log_2705,bclerk_0,read_phi,phi_rec_92,0,0,1,billing,2025-03-31T02:29:21,benign
log_2706,doc_0,read_phi,phi_rec_136,0,0,0,billing,2025-03-15T21:56:57,benign
log_2707,doc_2,read_phi,phi_rec_22,1,1,0,diagnosis,2025-05-29T03:43:39,benign
log_2708,doc_4,read_phi,phi_rec_17,0,0,0,marketing,2025-02-04T05:31:58,benign
log_2709,doc_0,read_phi,phi_rec_174,0,0,0,billing,2025-05-30T05:27:53,benign
log_2710,doc_4,read_phi,phi_rec_197,0,1,0,research,2025-08-15T11:17:21,benign
log_2711,doc_3,read_phi,phi_rec_109,0,0,0,marketing,2025-04-06T11:16:44,benign
log_2712,doc_3,read_phi,phi_rec_158,1,1,0,diagnosis,2025-01-31T04:54:24,benign
log_2713,doc_1,read_phi,phi_rec_85,0,0,0,billing,2025-06-09T20:40:19,benign
log_2714,bclerk_0,read_phi,phi_rec_172,0,0,1,billing,2025-08-10T01:20:49,benign
log_2715,doc_3,read_phi,phi_rec_167,1,1,0,research,2025-04-13T05:53:01,benign
log_2716,doc_3,read_phi,phi_rec_62,0,0,0,marketing,2025-06-29T18:19:17,benign
log_2717,bclerk_0,read_phi,phi_rec_86,0,0,1,billing,2025-03-16T08:59:40,benign
log_2718,doc_4,read_phi,phi_rec_88,1,1,0,research,2025-02-21T22:02:59,benign
log_2719,doc_2,read_phi,phi_rec_29,0,1,0,research,2025-01-07T23:35:24,benign
log_2720,bclerk_0,read_phi,phi_rec_185,0,0,1,billing,2025-06-14T01:33:12,benign
log_2721,doc_3,read_phi,phi_rec_79,0,1,0,diagnosis,2025-06-08T11:49:05,benign
log_2722,doc_1,read_phi,phi_rec_9,0,1,0,billing,2025-04-30T09:40:06,violation_hipaa_auth
log_2723,doc_1,read_phi,phi_rec_184,0,0,0,billing,2025-02-11T04:10:48,benign
log_2724,bclerk_0,read_phi,phi_rec_15,0,0,1,billing,2025-05-18T21:35:53,benign
log_2725,bclerk_0,read_phi,phi_rec_49,0,0,1,billing,2025-04-29T23:35:50,benign
log_2726,doc_4,read_phi,phi_rec_37,0,0,0,billing,2025-07-18T07:34:46,benign
log_2727,doc_2,read_phi,phi_rec_75,0,0,0,billing,2025-03-31T05:27:03,benign
log_2728,doc_3,read_phi,phi_rec_98,0,1,0,diagnosis,2025-04-30T03:54:38,benign
log_2729,doc_4,read_phi,phi_rec_17,0,1,0,diagnosis,2025-03-20T10:55:30,benign
log_2730,doc_2,read_phi,phi_rec_47,0,0,0,billing,2025-01-18T22:39:34,benign
log_2731,doc_2,read_phi,phi_rec_198,0,0,0,billing,2025-08-11T14:59:08,benign
log_2732,bclerk_0,read_phi,phi_rec_153,0,0,1,billing,2025-06-27T15:36:38,benign
log_2733,doc_3,read_phi,phi_rec_90,0,0,0,marketing,2025-06-06T17:17:53,benign
log_2734,doc_1,read_phi,phi_rec_33,0,0,0,billing,2025-02-02T15:39:59,benign
log_2735,doc_0,read_phi,phi_rec_120,0,0,0,billing,2025-05-24T21:57:22,benign
log_2736,doc_3,read_phi,phi_rec_43,0,0,0,billing,2025-06-05T23:27:32,benign
log_2737,doc_2,read_phi,phi_rec_198,0,0,0,marketing,2025-06-09T01:40:55,benign
log_2738,bclerk_0,read_phi,phi_rec_189,0,0,1,billing,2025-08-17T02:33:06,benign
log_2739,bclerk_0,read_phi,phi_rec_162,0,0,1,billing,2025-03-15T15:31:58,benign
log_2740,bclerk_0,read_phi,phi_rec_133,0,1,0,billing,2025-05-14T19:32:31,violation_hipaa_min_necessary
log_2741,doc_1,read_phi,phi_rec_55,0,0,0,marketing,2025-08-24T09:54:10,benign
log_2742,doc_3,read_phi,phi_rec_79,1,1,0,diagnosis,2025-01-01T12:52:39,benign
log_2743,doc_2,read_phi,phi_rec_117,0,0,0,billing,2025-01-10T02:34:29,benign
log_2744,doc_3,read_phi,phi_rec_46,0,0,0,diagnosis,2025-03-07T06:37:14,benign
log_2745,doc_0,read_phi,phi_rec_174,0,0,0,marketing,2025-02-09T16:38:31,benign
log_2746,doc_2,read_phi,phi_rec_110,1,1,0,diagnosis,2025-04-03T04:59:45,benign
log_2747,doc_2,read_phi,phi_rec_70,0,1,0,billing,2025-08-11T10:27:56,violation_hipaa_auth
log_2748,doc_4,read_phi,phi_rec_72,1,1,0,diagnosis,2025-04-23T22:38:23,benign
log_2749,doc_4,read_phi,phi_rec_12,1,1,0,research,2025-02-27T03:58:20,benign
log_2750,doc_1,read_phi,phi_rec_82,0,0,0,billing,2025-05-01T02:54:52,benign
log_2751,doc_3,read_phi,phi_rec_158,0,0,0,marketing,2025-07-15T08:34:54,benign
log_2752,doc_4,read_phi,phi_rec_135,1,0,0,research,2025-07-25T13:50:57,benign
log_2753,bclerk_0,read_phi,phi_rec_198,0,0,1,billing,2025-05-27T18:18:30,benign
log_2754,doc_0,read_phi,phi_rec_138,0,0,0,marketing,2025-01-29T12:30:48,benign
log_2755,bclerk_0,read_phi,phi_rec_121,0,0,1,billing,2025-08-11T14:51:42,benign
log_2756,doc_2,read_phi,phi_rec_69,1,1,0,research,2025-03-23T00:57:57,benign
log_2757,bclerk_0,read_phi,phi_rec_77,0,0,1,billing,2025-07-23T07:03:24,benign
log_2758,bclerk_0,read_phi,phi_rec_117,0,0,1,billing,2025-05-23T13:56:50,benign
log_2759,doc_0,read_phi,phi_rec_87,0,1,0,diagnosis,2025-08-19T21:16:52,benign
log_2760,bclerk_0,read_phi,phi_rec_102,0,0,1,billing,2025-03-14T16:31:57,benign
log_2761,doc_4,read_phi,phi_rec_97,1,1,0,research,2025-08-29T14:51:05,benign
log_2762,bclerk_0,read_phi,phi_rec_183,0,0,1,billing,2025-01-05T06:14:26,benign
log_2763,doc_1,read_phi,phi_rec_131,1,1,0,research,2025-08-23T21:01:53,benign
log_2764,doc_1,read_phi,phi_rec_118,1,1,0,research,2025-04-26T04:38:27,benign
log_2765,doc_2,read_phi,phi_rec_89,0,0,0,billing,2025-02-10T12:46:22,benign
log_2766,doc_4,read_phi,phi_rec_197,0,1,0,research,2025-07-15T06:36:24,benign
log_2767,doc_1,read_phi,phi_rec_123,0,0,0,billing,2025-02-02T06:12:27,benign
log_2768,doc_3,read_phi,phi_rec_57,1,1,0,research,2025-07-15T09:06:06,benign
log_2769,doc_1,read_phi,phi_rec_93,0,0,0,marketing,2025-07-03T00:30:04,benign
log_2770,bclerk_0,read_phi,phi_rec_143,0,0,1,billing,2025-06-09T21:46:33,benign
log_2771,doc_1,read_phi,phi_rec_71,0,0,0,billing,2025-07-16T09:13:06,benign
log_2772,doc_4,read_phi,phi_rec_187,0,0,0,marketing,2025-06-18T11:27:18,benign
log_2773,bclerk_0,read_phi,phi_rec_85,0,0,1,billing,2025-05-26T19:34:36,benign
log_2774,doc_2,read_phi,phi_rec_22,0,0,0,billing,2025-05-15T11:29:37,benign
log_2775,doc_0,read_phi,phi_rec_63,1,1,0,diagnosis,2025-03-16T06:42:46,benign
log_2776,doc_0,read_phi,phi_rec_91,0,0,0,marketing,2025-03-29T11:00:39,benign
log_2777,doc_4,read_phi,phi_rec_34,0,1,0,research,2025-04-07T05:22:34,benign
log_2778,doc_1,read_phi,phi_rec_139,0,0,0,marketing,2025-06-14T21:33:44,benign
log_2779,doc_1,read_phi,phi_rec_84,1,1,0,diagnosis,2025-02-19T10:35:26,benign
log_2780,doc_3,read_phi,phi_rec_46,0,0,0,marketing,2025-01-02T03:15:56,benign
log_2781,doc_3,read_phi,phi_rec_179,0,1,0,research,2025-04-14T03:33:03,benign
log_2782,doc_1,read_phi,phi_rec_154,0,0,0,marketing,2025-05-20T18:05:53,benign
log_2783,doc_4,read_phi,phi_rec_52,0,0,0,billing,2025-03-21T14:01:02,benign
log_2784,doc_4,read_phi,phi_rec_97,1,1,0,research,2025-06-13T14:02:43,benign
log_2785,doc_4,read_phi,phi_rec_133,0,0,0,marketing,2025-05-13T06:35:31,benign
log_2786,doc_1,read_phi,phi_rec_13,0,1,0,diagnosis,2025-06-22T04:35:07,benign
log_2787,doc_1,read_phi,phi_rec_85,0,0,0,marketing,2025-08-04T22:18:24,benign
log_2788,doc_3,read_phi,phi_rec_108,0,0,0,billing,2025-04-06T07:37:13,benign
log_2789,doc_0,read_phi,phi_rec_193,1,1,0,research,2025-05-04T16:25:28,benign
log_2790,doc_2,read_phi,phi_rec_80,0,0,0,diagnosis,2025-03-30T20:17:47,benign
log_2791,doc_0,read_phi,phi_rec_144,0,0,0,billing,2025-07-10T22:07:11,benign
log_2792,doc_1,read_phi,phi_rec_48,0,0,0,marketing,2025-01-14T11:29:48,benign
log_2793,bclerk_0,read_phi,phi_rec_26,0,0,1,billing,2025-08-29T14:03:20,benign
log_2794,doc_2,read_phi,phi_rec_7,1,1,0,diagnosis,2025-06-07T13:38:19,benign
log_2795,bclerk_0,read_phi,phi_rec_197,0,0,1,billing,2025-03-02T10:23:46,benign
log_2796,doc_1,read_phi,phi_rec_53,1,1,0,diagnosis,2025-07-22T14:03:13,benign
log_2797,doc_3,read_phi,phi_rec_153,0,0,0,marketing,2025-03-25T12:03:28,benign
log_2798,doc_4,read_phi,phi_rec_81,0,0,0,billing,2025-04-24T10:25:01,benign
log_2799,doc_4,read_phi,phi_rec_81,0,1,0,research,2025-04-24T04:09:39,benign
log_2800,doc_3,read_phi,phi_rec_171,0,0,0,marketing,2025-05-26T06:34:23,benign
log_2801,doc_0,read_phi,phi_rec_122,0,1,0,diagnosis,2025-04-04T22:07:25,benign
log_2802,doc_0,read_phi,phi_rec_77,0,0,0,billing,2025-05-06T14:26:09,benign
log_2803,doc_0,read_phi,phi_rec_77,1,1,0,research,2025-04-24T01:06:12,benign
log_2804,doc_4,read_phi,phi_rec_104,1,1,0,diagnosis,2025-02-11T23:34:03,benign
log_2805,doc_3,read_phi,phi_rec_158,1,0,0,diagnosis,2025-01-02T13:10:14,benign
log_2806,doc_3,read_phi,phi_rec_0,1,1,0,diagnosis,2025-05-16T09:13:16,benign
log_2807,doc_2,read_phi,phi_rec_188,0,0,0,billing,2025-05-31T14:36:19,benign
log_2808,doc_4,read_phi,phi_rec_187,0,0,0,billing,2025-04-20T06:50:46,benign
log_2809,bclerk_0,read_phi,phi_rec_187,0,0,1,billing,2025-04-30T09:07:22,benign
log_2810,doc_0,read_phi,phi_rec_2,0,0,0,billing,2025-01-25T20:01:33,benign
log_2811,bclerk_0,read_phi,phi_rec_154,0,1,0,billing,2025-03-07T09:48:18,violation_hipaa_min_necessary
log_2812,doc_2,read_phi,phi_rec_80,1,1,0,diagnosis,2025-06-09T20:02:37,benign
log_2813,doc_2,read_phi,phi_rec_91,0,1,0,research,2025-03-18T08:30:21,violation_hipaa_auth
log_2814,doc_1,read_phi,phi_rec_85,0,0,0,marketing,2025-06-06T21:38:27,benign
log_2815,doc_3,read_phi,phi_rec_171,0,0,0,billing,2025-04-02T23:23:58,benign
log_2816,doc_1,read_phi,phi_rec_94,1,1,0,diagnosis,2025-05-02T22:15:08,benign
log_2817,doc_1,read_phi,phi_rec_11,0,0,0,marketing,2025-04-16T19:12:09,benign
log_2818,doc_2,read_phi,phi_rec_178,0,0,0,billing,2025-08-14T04:03:55,benign
log_2819,doc_3,read_phi,phi_rec_43,0,0,0,marketing,2025-08-11T12:59:04,benign
log_2820,doc_0,read_phi,phi_rec_169,0,0,0,marketing,2025-06-19T14:25:43,benign
log_2821,doc_4,read_phi,phi_rec_173,0,0,0,billing,2025-07-23T13:04:22,benign
log_2822,doc_4,read_phi,phi_rec_140,0,0,0,marketing,2025-06-04T11:58:53,benign
log_2823,doc_3,read_phi,phi_rec_26,1,1,0,diagnosis,2025-05-18T21:53:52,benign
log_2824,doc_3,read_phi,phi_rec_76,0,0,0,marketing,2025-04-15T01:29:21,benign
log_2825,bclerk_0,read_phi,phi_rec_196,0,0,1,billing,2025-05-05T11:53:06,benign
log_2826,doc_4,read_phi,phi_rec_65,0,0,0,marketing,2025-08-06T09:01:26,benign
log_2827,doc_0,read_phi,phi_rec_160,1,0,0,research,2025-05-26T19:28:56,benign
log_2828,doc_4,read_phi,phi_rec_68,0,0,0,marketing,2025-05-13T04:09:41,benign
log_2829,doc_4,read_phi,phi_rec_61,0,0,0,marketing,2025-06-01T07:39:03,benign
log_2830,bclerk_0,read_phi,phi_rec_144,0,0,1,billing,2025-01-07T15:13:31,benign
log_2831,bclerk_0,read_phi,phi_rec_106,0,0,1,billing,2025-07-02T02:38:25,benign
log_2832,doc_0,read_phi,phi_rec_2,0,0,0,marketing,2025-08-11T03:33:00,benign
log_2833,doc_0,read_phi,phi_rec_132,0,1,0,diagnosis,2025-03-26T02:43:03,benign
log_2834,doc_0,read_phi,phi_rec_58,1,1,0,diagnosis,2025-01-29T18:27:19,benign
log_2835,bclerk_0,read_phi,phi_rec_74,0,0,1,billing,2025-06-18T22:51:38,benign
log_2836,doc_4,read_phi,phi_rec_106,1,1,0,diagnosis,2025-07-19T23:32:48,benign
log_2837,doc_0,read_phi,phi_rec_193,0,0,0,billing,2025-06-11T18:06:42,benign
log_2838,bclerk_0,read_phi,phi_rec_135,0,0,1,billing,2025-02-07T01:34:25,benign
log_2839,doc_2,read_phi,phi_rec_69,0,0,0,billing,2025-01-30T21:51:02,benign
log_2840,doc_4,read_phi,phi_rec_37,1,0,0,diagnosis,2025-01-10T06:09:38,benign
log_2841,doc_1,read_phi,phi_rec_168,0,0,0,marketing,2025-01-13T01:23:00,benign
log_2842,doc_4,read_phi,phi_rec_133,0,0,0,marketing,2025-06-20T21:26:02,benign
log_2843,doc_1,read_phi,phi_rec_131,1,1,0,research,2025-02-13T13:27:55,benign
log_2844,doc_0,read_phi,phi_rec_23,0,0,0,billing,2025-03-23T12:13:17,benign
log_2845,bclerk_0,read_phi,phi_rec_127,0,0,1,billing,2025-08-23T05:47:01,benign
log_2846,doc_1,read_phi,phi_rec_123,1,1,0,research,2025-06-28T18:55:16,benign
log_2847,doc_0,read_phi,phi_rec_28,0,0,0,marketing,2025-02-03T05:25:56,benign
log_2848,doc_1,read_phi,phi_rec_54,0,1,0,research,2025-08-10T22:32:17,benign
log_2849,doc_3,read_phi,phi_rec_175,0,0,0,billing,2025-01-16T05:23:04,benign
log_2850,bclerk_0,read_phi,phi_rec_172,0,0,1,billing,2025-01-26T23:16:06,benign
log_2851,bclerk_0,read_phi,phi_rec_10,0,0,1,billing,2025-01-31T11:59:22,benign
log_2852,doc_4,read_phi,phi_rec_70,0,0,0,billing,2025-05-20T11:05:32,benign
log_2853,doc_0,read_phi,phi_rec_77,1,0,0,diagnosis,2025-03-02T00:16:57,benign
log_2854,doc_4,read_phi,phi_rec_19,0,0,0,billing,2025-05-18T21:06:37,benign
log_2855,bclerk_0,read_phi,phi_rec_126,0,0,1,billing,2025-04-04T19:22:01,benign
log_2856,bclerk_0,read_phi,phi_rec_19,0,0,1,billing,2025-02-19T08:20:11,benign
log_2857,bclerk_0,read_phi,phi_rec_124,0,0,1,billing,2025-05-09T12:01:41,benign
log_2858,doc_4,read_phi,phi_rec_73,1,1,0,research,2025-06-29T07:49:38,benign
log_2859,bclerk_0,read_phi,phi_rec_162,0,0,1,billing,2025-06-12T02:57:15,benign
log_2860,doc_3,read_phi,phi_rec_8,0,0,0,marketing,2025-06-13T09:58:21,benign
log_2861,doc_0,read_phi,phi_rec_189,0,0,0,billing,2025-07-04T04:43:09,benign
log_2862,doc_1,read_phi,phi_rec_48,1,1,0,diagnosis,2025-06-15T06:17:50,benign
log_2863,bclerk_0,read_phi,phi_rec_147,1,0,0,billing,2025-03-23T10:23:14,violation_hipaa_min_necessary
log_2864,bclerk_0,read_phi,phi_rec_120,0,0,1,billing,2025-08-24T14:17:24,benign
log_2865,doc_0,read_phi,phi_rec_147,0,0,0,marketing,2025-04-10T20:06:27,benign
log_2866,doc_1,read_phi,phi_rec_48,1,0,0,diagnosis,2025-04-15T18:45:28,benign
log_2867,doc_4,read_phi,phi_rec_34,0,0,0,billing,2025-08-22T03:15:35,benign
log_2868,doc_1,read_phi,phi_rec_84,0,0,0,billing,2025-07-10T07:53:11,benign
log_2869,doc_0,read_phi,phi_rec_156,1,1,0,research,2025-07-30T04:58:21,benign
log_2870,doc_4,read_phi,phi_rec_135,0,1,0,diagnosis,2025-03-06T02:11:46,benign
log_2871,bclerk_0,read_phi,phi_rec_77,0,0,1,marketing,2025-06-03T16:40:32,violation_gdpr_art18
log_2872,doc_4,read_phi,phi_rec_37,1,1,0,diagnosis,2025-02-18T07:30:35,benign
log_2873,bclerk_0,read_phi,phi_rec_185,0,0,1,billing,2025-03-03T04:12:51,benign
log_2874,bclerk_0,read_phi,phi_rec_157,0,0,1,billing,2025-04-29T14:15:05,benign
log_2875,doc_1,read_phi,phi_rec_103,0,0,0,billing,2025-02-24T10:34:21,benign
log_2876,doc_3,read_phi,phi_rec_36,0,0,0,marketing,2025-07-11T03:05:46,benign
log_2877,doc_3,read_phi,phi_rec_30,0,0,0,billing,2025-03-09T05:32:46,benign
log_2878,doc_1,read_phi,phi_rec_21,0,0,0,billing,2025-07-02T02:07:49,benign
log_2879,doc_3,read_phi,phi_rec_57,1,0,0,research,2025-05-11T11:56:34,benign
log_2880,doc_4,read_phi,phi_rec_65,1,1,0,research,2025-02-28T21:52:44,benign
log_2881,doc_3,read_phi,phi_rec_191,1,1,0,research,2025-08-29T13:50:43,benign
log_2882,doc_3,read_phi,phi_rec_158,0,0,0,marketing,2025-03-10T04:00:23,benign
log_2883,doc_3,read_phi,phi_rec_127,1,0,0,research,2025-04-14T11:27:22,benign
log_2884,bclerk_0,read_phi,phi_rec_131,0,0,1,billing,2025-05-11T22:40:46,benign
log_2885,doc_0,read_phi,phi_rec_24,0,0,0,marketing,2025-02-25T09:15:33,benign
log_2886,doc_0,read_phi,phi_rec_91,0,0,0,billing,2025-03-20T13:23:32,benign
log_2887,doc_4,read_phi,phi_rec_78,0,0,0,billing,2025-07-24T09:51:14,benign
log_2888,bclerk_0,read_phi,phi_rec_157,0,0,1,billing,2025-05-25T08:41:45,benign
log_2889,doc_1,read_phi,phi_rec_185,0,0,0,billing,2025-04-28T21:57:16,benign
log_2890,doc_0,read_phi,phi_rec_24,1,1,0,research,2025-08-14T07:52:59,benign
log_2891,doc_3,read_phi,phi_rec_43,0,0,0,marketing,2025-02-19T07:09:13,benign
log_2892,doc_2,read_phi,phi_rec_31,0,0,0,billing,2025-02-06T19:00:19,benign
log_2893,bclerk_0,read_phi,phi_rec_133,1,0,0,billing,2025-08-26T01:24:31,violation_hipaa_min_necessary
log_2894,doc_0,read_phi,phi_rec_144,1,0,0,diagnosis,2025-03-07T01:34:00,benign
log_2895,doc_1,read_phi,phi_rec_51,0,0,0,billing,2025-04-30T14:45:41,benign
log_2896,doc_2,read_phi,phi_rec_31,0,0,0,billing,2025-01-02T05:02:31,benign
log_2897,doc_4,read_phi,phi_rec_141,0,0,0,billing,2025-03-13T07:27:15,benign
log_2898,doc_0,read_phi,phi_rec_174,0,0,0,billing,2025-03-31T15:04:31,benign
log_2899,doc_3,read_phi,phi_rec_76,1,1,0,research,2025-07-09T07:39:29,benign
log_2900,doc_0,read_phi,phi_rec_138,1,1,0,diagnosis,2025-05-24T03:39:40,benign
log_2901,doc_1,read_phi,phi_rec_123,0,0,0,marketing,2025-04-12T09:34:29,benign
log_2902,bclerk_0,read_phi,phi_rec_53,0,0,1,marketing,2025-01-27T08:56:25,violation_gdpr_art18
log_2903,bclerk_0,read_phi,phi_rec_54,0,0,1,billing,2025-05-06T12:54:18,benign
log_2904,doc_0,read_phi,phi_rec_147,1,1,0,diagnosis,2025-04-16T12:00:48,benign
log_2905,bclerk_0,read_phi,phi_rec_162,0,1,0,billing,2025-08-07T13:21:43,violation_hipaa_min_necessary
log_2906,doc_4,read_phi,phi_rec_134,1,1,0,research,2025-03-08T17:47:53,benign
log_2907,doc_0,read_phi,phi_rec_50,0,0,0,billing,2025-02-19T14:00:40,benign
log_2908,doc_4,read_phi,phi_rec_81,0,0,0,billing,2025-04-20T23:49:21,benign
log_2909,bclerk_0,read_phi,phi_rec_42,0,0,1,billing,2025-05-07T22:03:14,benign
log_2910,doc_2,read_phi,phi_rec_69,0,0,0,billing,2025-06-08T15:33:23,benign
log_2911,doc_3,read_phi,phi_rec_109,0,0,0,marketing,2025-04-29T17:13:02,benign
log_2912,doc_0,read_phi,phi_rec_106,0,1,0,diagnosis,2025-08-15T21:49:45,violation_hipaa_auth
log_2913,doc_0,read_phi,phi_rec_58,1,1,0,diagnosis,2025-05-28T00:18:31,benign
log_2914,doc_4,read_phi,phi_rec_34,1,1,0,research,2025-06-18T20:14:53,benign
log_2915,doc_3,read_phi,phi_rec_98,0,0,0,research,2025-06-13T13:55:38,benign
log_2916,doc_2,read_phi,phi_rec_117,1,0,0,research,2025-06-21T02:59:17,benign
log_2917,doc_4,read_phi,phi_rec_159,0,0,0,billing,2025-04-15T10:02:36,benign
log_2918,doc_3,read_phi,phi_rec_179,1,1,0,diagnosis,2025-07-14T10:14:59,benign
log_2919,doc_4,read_phi,phi_rec_116,0,0,0,billing,2025-08-08T06:39:16,benign
log_2920,doc_4,read_phi,phi_rec_135,0,0,0,billing,2025-07-04T04:09:25,benign
log_2921,doc_4,read_phi,phi_rec_113,0,0,0,marketing,2025-03-25T08:06:25,benign
log_2922,doc_4,read_phi,phi_rec_5,0,1,0,diagnosis,2025-07-10T12:29:53,violation_hipaa_auth
log_2923,doc_4,read_phi,phi_rec_180,0,0,0,marketing,2025-01-09T13:50:44,benign
log_2924,doc_0,read_phi,phi_rec_129,0,1,0,research,2025-04-04T20:29:13,benign
log_2925,doc_2,read_phi,phi_rec_31,0,0,0,marketing,2025-05-22T07:51:48,benign
log_2926,doc_1,read_phi,phi_rec_93,0,0,0,billing,2025-06-19T16:21:30,benign
log_2927,bclerk_0,read_phi,phi_rec_64,0,0,1,billing,2025-02-12T11:49:17,benign
log_2928,bclerk_0,read_phi,phi_rec_177,0,0,1,billing,2025-07-17T00:35:22,benign
log_2929,bclerk_0,read_phi,phi_rec_0,0,0,1,billing,2025-08-27T01:33:42,benign
log_2930,doc_3,read_phi,phi_rec_36,0,0,0,research,2025-07-02T03:26:04,benign
log_2931,bclerk_0,read_phi,phi_rec_88,0,0,1,billing,2025-03-20T03:06:58,benign
log_2932,doc_3,read_phi,phi_rec_76,1,1,0,diagnosis,2025-04-26T13:15:00,benign
log_2933,bclerk_0,read_phi,phi_rec_93,0,0,1,billing,2025-02-10T10:48:35,benign
log_2934,doc_4,read_phi,phi_rec_45,0,0,0,billing,2025-01-03T09:03:16,benign
log_2935,bclerk_0,read_phi,phi_rec_16,0,0,1,billing,2025-01-18T00:46:52,benign
log_2936,doc_4,read_phi,phi_rec_106,1,1,0,diagnosis,2025-05-07T10:11:46,benign
log_2937,doc_1,read_phi,phi_rec_55,0,0,0,billing,2025-01-18T11:33:56,benign
log_2938,bclerk_0,read_phi,phi_rec_90,0,0,1,billing,2025-02-27T20:18:23,benign
log_2939,bclerk_0,read_phi,phi_rec_73,0,0,1,billing,2025-04-29T22:36:09,benign
log_2940,doc_0,read_phi,phi_rec_169,0,1,0,research,2025-08-08T05:42:48,violation_gdpr_art18
log_2941,doc_1,read_phi,phi_rec_48,0,0,0,marketing,2025-02-02T21:20:41,benign
log_2942,bclerk_0,read_phi,phi_rec_96,0,0,1,billing,2025-02-16T03:41:26,benign
log_2943,doc_2,read_phi,phi_rec_178,0,0,0,billing,2025-07-16T23:28:56,benign
log_2944,doc_0,read_phi,phi_rec_95,0,0,0,marketing,2025-05-30T12:53:33,benign
log_2945,doc_2,read_phi,phi_rec_165,0,0,0,billing,2025-03-14T00:12:38,benign
log_2946,doc_0,read_phi,phi_rec_44,0,0,0,billing,2025-04-04T19:44:21,benign
log_2947,doc_1,read_phi,phi_rec_93,0,0,0,marketing,2025-08-23T13:31:16,benign
log_2948,doc_2,read_phi,phi_rec_75,1,1,0,diagnosis,2025-07-23T16:47:32,benign
log_2949,doc_4,read_phi,phi_rec_190,1,1,0,diagnosis,2025-04-16T17:20:48,benign
log_2950,bclerk_0,read_phi,phi_rec_120,0,0,1,billing,2025-04-18T00:54:12,benign
log_2951,doc_0,read_phi,phi_rec_111,0,0,0,marketing,2025-08-14T06:57:51,benign
log_2952,doc_0,read_phi,phi_rec_157,0,1,0,diagnosis,2025-03-04T06:43:46,violation_hipaa_auth
log_2953,doc_3,read_phi,phi_rec_146,0,1,0,diagnosis,2025-05-15T14:33:54,violation_hipaa_auth
log_2954,doc_3,read_phi,phi_rec_194,0,1,0,research,2025-08-17T01:27:37,benign
log_2955,bclerk_0,read_phi,phi_rec_77,0,0,1,billing,2025-03-03T22:38:43,benign
log_2956,doc_4,read_phi,phi_rec_159,0,0,0,diagnosis,2025-07-16T15:58:21,benign
log_2957,doc_0,read_phi,phi_rec_152,0,0,0,marketing,2025-03-26T02:36:48,benign
log_2958,doc_0,read_phi,phi_rec_137,0,0,0,billing,2025-03-09T23:33:50,benign
log_2959,bclerk_0,read_phi,phi_rec_140,0,0,1,billing,2025-02-22T01:33:08,benign
log_2960,bclerk_0,read_phi,phi_rec_193,0,0,1,billing,2025-03-15T07:01:51,benign
log_2961,doc_0,read_phi,phi_rec_114,0,1,0,diagnosis,2025-03-16T17:34:54,benign
log_2962,doc_0,read_phi,phi_rec_189,0,0,0,billing,2025-06-07T20:03:55,benign
log_2963,doc_4,read_phi,phi_rec_10,1,0,0,research,2025-07-09T14:10:13,benign
log_2964,doc_4,read_phi,phi_rec_106,0,1,0,diagnosis,2025-03-12T18:17:08,benign
log_2965,bclerk_0,read_phi,phi_rec_41,0,0,1,billing,2025-02-26T15:27:53,benign
log_2966,doc_4,read_phi,phi_rec_140,0,0,0,billing,2025-06-25T17:56:15,benign
log_2967,doc_0,read_phi,phi_rec_155,0,0,0,diagnosis,2025-08-04T17:51:26,benign
log_2968,bclerk_0,read_phi,phi_rec_198,0,0,1,billing,2025-07-26T10:52:56,benign
log_2969,doc_4,read_phi,phi_rec_72,1,1,0,research,2025-03-12T09:20:02,benign
log_2970,doc_3,read_phi,phi_rec_191,0,0,0,diagnosis,2025-07-22T20:35:54,benign
log_2971,doc_1,read_phi,phi_rec_192,0,0,0,billing,2025-07-02T01:32:07,benign
log_2972,doc_3,read_phi,phi_rec_79,0,0,0,marketing,2025-04-27T18:18:38,benign
log_2973,bclerk_0,read_phi,phi_rec_5,0,0,1,billing,2025-07-11T08:00:26,benign
log_2974,doc_0,read_phi,phi_rec_24,0,1,0,research,2025-01-09T23:09:30,benign
log_2975,doc_0,read_phi,phi_rec_39,0,0,0,billing,2025-01-05T04:34:53,benign
log_2976,bclerk_0,read_phi,phi_rec_98,0,0,1,billing,2025-07-19T13:08:41,benign
log_2977,doc_0,read_phi,phi_rec_146,0,0,0,billing,2025-05-17T16:48:09,benign
log_2978,doc_0,read_phi,phi_rec_183,0,0,0,billing,2025-02-11T03:56:25,benign
log_2979,doc_0,read_phi,phi_rec_42,0,1,0,research,2025-02-17T23:31:34,benign
log_2980,doc_2,read_phi,phi_rec_121,1,1,0,research,2025-07-04T16:28:27,benign
log_2981,doc_0,read_phi,phi_rec_183,1,1,0,diagnosis,2025-05-23T01:42:12,benign
log_2982,doc_1,read_phi,phi_rec_71,1,0,0,diagnosis,2025-08-27T06:59:56,benign
log_2983,doc_0,read_phi,phi_rec_146,1,1,0,diagnosis,2025-04-30T08:26:12,benign
log_2984,doc_3,read_phi,phi_rec_26,1,0,0,diagnosis,2025-04-10T05:27:08,benign
log_2985,bclerk_0,read_phi,phi_rec_119,0,0,1,billing,2025-06-26T23:24:24,benign
log_2986,doc_3,read_phi,phi_rec_195,1,1,0,research,2025-03-04T15:45:26,benign
log_2987,doc_4,read_phi,phi_rec_45,1,1,0,diagnosis,2025-08-25T00:57:51,benign
log_2988,doc_0,read_phi,phi_rec_41,1,0,0,research,2025-05-28T18:22:56,benign
log_2989,bclerk_0,read_phi,phi_rec_84,0,0,1,marketing,2025-03-17T19:53:03,violation_gdpr_art18
log_2990,doc_0,read_phi,phi_rec_129,1,1,0,diagnosis,2025-05-30T20:14:34,benign
log_2991,doc_2,read_phi,phi_rec_31,0,0,0,billing,2025-06-21T03:28:25,benign
log_2992,doc_2,read_phi,phi_rec_7,0,1,0,diagnosis,2025-02-06T01:24:13,benign
log_2993,bclerk_0,read_phi,phi_rec_136,0,0,1,billing,2025-02-06T12:27:11,benign
log_2994,doc_4,read_phi,phi_rec_101,0,0,0,marketing,2025-02-21T00:05:39,benign
log_2995,doc_4,read_phi,phi_rec_81,0,0,0,marketing,2025-06-04T23:48:28,benign
log_2996,doc_4,read_phi,phi_rec_197,1,0,0,diagnosis,2025-05-30T08:48:38,benign
log_2997,bclerk_0,read_phi,phi_rec_15,0,0,1,billing,2025-08-14T01:58:17,benign
log_2998,doc_1,read_phi,phi_rec_55,0,0,0,billing,2025-07-04T23:00:15,benign
log_2999,doc_1,read_phi,phi_rec_151,0,1,0,diagnosis,2025-04-08T22:52:39,benign
log_3000,doc_1,read_phi,phi_rec_55,0,0,0,billing,2025-06-25T00:12:27,benign
log_3001,doc_3,read_phi,phi_rec_43,1,1,0,research,2025-07-14T23:44:12,benign
log_3002,doc_2,read_phi,phi_rec_121,1,0,0,diagnosis,2025-06-14T23:58:36,benign
log_3003,doc_2,read_phi,phi_rec_66,1,1,0,research,2025-01-31T20:11:15,benign
log_3004,doc_0,read_phi,phi_rec_95,0,0,0,billing,2025-05-12T19:06:32,benign
log_3005,doc_4,read_phi,phi_rec_190,0,0,0,billing,2025-01-17T15:16:43,benign
log_3006,doc_0,read_phi,phi_rec_137,1,1,0,diagnosis,2025-01-04T17:56:34,benign
log_3007,doc_0,read_phi,phi_rec_122,0,0,0,billing,2025-03-30T09:11:14,benign
log_3008,bclerk_0,read_phi,phi_rec_94,0,0,1,billing,2025-07-16T17:43:16,benign
log_3009,doc_3,read_phi,phi_rec_191,0,1,0,diagnosis,2025-05-13T19:09:28,benign
log_3010,doc_4,read_phi,phi_rec_74,0,0,0,billing,2025-04-08T01:25:21,benign
log_3011,bclerk_0,read_phi,phi_rec_142,0,0,1,billing,2025-08-04T13:04:24,benign
log_3012,doc_2,read_phi,phi_rec_124,1,0,0,diagnosis,2025-04-19T12:03:10,benign
log_3013,doc_1,read_phi,phi_rec_94,0,0,0,marketing,2025-03-02T17:50:49,benign
log_3014,doc_1,read_phi,phi_rec_123,1,0,0,diagnosis,2025-06-16T14:24:21,benign
log_3015,doc_0,read_phi,phi_rec_95,0,0,0,billing,2025-04-18T19:52:14,benign
log_3016,doc_2,read_phi,phi_rec_69,1,1,0,diagnosis,2025-02-02T12:02:55,benign
log_3017,doc_3,read_phi,phi_rec_46,0,0,0,billing,2025-05-07T02:09:22,benign
log_3018,doc_4,read_phi,phi_rec_134,0,0,0,marketing,2025-05-10T15:41:44,benign
log_3019,doc_0,read_phi,phi_rec_152,1,1,0,research,2025-02-07T21:11:38,benign
log_3020,bclerk_0,read_phi,phi_rec_76,0,0,1,billing,2025-06-12T18:50:27,benign
log_3021,doc_2,read_phi,phi_rec_188,0,0,0,marketing,2025-03-03T14:20:13,benign
log_3022,doc_2,read_phi,phi_rec_69,0,1,0,diagnosis,2025-06-05T12:58:58,benign
log_3023,doc_4,read_phi,phi_rec_196,1,0,0,diagnosis,2025-08-02T20:13:30,benign
log_3024,doc_2,read_phi,phi_rec_9,0,0,0,diagnosis,2025-06-19T23:08:53,benign
log_3025,doc_3,read_phi,phi_rec_127,0,0,0,marketing,2025-01-17T00:54:40,benign
log_3026,doc_3,read_phi,phi_rec_115,0,0,0,billing,2025-06-14T09:30:06,benign
log_3027,doc_4,read_phi,phi_rec_135,0,0,0,billing,2025-06-02T16:28:23,benign
log_3028,doc_4,read_phi,phi_rec_97,1,1,0,diagnosis,2025-07-19T19:55:15,benign
log_3029,doc_2,read_phi,phi_rec_110,1,1,0,diagnosis,2025-08-16T00:43:40,benign
log_3030,bclerk_0,read_phi,phi_rec_171,0,1,0,billing,2025-07-17T20:02:19,violation_hipaa_min_necessary
log_3031,doc_1,read_phi,phi_rec_93,0,0,0,marketing,2025-08-08T10:33:38,benign
log_3032,doc_0,read_phi,phi_rec_87,1,1,0,diagnosis,2025-02-15T22:58:19,benign
log_3033,doc_4,read_phi,phi_rec_133,0,0,0,billing,2025-04-10T21:35:53,benign
log_3034,doc_4,read_phi,phi_rec_78,1,1,0,research,2025-03-05T18:13:18,benign
log_3035,doc_4,read_phi,phi_rec_27,0,0,0,billing,2025-01-31T17:26:12,benign
log_3036,doc_4,read_phi,phi_rec_101,0,0,0,billing,2025-08-29T16:03:11,benign
log_3037,doc_0,read_phi,phi_rec_122,1,1,0,diagnosis,2025-07-16T05:17:04,benign
log_3038,doc_0,read_phi,phi_rec_28,1,0,0,diagnosis,2025-06-14T16:42:15,benign
log_3039,doc_0,read_phi,phi_rec_87,0,0,0,diagnosis,2025-05-07T11:47:32,benign
log_3040,doc_4,read_phi,phi_rec_52,1,1,0,research,2025-08-26T23:50:44,benign
log_3041,doc_4,read_phi,phi_rec_52,1,1,0,diagnosis,2025-08-03T12:01:35,benign
log_3042,doc_2,read_phi,phi_rec_25,1,1,0,diagnosis,2025-01-09T10:03:04,benign
log_3043,doc_3,read_phi,phi_rec_57,0,1,0,diagnosis,2025-03-23T12:21:33,benign
log_3044,doc_3,read_phi,phi_rec_76,1,1,0,research,2025-03-26T09:53:48,benign
log_3045,doc_1,read_phi,phi_rec_182,0,0,0,marketing,2025-02-10T05:53:13,benign
log_3046,doc_2,read_phi,phi_rec_29,1,1,0,diagnosis,2025-07-17T12:22:34,benign
log_3047,bclerk_0,read_phi,phi_rec_161,0,0,1,billing,2025-06-01T20:14:42,benign
log_3048,doc_0,read_phi,phi_rec_41,0,0,0,billing,2025-07-03T11:53:53,benign
log_3049,bclerk_0,read_phi,phi_rec_194,0,0,1,billing,2025-02-08T05:11:56,benign
log_3050,doc_0,read_phi,phi_rec_136,1,1,0,diagnosis,2025-01-26T03:29:58,benign
log_3051,doc_0,read_phi,phi_rec_2,0,0,0,marketing,2025-04-09T17:47:18,benign
log_3052,doc_2,read_phi,phi_rec_107,0,0,0,marketing,2025-04-12T02:08:17,benign
log_3053,doc_2,read_phi,phi_rec_117,1,1,0,diagnosis,2025-05-24T18:43:04,benign
log_3054,doc_3,read_phi,phi_rec_171,1,1,0,research,2025-05-03T02:37:07,benign
log_3055,doc_2,read_phi,phi_rec_3,0,0,0,marketing,2025-03-21T15:31:12,benign
log_3056,doc_3,read_phi,phi_rec_179,0,0,0,marketing,2025-04-28T08:34:48,benign
log_3057,bclerk_0,read_phi,phi_rec_12,1,0,0,billing,2025-06-25T00:48:28,violation_hipaa_min_necessary
log_3058,bclerk_0,read_phi,phi_rec_185,0,0,1,billing,2025-07-02T16:57:59,benign
log_3059,doc_3,read_phi,phi_rec_179,1,1,0,research,2025-02-02T16:04:24,benign
log_3060,doc_0,read_phi,phi_rec_189,0,0,0,marketing,2025-01-11T10:01:40,benign
log_3061,bclerk_0,read_phi,phi_rec_96,0,0,1,billing,2025-05-15T02:54:44,benign
log_3062,doc_2,read_phi,phi_rec_60,1,1,0,diagnosis,2025-08-15T02:27:50,benign
log_3063,doc_4,read_phi,phi_rec_88,0,0,0,marketing,2025-03-26T08:03:32,benign
log_3064,doc_3,read_phi,phi_rec_105,0,0,0,marketing,2025-03-20T21:41:31,benign
log_3065,doc_2,read_phi,phi_rec_188,0,0,0,marketing,2025-05-11T17:24:42,benign
log_3066,doc_2,read_phi,phi_rec_75,1,1,0,diagnosis,2025-07-17T09:54:11,benign
log_3067,doc_2,read_phi,phi_rec_161,0,0,0,billing,2025-06-25T08:36:43,benign
log_3068,doc_4,read_phi,phi_rec_20,0,0,0,billing,2025-03-03T02:36:50,benign
log_3069,doc_0,read_phi,phi_rec_142,0,1,0,diagnosis,2025-02-02T00:14:07,benign
log_3070,bclerk_0,read_phi,phi_rec_134,0,0,1,billing,2025-07-27T13:46:17,benign
log_3071,doc_1,read_phi,phi_rec_103,0,0,0,billing,2025-06-16T00:45:28,benign
log_3072,doc_0,read_phi,phi_rec_50,0,0,0,marketing,2025-03-04T04:57:40,benign
log_3073,doc_0,read_phi,phi_rec_164,0,0,0,marketing,2025-08-07T02:08:44,benign
log_3074,bclerk_0,read_phi,phi_rec_140,0,0,1,billing,2025-04-01T16:46:16,benign
log_3075,doc_1,read_phi,phi_rec_103,0,0,0,marketing,2025-06-18T00:54:44,benign
log_3076,doc_2,read_phi,phi_rec_124,1,0,0,diagnosis,2025-05-09T19:20:48,benign
log_3077,doc_2,read_phi,phi_rec_66,1,1,0,research,2025-03-31T20:27:54,benign
log_3078,doc_2,read_phi,phi_rec_9,0,0,0,billing,2025-02-16T21:31:03,benign
log_3079,doc_1,read_phi,phi_rec_181,0,0,0,billing,2025-05-04T18:10:37,benign
log_3080,doc_1,read_phi,phi_rec_176,1,0,0,research,2025-05-22T06:36:17,benign
log_3081,doc_0,read_phi,phi_rec_58,1,0,0,diagnosis,2025-07-22T14:53:07,benign
log_3082,bclerk_0,read_phi,phi_rec_133,0,0,1,billing,2025-07-19T21:29:09,benign
log_3083,bclerk_0,read_phi,phi_rec_123,0,0,1,billing,2025-02-20T21:59:02,benign
log_3084,bclerk_0,read_phi,phi_rec_163,0,0,1,billing,2025-02-24T19:53:48,benign
log_3085,doc_3,read_phi,phi_rec_1,0,0,0,marketing,2025-08-15T05:23:54,benign
log_3086,doc_3,read_phi,phi_rec_194,0,0,0,marketing,2025-07-15T16:52:54,benign
log_3087,doc_4,read_phi,phi_rec_173,0,1,0,diagnosis,2025-03-24T18:01:16,benign
log_3088,doc_3,read_phi,phi_rec_98,0,0,0,billing,2025-07-19T06:52:16,benign
log_3089,doc_3,read_phi,phi_rec_98,1,1,0,research,2025-05-29T08:21:22,benign
log_3090,doc_1,read_phi,phi_rec_55,1,0,0,research,2025-08-28T09:55:34,benign
log_3091,doc_0,read_phi,phi_rec_189,0,1,0,diagnosis,2025-05-23T22:22:23,benign
log_3092,doc_4,read_phi,phi_rec_52,0,1,0,research,2025-07-08T14:38:45,benign
log_3093,bclerk_0,read_phi,phi_rec_60,0,0,1,billing,2025-02-06T14:29:50,benign
log_3094,doc_0,read_phi,phi_rec_114,0,0,0,billing,2025-07-25T05:36:23,benign
log_3095,bclerk_0,read_phi,phi_rec_25,0,0,1,billing,2025-06-23T13:13:56,benign
log_3096,bclerk_0,read_phi,phi_rec_135,0,0,1,billing,2025-02-03T08:48:58,benign
log_3097,doc_4,read_phi,phi_rec_134,1,1,0,research,2025-02-28T21:27:01,benign
log_3098,doc_3,read_phi,phi_rec_197,0,1,0,diagnosis,2025-06-25T15:38:58,violation_hipaa_auth
log_3099,doc_0,read_phi,phi_rec_122,0,0,0,billing,2025-02-16T02:33:52,benign
log_3100,doc_0,read_phi,phi_rec_39,1,1,0,diagnosis,2025-07-22T00:40:16,benign
log_3101,bclerk_0,read_phi,phi_rec_152,0,0,1,billing,2025-07-10T16:16:49,benign
log_3102,bclerk_0,read_phi,phi_rec_60,0,0,1,billing,2025-02-23T09:56:39,benign
log_3103,bclerk_0,read_phi,phi_rec_12,0,0,1,billing,2025-03-02T23:01:18,benign
log_3104,doc_4,read_phi,phi_rec_45,0,0,0,billing,2025-02-25T22:45:42,benign
log_3105,doc_0,read_phi,phi_rec_142,0,0,0,research,2025-05-13T13:54:41,benign
log_3106,doc_1,read_phi,phi_rec_185,1,1,0,research,2025-08-02T12:01:59,benign
log_3107,bclerk_0,read_phi,phi_rec_78,0,0,1,billing,2025-07-30T18:30:44,benign
log_3108,doc_3,read_phi,phi_rec_153,0,0,0,marketing,2025-03-21T09:42:39,benign
log_3109,doc_1,read_phi,phi_rec_93,1,1,0,diagnosis,2025-07-02T12:46:17,benign
log_3110,bclerk_0,read_phi,phi_rec_128,0,0,1,billing,2025-01-04T08:58:05,benign
log_3111,doc_0,read_phi,phi_rec_149,0,0,0,marketing,2025-03-15T23:37:41,benign
log_3112,bclerk_0,read_phi,phi_rec_148,0,0,1,billing,2025-01-11T00:29:36,benign
log_3113,doc_0,read_phi,phi_rec_16,1,1,0,diagnosis,2025-01-20T11:28:03,benign
log_3114,doc_0,read_phi,phi_rec_155,0,1,0,diagnosis,2025-08-23T04:41:34,benign
log_3115,doc_1,read_phi,phi_rec_54,0,0,0,marketing,2025-05-14T13:04:37,benign
log_3116,bclerk_0,read_phi,phi_rec_80,0,0,1,billing,2025-06-11T16:11:10,benign
log_3117,doc_4,read_phi,phi_rec_56,1,1,0,diagnosis,2025-01-29T17:01:25,benign
log_3118,doc_2,read_phi,phi_rec_66,0,0,0,marketing,2025-03-12T12:26:10,benign
log_3119,bclerk_0,read_phi,phi_rec_34,0,0,1,billing,2025-06-28T06:40:15,benign
log_3120,doc_2,read_phi,phi_rec_75,0,0,0,billing,2025-08-03T00:58:50,benign
log_3121,doc_1,read_phi,phi_rec_130,0,0,0,billing,2025-04-07T07:29:59,benign
log_3122,doc_0,read_phi,phi_rec_132,1,1,0,diagnosis,2025-05-13T03:52:22,benign
log_3123,doc_1,read_phi,phi_rec_33,1,1,0,research,2025-01-04T20:37:32,benign
log_3124,doc_2,read_phi,phi_rec_89,1,1,0,diagnosis,2025-05-08T06:07:23,benign
log_3125,doc_3,read_phi,phi_rec_1,0,1,0,diagnosis,2025-03-18T15:59:24,benign
log_3126,bclerk_0,read_phi,phi_rec_107,0,0,1,billing,2025-01-12T21:40:34,benign
log_3127,doc_0,read_phi,phi_rec_128,1,1,0,diagnosis,2025-04-15T06:31:26,benign
log_3128,bclerk_0,read_phi,phi_rec_48,0,1,0,billing,2025-03-20T07:02:15,violation_hipaa_min_necessary
log_3129,doc_3,read_phi,phi_rec_175,0,0,0,billing,2025-08-02T14:59:41,benign
log_3130,doc_4,read_phi,phi_rec_116,1,0,0,research,2025-03-10T02:02:44,violation_gdpr_art18
log_3131,doc_0,read_phi,phi_rec_144,1,0,0,research,2025-05-05T22:41:32,benign
log_3132,doc_3,read_phi,phi_rec_109,0,0,0,marketing,2025-06-09T13:13:10,benign
log_3133,doc_2,read_phi,phi_rec_199,0,0,0,billing,2025-04-23T06:07:50,benign
log_3134,doc_4,read_phi,phi_rec_180,0,0,0,billing,2025-05-12T05:27:12,benign
log_3135,doc_3,read_phi,phi_rec_43,1,1,0,diagnosis,2025-05-09T14:28:58,benign
log_3136,doc_0,read_phi,phi_rec_28,0,0,0,marketing,2025-04-13T09:16:41,benign
log_3137,doc_4,read_phi,phi_rec_74,1,0,0,research,2025-05-27T08:33:27,benign
log_3138,bclerk_0,read_phi,phi_rec_191,0,0,1,billing,2025-08-18T03:54:36,benign
log_3139,doc_2,read_phi,phi_rec_126,0,1,0,diagnosis,2025-06-14T21:27:44,benign
log_3140,doc_1,read_phi,phi_rec_125,0,0,0,billing,2025-01-16T17:23:36,benign
log_3141,doc_4,read_phi,phi_rec_12,0,0,0,marketing,2025-01-14T22:49:43,benign
log_3142,doc_1,read_phi,phi_rec_119,0,0,0,billing,2025-04-17T19:30:58,benign
log_3143,doc_4,read_phi,phi_rec_65,0,1,0,diagnosis,2025-08-28T15:07:05,benign
log_3144,doc_3,read_phi,phi_rec_158,1,0,0,diagnosis,2025-08-05T23:24:33,benign
log_3145,doc_4,read_phi,phi_rec_190,1,1,0,research,2025-03-23T01:26:39,benign
log_3146,bclerk_0,read_phi,phi_rec_195,0,0,1,billing,2025-07-02T16:21:02,benign
log_3147,doc_3,read_phi,phi_rec_57,1,1,0,research,2025-02-12T01:23:44,benign
log_3148,doc_1,read_phi,phi_rec_21,0,0,0,billing,2025-07-23T09:09:10,benign
log_3149,doc_4,read_phi,phi_rec_97,0,0,0,marketing,2025-08-11T13:43:38,benign
log_3150,doc_4,read_phi,phi_rec_170,0,1,0,research,2025-03-14T23:34:13,benign
log_3151,doc_1,read_phi,phi_rec_192,0,0,0,billing,2025-06-07T21:45:47,benign
log_3152,doc_3,read_phi,phi_rec_62,0,0,0,billing,2025-06-17T23:12:43,benign
log_3153,doc_0,read_phi,phi_rec_91,0,0,0,billing,2025-03-26T14:46:44,benign
log_3154,doc_0,read_phi,phi_rec_95,0,0,0,billing,2025-06-09T16:21:23,benign
log_3155,doc_3,read_phi,phi_rec_79,0,0,0,billing,2025-06-13T09:50:12,benign
log_3156,doc_4,read_phi,phi_rec_133,0,0,0,billing,2025-05-18T07:42:46,benign
log_3157,bclerk_0,read_phi,phi_rec_173,0,0,1,billing,2025-07-21T03:20:10,benign
log_3158,doc_1,read_phi,phi_rec_71,1,1,0,diagnosis,2025-03-24T05:12:25,benign
log_3159,doc_1,read_phi,phi_rec_163,0,0,0,marketing,2025-03-23T00:43:34,benign
log_3160,doc_1,read_phi,phi_rec_123,0,0,0,billing,2025-07-07T19:49:34,benign
log_3161,doc_3,read_phi,phi_rec_36,1,0,0,diagnosis,2025-05-30T23:10:01,benign
log_3162,bclerk_0,read_phi,phi_rec_126,0,0,1,billing,2025-07-20T13:11:05,benign
log_3163,doc_1,read_phi,phi_rec_150,1,0,0,research,2025-02-24T20:50:29,benign
log_3164,bclerk_0,read_phi,phi_rec_2,0,0,1,billing,2025-04-17T11:37:57,benign
log_3165,bclerk_0,read_phi,phi_rec_114,0,0,1,billing,2025-08-13T08:02:30,benign
log_3166,doc_3,read_phi,phi_rec_171,1,1,0,research,2025-05-29T13:08:45,benign
log_3167,doc_4,read_phi,phi_rec_143,0,1,0,billing,2025-04-10T17:27:15,violation_hipaa_auth
log_3168,doc_4,read_phi,phi_rec_170,0,0,0,research,2025-02-05T12:20:15,benign
log_3169,doc_1,read_phi,phi_rec_82,0,0,0,billing,2025-07-18T03:37:18,benign
log_3170,doc_1,read_phi,phi_rec_51,0,0,0,marketing,2025-04-09T03:46:43,benign
log_3171,doc_2,read_phi,phi_rec_7,0,0,0,billing,2025-01-24T15:54:33,benign
log_3172,bclerk_0,read_phi,phi_rec_28,0,0,1,billing,2025-06-05T04:06:46,benign
log_3173,doc_3,read_phi,phi_rec_42,0,1,0,diagnosis,2025-05-07T15:16:06,violation_hipaa_auth
log_3174,doc_0,read_phi,phi_rec_120,1,0,0,diagnosis,2025-03-11T08:04:02,benign
log_3175,doc_1,read_phi,phi_rec_176,0,1,0,diagnosis,2025-08-12T10:09:23,benign
log_3176,doc_3,read_phi,phi_rec_1,1,1,0,diagnosis,2025-07-19T00:33:05,benign
log_3177,doc_4,read_phi,phi_rec_190,1,1,0,research,2025-07-25T08:10:21,benign
log_3178,doc_3,read_phi,phi_rec_6,0,0,0,marketing,2025-04-22T18:06:27,benign
log_3179,bclerk_0,read_phi,phi_rec_187,0,0,1,billing,2025-01-08T07:42:08,benign
log_3180,doc_0,read_phi,phi_rec_2,0,0,0,marketing,2025-07-27T15:07:50,benign
log_3181,doc_4,read_phi,phi_rec_106,0,0,0,billing,2025-01-30T15:25:20,benign
log_3182,doc_0,read_phi,phi_rec_39,1,0,0,research,2025-07-24T14:12:25,benign
log_3183,bclerk_0,read_phi,phi_rec_22,0,0,1,billing,2025-08-25T13:47:38,benign
log_3184,doc_1,read_phi,phi_rec_131,1,1,0,research,2025-06-05T09:19:25,benign
log_3185,bclerk_0,read_phi,phi_rec_27,0,0,1,billing,2025-01-16T04:58:35,benign
log_3186,doc_3,read_phi,phi_rec_76,1,0,0,research,2025-02-22T00:45:14,benign
log_3187,doc_0,read_phi,phi_rec_91,0,0,0,billing,2025-07-05T01:52:56,benign
log_3188,doc_3,read_phi,phi_rec_30,1,1,0,diagnosis,2025-07-26T06:05:01,benign
log_3189,doc_0,read_phi,phi_rec_92,0,0,0,billing,2025-02-23T08:01:52,benign
log_3190,doc_1,read_phi,phi_rec_176,0,0,0,marketing,2025-01-18T22:35:03,benign
log_3191,doc_1,read_phi,phi_rec_48,1,1,0,diagnosis,2025-05-09T13:42:23,benign
log_3192,bclerk_0,read_phi,phi_rec_151,0,0,1,billing,2025-07-29T18:15:48,benign
log_3193,doc_4,read_phi,phi_rec_190,0,1,0,research,2025-06-18T02:52:10,benign
log_3194,doc_0,read_phi,phi_rec_147,0,0,0,billing,2025-06-05T00:46:16,benign
log_3195,doc_3,read_phi,phi_rec_143,0,0,0,billing,2025-06-21T08:52:58,benign
log_3196,doc_2,read_phi,phi_rec_124,1,1,0,diagnosis,2025-01-04T02:58:05,benign
log_3197,doc_3,read_phi,phi_rec_105,0,0,0,billing,2025-03-10T02:15:45,benign
log_3198,doc_1,read_phi,phi_rec_13,0,0,0,billing,2025-05-09T20:28:34,benign
log_3199,bclerk_0,read_phi,phi_rec_189,0,0,1,billing,2025-03-06T07:17:32,benign
log_3200,doc_3,read_phi,phi_rec_158,0,0,0,billing,2025-05-06T07:06:40,benign
log_3201,doc_4,read_phi,phi_rec_197,1,1,0,diagnosis,2025-08-24T04:40:00,benign
log_3202,doc_1,read_phi,phi_rec_181,0,0,0,diagnosis,2025-03-22T00:33:51,benign
log_3203,doc_3,read_phi,phi_rec_179,1,1,0,research,2025-03-19T23:43:58,benign
log_3204,doc_1,read_phi,phi_rec_130,0,0,0,marketing,2025-05-25T17:08:03,benign
log_3205,doc_1,read_phi,phi_rec_102,0,0,0,billing,2025-05-20T06:43:37,benign
log_3206,doc_0,read_phi,phi_rec_147,1,1,0,diagnosis,2025-02-26T19:59:06,benign
log_3207,doc_2,read_phi,phi_rec_186,0,0,0,marketing,2025-08-26T11:46:41,benign
log_3208,bclerk_0,read_phi,phi_rec_186,0,0,1,billing,2025-05-16T01:41:48,benign
log_3209,doc_2,read_phi,phi_rec_75,1,1,0,diagnosis,2025-08-02T16:48:35,benign
log_3210,bclerk_0,read_phi,phi_rec_54,0,0,1,billing,2025-04-20T22:10:58,benign
log_3211,bclerk_0,read_phi,phi_rec_132,0,0,1,billing,2025-01-10T15:16:12,benign
log_3212,bclerk_0,read_phi,phi_rec_138,0,0,1,billing,2025-05-24T01:12:57,benign
log_3213,doc_2,read_phi,phi_rec_75,0,0,0,billing,2025-01-13T00:47:41,benign
log_3214,bclerk_0,read_phi,phi_rec_13,0,0,1,billing,2025-03-18T01:54:11,benign
log_3215,doc_0,read_phi,phi_rec_149,0,0,0,billing,2025-07-13T15:51:54,benign
log_3216,doc_3,read_phi,phi_rec_194,0,0,0,marketing,2025-08-17T08:53:12,benign
log_3217,bclerk_0,read_phi,phi_rec_145,0,0,1,billing,2025-03-29T18:26:35,benign
log_3218,bclerk_0,read_phi,phi_rec_189,0,0,1,billing,2025-04-29T04:01:36,benign
log_3219,doc_3,read_phi,phi_rec_191,0,0,0,marketing,2025-05-01T11:19:22,benign
log_3220,doc_0,read_phi,phi_rec_24,1,1,0,research,2025-08-21T17:21:21,benign
log_3221,doc_4,read_phi,phi_rec_148,0,0,0,marketing,2025-04-18T01:16:58,benign
log_3222,doc_2,read_phi,phi_rec_3,0,0,0,billing,2025-07-16T23:01:28,benign
log_3223,doc_2,read_phi,phi_rec_3,1,1,0,diagnosis,2025-01-04T15:21:34,benign
log_3224,doc_1,read_phi,phi_rec_185,1,1,0,diagnosis,2025-05-24T19:20:27,benign
log_3225,bclerk_0,read_phi,phi_rec_151,0,0,1,billing,2025-01-22T22:01:15,benign
log_3226,doc_1,read_phi,phi_rec_23,0,1,0,diagnosis,2025-03-13T12:03:45,violation_hipaa_auth
log_3227,doc_2,read_phi,phi_rec_165,0,0,0,billing,2025-06-13T06:30:07,benign
log_3228,doc_2,read_phi,phi_rec_145,1,1,0,diagnosis,2025-07-16T04:40:25,benign
log_3229,bclerk_0,read_phi,phi_rec_23,0,0,1,marketing,2025-04-19T06:16:44,violation_gdpr_art18
log_3230,doc_0,read_phi,phi_rec_23,0,0,0,billing,2025-07-18T22:37:27,benign
log_3231,bclerk_0,read_phi,phi_rec_198,0,0,1,billing,2025-04-21T00:29:13,benign
log_3232,doc_3,read_phi,phi_rec_167,1,1,0,research,2025-05-17T17:14:31,benign
log_3233,doc_3,read_phi,phi_rec_158,0,0,0,billing,2025-06-25T18:39:39,benign
log_3234,doc_1,read_phi,phi_rec_181,0,0,0,billing,2025-08-02T11:33:43,benign
log_3235,doc_1,read_phi,phi_rec_51,1,1,0,research,2025-06-18T13:39:06,benign
log_3236,doc_3,read_phi,phi_rec_143,0,0,0,billing,2025-02-10T14:10:45,benign
log_3237,doc_1,read_phi,phi_rec_54,1,0,0,research,2025-08-12T17:11:43,benign
log_3238,bclerk_0,read_phi,phi_rec_70,0,0,1,billing,2025-06-28T07:49:10,benign
log_3239,doc_0,read_phi,phi_rec_42,0,0,0,marketing,2025-02-23T13:05:00,benign
log_3240,doc_1,read_phi,phi_rec_151,0,0,0,billing,2025-02-08T01:17:57,benign
log_3241,doc_3,read_phi,phi_rec_43,0,0,0,marketing,2025-02-01T12:01:15,benign
log_3242,bclerk_0,read_phi,phi_rec_93,0,0,1,billing,2025-05-07T09:41:29,benign
log_3243,doc_1,read_phi,phi_rec_55,0,0,0,marketing,2025-04-04T00:55:51,benign
log_3244,bclerk_0,read_phi,phi_rec_69,1,0,0,billing,2025-05-31T12:33:41,violation_hipaa_min_necessary
log_3245,bclerk_0,read_phi,phi_rec_186,0,0,1,billing,2025-07-06T03:26:06,benign
log_3246,bclerk_0,read_phi,phi_rec_146,1,0,0,billing,2025-01-20T20:47:12,violation_hipaa_min_necessary
log_3247,doc_2,read_phi,phi_rec_112,0,0,0,marketing,2025-07-05T18:15:17,benign
log_3248,doc_4,read_phi,phi_rec_10,0,0,0,billing,2025-06-12T20:13:32,benign
log_3249,doc_1,read_phi,phi_rec_71,0,0,0,billing,2025-06-09T20:20:51,benign
log_3250,doc_4,read_phi,phi_rec_68,0,0,0,billing,2025-07-04T23:37:10,benign
log_3251,doc_0,read_phi,phi_rec_155,0,1,0,research,2025-04-13T03:40:35,violation_gdpr_art18
log_3252,doc_0,read_phi,phi_rec_160,0,0,0,billing,2025-03-25T08:42:01,benign
log_3253,doc_3,read_phi,phi_rec_179,0,0,0,billing,2025-01-18T13:59:54,benign
log_3254,bclerk_0,read_phi,phi_rec_71,0,0,1,billing,2025-03-24T12:27:31,benign
log_3255,bclerk_0,read_phi,phi_rec_144,0,0,1,billing,2025-03-19T14:54:23,benign
log_3256,doc_0,read_phi,phi_rec_28,0,0,0,billing,2025-08-21T03:43:51,benign
log_3257,doc_3,read_phi,phi_rec_127,1,1,0,diagnosis,2025-03-07T17:06:02,benign
log_3258,doc_1,read_phi,phi_rec_154,1,0,0,diagnosis,2025-03-26T16:10:41,benign
log_3259,doc_1,read_phi,phi_rec_150,0,0,0,billing,2025-07-19T01:59:51,benign
log_3260,doc_4,read_phi,phi_rec_17,0,0,0,marketing,2025-05-17T18:00:29,benign
log_3261,doc_0,read_phi,phi_rec_155,0,0,0,billing,2025-04-03T05:24:46,benign
log_3262,doc_1,read_phi,phi_rec_118,1,1,0,research,2025-03-08T19:44:13,benign
log_3263,doc_0,read_phi,phi_rec_120,0,1,0,diagnosis,2025-03-08T13:59:55,benign
log_3264,doc_2,read_phi,phi_rec_7,1,1,0,diagnosis,2025-08-17T08:03:36,benign
log_3265,doc_0,read_phi,phi_rec_152,0,0,0,marketing,2025-04-23T16:08:53,benign
log_3266,bclerk_0,read_phi,phi_rec_147,0,0,1,billing,2025-05-10T02:26:26,benign
log_3267,doc_0,read_phi,phi_rec_156,0,0,0,billing,2025-04-28T10:08:09,benign
log_3268,doc_0,read_phi,phi_rec_189,0,0,0,billing,2025-02-09T00:18:53,benign
log_3269,doc_4,read_phi,phi_rec_32,0,0,0,marketing,2025-06-03T11:38:16,benign
log_3270,doc_2,read_phi,phi_rec_145,1,1,0,diagnosis,2025-01-11T21:06:01,benign
log_3271,bclerk_0,read_phi,phi_rec_57,0,0,1,billing,2025-05-13T02:02:11,benign
log_3272,bclerk_0,read_phi,phi_rec_134,0,0,1,billing,2025-07-16T22:16:58,benign
log_3273,doc_4,read_phi,phi_rec_27,1,1,0,research,2025-01-05T01:41:48,benign
log_3274,doc_1,read_phi,phi_rec_154,1,1,0,diagnosis,2025-05-31T16:54:23,benign
log_3275,doc_3,read_phi,phi_rec_43,1,1,0,diagnosis,2025-02-22T16:30:27,benign
log_3276,bclerk_0,read_phi,phi_rec_26,0,0,1,billing,2025-03-19T17:06:22,benign
log_3277,bclerk_0,read_phi,phi_rec_85,0,0,1,billing,2025-04-24T03:03:37,benign
log_3278,doc_2,read_phi,phi_rec_177,0,0,0,billing,2025-01-02T19:28:40,benign
log_3279,bclerk_0,read_phi,phi_rec_91,0,0,1,billing,2025-02-01T17:22:48,benign
log_3280,doc_2,read_phi,phi_rec_166,0,0,0,billing,2025-03-05T23:48:30,benign
log_3281,doc_0,read_phi,phi_rec_67,1,1,0,research,2025-06-28T07:36:16,benign
log_3282,bclerk_0,read_phi,phi_rec_60,0,0,1,billing,2025-05-24T07:12:04,benign
log_3283,doc_1,read_phi,phi_rec_71,0,0,0,marketing,2025-01-11T20:29:55,benign
log_3284,doc_4,read_phi,phi_rec_20,1,1,0,research,2025-01-07T01:46:32,benign
log_3285,doc_3,read_phi,phi_rec_26,0,0,0,billing,2025-04-28T08:51:06,benign
log_3286,doc_1,read_phi,phi_rec_54,0,0,0,marketing,2025-06-18T23:28:26,benign
log_3287,bclerk_0,read_phi,phi_rec_32,1,0,0,billing,2025-08-19T14:58:15,violation_hipaa_min_necessary
log_3288,doc_3,read_phi,phi_rec_5,1,1,0,diagnosis,2025-05-18T11:43:13,benign
log_3289,doc_3,read_phi,phi_rec_36,1,1,0,research,2025-05-06T22:32:18,benign
log_3290,doc_4,read_phi,phi_rec_116,0,0,0,billing,2025-04-11T05:28:39,benign
log_3291,doc_3,read_phi,phi_rec_115,1,1,0,diagnosis,2025-08-02T03:28:44,benign
log_3292,bclerk_0,read_phi,phi_rec_122,0,0,1,billing,2025-08-05T17:11:22,benign
log_3293,doc_4,read_phi,phi_rec_187,0,0,0,marketing,2025-07-26T06:33:34,benign
log_3294,doc_4,read_phi,phi_rec_99,0,0,0,billing,2025-06-28T22:50:58,benign
log_3295,doc_4,read_phi,phi_rec_17,0,0,0,marketing,2025-01-09T11:47:18,benign
log_3296,doc_3,read_phi,phi_rec_109,1,0,0,research,2025-02-21T07:45:39,benign
log_3297,doc_4,read_phi,phi_rec_56,1,1,0,research,2025-01-12T17:38:52,benign
log_3298,doc_2,read_phi,phi_rec_3,0,0,0,marketing,2025-07-20T03:31:34,benign
log_3299,doc_1,read_phi,phi_rec_15,0,0,0,billing,2025-07-13T03:33:05,benign
log_3300,doc_0,read_phi,phi_rec_28,0,0,0,billing,2025-01-18T11:43:48,benign
log_3301,doc_0,read_phi,phi_rec_24,1,1,0,diagnosis,2025-03-28T20:10:09,benign
log_3302,doc_4,read_phi,phi_rec_157,1,1,0,research,2025-04-17T23:07:47,benign
log_3303,doc_0,read_phi,phi_rec_95,1,1,0,diagnosis,2025-05-18T21:49:45,benign
log_3304,doc_0,read_phi,phi_rec_39,1,0,0,diagnosis,2025-02-26T21:27:01,benign
log_3305,doc_4,read_phi,phi_rec_56,1,0,0,diagnosis,2025-01-28T07:17:30,benign
log_3306,doc_1,read_phi,phi_rec_168,0,0,0,marketing,2025-08-14T18:12:52,benign
log_3307,doc_0,read_phi,phi_rec_174,0,1,0,research,2025-04-11T00:52:59,benign
log_3308,doc_0,read_phi,phi_rec_183,0,0,0,marketing,2025-01-22T02:27:16,benign
log_3309,doc_0,read_phi,phi_rec_136,0,0,0,marketing,2025-02-11T04:29:25,benign
log_3310,doc_2,read_phi,phi_rec_3,0,0,0,billing,2025-04-27T06:39:50,benign
log_3311,doc_1,read_phi,phi_rec_55,0,0,0,marketing,2025-08-15T13:06:20,benign
log_3312,doc_4,read_phi,phi_rec_148,0,0,0,billing,2025-07-28T16:39:08,benign
log_3313,doc_3,read_phi,phi_rec_30,0,0,0,billing,2025-05-11T12:48:27,benign
log_3314,doc_0,read_phi,phi_rec_77,0,0,0,billing,2025-06-26T16:54:31,benign
log_3315,doc_0,read_phi,phi_rec_164,0,0,0,billing,2025-07-18T14:12:38,benign
log_3316,bclerk_0,read_phi,phi_rec_126,0,0,1,billing,2025-01-06T01:11:50,benign
log_3317,bclerk_0,read_phi,phi_rec_90,0,0,1,billing,2025-05-03T06:13:22,benign
log_3318,bclerk_0,read_phi,phi_rec_9,0,0,1,billing,2025-02-14T18:35:05,benign
log_3319,doc_4,read_phi,phi_rec_56,0,0,0,billing,2025-05-31T10:19:59,benign
log_3320,doc_2,read_phi,phi_rec_126,1,1,0,research,2025-06-12T14:08:27,benign
log_3321,doc_2,read_phi,phi_rec_75,1,1,0,diagnosis,2025-03-25T17:13:10,benign
log_3322,doc_1,read_phi,phi_rec_149,0,1,0,diagnosis,2025-07-29T04:41:01,violation_hipaa_auth
log_3323,doc_3,read_phi,phi_rec_127,1,1,0,research,2025-03-04T06:41:54,benign
log_3324,doc_0,read_phi,phi_rec_160,1,1,0,diagnosis,2025-06-11T19:50:05,benign
log_3325,bclerk_0,read_phi,phi_rec_48,0,0,1,billing,2025-08-19T22:36:13,benign
log_3326,doc_2,read_phi,phi_rec_64,1,0,0,diagnosis,2025-07-16T07:42:16,benign
log_3327,doc_4,read_phi,phi_rec_173,0,0,0,billing,2025-03-20T16:51:33,benign
log_3328,doc_4,read_phi,phi_rec_180,0,0,0,marketing,2025-04-23T02:54:16,benign
log_3329,doc_2,read_phi,phi_rec_198,0,0,0,marketing,2025-02-19T18:29:22,benign
log_3330,doc_0,read_phi,phi_rec_24,0,0,0,billing,2025-01-16T21:37:52,benign
log_3331,doc_0,read_phi,phi_rec_174,0,0,0,billing,2025-04-15T00:40:01,benign
log_3332,doc_4,read_phi,phi_rec_101,0,0,0,billing,2025-05-02T20:34:57,benign
log_3333,doc_1,read_phi,phi_rec_84,1,0,0,research,2025-08-15T07:52:07,benign
log_3334,doc_2,read_phi,phi_rec_166,1,1,0,diagnosis,2025-04-29T12:35:38,benign
log_3335,bclerk_0,read_phi,phi_rec_87,0,0,1,marketing,2025-05-25T16:45:21,violation_gdpr_art18
log_3336,doc_2,read_phi,phi_rec_166,0,0,0,marketing,2025-07-23T16:50:38,benign
log_3337,doc_1,read_phi,phi_rec_154,0,0,0,billing,2025-03-13T08:13:28,benign
log_3338,bclerk_0,read_phi,phi_rec_138,0,0,1,billing,2025-03-24T03:36:19,benign
log_3339,doc_3,read_phi,phi_rec_115,0,0,0,billing,2025-03-14T23:04:31,benign
log_3340,doc_2,read_phi,phi_rec_70,0,1,0,marketing,2025-02-24T10:44:54,violation_hipaa_auth
log_3341,doc_1,read_phi,phi_rec_15,0,0,0,marketing,2025-01-28T03:57:56,benign
log_3342,doc_3,read_phi,phi_rec_194,0,0,0,billing,2025-08-07T12:35:30,benign
log_3343,doc_0,read_phi,phi_rec_169,0,0,0,billing,2025-06-08T22:12:03,benign
log_3344,doc_3,read_phi,phi_rec_179,0,0,0,billing,2025-04-12T01:21:41,benign
log_3345,doc_0,read_phi,phi_rec_138,0,0,0,marketing,2025-07-16T22:54:33,benign
log_3346,doc_2,read_phi,phi_rec_64,1,1,0,diagnosis,2025-03-05T05:34:06,benign
log_3347,doc_0,read_phi,phi_rec_193,0,0,0,marketing,2025-06-26T12:45:58,benign
log_3348,doc_3,read_phi,phi_rec_0,0,1,0,diagnosis,2025-07-05T01:41:52,benign
log_3349,doc_1,read_phi,phi_rec_93,0,0,0,marketing,2025-02-10T23:43:55,benign
log_3350,doc_3,read_phi,phi_rec_26,0,0,0,billing,2025-04-10T03:49:56,benign
log_3351,bclerk_0,read_phi,phi_rec_159,0,0,1,billing,2025-01-26T15:23:01,benign
log_3352,bclerk_0,read_phi,phi_rec_100,0,0,1,billing,2025-08-23T01:34:45,benign
log_3353,doc_0,read_phi,phi_rec_41,0,0,0,research,2025-02-24T09:55:17,benign
log_3354,doc_4,read_phi,phi_rec_78,0,0,0,marketing,2025-08-25T14:35:57,benign
log_3355,doc_0,read_phi,phi_rec_44,0,0,0,marketing,2025-01-21T01:04:10,benign
log_3356,doc_3,read_phi,phi_rec_167,0,0,0,billing,2025-03-27T19:34:34,benign
log_3357,doc_4,read_phi,phi_rec_104,0,0,0,billing,2025-02-22T01:15:47,benign
log_3358,doc_2,read_phi,phi_rec_67,0,1,0,research,2025-07-27T04:52:43,violation_hipaa_auth
log_3359,doc_1,read_phi,phi_rec_48,0,0,0,marketing,2025-04-28T06:25:40,benign
log_3360,doc_2,read_phi,phi_rec_161,1,1,0,research,2025-05-08T23:33:18,benign
log_3361,doc_3,read_phi,phi_rec_98,1,1,0,research,2025-08-16T19:43:01,benign
log_3362,doc_2,read_phi,phi_rec_145,1,1,0,diagnosis,2025-04-07T02:25:48,benign
log_3363,bclerk_0,read_phi,phi_rec_199,0,0,1,billing,2025-05-15T00:32:38,benign
log_3364,doc_4,read_phi,phi_rec_20,0,0,0,research,2025-05-14T00:25:04,benign
log_3365,bclerk_0,read_phi,phi_rec_19,0,0,1,billing,2025-01-03T17:18:07,benign
log_3366,doc_1,read_phi,phi_rec_150,0,1,0,diagnosis,2025-08-12T10:09:56,benign
log_3367,doc_0,read_phi,phi_rec_122,1,1,0,diagnosis,2025-05-26T00:05:08,benign
log_3368,bclerk_0,read_phi,phi_rec_66,0,0,1,billing,2025-04-07T23:57:16,benign
log_3369,doc_0,read_phi,phi_rec_128,1,1,0,diagnosis,2025-08-12T22:09:53,benign
log_3370,doc_1,read_phi,phi_rec_176,1,0,0,research,2025-06-01T01:16:49,benign
log_3371,doc_1,read_phi,phi_rec_71,0,0,0,marketing,2025-08-28T08:49:56,benign
log_3372,doc_3,read_phi,phi_rec_98,1,1,0,diagnosis,2025-05-01T00:28:00,benign
log_3373,doc_4,read_phi,phi_rec_196,1,0,0,diagnosis,2025-01-29T22:09:29,benign
log_3374,doc_2,read_phi,phi_rec_155,0,1,0,diagnosis,2025-08-10T13:26:12,violation_hipaa_auth
log_3375,doc_1,read_phi,phi_rec_150,0,0,0,billing,2025-05-07T11:17:37,benign
log_3376,doc_3,read_phi,phi_rec_62,1,0,0,research,2025-01-28T22:15:40,benign
log_3377,doc_4,read_phi,phi_rec_148,0,0,0,billing,2025-07-25T00:01:04,benign
log_3378,bclerk_0,read_phi,phi_rec_153,0,0,1,billing,2025-03-14T06:06:09,benign
log_3379,doc_1,read_phi,phi_rec_125,0,0,0,billing,2025-04-17T08:58:05,benign
log_3380,doc_0,read_phi,phi_rec_114,0,0,0,billing,2025-07-16T04:23:03,benign
log_3381,doc_0,read_phi,phi_rec_28,0,0,0,marketing,2025-05-20T11:50:43,benign
log_3382,doc_2,read_phi,phi_rec_64,1,0,0,diagnosis,2025-04-20T00:42:06,benign
log_3383,doc_4,read_phi,phi_rec_116,1,0,0,diagnosis,2025-07-14T12:35:34,benign
log_3384,doc_2,read_phi,phi_rec_112,0,0,0,marketing,2025-07-09T18:41:00,benign
log_3385,doc_1,read_phi,phi_rec_71,0,0,0,billing,2025-03-12T20:40:56,benign
log_3386,doc_2,read_phi,phi_rec_166,0,0,0,marketing,2025-05-02T17:53:57,benign
log_3387,doc_0,read_phi,phi_rec_169,0,0,0,marketing,2025-06-24T09:00:06,benign
log_3388,doc_0,read_phi,phi_rec_28,1,0,0,diagnosis,2025-08-28T22:09:47,benign
log_3389,doc_4,read_phi,phi_rec_148,1,0,0,diagnosis,2025-03-13T08:49:12,benign
log_3390,doc_2,read_phi,phi_rec_3,0,0,0,marketing,2025-05-24T19:19:11,benign
log_3391,doc_3,read_phi,phi_rec_79,1,1,0,diagnosis,2025-06-25T12:57:49,benign
log_3392,doc_3,read_phi,phi_rec_8,1,1,0,diagnosis,2025-04-16T01:01:48,benign
log_3393,doc_4,read_phi,phi_rec_180,0,0,0,billing,2025-04-11T20:33:51,benign
log_3394,doc_1,read_phi,phi_rec_118,1,1,0,diagnosis,2025-06-21T07:57:38,benign
log_3395,bclerk_0,read_phi,phi_rec_180,0,0,1,billing,2025-06-23T07:34:09,benign
log_3396,bclerk_0,read_phi,phi_rec_44,1,0,0,billing,2025-04-01T11:50:27,violation_hipaa_min_necessary
log_3397,doc_2,read_phi,phi_rec_188,1,1,0,diagnosis,2025-06-23T14:03:17,benign
log_3398,bclerk_0,read_phi,phi_rec_35,0,0,1,billing,2025-04-27T13:40:16,benign
log_3399,doc_0,read_phi,phi_rec_174,0,0,0,billing,2025-08-27T04:59:21,benign
log_3400,bclerk_0,read_phi,phi_rec_77,0,0,1,billing,2025-04-30T06:43:33,benign
log_3401,doc_0,read_phi,phi_rec_136,0,0,0,billing,2025-02-22T19:43:36,benign
log_3402,doc_4,read_phi,phi_rec_32,1,1,0,diagnosis,2025-06-15T00:02:06,benign
log_3403,doc_0,read_phi,phi_rec_92,0,0,0,billing,2025-05-26T04:01:26,benign
log_3404,doc_1,read_phi,phi_rec_93,0,1,0,diagnosis,2025-07-12T15:06:23,benign
log_3405,doc_2,read_phi,phi_rec_3,1,1,0,diagnosis,2025-08-01T04:50:50,benign
log_3406,doc_0,read_phi,phi_rec_96,0,0,0,billing,2025-01-26T02:46:08,benign
log_3407,bclerk_0,read_phi,phi_rec_183,0,0,1,billing,2025-08-03T08:51:06,benign
log_3408,doc_4,read_phi,phi_rec_40,1,1,0,research,2025-08-28T03:36:48,benign
log_3409,doc_0,read_phi,phi_rec_156,1,1,0,diagnosis,2025-05-08T18:45:48,benign
log_3410,doc_0,read_phi,phi_rec_172,1,1,0,research,2025-03-15T12:17:41,benign
log_3411,doc_3,read_phi,phi_rec_158,1,1,0,diagnosis,2025-02-05T10:41:20,benign
log_3412,doc_1,read_phi,phi_rec_182,0,0,0,marketing,2025-04-23T12:34:33,benign
log_3413,doc_4,read_phi,phi_rec_180,0,0,0,marketing,2025-06-10T14:34:01,benign
log_3414,doc_4,read_phi,phi_rec_74,0,0,0,billing,2025-03-14T11:58:45,benign
log_3415,doc_0,read_phi,phi_rec_189,1,1,0,diagnosis,2025-07-03T00:41:03,benign
log_3416,doc_1,read_phi,phi_rec_48,0,0,0,marketing,2025-06-15T16:38:18,benign
log_3417,doc_1,read_phi,phi_rec_154,0,1,0,diagnosis,2025-02-13T13:09:43,benign
log_3418,doc_4,read_phi,phi_rec_74,1,1,0,research,2025-04-28T09:09:15,benign
log_3419,doc_4,read_phi,phi_rec_74,1,1,0,research,2025-01-31T17:37:35,benign
log_3420,doc_0,read_phi,phi_rec_111,1,1,0,research,2025-03-25T17:37:47,benign
log_3421,doc_1,read_phi,phi_rec_123,0,0,0,billing,2025-07-07T18:00:25,benign
log_3422,bclerk_0,read_phi,phi_rec_165,0,0,1,billing,2025-08-16T11:58:04,benign
log_3423,doc_2,read_phi,phi_rec_112,1,1,0,research,2025-06-04T08:04:32,benign
log_3424,bclerk_0,read_phi,phi_rec_19,0,0,1,billing,2025-03-10T20:54:03,benign
log_3425,doc_1,read_phi,phi_rec_118,0,1,0,research,2025-07-17T05:38:28,benign
log_3426,doc_0,read_phi,phi_rec_149,0,1,0,diagnosis,2025-08-09T08:27:55,benign
log_3427,doc_3,read_phi,phi_rec_30,0,0,0,billing,2025-01-31T23:26:20,benign
log_3428,doc_0,read_phi,phi_rec_92,1,1,0,diagnosis,2025-07-08T23:02:54,benign
log_3429,doc_1,read_phi,phi_rec_154,0,0,0,diagnosis,2025-05-21T12:43:27,benign
log_3430,bclerk_0,read_phi,phi_rec_97,0,0,1,billing,2025-01-29T18:26:51,benign
log_3431,doc_3,read_phi,phi_rec_175,0,0,0,billing,2025-04-14T10:47:06,benign
log_3432,doc_2,read_phi,phi_rec_18,0,0,0,billing,2025-07-13T20:46:07,benign
log_3433,doc_1,read_phi,phi_rec_85,0,1,0,research,2025-06-02T01:53:22,violation_gdpr_art18
log_3434,bclerk_0,read_phi,phi_rec_124,0,0,1,billing,2025-03-27T08:05:54,benign
log_3435,bclerk_0,read_phi,phi_rec_69,0,0,1,billing,2025-02-21T05:38:17,benign
log_3436,bclerk_0,read_phi,phi_rec_70,0,0,1,billing,2025-04-27T04:14:35,benign
log_3437,bclerk_0,read_phi,phi_rec_195,0,0,1,billing,2025-06-28T10:35:36,benign
log_3438,doc_0,read_phi,phi_rec_128,0,0,0,marketing,2025-05-20T09:46:46,benign
log_3439,doc_3,read_phi,phi_rec_36,0,1,0,diagnosis,2025-08-11T17:04:51,benign
log_3440,doc_4,read_phi,phi_rec_196,0,0,0,billing,2025-06-10T10:44:11,benign
log_3441,bclerk_0,read_phi,phi_rec_152,0,0,1,billing,2025-05-07T13:31:28,benign
log_3442,doc_4,read_phi,phi_rec_68,0,1,0,research,2025-03-16T05:37:30,benign
log_3443,doc_2,read_phi,phi_rec_9,0,0,0,billing,2025-04-18T17:19:49,benign
log_3444,doc_0,read_phi,phi_rec_67,0,0,0,billing,2025-06-15T06:17:11,benign
log_3445,doc_4,read_phi,phi_rec_88,0,1,0,research,2025-05-09T13:13:52,benign
log_3446,doc_0,read_phi,phi_rec_96,0,0,0,billing,2025-04-07T08:09:22,benign
log_3447,doc_1,read_phi,phi_rec_118,1,1,0,research,2025-05-12T11:03:27,benign
log_3448,doc_2,read_phi,phi_rec_66,1,0,0,research,2025-08-16T12:54:35,benign
log_3449,bclerk_0,read_phi,phi_rec_11,0,0,1,billing,2025-05-11T08:15:49,benign
log_3450,doc_4,read_phi,phi_rec_134,0,0,0,marketing,2025-04-25T02:36:09,benign
log_3451,doc_0,read_phi,phi_rec_152,1,0,0,research,2025-08-14T13:00:25,benign
log_3452,doc_2,read_phi,phi_rec_112,0,0,0,diagnosis,2025-04-15T06:51:03,benign
log_3453,doc_4,read_phi,phi_rec_134,0,0,0,marketing,2025-03-27T11:49:03,benign
log_3454,bclerk_0,read_phi,phi_rec_161,0,0,1,billing,2025-04-09T18:03:56,benign
log_3455,doc_1,read_phi,phi_rec_54,1,1,0,diagnosis,2025-04-23T19:21:29,benign
log_3456,doc_4,read_phi,phi_rec_104,1,1,0,diagnosis,2025-07-25T05:37:46,benign
log_3457,bclerk_0,read_phi,phi_rec_172,0,0,1,billing,2025-06-30T12:48:18,benign
log_3458,doc_1,read_phi,phi_rec_192,1,1,0,diagnosis,2025-04-19T05:42:34,benign
log_3459,doc_2,read_phi,phi_rec_25,0,0,0,billing,2025-04-12T08:47:35,benign
log_3460,doc_1,read_phi,phi_rec_13,0,0,0,marketing,2025-04-28T22:01:33,benign
log_3461,bclerk_0,read_phi,phi_rec_135,0,0,1,billing,2025-06-05T14:41:02,benign
log_3462,doc_3,read_phi,phi_rec_46,0,0,0,billing,2025-07-26T01:04:51,benign
log_3463,doc_3,read_phi,phi_rec_76,0,0,0,billing,2025-06-24T09:29:58,benign
log_3464,doc_1,read_phi,phi_rec_119,0,0,0,billing,2025-01-06T21:26:20,benign
log_3465,doc_1,read_phi,phi_rec_94,0,0,0,billing,2025-03-20T11:01:10,benign
log_3466,doc_2,read_phi,phi_rec_75,0,0,0,billing,2025-06-23T06:50:38,benign
log_3467,doc_1,read_phi,phi_rec_125,0,0,0,billing,2025-08-24T02:31:58,benign
log_3468,doc_1,read_phi,phi_rec_119,0,0,0,marketing,2025-03-27T04:50:49,benign
log_3469,doc_2,read_phi,phi_rec_14,0,0,0,billing,2025-06-10T07:53:36,benign
log_3470,bclerk_0,read_phi,phi_rec_191,0,0,1,billing,2025-02-22T05:28:18,benign
log_3471,doc_0,read_phi,phi_rec_155,0,0,0,billing,2025-08-08T03:00:09,benign
log_3472,doc_2,read_phi,phi_rec_161,1,1,0,research,2025-08-22T10:25:03,benign
log_3473,doc_2,read_phi,phi_rec_166,0,0,0,billing,2025-04-04T19:28:25,benign
log_3474,bclerk_0,read_phi,phi_rec_81,0,0,1,billing,2025-04-20T11:10:01,benign
log_3475,doc_4,read_phi,phi_rec_81,1,0,0,diagnosis,2025-02-13T20:07:50,benign
log_3476,doc_0,read_phi,phi_rec_132,0,0,0,billing,2025-07-07T21:48:54,benign
log_3477,bclerk_0,read_phi,phi_rec_75,0,0,1,billing,2025-07-20T12:03:40,benign
log_3478,doc_3,read_phi,phi_rec_108,0,0,0,billing,2025-07-07T23:36:30,benign
log_3479,doc_3,read_phi,phi_rec_171,0,0,0,marketing,2025-06-01T10:57:42,benign
log_3480,doc_4,read_phi,phi_rec_134,1,1,0,diagnosis,2025-02-24T16:24:04,benign
log_3481,doc_2,read_phi,phi_rec_161,0,1,0,research,2025-02-24T15:55:33,benign
log_3482,doc_4,read_phi,phi_rec_135,0,1,0,research,2025-06-25T08:14:15,benign
log_3483,bclerk_0,read_phi,phi_rec_171,0,0,1,billing,2025-03-15T18:30:42,benign
log_3484,bclerk_0,read_phi,phi_rec_118,0,0,1,billing,2025-06-26T23:02:12,benign
log_3485,doc_3,read_phi,phi_rec_171,0,0,0,marketing,2025-01-18T07:38:56,benign
log_3486,doc_4,read_phi,phi_rec_34,0,1,0,diagnosis,2025-02-07T16:47:01,benign
log_3487,bclerk_0,read_phi,phi_rec_145,0,0,1,billing,2025-06-21T22:20:40,benign
log_3488,doc_4,read_phi,phi_rec_52,0,0,0,marketing,2025-01-12T10:38:03,benign
log_3489,doc_0,read_phi,phi_rec_67,0,0,0,billing,2025-05-14T21:29:17,benign
log_3490,doc_1,read_phi,phi_rec_182,1,1,0,diagnosis,2025-01-17T17:59:45,benign
log_3491,bclerk_0,read_phi,phi_rec_163,0,0,1,billing,2025-04-10T00:11:13,benign
log_3492,bclerk_0,read_phi,phi_rec_26,0,0,1,billing,2025-02-27T21:34:47,benign
log_3493,doc_0,read_phi,phi_rec_132,0,0,0,billing,2025-08-14T14:40:30,benign
log_3494,doc_1,read_phi,phi_rec_188,0,1,0,research,2025-05-14T06:12:14,violation_hipaa_auth
log_3495,doc_4,read_phi,phi_rec_37,0,0,0,billing,2025-07-25T01:47:46,benign
log_3496,doc_1,read_phi,phi_rec_51,0,0,0,billing,2025-07-15T20:31:48,benign
log_3497,doc_3,read_phi,phi_rec_43,0,0,0,marketing,2025-06-12T22:33:02,benign
log_3498,doc_0,read_phi,phi_rec_41,1,1,0,diagnosis,2025-08-05T14:25:44,benign
log_3499,doc_1,read_phi,phi_rec_82,1,1,0,diagnosis,2025-08-02T10:20:35,benign
log_3500,doc_2,read_phi,phi_rec_31,0,0,0,marketing,2025-08-14T04:02:08,benign
log_3501,doc_1,read_phi,phi_rec_117,0,1,0,diagnosis,2025-03-24T18:35:19,violation_hipaa_auth
log_3502,doc_1,read_phi,phi_rec_53,0,1,0,research,2025-04-29T17:09:23,benign
log_3503,doc_1,read_phi,phi_rec_181,0,0,0,billing,2025-07-05T17:37:59,benign
log_3504,doc_4,read_phi,phi_rec_52,1,1,0,research,2025-05-14T19:39:58,benign
log_3505,bclerk_0,read_phi,phi_rec_25,0,0,1,marketing,2025-03-27T06:04:43,violation_gdpr_art18
log_3506,bclerk_0,read_phi,phi_rec_83,0,0,1,billing,2025-08-05T20:00:13,benign
log_3507,bclerk_0,read_phi,phi_rec_80,0,0,1,billing,2025-03-05T18:45:46,benign
log_3508,doc_4,read_phi,phi_rec_180,1,1,0,diagnosis,2025-05-17T16:51:39,benign
log_3509,doc_2,read_phi,phi_rec_47,0,0,0,marketing,2025-02-18T17:38:33,benign
log_3510,doc_3,read_phi,phi_rec_57,0,0,0,marketing,2025-03-07T14:58:10,benign
log_3511,doc_1,read_phi,phi_rec_11,0,0,0,marketing,2025-08-25T08:53:27,benign
log_3512,bclerk_0,read_phi,phi_rec_145,0,0,1,billing,2025-01-26T03:53:01,benign
log_3513,bclerk_0,read_phi,phi_rec_45,0,0,1,billing,2025-07-28T09:35:05,benign
log_3514,doc_4,read_phi,phi_rec_88,0,0,0,billing,2025-07-25T17:36:56,benign
log_3515,bclerk_0,read_phi,phi_rec_155,0,0,1,billing,2025-08-27T13:37:58,benign
log_3516,bclerk_0,read_phi,phi_rec_175,0,0,1,billing,2025-04-12T02:51:01,benign
log_3517,doc_0,read_phi,phi_rec_183,1,1,0,diagnosis,2025-01-04T00:05:17,benign
log_3518,bclerk_0,read_phi,phi_rec_150,0,0,1,billing,2025-06-29T18:34:51,benign
log_3519,bclerk_0,read_phi,phi_rec_62,1,0,0,billing,2025-07-09T13:58:27,violation_hipaa_min_necessary
log_3520,doc_0,read_phi,phi_rec_162,1,1,0,diagnosis,2025-02-08T07:12:53,benign
log_3521,bclerk_0,read_phi,phi_rec_87,0,0,1,billing,2025-07-06T02:21:40,benign
log_3522,doc_3,read_phi,phi_rec_115,1,1,0,diagnosis,2025-04-13T00:57:18,benign
log_3523,bclerk_0,read_phi,phi_rec_144,0,1,0,billing,2025-08-01T19:28:10,violation_hipaa_min_necessary
log_3524,doc_0,read_phi,phi_rec_41,1,1,0,diagnosis,2025-01-11T12:02:08,benign
log_3525,doc_2,read_phi,phi_rec_3,1,1,0,diagnosis,2025-02-04T16:31:55,benign
log_3526,bclerk_0,read_phi,phi_rec_101,0,0,1,billing,2025-04-13T03:16:08,benign
log_3527,doc_1,read_phi,phi_rec_85,1,1,0,diagnosis,2025-04-23T00:05:58,benign
log_3528,bclerk_0,read_phi,phi_rec_78,0,0,1,billing,2025-07-01T11:24:16,benign
log_3529,doc_3,read_phi,phi_rec_35,1,1,0,research,2025-07-12T06:30:17,benign
log_3530,doc_2,read_phi,phi_rec_166,0,0,0,marketing,2025-03-13T21:45:13,benign
log_3531,doc_2,read_phi,phi_rec_145,1,1,0,diagnosis,2025-04-27T10:08:47,benign
log_3532,doc_3,read_phi,phi_rec_6,1,1,0,research,2025-01-26T19:20:09,benign
log_3533,doc_0,read_phi,phi_rec_95,0,1,0,diagnosis,2025-07-31T12:39:18,benign
log_3534,doc_2,read_phi,phi_rec_38,0,0,0,billing,2025-03-23T08:43:07,benign
log_3535,doc_0,read_phi,phi_rec_122,1,1,0,diagnosis,2025-03-06T01:40:50,benign
log_3536,doc_4,read_phi,phi_rec_37,1,1,0,diagnosis,2025-03-28T11:05:02,benign
log_3537,doc_4,read_phi,phi_rec_34,0,0,0,billing,2025-02-20T08:01:30,benign
log_3538,doc_4,read_phi,phi_rec_68,1,1,0,research,2025-07-03T05:48:20,benign
log_3539,doc_1,read_phi,phi_rec_139,1,1,0,diagnosis,2025-08-03T00:45:21,benign
log_3540,doc_0,read_phi,phi_rec_162,0,0,0,diagnosis,2025-02-02T13:35:47,benign
log_3541,bclerk_0,read_phi,phi_rec_95,0,0,1,billing,2025-06-07T01:20:32,benign
log_3542,doc_2,read_phi,phi_rec_110,0,0,0,billing,2025-06-10T19:10:35,benign
log_3543,bclerk_0,read_phi,phi_rec_82,0,0,1,billing,2025-02-17T05:36:02,benign
log_3544,doc_1,read_phi,phi_rec_94,1,0,0,research,2025-08-19T21:58:18,violation_gdpr_art18
log_3545,doc_3,read_phi,phi_rec_57,1,0,0,research,2025-07-01T11:03:47,benign
log_3546,bclerk_0,read_phi,phi_rec_20,0,0,1,billing,2025-07-18T15:16:56,benign
log_3547,doc_0,read_phi,phi_rec_95,0,0,0,marketing,2025-06-12T23:23:37,benign
log_3548,bclerk_0,read_phi,phi_rec_79,1,0,0,billing,2025-08-05T09:22:19,violation_hipaa_min_necessary
log_3549,bclerk_0,read_phi,phi_rec_181,0,0,1,billing,2025-05-14T09:20:52,benign
log_3550,doc_3,read_phi,phi_rec_179,0,1,0,research,2025-08-26T22:06:26,benign
log_3551,doc_3,read_phi,phi_rec_43,1,0,0,diagnosis,2025-04-08T00:28:16,benign
log_3552,doc_2,read_phi,phi_rec_22,0,0,0,billing,2025-06-27T09:09:14,benign
log_3553,doc_3,read_phi,phi_rec_167,1,1,0,research,2025-05-23T22:10:36,benign
log_3554,doc_0,read_phi,phi_rec_91,1,1,0,research,2025-04-17T18:18:19,benign
log_3555,bclerk_0,read_phi,phi_rec_177,0,0,1,billing,2025-08-24T17:19:29,benign
log_3556,bclerk_0,read_phi,phi_rec_5,0,0,1,billing,2025-01-15T11:44:39,benign
log_3557,doc_0,read_phi,phi_rec_160,0,0,0,billing,2025-01-22T19:56:50,benign
log_3558,doc_3,read_phi,phi_rec_175,0,0,0,marketing,2025-04-18T06:55:12,benign
log_3559,doc_2,read_phi,phi_rec_80,0,0,0,billing,2025-07-10T01:35:01,benign
log_3560,doc_0,read_phi,phi_rec_160,1,1,0,diagnosis,2025-04-01T21:44:28,benign
log_3561,doc_3,read_phi,phi_rec_171,1,1,0,diagnosis,2025-07-03T18:16:38,benign
log_3562,bclerk_0,read_phi,phi_rec_0,0,0,1,billing,2025-06-18T22:27:44,benign
log_3563,doc_2,read_phi,phi_rec_3,0,0,0,billing,2025-07-17T01:09:09,benign
log_3564,bclerk_0,read_phi,phi_rec_76,0,0,1,billing,2025-03-10T18:57:04,benign
log_3565,doc_2,read_phi,phi_rec_107,0,0,0,marketing,2025-01-25T03:53:53,benign
log_3566,doc_4,read_phi,phi_rec_190,1,1,0,diagnosis,2025-04-14T02:44:28,benign
log_3567,doc_2,read_phi,phi_rec_161,1,1,0,research,2025-03-15T10:36:24,benign
log_3568,doc_2,read_phi,phi_rec_7,0,0,0,diagnosis,2025-06-15T16:42:41,benign
log_3569,doc_3,read_phi,phi_rec_8,1,1,0,diagnosis,2025-07-13T00:43:24,benign
log_3570,bclerk_0,read_phi,phi_rec_58,0,0,1,billing,2025-02-15T23:16:53,benign
log_3571,doc_3,read_phi,phi_rec_195,0,0,0,marketing,2025-02-20T01:11:16,benign
log_3572,doc_4,read_phi,phi_rec_37,1,1,0,diagnosis,2025-05-03T00:48:38,benign
log_3573,doc_1,read_phi,phi_rec_84,0,0,0,billing,2025-05-21T14:20:51,benign
log_3574,doc_4,read_phi,phi_rec_40,0,0,0,marketing,2025-01-30T07:43:23,benign
log_3575,bclerk_0,read_phi,phi_rec_20,0,0,1,billing,2025-01-12T07:44:58,benign
log_3576,doc_1,read_phi,phi_rec_150,1,1,0,diagnosis,2025-08-22T16:19:38,benign
log_3577,doc_3,read_phi,phi_rec_79,1,1,0,diagnosis,2025-04-02T02:46:48,benign
log_3578,doc_2,read_phi,phi_rec_60,0,0,0,billing,2025-07-02T16:47:05,benign
log_3579,doc_2,read_phi,phi_rec_31,1,1,0,diagnosis,2025-01-01T19:37:49,benign
log_3580,doc_0,read_phi,phi_rec_147,0,0,0,marketing,2025-06-14T12:39:53,benign
log_3581,doc_4,read_phi,phi_rec_157,0,0,0,billing,2025-08-21T16:02:07,benign
log_3582,bclerk_0,read_phi,phi_rec_184,0,0,1,billing,2025-08-22T23:04:11,benign
log_3583,doc_0,read_phi,phi_rec_111,1,1,0,diagnosis,2025-08-06T18:50:48,benign
log_3584,doc_0,read_phi,phi_rec_146,1,1,0,research,2025-03-12T12:04:38,benign
log_3585,bclerk_0,read_phi,phi_rec_91,0,0,1,billing,2025-04-02T01:27:57,benign
log_3586,bclerk_0,read_phi,phi_rec_189,0,0,1,billing,2025-04-18T20:04:35,benign
log_3587,doc_1,read_phi,phi_rec_163,0,0,0,billing,2025-02-26T19:10:03,benign
log_3588,doc_3,read_phi,phi_rec_36,1,1,0,diagnosis,2025-03-08T07:46:22,benign
log_3589,doc_2,read_phi,phi_rec_107,0,0,0,billing,2025-07-30T03:07:15,benign
log_3590,doc_4,read_phi,phi_rec_72,0,0,0,diagnosis,2025-08-16T21:17:04,benign
log_3591,doc_2,read_phi,phi_rec_64,0,0,0,billing,2025-01-03T06:11:43,benign
log_3592,doc_3,read_phi,phi_rec_153,0,0,0,billing,2025-06-03T16:48:19,benign
log_3593,doc_4,read_phi,phi_rec_45,1,0,0,diagnosis,2025-08-16T15:36:01,benign
log_3594,doc_2,read_phi,phi_rec_18,0,0,0,marketing,2025-02-28T13:04:17,benign
log_3595,doc_2,read_phi,phi_rec_188,1,0,0,diagnosis,2025-01-12T17:18:27,benign
log_3596,doc_3,read_phi,phi_rec_30,1,0,0,diagnosis,2025-02-20T02:54:35,benign
log_3597,doc_4,read_phi,phi_rec_73,1,1,0,research,2025-01-08T05:13:13,benign
log_3598,doc_4,read_phi,phi_rec_12,0,0,0,marketing,2025-07-24T15:00:17,benign
log_3599,bclerk_0,read_phi,phi_rec_101,0,0,1,billing,2025-03-09T20:32:00,benign
log_3600,doc_1,read_phi,phi_rec_54,1,1,0,diagnosis,2025-06-24T04:34:51,benign
log_3601,doc_2,read_phi,phi_rec_60,0,0,0,marketing,2025-06-21T11:18:17,benign
log_3602,doc_4,read_phi,phi_rec_134,1,1,0,diagnosis,2025-07-29T22:32:24,benign
log_3603,doc_2,read_phi,phi_rec_38,0,0,0,marketing,2025-04-26T10:10:58,benign
log_3604,bclerk_0,read_phi,phi_rec_18,0,0,1,billing,2025-03-02T08:21:21,benign
log_3605,doc_1,read_phi,phi_rec_118,1,1,0,diagnosis,2025-05-30T06:05:47,benign
log_3606,doc_4,read_phi,phi_rec_40,0,0,0,billing,2025-06-21T07:19:42,benign
log_3607,doc_4,read_phi,phi_rec_141,1,1,0,diagnosis,2025-04-04T19:31:02,benign
log_3608,doc_4,read_phi,phi_rec_150,0,1,0,diagnosis,2025-03-11T04:24:08,violation_hipaa_auth
log_3609,doc_4,read_phi,phi_rec_12,0,0,0,billing,2025-02-07T21:01:24,benign
log_3610,doc_4,read_phi,phi_rec_20,1,1,0,diagnosis,2025-06-25T11:18:31,benign
log_3611,doc_3,read_phi,phi_rec_36,1,1,0,diagnosis,2025-03-08T18:24:20,benign
log_3612,doc_0,read_phi,phi_rec_91,0,0,0,billing,2025-05-25T00:08:03,benign
log_3613,doc_4,read_phi,phi_rec_37,0,0,0,billing,2025-06-17T23:07:06,benign
log_3614,bclerk_0,read_phi,phi_rec_103,0,0,1,billing,2025-04-15T00:55:19,benign
log_3615,doc_0,read_phi,phi_rec_63,0,0,0,marketing,2025-07-18T00:41:53,benign
log_3616,doc_4,read_phi,phi_rec_97,1,1,0,diagnosis,2025-01-05T14:23:51,benign
log_3617,bclerk_0,read_phi,phi_rec_87,0,0,1,billing,2025-05-26T20:11:42,benign
log_3618,doc_2,read_phi,phi_rec_110,1,1,0,research,2025-04-08T14:27:20,benign
log_3619,doc_2,read_phi,phi_rec_25,0,0,0,billing,2025-07-13T17:44:12,benign
log_3620,bclerk_0,read_phi,phi_rec_169,0,0,1,billing,2025-03-21T02:05:38,benign
log_3621,doc_3,read_phi,phi_rec_158,0,0,0,diagnosis,2025-02-17T01:32:25,benign
log_3622,doc_0,read_phi,phi_rec_63,0,0,0,billing,2025-05-06T04:29:23,benign
log_3623,doc_1,read_phi,phi_rec_118,1,1,0,research,2025-02-18T08:53:32,benign
log_3624,doc_3,read_phi,phi_rec_198,0,1,0,diagnosis,2025-07-17T08:54:04,violation_hipaa_auth
log_3625,bclerk_0,read_phi,phi_rec_43,0,0,1,billing,2025-02-21T03:50:35,benign
log_3626,doc_3,read_phi,phi_rec_57,1,0,0,diagnosis,2025-03-09T03:47:17,benign
log_3627,doc_4,read_phi,phi_rec_40,1,1,0,diagnosis,2025-03-02T12:40:31,benign
log_3628,bclerk_0,read_phi,phi_rec_13,0,0,1,billing,2025-04-11T21:21:57,benign
log_3629,doc_4,read_phi,phi_rec_27,1,1,0,diagnosis,2025-08-22T06:03:00,benign
log_3630,doc_1,read_phi,phi_rec_131,0,0,0,billing,2025-05-06T18:34:04,benign
log_3631,doc_2,read_phi,phi_rec_7,1,1,0,diagnosis,2025-08-28T23:20:34,benign
log_3632,doc_3,read_phi,phi_rec_46,0,0,0,marketing,2025-03-15T05:45:44,benign
log_3633,bclerk_0,read_phi,phi_rec_44,0,0,1,billing,2025-07-30T20:26:35,benign
log_3634,doc_0,read_phi,phi_rec_67,0,0,0,billing,2025-03-28T06:12:19,benign
log_3635,doc_4,read_phi,phi_rec_19,0,0,0,billing,2025-05-10T18:47:28,benign
log_3636,bclerk_0,read_phi,phi_rec_59,0,0,1,billing,2025-08-18T17:16:39,benign
log_3637,doc_0,read_phi,phi_rec_111,1,1,0,diagnosis,2025-05-13T04:00:50,benign
log_3638,bclerk_0,read_phi,phi_rec_158,0,0,1,billing,2025-04-05T23:16:31,benign
log_3639,doc_4,read_phi,phi_rec_70,1,0,0,diagnosis,2025-01-05T01:01:32,benign
log_3640,doc_3,read_phi,phi_rec_6,0,0,0,marketing,2025-03-30T02:17:08,benign
log_3641,doc_2,read_phi,phi_rec_25,0,0,0,billing,2025-07-16T01:12:21,benign
log_3642,bclerk_0,read_phi,phi_rec_66,0,0,1,billing,2025-05-04T08:26:47,benign
log_3643,doc_4,read_phi,phi_rec_133,1,1,0,diagnosis,2025-02-17T03:51:05,benign
log_3644,doc_4,read_phi,phi_rec_68,0,0,0,billing,2025-07-18T16:43:18,benign
log_3645,doc_0,read_phi,phi_rec_114,0,0,0,billing,2025-07-08T22:23:59,benign
log_3646,doc_1,read_phi,phi_rec_131,0,0,0,marketing,2025-07-30T20:23:30,benign
log_3647,doc_3,read_phi,phi_rec_26,0,0,0,billing,2025-02-16T06:56:28,benign
log_3648,doc_2,read_phi,phi_rec_47,1,0,0,research,2025-06-10T15:33:58,benign
log_3649,doc_4,read_phi,phi_rec_61,0,0,0,billing,2025-04-22T01:13:25,benign
log_3650,bclerk_0,read_phi,phi_rec_167,0,1,0,billing,2025-02-01T07:55:01,violation_hipaa_min_necessary
log_3651,bclerk_0,read_phi,phi_rec_189,0,0,1,billing,2025-02-10T15:14:32,benign
log_3652,doc_0,read_phi,phi_rec_42,0,0,0,diagnosis,2025-04-03T09:04:41,benign
log_3653,doc_4,read_phi,phi_rec_97,1,0,0,research,2025-08-15T21:55:36,benign
log_3654,doc_0,read_phi,phi_rec_95,0,0,0,marketing,2025-03-26T18:41:14,benign
log_3655,doc_0,read_phi,phi_rec_174,0,0,0,billing,2025-05-19T07:56:41,benign
log_3656,doc_0,read_phi,phi_rec_174,1,1,0,research,2025-01-07T22:39:32,benign
log_3657,doc_0,read_phi,phi_rec_23,0,0,0,billing,2025-04-28T12:11:25,benign
log_3658,doc_2,read_phi,phi_rec_49,0,0,0,billing,2025-01-08T14:08:11,benign
log_3659,doc_1,read_phi,phi_rec_130,0,0,0,marketing,2025-04-29T16:26:47,benign
log_3660,doc_4,read_phi,phi_rec_157,0,0,0,marketing,2025-06-09T12:18:38,benign
log_3661,doc_0,read_phi,phi_rec_152,1,0,0,diagnosis,2025-04-03T04:40:40,benign
log_3662,bclerk_0,read_phi,phi_rec_178,0,0,1,billing,2025-07-16T19:13:43,benign
log_3663,bclerk_0,read_phi,phi_rec_183,0,0,1,billing,2025-06-02T18:10:56,benign
log_3664,doc_0,read_phi,phi_rec_183,0,1,0,research,2025-03-09T04:33:52,benign
log_3665,doc_4,read_phi,phi_rec_61,0,0,0,marketing,2025-05-10T03:32:07,benign
log_3666,doc_2,read_phi,phi_rec_161,1,1,0,diagnosis,2025-07-16T15:13:58,benign
log_3667,doc_2,read_phi,phi_rec_124,0,0,0,billing,2025-02-27T12:34:29,benign
log_3668,doc_0,read_phi,phi_rec_34,0,1,0,research,2025-08-02T06:13:26,violation_hipaa_auth
log_3669,doc_0,read_phi,phi_rec_58,0,0,0,billing,2025-08-04T18:42:51,benign
log_3670,bclerk_0,read_phi,phi_rec_78,0,0,1,billing,2025-06-14T19:47:22,benign
log_3671,doc_4,read_phi,phi_rec_180,0,0,0,marketing,2025-08-29T16:41:59,benign
log_3672,bclerk_0,read_phi,phi_rec_35,0,0,1,billing,2025-04-12T02:22:29,benign
log_3673,bclerk_0,read_phi,phi_rec_156,0,0,1,billing,2025-01-29T00:22:31,benign
log_3674,doc_2,read_phi,phi_rec_166,0,1,0,diagnosis,2025-08-26T18:45:35,benign
log_3675,doc_0,read_phi,phi_rec_147,0,0,0,billing,2025-02-04T15:46:07,benign
log_3676,doc_1,read_phi,phi_rec_71,0,0,0,marketing,2025-05-10T20:48:26,benign
log_3677,doc_1,read_phi,phi_rec_176,0,0,0,billing,2025-01-30T01:04:18,benign
log_3678,doc_4,read_phi,phi_rec_61,0,0,0,billing,2025-07-13T15:35:20,benign
log_3679,doc_1,read_phi,phi_rec_130,1,1,0,diagnosis,2025-01-21T08:01:13,benign
log_3680,doc_1,read_phi,phi_rec_130,0,0,0,billing,2025-08-26T16:38:38,benign
log_3681,doc_0,read_phi,phi_rec_24,0,1,0,diagnosis,2025-07-06T01:50:03,benign
log_3682,doc_4,read_phi,phi_rec_113,0,0,0,marketing,2025-04-04T20:17:01,benign
log_3683,doc_0,read_phi,phi_rec_44,0,0,0,billing,2025-04-21T00:19:22,benign
log_3684,doc_2,read_phi,phi_rec_60,0,0,0,marketing,2025-01-03T04:08:57,benign
log_3685,doc_0,read_phi,phi_rec_96,0,0,0,billing,2025-06-04T13:56:11,benign
log_3686,doc_4,read_phi,phi_rec_32,0,0,0,billing,2025-07-13T00:55:16,benign
log_3687,doc_3,read_phi,phi_rec_153,1,1,0,research,2025-06-21T09:26:16,benign
log_3688,doc_0,read_phi,phi_rec_111,0,0,0,billing,2025-05-14T17:57:49,benign
log_3689,doc_2,read_phi,phi_rec_75,0,0,0,billing,2025-06-06T07:53:21,benign
log_3690,doc_0,read_phi,phi_rec_128,0,1,0,research,2025-02-04T00:08:45,violation_gdpr_art18
log_3691,doc_3,read_phi,phi_rec_179,0,0,0,billing,2025-07-14T13:22:46,benign
log_3692,doc_0,read_phi,phi_rec_183,0,0,0,billing,2025-01-09T11:51:41,benign
log_3693,doc_3,read_phi,phi_rec_158,0,0,0,billing,2025-08-07T17:47:31,benign
log_3694,doc_4,read_phi,phi_rec_128,0,1,0,billing,2025-05-31T09:21:09,violation_hipaa_auth
log_3695,doc_0,read_phi,phi_rec_162,0,0,0,billing,2025-06-06T21:37:49,benign
log_3696,doc_1,read_phi,phi_rec_85,1,1,0,diagnosis,2025-07-16T05:55:32,benign
log_3697,doc_4,read_phi,phi_rec_173,1,1,0,diagnosis,2025-06-03T00:27:07,benign
log_3698,doc_0,read_phi,phi_rec_114,1,1,0,diagnosis,2025-08-11T00:36:42,benign
log_3699,doc_2,read_phi,phi_rec_31,0,0,0,billing,2025-01-03T15:06:09,benign
log_3700,doc_4,read_phi,phi_rec_65,0,0,0,billing,2025-03-26T03:57:29,benign
log_3701,bclerk_0,read_phi,phi_rec_160,0,0,1,billing,2025-01-15T03:36:40,benign
log_3702,doc_4,read_phi,phi_rec_113,0,0,0,billing,2025-04-06T19:04:21,benign
log_3703,doc_1,read_phi,phi_rec_13,0,0,0,billing,2025-05-27T11:11:28,benign
log_3704,doc_3,read_phi,phi_rec_143,0,0,0,billing,2025-05-13T03:27:52,benign
log_3705,doc_1,read_phi,phi_rec_71,1,1,0,diagnosis,2025-06-16T18:34:58,benign
log_3706,doc_4,read_phi,phi_rec_190,1,1,0,diagnosis,2025-01-07T10:21:10,benign
log_3707,bclerk_0,read_phi,phi_rec_192,0,0,1,billing,2025-02-14T10:34:57,benign
log_3708,bclerk_0,read_phi,phi_rec_88,0,0,1,billing,2025-08-26T10:49:38,benign
log_3709,doc_2,read_phi,phi_rec_18,0,0,0,billing,2025-05-07T11:24:39,benign
log_3710,doc_0,read_phi,phi_rec_137,1,1,0,diagnosis,2025-07-14T06:01:51,benign
log_3711,doc_0,read_phi,phi_rec_44,1,1,0,research,2025-03-28T21:47:51,benign
log_3712,doc_0,read_phi,phi_rec_142,1,1,0,diagnosis,2025-06-21T13:06:02,benign
log_3713,bclerk_0,read_phi,phi_rec_72,0,0,1,billing,2025-05-11T15:49:52,benign
log_3714,doc_3,read_phi,phi_rec_79,1,1,0,research,2025-08-15T14:31:01,benign
log_3715,bclerk_0,read_phi,phi_rec_137,0,0,1,billing,2025-07-31T09:46:42,benign
log_3716,doc_3,read_phi,phi_rec_30,0,0,0,billing,2025-03-24T20:53:00,benign
log_3717,doc_4,read_phi,phi_rec_134,0,0,0,billing,2025-04-21T19:39:23,benign
log_3718,doc_1,read_phi,phi_rec_93,1,1,0,diagnosis,2025-05-11T10:02:25,benign
log_3719,doc_3,read_phi,phi_rec_153,1,1,0,diagnosis,2025-04-14T12:55:15,benign
log_3720,doc_3,read_phi,phi_rec_175,0,0,0,billing,2025-05-19T03:04:07,benign
log_3721,doc_4,read_phi,phi_rec_88,1,1,0,diagnosis,2025-04-04T23:15:20,benign
log_3722,doc_3,read_phi,phi_rec_195,0,0,0,marketing,2025-08-21T09:08:54,benign
log_3723,doc_2,read_phi,phi_rec_25,0,0,0,billing,2025-06-30T21:03:08,benign
log_3724,bclerk_0,read_phi,phi_rec_127,0,0,1,billing,2025-01-02T02:25:35,benign
log_3725,doc_1,read_phi,phi_rec_48,1,1,0,diagnosis,2025-07-26T09:41:25,benign
log_3726,doc_4,read_phi,phi_rec_34,1,1,0,diagnosis,2025-04-01T09:34:29,benign
log_3727,doc_0,read_phi,phi_rec_152,0,0,0,marketing,2025-06-24T16:05:51,benign
log_3728,doc_4,read_phi,phi_rec_56,1,1,0,research,2025-03-26T07:25:42,benign
log_3729,doc_0,read_phi,phi_rec_92,0,0,0,billing,2025-01-24T11:28:27,benign
log_3730,doc_4,read_phi,phi_rec_45,0,0,0,billing,2025-04-02T09:27:30,benign
log_3731,doc_4,read_phi,phi_rec_70,0,0,0,billing,2025-03-23T22:11:33,benign
log_3732,doc_1,read_phi,phi_rec_123,0,0,0,marketing,2025-01-28T01:52:17,benign
log_3733,doc_4,read_phi,phi_rec_20,0,0,0,billing,2025-03-08T19:35:04,benign
log_3734,doc_0,read_phi,phi_rec_50,1,1,0,research,2025-06-29T08:09:48,benign
log_3735,doc_1,read_phi,phi_rec_21,0,0,0,marketing,2025-05-07T22:19:43,benign
log_3736,doc_2,read_phi,phi_rec_178,1,1,0,research,2025-06-12T11:21:20,benign
log_3737,doc_3,read_phi,phi_rec_179,0,0,0,marketing,2025-04-29T07:05:00,benign
log_3738,doc_1,read_phi,phi_rec_119,0,0,0,marketing,2025-05-16T01:41:16,benign
log_3739,doc_2,read_phi,phi_rec_60,0,0,0,marketing,2025-05-22T18:23:38,benign
log_3740,doc_3,read_phi,phi_rec_1,0,1,0,diagnosis,2025-04-15T18:31:33,benign
log_3741,doc_4,read_phi,phi_rec_68,1,1,0,diagnosis,2025-05-14T18:06:57,benign
log_3742,doc_0,read_phi,phi_rec_24,1,1,0,diagnosis,2025-03-24T08:33:48,benign
log_3743,doc_0,read_phi,phi_rec_152,1,1,0,research,2025-02-05T19:07:31,benign
log_3744,doc_4,read_phi,phi_rec_173,1,0,0,diagnosis,2025-04-27T02:57:32,benign
log_3745,doc_0,read_phi,phi_rec_92,0,0,0,billing,2025-05-19T05:01:03,benign
log_3746,doc_3,read_phi,phi_rec_43,1,1,0,diagnosis,2025-07-02T17:07:45,benign
log_3747,doc_2,read_phi,phi_rec_190,0,1,0,diagnosis,2025-08-16T13:51:49,violation_hipaa_auth
log_3748,doc_0,read_phi,phi_rec_146,0,0,0,billing,2025-02-07T01:08:20,benign
log_3749,doc_2,read_phi,phi_rec_117,1,0,0,diagnosis,2025-01-17T00:56:44,benign
log_3750,doc_4,read_phi,phi_rec_113,0,0,0,marketing,2025-08-26T10:43:54,benign
log_3751,doc_2,read_phi,phi_rec_178,1,0,0,diagnosis,2025-04-19T03:56:27,benign
log_3752,doc_1,read_phi,phi_rec_93,0,1,0,diagnosis,2025-03-29T21:08:26,benign
log_3753,doc_0,read_phi,phi_rec_152,1,1,0,research,2025-05-28T18:42:40,benign
log_3754,bclerk_0,read_phi,phi_rec_177,0,0,1,billing,2025-05-12T07:39:47,benign
log_3755,doc_0,read_phi,phi_rec_122,0,0,0,billing,2025-04-25T23:52:47,benign
log_3756,doc_4,read_phi,phi_rec_157,0,0,0,marketing,2025-07-14T09:12:07,benign
log_3757,doc_4,read_phi,phi_rec_56,0,1,0,diagnosis,2025-06-01T23:00:20,benign
log_3758,doc_2,read_phi,phi_rec_166,1,1,0,diagnosis,2025-04-27T00:49:58,benign
log_3759,doc_4,read_phi,phi_rec_10,1,1,0,research,2025-02-01T17:28:02,benign
log_3760,bclerk_0,read_phi,phi_rec_99,0,0,1,billing,2025-03-19T13:40:05,benign
log_3761,doc_2,read_phi,phi_rec_178,0,0,0,marketing,2025-05-27T03:52:37,benign
log_3762,bclerk_0,read_phi,phi_rec_39,0,0,1,billing,2025-07-01T06:59:12,benign
log_3763,bclerk_0,read_phi,phi_rec_68,0,0,1,billing,2025-07-18T14:53:19,benign
log_3764,bclerk_0,read_phi,phi_rec_198,0,0,1,billing,2025-08-27T14:11:38,benign
log_3765,doc_3,read_phi,phi_rec_46,0,0,0,billing,2025-02-02T23:36:18,benign
log_3766,doc_3,read_phi,phi_rec_98,0,1,0,research,2025-01-05T19:30:26,benign
log_3767,doc_0,read_phi,phi_rec_91,1,1,0,research,2025-08-15T17:32:44,benign
log_3768,doc_0,read_phi,phi_rec_67,1,0,0,diagnosis,2025-02-13T21:11:54,benign
log_3769,bclerk_0,read_phi,phi_rec_199,0,0,1,billing,2025-04-07T10:08:48,benign
log_3770,doc_3,read_phi,phi_rec_179,1,0,0,research,2025-04-04T15:33:02,benign
log_3771,doc_2,read_phi,phi_rec_117,0,1,0,diagnosis,2025-01-17T03:13:27,benign
log_3772,doc_2,read_phi,phi_rec_66,0,0,0,billing,2025-03-25T02:18:18,benign
log_3773,doc_2,read_phi,phi_rec_177,0,1,0,diagnosis,2025-05-23T14:40:39,benign
log_3774,doc_1,read_phi,phi_rec_54,0,0,0,marketing,2025-03-02T03:18:45,benign
log_3775,doc_3,read_phi,phi_rec_195,1,1,0,research,2025-05-18T20:35:14,benign
log_3776,doc_2,read_phi,phi_rec_60,1,0,0,diagnosis,2025-02-10T04:20:14,benign
log_3777,bclerk_0,read_phi,phi_rec_35,0,0,1,billing,2025-03-18T02:18:38,benign
log_3778,doc_1,read_phi,phi_rec_185,1,1,0,research,2025-03-12T12:33:31,benign
log_3779,doc_4,read_phi,phi_rec_72,1,0,0,research,2025-02-24T08:12:01,benign
log_3780,doc_2,read_phi,phi_rec_14,0,1,0,diagnosis,2025-03-20T01:49:38,benign
log_3781,doc_1,read_phi,phi_rec_150,1,1,0,research,2025-01-30T21:07:05,benign
log_3782,doc_1,read_phi,phi_rec_33,1,1,0,diagnosis,2025-07-27T08:28:48,benign
log_3783,doc_3,read_phi,phi_rec_30,0,0,0,billing,2025-05-06T16:35:43,benign
log_3784,bclerk_0,read_phi,phi_rec_37,0,0,1,billing,2025-01-18T05:40:21,benign
log_3785,doc_2,read_phi,phi_rec_31,0,0,0,marketing,2025-04-15T14:16:12,benign
log_3786,doc_2,read_phi,phi_rec_89,1,0,0,research,2025-08-26T08:57:23,benign
log_3787,doc_1,read_phi,phi_rec_13,1,0,0,diagnosis,2025-06-29T15:59:09,benign
log_3788,doc_0,read_phi,phi_rec_193,1,1,0,diagnosis,2025-06-17T03:01:24,benign
log_3789,bclerk_0,read_phi,phi_rec_147,0,0,1,billing,2025-01-12T04:37:37,benign
log_3790,doc_4,read_phi,phi_rec_32,0,0,0,billing,2025-05-06T08:56:38,benign
log_3791,bclerk_0,read_phi,phi_rec_78,0,0,1,billing,2025-04-29T00:40:47,benign
log_3792,doc_1,read_phi,phi_rec_82,0,0,0,marketing,2025-02-18T23:25:28,benign
log_3793,doc_2,read_phi,phi_rec_29,1,1,0,research,2025-07-07T10:16:30,benign
log_3794,bclerk_0,read_phi,phi_rec_69,0,0,1,billing,2025-02-26T13:37:12,benign
log_3795,bclerk_0,read_phi,phi_rec_141,0,0,1,billing,2025-08-26T14:53:49,benign
log_3796,doc_4,read_phi,phi_rec_88,1,0,0,research,2025-05-07T23:49:19,benign
log_3797,doc_0,read_phi,phi_rec_87,0,0,0,billing,2025-08-27T20:47:18,benign
log_3798,doc_0,read_phi,phi_rec_162,1,1,0,research,2025-04-24T12:22:55,benign
log_3799,doc_0,read_phi,phi_rec_146,0,0,0,billing,2025-04-10T07:34:37,benign
log_3800,doc_2,read_phi,phi_rec_69,1,1,0,diagnosis,2025-05-19T16:04:53,benign
log_3801,doc_4,read_phi,phi_rec_101,1,1,0,diagnosis,2025-02-17T21:59:27,benign
log_3802,doc_4,read_phi,phi_rec_4,1,1,0,diagnosis,2025-02-19T15:14:22,benign
log_3803,doc_2,read_phi,phi_rec_177,1,1,0,diagnosis,2025-08-20T07:20:48,benign
log_3804,bclerk_0,read_phi,phi_rec_117,0,0,1,billing,2025-08-15T21:25:12,benign
log_3805,bclerk_0,read_phi,phi_rec_25,0,0,1,billing,2025-05-16T22:01:08,benign
log_3806,doc_1,read_phi,phi_rec_118,0,0,0,billing,2025-06-13T12:49:42,benign
log_3807,doc_1,read_phi,phi_rec_21,1,1,0,diagnosis,2025-01-30T11:29:36,benign
log_3808,doc_2,read_phi,phi_rec_186,1,1,0,research,2025-05-26T01:42:57,benign
log_3809,doc_1,read_phi,phi_rec_182,1,1,0,research,2025-07-23T13:53:01,benign
log_3810,bclerk_0,read_phi,phi_rec_141,0,0,1,billing,2025-07-21T02:03:25,benign
log_3811,bclerk_0,read_phi,phi_rec_60,0,0,1,billing,2025-08-21T08:36:43,benign
log_3812,doc_1,read_phi,phi_rec_130,0,0,0,marketing,2025-02-18T05:27:50,benign
log_3813,doc_4,read_phi,phi_rec_20,0,0,0,billing,2025-04-14T17:07:36,benign
log_3814,doc_2,read_phi,phi_rec_177,0,0,0,billing,2025-02-26T04:06:47,benign
log_3815,doc_0,read_phi,phi_rec_95,0,0,0,billing,2025-06-07T21:02:47,benign
log_3816,doc_2,read_phi,phi_rec_69,0,1,0,diagnosis,2025-08-02T10:14:21,benign
log_3817,doc_0,read_phi,phi_rec_63,1,1,0,diagnosis,2025-01-07T00:11:07,benign
log_3818,doc_2,read_phi,phi_rec_66,0,0,0,marketing,2025-08-06T21:32:42,benign
log_3819,doc_3,read_phi,phi_rec_6,0,1,0,research,2025-04-11T21:58:38,benign
log_3820,doc_2,read_phi,phi_rec_22,1,0,0,diagnosis,2025-08-19T22:14:33,benign
log_3821,doc_0,read_phi,phi_rec_114,0,0,0,marketing,2025-01-07T14:41:45,benign
log_3822,doc_1,read_phi,phi_rec_13,0,0,0,billing,2025-06-15T01:13:55,benign
log_3823,bclerk_0,read_phi,phi_rec_134,0,0,1,billing,2025-03-30T08:52:32,benign
log_3824,doc_4,read_phi,phi_rec_19,0,0,0,billing,2025-04-17T14:18:07,benign
log_3825,doc_0,read_phi,phi_rec_136,0,0,0,billing,2025-01-10T03:16:54,benign
log_3826,doc_1,read_phi,phi_rec_94,0,0,0,marketing,2025-06-27T23:31:45,benign
log_3827,doc_4,read_phi,phi_rec_37,0,0,0,billing,2025-06-12T19:21:11,benign
log_3828,bclerk_0,read_phi,phi_rec_104,0,0,1,billing,2025-08-11T21:38:50,benign
log_3829,doc_0,read_phi,phi_rec_155,0,0,0,billing,2025-04-01T23:38:33,benign
log_3830,doc_0,read_phi,phi_rec_138,0,0,0,billing,2025-06-09T14:13:04,benign
log_3831,doc_0,read_phi,phi_rec_152,1,1,0,research,2025-07-28T14:54:22,benign
log_3832,bclerk_0,read_phi,phi_rec_96,0,0,1,marketing,2025-01-13T14:34:54,violation_gdpr_art18
log_3833,doc_1,read_phi,phi_rec_53,1,0,0,diagnosis,2025-04-11T03:03:23,benign
log_3834,doc_0,read_phi,phi_rec_23,0,0,0,billing,2025-07-31T03:56:04,benign
log_3835,bclerk_0,read_phi,phi_rec_142,0,1,0,billing,2025-07-20T00:44:28,violation_hipaa_min_necessary
log_3836,doc_2,read_phi,phi_rec_52,0,1,0,billing,2025-05-31T13:09:37,violation_hipaa_auth
log_3837,doc_0,read_phi,phi_rec_39,0,0,0,research,2025-01-20T15:19:37,benign
log_3838,doc_2,read_phi,phi_rec_117,0,0,0,billing,2025-03-18T02:09:29,benign
log_3839,doc_2,read_phi,phi_rec_9,1,1,0,diagnosis,2025-02-28T22:36:28,benign
log_3840,bclerk_0,read_phi,phi_rec_47,0,0,1,billing,2025-06-21T09:51:57,benign
log_3841,bclerk_0,read_phi,phi_rec_106,0,0,1,billing,2025-06-30T05:15:17,benign
log_3842,doc_0,read_phi,phi_rec_120,0,0,0,marketing,2025-03-31T06:01:10,benign
log_3843,doc_2,read_phi,phi_rec_9,0,0,0,billing,2025-05-03T08:37:51,benign
log_3844,doc_4,read_phi,phi_rec_19,0,0,0,billing,2025-02-01T16:43:50,benign
log_3845,doc_4,read_phi,phi_rec_45,1,1,0,diagnosis,2025-07-04T09:37:30,benign
log_3846,doc_4,read_phi,phi_rec_12,1,1,0,diagnosis,2025-07-12T14:49:43,benign
log_3847,doc_3,read_phi,phi_rec_0,0,0,0,marketing,2025-08-08T13:53:23,benign
log_3848,doc_0,read_phi,phi_rec_28,0,0,0,marketing,2025-08-18T06:41:55,benign
log_3849,doc_1,read_phi,phi_rec_93,0,0,0,marketing,2025-05-17T00:46:39,benign
log_3850,doc_3,read_phi,phi_rec_167,1,0,0,research,2025-08-29T18:41:26,benign
log_3851,bclerk_0,read_phi,phi_rec_8,0,0,1,billing,2025-08-07T12:47:02,benign
log_3852,doc_2,read_phi,phi_rec_117,1,0,0,research,2025-06-06T20:00:55,benign
log_3853,bclerk_0,read_phi,phi_rec_184,0,0,1,billing,2025-01-26T20:49:25,benign
log_3854,doc_1,read_phi,phi_rec_11,1,0,0,diagnosis,2025-03-10T16:52:54,benign
log_3855,doc_2,read_phi,phi_rec_188,0,0,0,marketing,2025-06-18T16:27:33,benign
log_3856,bclerk_0,read_phi,phi_rec_102,0,0,1,billing,2025-07-04T17:15:48,benign
log_3857,doc_3,read_phi,phi_rec_43,0,0,0,marketing,2025-05-22T20:22:07,benign
log_3858,bclerk_0,read_phi,phi_rec_15,0,0,1,billing,2025-01-07T21:49:36,benign
log_3859,doc_0,read_phi,phi_rec_147,0,0,0,billing,2025-01-23T04:16:55,benign
log_3860,doc_0,read_phi,phi_rec_111,1,1,0,diagnosis,2025-08-20T05:31:06,benign
log_3861,doc_2,read_phi,phi_rec_186,0,0,0,billing,2025-05-10T18:40:59,benign
log_3862,doc_0,read_phi,phi_rec_50,0,0,0,marketing,2025-02-25T23:52:20,benign
log_3863,doc_4,read_phi,phi_rec_27,1,1,0,diagnosis,2025-01-15T07:24:26,benign
log_3864,doc_4,read_phi,phi_rec_157,0,0,0,marketing,2025-05-17T19:49:51,benign
log_3865,doc_4,read_phi,phi_rec_68,0,0,0,marketing,2025-01-21T06:21:59,benign
log_3866,doc_3,read_phi,phi_rec_6,1,1,0,research,2025-06-20T01:22:50,benign
log_3867,bclerk_0,read_phi,phi_rec_109,0,0,1,billing,2025-01-29T01:57:34,benign
log_3868,doc_1,read_phi,phi_rec_51,1,1,0,research,2025-06-28T06:11:06,benign
log_3869,doc_0,read_phi,phi_rec_39,1,1,0,research,2025-05-06T20:58:52,benign
log_3870,bclerk_0,read_phi,phi_rec_61,0,0,1,billing,2025-01-05T10:35:26,benign
log_3871,doc_2,read_phi,phi_rec_29,0,0,0,billing,2025-04-02T05:05:07,benign
log_3872,bclerk_0,read_phi,phi_rec_159,0,0,1,billing,2025-04-04T00:58:57,benign
log_3873,doc_2,read_phi,phi_rec_9,1,1,0,diagnosis,2025-08-01T10:27:53,benign
log_3874,doc_2,read_phi,phi_rec_121,1,0,0,diagnosis,2025-08-19T21:17:36,benign
log_3875,doc_2,read_phi,phi_rec_3,0,0,0,billing,2025-01-11T07:25:50,benign
log_3876,bclerk_0,read_phi,phi_rec_45,0,0,1,marketing,2025-04-12T21:57:55,violation_gdpr_art18
log_3877,doc_0,read_phi,phi_rec_183,0,0,0,billing,2025-05-23T18:17:25,benign
log_3878,doc_3,read_phi,phi_rec_143,0,0,0,marketing,2025-07-14T12:07:48,benign
log_3879,doc_3,read_phi,phi_rec_127,1,1,0,research,2025-01-16T22:35:16,benign
log_3880,bclerk_0,read_phi,phi_rec_179,0,0,1,billing,2025-06-28T09:25:33,benign
log_3881,bclerk_0,read_phi,phi_rec_161,0,0,1,billing,2025-07-27T05:09:47,benign
log_3882,doc_0,read_phi,phi_rec_59,1,1,0,research,2025-07-22T01:30:04,benign
log_3883,doc_1,read_phi,phi_rec_154,0,0,0,billing,2025-05-10T21:31:30,benign
log_3884,doc_2,read_phi,phi_rec_22,0,1,0,diagnosis,2025-02-28T17:42:55,benign
log_3885,doc_1,read_phi,phi_rec_93,1,1,0,diagnosis,2025-08-12T18:11:50,benign
log_3886,bclerk_0,read_phi,phi_rec_198,0,0,1,billing,2025-02-21T17:15:10,benign
log_3887,doc_0,read_phi,phi_rec_87,1,1,0,diagnosis,2025-08-26T21:11:09,benign
log_3888,doc_4,read_phi,phi_rec_187,0,0,0,billing,2025-02-23T16:00:25,benign
log_3889,bclerk_0,read_phi,phi_rec_34,0,0,1,billing,2025-04-22T19:51:48,benign
log_3890,doc_2,read_phi,phi_rec_49,0,0,0,billing,2025-06-07T02:19:12,benign
log_3891,doc_1,read_phi,phi_rec_131,1,1,0,research,2025-05-29T06:55:25,benign
log_3892,bclerk_0,read_phi,phi_rec_157,0,0,1,billing,2025-07-21T09:56:30,benign
log_3893,doc_4,read_phi,phi_rec_97,0,0,0,marketing,2025-01-12T18:11:36,benign
log_3894,doc_4,read_phi,phi_rec_197,0,0,0,billing,2025-01-18T11:31:43,benign
log_3895,doc_1,read_phi,phi_rec_48,0,0,0,marketing,2025-08-12T20:29:35,benign
log_3896,doc_1,read_phi,phi_rec_125,0,1,0,diagnosis,2025-08-10T11:10:25,benign
log_3897,doc_0,read_phi,phi_rec_142,0,0,0,billing,2025-02-10T21:55:15,benign
log_3898,doc_0,read_phi,phi_rec_120,1,1,0,research,2025-06-27T20:42:40,benign
log_3899,doc_4,read_phi,phi_rec_113,0,0,0,diagnosis,2025-07-07T13:42:01,benign
log_3900,doc_4,read_phi,phi_rec_10,1,1,0,research,2025-01-31T07:05:46,benign
log_3901,bclerk_0,read_phi,phi_rec_101,0,0,1,billing,2025-04-09T20:55:13,benign
log_3902,doc_4,read_phi,phi_rec_104,1,1,0,research,2025-08-10T22:38:55,benign
log_3903,doc_3,read_phi,phi_rec_194,1,1,0,research,2025-08-23T08:19:36,benign
log_3904,doc_4,read_phi,phi_rec_196,1,1,0,diagnosis,2025-05-18T22:50:32,benign
log_3905,doc_3,read_phi,phi_rec_0,0,0,0,marketing,2025-01-03T22:25:11,benign
log_3906,doc_2,read_phi,phi_rec_75,0,0,0,billing,2025-08-25T11:17:37,benign
log_3907,doc_2,read_phi,phi_rec_177,1,1,0,diagnosis,2025-07-16T09:36:59,benign
log_3908,bclerk_0,read_phi,phi_rec_24,0,0,1,billing,2025-01-28T15:10:48,benign
log_3909,doc_1,read_phi,phi_rec_154,1,0,0,diagnosis,2025-08-24T03:58:34,benign
log_3910,doc_3,read_phi,phi_rec_1,1,1,0,diagnosis,2025-03-31T18:57:09,benign
log_3911,doc_3,read_phi,phi_rec_0,0,0,0,billing,2025-05-21T00:29:58,benign
log_3912,doc_0,read_phi,phi_rec_122,0,0,0,billing,2025-08-09T03:16:19,benign
log_3913,bclerk_0,read_phi,phi_rec_80,0,0,1,billing,2025-03-08T16:16:24,benign
log_3914,bclerk_0,read_phi,phi_rec_189,0,0,1,billing,2025-01-21T07:35:56,benign
log_3915,doc_4,read_phi,phi_rec_197,0,1,0,diagnosis,2025-06-08T00:12:24,benign
log_3916,bclerk_0,read_phi,phi_rec_115,0,0,1,billing,2025-08-24T01:23:11,benign
log_3917,doc_3,read_phi,phi_rec_115,0,1,0,diagnosis,2025-08-02T22:30:03,benign
log_3918,doc_4,read_phi,phi_rec_10,1,1,0,research,2025-01-17T02:30:01,benign
log_3919,doc_3,read_phi,phi_rec_195,0,0,0,billing,2025-06-08T04:30:49,benign
log_3920,doc_3,read_phi,phi_rec_98,1,1,0,diagnosis,2025-07-20T15:24:42,benign
log_3921,doc_4,read_phi,phi_rec_74,0,0,0,billing,2025-06-16T00:41:32,benign
log_3922,doc_0,read_phi,phi_rec_95,0,0,0,billing,2025-06-18T19:59:03,benign
log_3923,doc_1,read_phi,phi_rec_21,0,0,0,marketing,2025-05-06T01:14:54,benign
log_3924,doc_4,read_phi,phi_rec_73,1,1,0,research,2025-01-27T17:15:06,benign
log_3925,bclerk_0,read_phi,phi_rec_173,0,0,1,billing,2025-06-12T18:10:01,benign
log_3926,bclerk_0,read_phi,phi_rec_141,0,0,1,billing,2025-05-11T05:19:08,benign
log_3927,doc_0,read_phi,phi_rec_128,1,1,0,diagnosis,2025-01-12T20:12:53,benign
log_3928,doc_3,read_phi,phi_rec_76,1,1,0,diagnosis,2025-07-09T11:27:56,benign
log_3929,doc_1,read_phi,phi_rec_123,1,1,0,research,2025-05-31T14:00:01,benign
log_3930,bclerk_0,read_phi,phi_rec_125,0,0,1,billing,2025-07-18T15:39:08,benign
log_3931,doc_4,read_phi,phi_rec_65,0,0,0,marketing,2025-02-15T05:40:55,benign
log_3932,doc_3,read_phi,phi_rec_5,1,1,0,diagnosis,2025-07-22T00:19:59,benign
log_3933,doc_2,read_phi,phi_rec_18,0,1,0,research,2025-01-16T11:49:38,violation_gdpr_art18
log_3934,doc_2,read_phi,phi_rec_14,0,0,0,marketing,2025-06-22T18:38:42,benign
log_3935,bclerk_0,read_phi,phi_rec_163,0,0,1,billing,2025-07-25T01:59:16,benign
log_3936,doc_1,read_phi,phi_rec_130,1,1,0,diagnosis,2025-05-09T13:51:51,benign
log_3937,doc_4,read_phi,phi_rec_101,0,0,0,marketing,2025-05-08T12:56:43,benign
log_3938,doc_0,read_phi,phi_rec_164,0,0,0,billing,2025-05-07T10:32:49,benign
log_3939,doc_1,read_phi,phi_rec_118,1,0,0,diagnosis,2025-06-01T17:49:59,benign
log_3940,doc_4,read_phi,phi_rec_52,0,0,0,billing,2025-03-28T15:14:03,benign
log_3941,doc_0,read_phi,phi_rec_58,0,0,0,billing,2025-01-07T18:17:04,benign
log_3942,doc_2,read_phi,phi_rec_31,1,1,0,diagnosis,2025-08-11T00:04:26,benign
log_3943,bclerk_0,read_phi,phi_rec_74,0,0,1,marketing,2025-07-28T20:46:00,violation_gdpr_art18
log_3944,doc_0,read_phi,phi_rec_39,1,0,0,research,2025-03-06T19:49:31,benign
log_3945,doc_4,read_phi,phi_rec_70,0,0,0,billing,2025-03-24T01:33:01,benign
log_3946,bclerk_0,read_phi,phi_rec_46,0,0,1,billing,2025-01-15T17:53:11,benign
log_3947,doc_3,read_phi,phi_rec_167,0,0,0,billing,2025-03-07T04:06:07,benign
log_3948,doc_0,read_phi,phi_rec_44,0,1,0,research,2025-04-02T20:18:03,benign
log_3949,bclerk_0,read_phi,phi_rec_116,0,0,1,billing,2025-08-19T22:46:37,benign
log_3950,doc_0,read_phi,phi_rec_44,0,0,0,marketing,2025-04-21T13:40:03,benign
log_3951,doc_1,read_phi,phi_rec_119,0,0,0,billing,2025-08-13T03:13:27,benign
log_3952,bclerk_0,read_phi,phi_rec_110,0,0,1,billing,2025-01-09T21:59:56,benign
log_3953,doc_4,read_phi,phi_rec_10,0,1,0,research,2025-02-15T16:21:26,benign
log_3954,doc_3,read_phi,phi_rec_98,1,1,0,research,2025-05-21T08:23:02,benign
log_3955,doc_0,read_phi,phi_rec_42,0,1,0,research,2025-01-13T14:24:22,benign
log_3956,doc_0,read_phi,phi_rec_114,0,0,0,billing,2025-03-12T10:42:07,benign
log_3957,doc_3,read_phi,phi_rec_79,0,0,0,marketing,2025-08-15T07:54:03,benign
log_3958,doc_2,read_phi,phi_rec_47,1,1,0,research,2025-03-22T22:32:31,benign
log_3959,doc_3,read_phi,phi_rec_1,0,0,0,marketing,2025-08-22T00:49:14,benign
log_3960,doc_2,read_phi,phi_rec_14,0,1,0,research,2025-03-11T05:40:45,violation_gdpr_art18
log_3961,doc_1,read_phi,phi_rec_86,0,0,0,billing,2025-05-30T05:13:24,benign
log_3962,bclerk_0,read_phi,phi_rec_45,0,0,1,marketing,2025-06-29T19:09:46,violation_gdpr_art18
log_3963,doc_3,read_phi,phi_rec_158,0,0,0,marketing,2025-07-31T23:04:09,benign
log_3964,doc_1,read_phi,phi_rec_130,0,0,0,marketing,2025-03-29T10:26:53,benign
log_3965,doc_2,read_phi,phi_rec_112,0,0,0,marketing,2025-01-07T06:31:08,benign
log_3966,doc_4,read_phi,phi_rec_65,1,1,0,diagnosis,2025-06-03T16:24:22,benign
log_3967,doc_4,read_phi,phi_rec_101,0,0,0,marketing,2025-03-14T15:54:13,benign
log_3968,doc_0,read_phi,phi_rec_149,0,0,0,marketing,2025-05-27T11:33:22,benign
log_3969,bclerk_0,read_phi,phi_rec_123,0,0,1,billing,2025-08-05T23:19:22,benign
log_3970,doc_2,read_phi,phi_rec_124,1,1,0,diagnosis,2025-04-30T21:23:11,benign
log_3971,doc_0,read_phi,phi_rec_50,0,0,0,billing,2025-06-29T15:31:27,benign
log_3972,doc_4,read_phi,phi_rec_73,1,0,0,research,2025-04-19T19:04:49,benign
log_3973,doc_4,read_phi,phi_rec_32,1,1,0,diagnosis,2025-08-27T17:22:58,benign
log_3974,doc_3,read_phi,phi_rec_26,1,0,0,diagnosis,2025-07-07T07:44:06,benign
log_3975,doc_1,read_phi,phi_rec_163,1,1,0,diagnosis,2025-02-12T12:47:43,benign
log_3976,doc_4,read_phi,phi_rec_134,0,1,0,diagnosis,2025-03-27T14:44:50,benign
log_3977,doc_0,read_phi,phi_rec_164,0,1,0,diagnosis,2025-04-06T05:25:52,benign
log_3978,doc_3,read_phi,phi_rec_90,1,0,0,diagnosis,2025-02-22T01:03:29,benign
log_3979,doc_1,read_phi,phi_rec_123,1,1,0,research,2025-01-27T04:43:10,benign
log_3980,doc_3,read_phi,phi_rec_68,0,1,0,research,2025-07-12T05:27:35,violation_hipaa_auth
log_3981,doc_1,read_phi,phi_rec_131,0,0,0,marketing,2025-03-17T05:24:45,benign
log_3982,doc_3,read_phi,phi_rec_35,0,1,0,research,2025-07-12T00:46:58,benign
log_3983,doc_2,read_phi,phi_rec_60,0,0,0,marketing,2025-06-18T03:26:03,benign
log_3984,doc_1,read_phi,phi_rec_15,0,1,0,research,2025-02-17T12:11:48,violation_gdpr_art18
log_3985,doc_0,read_phi,phi_rec_92,0,0,0,billing,2025-07-30T16:57:59,benign
log_3986,doc_1,read_phi,phi_rec_192,1,1,0,diagnosis,2025-04-30T02:22:13,benign
log_3987,doc_4,read_phi,phi_rec_190,0,0,0,billing,2025-05-21T09:28:57,benign
log_3988,doc_0,read_phi,phi_rec_183,0,0,0,marketing,2025-04-02T05:32:45,benign
log_3989,doc_3,read_phi,phi_rec_153,1,0,0,diagnosis,2025-06-23T04:56:26,benign
log_3990,doc_2,read_phi,phi_rec_110,1,1,0,diagnosis,2025-08-05T23:33:56,benign
log_3991,bclerk_0,read_phi,phi_rec_99,0,0,1,billing,2025-04-28T00:33:23,benign
log_3992,doc_1,read_phi,phi_rec_84,1,0,0,diagnosis,2025-04-14T00:32:13,benign
log_3993,doc_4,read_phi,phi_rec_81,1,1,0,research,2025-08-24T16:23:12,benign
log_3994,doc_0,read_phi,phi_rec_91,1,1,0,research,2025-08-25T22:19:04,benign
log_3995,doc_4,read_phi,phi_rec_81,0,0,0,marketing,2025-07-23T12:45:13,benign
log_3996,doc_3,read_phi,phi_rec_1,1,0,0,research,2025-01-25T13:17:26,benign
log_3997,doc_2,read_phi,phi_rec_89,0,0,0,marketing,2025-01-04T07:49:01,benign
log_3998,doc_4,read_phi,phi_rec_148,0,0,0,billing,2025-06-23T19:12:57,benign
log_3999,doc_4,read_phi,phi_rec_101,1,0,0,research,2025-06-17T18:07:41,violation_gdpr_art18
log_4000,doc_0,read_phi,phi_rec_138,0,0,0,billing,2025-08-11T07:16:27,benign
log_4001,doc_4,read_phi,phi_rec_101,1,0,0,diagnosis,2025-01-02T03:55:35,benign
log_4002,doc_1,read_phi,phi_rec_93,0,0,0,marketing,2025-05-02T05:28:43,benign
log_4003,doc_0,read_phi,phi_rec_142,1,0,0,research,2025-01-28T22:20:36,benign
log_4004,bclerk_0,read_phi,phi_rec_54,0,0,1,billing,2025-03-01T01:43:49,benign
log_4005,doc_2,read_phi,phi_rec_3,0,0,0,billing,2025-04-14T02:04:33,benign
log_4006,bclerk_0,read_phi,phi_rec_13,0,0,1,billing,2025-08-06T00:17:30,benign
log_4007,doc_3,read_phi,phi_rec_98,1,1,0,diagnosis,2025-05-17T21:54:07,benign
log_4008,doc_4,read_phi,phi_rec_70,0,0,0,marketing,2025-03-20T07:25:31,benign
log_4009,bclerk_0,read_phi,phi_rec_102,0,0,1,billing,2025-08-04T04:14:05,benign
log_4010,doc_0,read_phi,phi_rec_164,0,0,0,marketing,2025-05-16T04:49:08,benign
log_4011,doc_0,read_phi,phi_rec_137,0,0,0,billing,2025-06-08T15:10:00,benign
log_4012,doc_1,read_phi,phi_rec_71,0,0,0,billing,2025-05-24T22:28:24,benign
log_4013,bclerk_0,read_phi,phi_rec_39,0,0,1,billing,2025-06-03T14:08:26,benign
log_4014,bclerk_0,read_phi,phi_rec_101,0,0,1,billing,2025-02-24T06:13:08,benign
log_4015,doc_1,read_phi,phi_rec_85,0,0,0,billing,2025-04-21T02:30:17,benign
log_4016,doc_2,read_phi,phi_rec_60,0,0,0,billing,2025-06-04T08:50:47,benign
log_4017,doc_3,read_phi,phi_rec_8,0,0,0,marketing,2025-04-25T15:50:17,benign
log_4018,doc_2,read_phi,phi_rec_188,1,1,0,research,2025-06-03T01:58:41,benign
log_4019,doc_4,read_phi,phi_rec_74,1,1,0,research,2025-04-30T05:46:02,benign
log_4020,bclerk_0,read_phi,phi_rec_64,0,0,1,billing,2025-08-12T01:03:34,benign
log_4021,doc_3,read_phi,phi_rec_35,1,1,0,research,2025-06-18T21:29:47,benign
log_4022,doc_2,read_phi,phi_rec_110,0,0,0,billing,2025-08-26T18:03:30,benign
log_4023,doc_0,read_phi,phi_rec_174,0,1,0,diagnosis,2025-04-15T07:41:21,benign
log_4024,bclerk_0,read_phi,phi_rec_195,0,0,1,billing,2025-04-11T15:00:20,benign
log_4025,doc_4,read_phi,phi_rec_64,0,1,0,diagnosis,2025-03-18T08:19:26,violation_hipaa_auth
log_4026,doc_2,read_phi,phi_rec_9,0,0,0,billing,2025-08-29T18:20:02,benign
log_4027,doc_0,read_phi,phi_rec_144,0,0,0,billing,2025-03-18T16:06:18,benign
log_4028,bclerk_0,read_phi,phi_rec_64,0,0,1,billing,2025-07-16T03:32:20,benign
log_4029,doc_2,read_phi,phi_rec_47,1,1,0,research,2025-08-01T20:54:16,benign
log_4030,bclerk_0,read_phi,phi_rec_93,0,0,1,billing,2025-06-16T08:56:12,benign
log_4031,doc_1,read_phi,phi_rec_51,0,0,0,billing,2025-05-13T19:13:02,benign
log_4032,doc_0,read_phi,phi_rec_132,0,0,0,billing,2025-02-08T05:42:44,benign
log_4033,doc_1,read_phi,phi_rec_185,0,0,0,marketing,2025-06-07T23:57:31,benign
log_4034,doc_4,read_phi,phi_rec_88,1,0,0,diagnosis,2025-06-24T08:25:15,benign
log_4035,bclerk_0,read_phi,phi_rec_98,0,0,1,billing,2025-01-31T13:24:38,benign
log_4036,doc_0,read_phi,phi_rec_137,0,0,0,billing,2025-06-27T15:04:09,benign
log_4037,bclerk_0,read_phi,phi_rec_2,0,0,1,billing,2025-08-01T18:24:41,benign
log_4038,doc_1,read_phi,phi_rec_33,1,0,0,diagnosis,2025-08-13T02:45:47,benign
log_4039,doc_4,read_phi,phi_rec_141,0,0,0,billing,2025-02-08T10:57:26,benign
log_4040,doc_4,read_phi,phi_rec_73,0,0,0,marketing,2025-05-18T01:48:23,benign
log_4041,doc_1,read_phi,phi_rec_82,0,0,0,billing,2025-06-28T05:25:59,benign
log_4042,doc_0,read_phi,phi_rec_155,0,0,0,billing,2025-04-11T03:24:06,benign
log_4043,doc_1,read_phi,phi_rec_93,1,1,0,diagnosis,2025-01-29T13:55:31,benign
log_4044,doc_1,read_phi,phi_rec_15,0,0,0,billing,2025-03-20T02:45:38,benign
log_4045,bclerk_0,read_phi,phi_rec_129,0,0,1,billing,2025-06-17T16:04:28,benign
log_4046,bclerk_0,read_phi,phi_rec_72,0,0,1,billing,2025-03-15T03:40:15,benign
log_4047,doc_2,read_phi,phi_rec_80,0,0,0,billing,2025-07-19T06:45:39,benign
log_4048,bclerk_0,read_phi,phi_rec_194,0,0,1,billing,2025-06-16T01:22:44,benign
log_4049,doc_3,read_phi,phi_rec_30,0,0,0,billing,2025-08-14T04:08:04,benign
log_4050,doc_0,read_phi,phi_rec_147,1,1,0,diagnosis,2025-05-30T07:58:58,benign
log_4051,doc_2,read_phi,phi_rec_199,0,0,0,billing,2025-02-21T05:04:25,benign
log_4052,doc_4,read_phi,phi_rec_34,0,0,0,billing,2025-02-11T08:24:18,benign
log_4053,doc_0,read_phi,phi_rec_121,0,1,0,marketing,2025-02-18T08:44:53,violation_hipaa_auth
log_4054,doc_0,read_phi,phi_rec_77,0,0,0,billing,2025-03-27T00:12:53,benign
log_4055,doc_4,read_phi,phi_rec_45,0,0,0,billing,2025-02-26T22:11:55,benign
log_4056,doc_4,read_phi,phi_rec_140,0,0,0,marketing,2025-05-17T04:57:23,benign
log_4057,bclerk_0,read_phi,phi_rec_154,0,0,1,billing,2025-04-17T09:08:48,benign
log_4058,doc_2,read_phi,phi_rec_9,1,1,0,diagnosis,2025-01-03T10:42:46,benign
log_4059,doc_3,read_phi,phi_rec_127,0,0,0,marketing,2025-03-01T02:33:07,benign
log_4060,bclerk_0,read_phi,phi_rec_127,0,0,1,billing,2025-04-27T11:05:00,benign
log_4061,bclerk_0,read_phi,phi_rec_174,0,0,1,billing,2025-04-01T18:46:41,benign
log_4062,doc_3,read_phi,phi_rec_6,1,1,0,diagnosis,2025-05-29T03:32:52,benign
log_4063,doc_0,read_phi,phi_rec_132,1,0,0,diagnosis,2025-08-25T16:47:29,benign
log_4064,doc_0,read_phi,phi_rec_162,0,0,0,billing,2025-02-07T20:16:50,benign
log_4065,doc_4,read_phi,phi_rec_10,0,1,0,research,2025-06-22T14:24:46,benign
log_4066,doc_3,read_phi,phi_rec_143,0,0,0,billing,2025-05-02T21:22:35,benign
log_4067,bclerk_0,read_phi,phi_rec_136,0,0,1,billing,2025-01-08T03:10:31,benign
log_4068,doc_1,read_phi,phi_rec_51,1,1,0,diagnosis,2025-05-28T09:21:28,benign
log_4069,doc_0,read_phi,phi_rec_92,0,0,0,billing,2025-08-05T00:33:06,benign
log_4070,doc_1,read_phi,phi_rec_54,1,1,0,diagnosis,2025-04-18T10:53:43,benign
log_4071,doc_4,read_phi,phi_rec_113,0,0,0,marketing,2025-01-03T05:39:47,benign
log_4072,bclerk_0,read_phi,phi_rec_100,0,0,1,billing,2025-04-16T19:26:37,benign
log_4073,doc_3,read_phi,phi_rec_153,1,0,0,research,2025-02-03T03:43:46,benign
log_4074,doc_4,read_phi,phi_rec_197,1,0,0,diagnosis,2025-03-04T09:29:20,benign
log_4075,bclerk_0,read_phi,phi_rec_171,0,0,1,billing,2025-01-21T04:12:51,benign
log_4076,bclerk_0,read_phi,phi_rec_61,0,0,1,billing,2025-06-15T21:56:39,benign
log_4077,doc_4,read_phi,phi_rec_113,0,1,0,diagnosis,2025-02-17T08:27:53,benign
log_4078,doc_0,read_phi,phi_rec_147,0,0,0,billing,2025-06-08T10:43:49,benign
log_4079,doc_0,read_phi,phi_rec_2,1,0,0,research,2025-06-01T09:04:54,benign
log_4080,doc_3,read_phi,phi_rec_167,0,0,0,marketing,2025-03-26T09:21:41,benign
log_4081,doc_0,read_phi,phi_rec_142,1,0,0,diagnosis,2025-05-21T20:55:07,benign
log_4082,doc_4,read_phi,phi_rec_190,1,1,0,diagnosis,2025-03-13T21:06:01,benign
log_4083,doc_4,read_phi,phi_rec_68,1,1,0,research,2025-02-10T20:14:48,benign
log_4084,bclerk_0,read_phi,phi_rec_57,0,0,1,billing,2025-02-13T14:14:05,benign
log_4085,doc_4,read_phi,phi_rec_32,0,0,0,billing,2025-04-21T08:04:31,benign
log_4086,doc_4,read_phi,phi_rec_197,1,1,0,research,2025-06-21T05:31:13,benign
log_4087,doc_0,read_phi,phi_rec_59,1,1,0,research,2025-04-29T10:05:21,benign
log_4088,doc_4,read_phi,phi_rec_12,1,1,0,research,2025-06-29T17:25:55,benign
log_4089,doc_2,read_phi,phi_rec_186,1,1,0,research,2025-05-02T14:36:06,benign
log_4090,doc_0,read_phi,phi_rec_189,0,1,0,research,2025-01-05T11:38:53,violation_gdpr_art18
log_4091,doc_0,read_phi,phi_rec_91,1,1,0,research,2025-08-25T12:00:44,benign
log_4092,bclerk_0,read_phi,phi_rec_28,0,0,1,billing,2025-05-07T22:21:54,benign
log_4093,doc_2,read_phi,phi_rec_18,0,0,0,marketing,2025-02-28T09:29:22,benign
log_4094,doc_0,read_phi,phi_rec_164,0,0,0,billing,2025-05-03T08:34:45,benign
log_4095,bclerk_0,read_phi,phi_rec_65,0,0,1,billing,2025-01-17T17:38:58,benign
log_4096,doc_2,read_phi,phi_rec_31,0,0,0,marketing,2025-05-14T07:56:32,benign
log_4097,doc_1,read_phi,phi_rec_33,0,0,0,billing,2025-01-21T12:26:10,benign
log_4098,doc_1,read_phi,phi_rec_71,0,0,0,billing,2025-01-04T15:22:58,benign
log_4099,doc_0,read_phi,phi_rec_183,0,0,0,marketing,2025-05-14T11:11:46,benign
log_4100,doc_3,read_phi,phi_rec_109,0,0,0,marketing,2025-08-27T06:24:52,benign
log_4101,doc_4,read_phi,phi_rec_190,1,1,0,diagnosis,2025-07-04T13:40:25,benign
log_4102,doc_3,read_phi,phi_rec_158,1,1,0,diagnosis,2025-06-28T02:03:52,benign
log_4103,doc_1,read_phi,phi_rec_82,1,1,0,diagnosis,2025-04-21T15:41:40,benign
log_4104,doc_4,read_phi,phi_rec_37,1,0,0,diagnosis,2025-03-07T04:23:44,benign
log_4105,doc_0,read_phi,phi_rec_132,1,1,0,diagnosis,2025-07-07T15:43:30,benign
log_4106,doc_3,read_phi,phi_rec_5,0,0,0,billing,2025-02-02T18:12:50,benign
log_4107,doc_2,read_phi,phi_rec_107,0,0,0,billing,2025-02-23T03:10:09,benign
log_4108,doc_1,read_phi,phi_rec_55,0,1,0,research,2025-08-20T17:09:50,benign
log_4109,doc_0,read_phi,phi_rec_138,1,1,0,diagnosis,2025-01-30T00:12:17,benign
log_4110,doc_0,read_phi,phi_rec_137,1,1,0,diagnosis,2025-04-29T05:01:42,benign
log_4111,doc_3,read_phi,phi_rec_175,1,1,0,diagnosis,2025-04-15T06:34:38,benign
log_4112,bclerk_0,read_phi,phi_rec_103,0,0,1,billing,2025-02-12T18:50:05,benign
log_4113,doc_0,read_phi,phi_rec_193,1,1,0,research,2025-02-26T17:21:25,benign
log_4114,doc_0,read_phi,phi_rec_189,0,0,0,marketing,2025-08-07T11:30:51,benign
log_4115,doc_1,read_phi,phi_rec_150,0,1,0,research,2025-07-27T16:14:08,benign
log_4116,bclerk_0,read_phi,phi_rec_139,0,0,1,billing,2025-05-16T13:32:26,benign
log_4117,doc_2,read_phi,phi_rec_69,1,1,0,research,2025-05-05T04:52:20,benign
log_4118,doc_3,read_phi,phi_rec_115,0,0,0,billing,2025-03-10T10:41:45,benign
log_4119,doc_1,read_phi,phi_rec_71,0,0,0,billing,2025-03-05T02:12:48,benign
log_4120,doc_2,read_phi,phi_rec_100,0,1,0,diagnosis,2025-05-31T14:14:12,benign
log_4121,bclerk_0,read_phi,phi_rec_87,0,0,1,billing,2025-06-24T09:12:40,benign
log_4122,doc_0,read_phi,phi_rec_156,0,0,0,marketing,2025-08-27T17:16:46,benign
log_4123,doc_0,read_phi,phi_rec_111,1,1,0,research,2025-06-22T13:00:51,benign
log_4124,doc_4,read_phi,phi_rec_197,0,1,0,diagnosis,2025-04-21T03:56:21,benign
log_4125,doc_4,read_phi,phi_rec_52,1,0,0,research,2025-01-01T23:23:23,benign
log_4126,doc_2,read_phi,phi_rec_47,1,1,0,diagnosis,2025-04-27T03:52:51,benign
log_4127,doc_3,read_phi,phi_rec_115,0,1,0,diagnosis,2025-08-17T06:57:00,benign
log_4128,doc_3,read_phi,phi_rec_98,1,1,0,research,2025-05-02T05:06:17,benign
log_4129,doc_0,read_phi,phi_rec_193,0,0,0,marketing,2025-07-08T09:28:43,benign
log_4130,doc_4,read_phi,phi_rec_126,0,1,0,research,2025-03-02T09:24:43,violation_hipaa_auth
log_4131,bclerk_0,read_phi,phi_rec_163,0,0,1,billing,2025-06-19T14:26:49,benign
log_4132,doc_0,read_phi,phi_rec_160,1,1,0,research,2025-02-08T02:06:55,benign
log_4133,doc_2,read_phi,phi_rec_38,0,0,0,marketing,2025-04-14T22:39:52,benign
log_4134,doc_2,read_phi,phi_rec_186,1,1,0,research,2025-04-03T05:14:41,benign
log_4135,doc_0,read_phi,phi_rec_189,0,1,0,diagnosis,2025-01-05T01:36:16,benign
log_4136,doc_2,read_phi,phi_rec_126,0,0,0,billing,2025-01-29T18:43:02,benign
log_4137,doc_3,read_phi,phi_rec_171,0,1,0,diagnosis,2025-04-25T18:00:47,benign
log_4138,doc_1,read_phi,phi_rec_102,1,0,0,diagnosis,2025-03-17T18:57:19,benign
log_4139,doc_2,read_phi,phi_rec_161,0,0,0,diagnosis,2025-04-19T08:16:39,benign
log_4140,doc_3,read_phi,phi_rec_76,0,0,0,marketing,2025-08-03T05:42:26,benign
log_4141,doc_3,read_phi,phi_rec_179,1,1,0,research,2025-06-03T11:43:20,benign
log_4142,bclerk_0,read_phi,phi_rec_127,0,0,1,billing,2025-06-05T07:54:48,benign
log_4143,doc_0,read_phi,phi_rec_96,0,1,0,diagnosis,2025-05-07T16:23:24,benign
log_4144,bclerk_0,read_phi,phi_rec_187,0,0,1,billing,2025-07-01T12:47:14,benign
log_4145,doc_0,read_phi,phi_rec_111,1,1,0,research,2025-08-06T04:08:17,benign
log_4146,doc_0,read_phi,phi_rec_183,1,1,0,diagnosis,2025-07-12T15:22:49,benign
log_4147,doc_4,read_phi,phi_rec_34,0,0,0,billing,2025-07-06T11:45:39,benign
log_4148,doc_4,read_phi,phi_rec_65,1,1,0,research,2025-02-23T08:19:27,benign
log_4149,bclerk_0,read_phi,phi_rec_14,0,0,1,billing,2025-02-13T17:36:43,benign
log_4150,doc_0,read_phi,phi_rec_132,1,1,0,research,2025-02-15T21:25:13,benign
log_4151,doc_2,read_phi,phi_rec_110,1,1,0,research,2025-06-17T11:13:47,benign
log_4152,doc_2,read_phi,phi_rec_60,1,1,0,diagnosis,2025-01-30T16:27:18,benign
log_4153,bclerk_0,read_phi,phi_rec_152,0,0,1,billing,2025-05-02T06:18:50,benign
log_4154,doc_2,read_phi,phi_rec_64,1,0,0,diagnosis,2025-03-01T01:46:09,benign
log_4155,bclerk_0,read_phi,phi_rec_3,0,0,1,billing,2025-01-16T11:41:23,benign
log_4156,doc_0,read_phi,phi_rec_2,1,1,0,research,2025-07-07T18:08:45,benign
log_4157,bclerk_0,read_phi,phi_rec_36,0,0,1,billing,2025-04-26T05:17:29,benign
log_4158,bclerk_0,read_phi,phi_rec_52,0,0,1,billing,2025-02-19T05:41:52,benign
log_4159,doc_3,read_phi,phi_rec_158,0,0,0,marketing,2025-01-22T07:58:00,benign
log_4160,doc_2,read_phi,phi_rec_89,0,0,0,billing,2025-07-01T02:30:41,benign
log_4161,doc_4,read_phi,phi_rec_74,0,0,0,billing,2025-02-19T05:01:43,benign
log_4162,doc_2,read_phi,phi_rec_107,0,0,0,marketing,2025-04-02T06:23:31,benign
log_4163,bclerk_0,read_phi,phi_rec_98,0,0,1,billing,2025-01-26T12:24:31,benign
log_4164,doc_0,read_phi,phi_rec_2,0,0,0,marketing,2025-07-21T07:01:16,benign
log_4165,doc_4,read_phi,phi_rec_65,0,0,0,marketing,2025-03-04T13:19:14,benign
log_4166,doc_2,read_phi,phi_rec_61,0,1,0,marketing,2025-05-05T22:09:36,violation_hipaa_auth
log_4167,doc_4,read_phi,phi_rec_88,0,0,0,marketing,2025-01-22T16:27:14,benign
log_4168,doc_0,read_phi,phi_rec_128,0,0,0,marketing,2025-02-20T09:01:28,benign
log_4169,doc_0,read_phi,phi_rec_42,0,0,0,marketing,2025-03-14T00:50:32,benign
log_4170,doc_2,read_phi,phi_rec_66,0,0,0,marketing,2025-02-13T20:55:22,benign
log_4171,doc_2,read_phi,phi_rec_121,1,1,0,research,2025-06-05T07:42:58,benign
log_4172,doc_4,read_phi,phi_rec_52,0,0,0,marketing,2025-07-21T01:50:51,benign
log_4173,doc_2,read_phi,phi_rec_69,1,1,0,diagnosis,2025-01-23T03:20:35,benign
log_4174,doc_1,read_phi,phi_rec_102,1,1,0,diagnosis,2025-01-07T09:24:13,benign
log_4175,doc_4,read_phi,phi_rec_17,1,1,0,research,2025-06-02T20:47:07,benign
log_4176,doc_2,read_phi,phi_rec_83,0,0,0,marketing,2025-03-16T18:28:52,benign
log_4177,doc_3,read_phi,phi_rec_26,1,1,0,diagnosis,2025-03-23T15:17:35,benign
log_4178,doc_2,read_phi,phi_rec_145,1,1,0,diagnosis,2025-06-21T10:50:50,benign
log_4179,doc_0,read_phi,phi_rec_144,0,0,0,billing,2025-04-16T06:12:51,benign
log_4180,doc_1,read_phi,phi_rec_93,1,1,0,diagnosis,2025-05-16T22:02:11,benign
log_4181,doc_3,read_phi,phi_rec_1,1,1,0,diagnosis,2025-04-14T16:27:48,benign
log_4182,doc_1,read_phi,phi_rec_53,1,0,0,research,2025-08-17T22:27:57,benign
log_4183,doc_4,read_phi,phi_rec_190,1,1,0,diagnosis,2025-03-12T03:09:58,benign
log_4184,bclerk_0,read_phi,phi_rec_65,0,0,1,billing,2025-05-12T22:37:33,benign
log_4185,doc_4,read_phi,phi_rec_135,1,1,0,diagnosis,2025-07-29T04:57:00,benign
log_4186,doc_4,read_phi,phi_rec_56,1,0,0,diagnosis,2025-02-23T20:25:14,benign
log_4187,doc_3,read_phi,phi_rec_127,0,0,0,diagnosis,2025-04-11T00:38:23,benign
log_4188,doc_0,read_phi,phi_rec_136,1,0,0,diagnosis,2025-01-07T04:19:51,benign
log_4189,bclerk_0,read_phi,phi_rec_81,0,0,1,billing,2025-05-27T17:18:48,benign
log_4190,doc_1,read_phi,phi_rec_150,0,0,0,billing,2025-04-15T03:43:13,benign
log_4191,doc_1,read_phi,phi_rec_85,0,0,0,billing,2025-07-07T17:25:58,benign
log_4192,doc_2,read_phi,phi_rec_186,0,0,0,marketing,2025-06-27T11:48:11,benign
log_4193,doc_2,read_phi,phi_rec_83,1,1,0,diagnosis,2025-08-29T01:13:08,benign
log_4194,doc_1,read_phi,phi_rec_181,0,0,0,marketing,2025-03-27T16:25:52,benign
log_4195,bclerk_0,read_phi,phi_rec_91,0,0,1,billing,2025-08-01T04:13:16,benign
log_4196,doc_4,read_phi,phi_rec_106,1,1,0,diagnosis,2025-07-20T12:04:54,benign
log_4197,doc_1,read_phi,phi_rec_85,0,0,0,billing,2025-01-03T11:34:06,benign
log_4198,doc_0,read_phi,phi_rec_164,1,1,0,research,2025-06-02T08:59:34,benign
log_4199,doc_3,read_phi,phi_rec_153,0,0,0,marketing,2025-01-06T06:58:21,benign
log_4200,bclerk_0,read_phi,phi_rec_35,0,0,1,billing,2025-08-04T08:24:08,benign
log_4201,doc_0,read_phi,phi_rec_152,1,0,0,research,2025-02-07T19:53:43,benign
log_4202,doc_4,read_phi,phi_rec_68,0,0,0,marketing,2025-06-06T04:39:03,benign
log_4203,doc_2,read_phi,phi_rec_177,0,0,0,billing,2025-05-20T17:27:07,benign
log_4204,doc_0,read_phi,phi_rec_28,1,0,0,research,2025-03-23T18:55:02,violation_gdpr_art18
log_4205,doc_0,read_phi,phi_rec_41,1,0,0,diagnosis,2025-04-24T14:44:57,benign
log_4206,doc_1,read_phi,phi_rec_71,1,0,0,research,2025-04-07T12:39:02,violation_gdpr_art18
log_4207,doc_0,read_phi,phi_rec_96,0,0,0,billing,2025-05-28T11:43:00,benign
log_4208,doc_0,read_phi,phi_rec_24,0,1,0,diagnosis,2025-07-08T15:45:05,benign
log_4209,doc_0,read_phi,phi_rec_28,1,1,0,diagnosis,2025-04-11T11:11:09,benign
log_4210,doc_3,read_phi,phi_rec_79,0,0,0,billing,2025-03-23T04:05:35,benign
log_4211,bclerk_0,read_phi,phi_rec_170,0,0,1,billing,2025-05-05T16:33:29,benign
log_4212,doc_4,read_phi,phi_rec_187,1,1,0,diagnosis,2025-02-21T12:39:49,benign
log_4213,bclerk_0,read_phi,phi_rec_160,0,0,1,billing,2025-01-29T05:58:09,benign
log_4214,bclerk_0,read_phi,phi_rec_104,0,0,1,billing,2025-04-03T02:39:16,benign
log_4215,doc_3,read_phi,phi_rec_46,0,0,0,billing,2025-06-06T04:49:52,benign
log_4216,doc_2,read_phi,phi_rec_100,0,1,0,research,2025-01-07T21:22:09,benign
log_4217,doc_0,read_phi,phi_rec_174,1,1,0,research,2025-07-07T04:45:58,benign
log_4218,doc_2,read_phi,phi_rec_64,1,1,0,diagnosis,2025-04-25T19:16:53,benign
log_4219,bclerk_0,read_phi,phi_rec_181,0,0,1,billing,2025-02-25T03:43:07,benign
log_4220,bclerk_0,read_phi,phi_rec_23,0,0,1,marketing,2025-04-29T05:46:18,violation_gdpr_art18
log_4221,doc_4,read_phi,phi_rec_157,1,1,0,diagnosis,2025-02-15T10:57:36,benign
log_4222,doc_0,read_phi,phi_rec_189,0,0,0,marketing,2025-08-23T23:37:59,benign
log_4223,bclerk_0,read_phi,phi_rec_164,0,0,1,billing,2025-05-30T06:19:37,benign
log_4224,doc_4,read_phi,phi_rec_99,1,0,0,diagnosis,2025-02-24T03:02:28,benign
log_4225,doc_0,read_phi,phi_rec_114,0,0,0,billing,2025-02-10T18:12:45,benign
log_4226,doc_0,read_phi,phi_rec_77,1,1,0,research,2025-06-09T21:17:11,benign
log_4227,doc_2,read_phi,phi_rec_117,1,0,0,diagnosis,2025-08-07T05:09:13,benign
log_4228,doc_4,read_phi,phi_rec_197,1,1,0,research,2025-04-17T08:06:21,benign
log_4229,doc_2,read_phi,phi_rec_3,0,0,0,billing,2025-04-18T14:23:43,benign
log_4230,doc_0,read_phi,phi_rec_120,0,0,0,billing,2025-06-21T05:13:29,benign
log_4231,doc_4,read_phi,phi_rec_61,0,0,0,billing,2025-02-07T03:41:08,benign
log_4232,bclerk_0,read_phi,phi_rec_46,0,0,1,billing,2025-02-24T08:17:30,benign
log_4233,doc_1,read_phi,phi_rec_54,0,0,0,billing,2025-01-24T17:26:08,benign
log_4234,bclerk_0,read_phi,phi_rec_10,0,0,1,billing,2025-07-11T23:18:26,benign
log_4235,doc_0,read_phi,phi_rec_160,0,0,0,billing,2025-03-03T17:58:31,benign
log_4236,bclerk_0,read_phi,phi_rec_186,0,0,1,billing,2025-07-12T08:41:04,benign
log_4237,doc_4,read_phi,phi_rec_12,0,0,0,billing,2025-01-01T23:37:29,benign
log_4238,doc_0,read_phi,phi_rec_136,0,1,0,diagnosis,2025-01-26T06:55:07,benign
log_4239,doc_2,read_phi,phi_rec_14,0,0,0,marketing,2025-05-09T06:48:23,benign
log_4240,doc_0,read_phi,phi_rec_174,0,0,0,marketing,2025-01-02T09:38:50,benign
log_4241,doc_0,read_phi,phi_rec_114,1,1,0,diagnosis,2025-06-25T23:18:47,benign
log_4242,doc_0,read_phi,phi_rec_39,0,0,0,billing,2025-08-15T09:58:56,benign
log_4243,doc_4,read_phi,phi_rec_180,0,0,0,billing,2025-07-23T13:31:47,benign
log_4244,doc_4,read_phi,phi_rec_45,0,0,0,billing,2025-07-06T09:46:12,benign
log_4245,doc_0,read_phi,phi_rec_59,0,0,0,diagnosis,2025-02-19T04:25:01,benign
log_4246,bclerk_0,read_phi,phi_rec_89,0,0,1,billing,2025-01-02T00:33:26,benign
log_4247,doc_2,read_phi,phi_rec_186,1,0,0,research,2025-07-06T17:59:19,benign
log_4248,doc_3,read_phi,phi_rec_143,1,0,0,diagnosis,2025-08-04T12:09:54,benign
log_4249,doc_1,read_phi,phi_rec_103,1,1,0,diagnosis,2025-04-15T01:38:47,benign
log_4250,bclerk_0,read_phi,phi_rec_16,0,0,1,billing,2025-05-15T02:27:16,benign
log_4251,doc_4,read_phi,phi_rec_34,1,1,0,research,2025-03-16T06:49:50,benign
log_4252,doc_1,read_phi,phi_rec_64,0,1,0,diagnosis,2025-04-25T00:20:53,violation_hipaa_auth
log_4253,doc_4,read_phi,phi_rec_61,1,0,0,diagnosis,2025-01-01T13:47:35,benign
log_4254,doc_1,read_phi,phi_rec_151,1,1,0,diagnosis,2025-01-28T07:25:01,benign
log_4255,doc_3,read_phi,phi_rec_5,0,0,0,billing,2025-07-20T03:45:46,benign
log_4256,doc_0,read_phi,phi_rec_142,0,0,0,billing,2025-02-19T08:47:11,benign
log_4257,bclerk_0,read_phi,phi_rec_53,0,0,1,billing,2025-08-07T05:43:46,benign
log_4258,doc_0,read_phi,phi_rec_164,1,1,0,diagnosis,2025-04-24T14:13:38,benign
log_4259,bclerk_0,read_phi,phi_rec_187,0,1,0,billing,2025-05-20T20:58:51,violation_hipaa_min_necessary
log_4260,doc_1,read_phi,phi_rec_71,0,0,0,billing,2025-04-17T07:21:10,benign
log_4261,bclerk_0,read_phi,phi_rec_108,0,0,1,billing,2025-03-26T19:19:47,benign
log_4262,doc_0,read_phi,phi_rec_128,0,0,0,marketing,2025-06-03T17:15:10,benign
log_4263,bclerk_0,read_phi,phi_rec_188,0,0,1,billing,2025-06-15T10:41:26,benign
log_4264,doc_1,read_phi,phi_rec_15,0,0,0,marketing,2025-02-16T14:10:08,benign
log_4265,doc_2,read_phi,phi_rec_60,1,1,0,diagnosis,2025-02-21T04:59:46,benign
log_4266,doc_1,read_phi,phi_rec_119,0,0,0,billing,2025-03-10T04:01:47,benign
log_4267,doc_0,read_phi,phi_rec_41,1,0,0,research,2025-06-01T15:37:16,benign
log_4268,bclerk_0,read_phi,phi_rec_24,0,0,1,billing,2025-08-19T11:25:26,benign
log_4269,doc_3,read_phi,phi_rec_179,1,0,0,diagnosis,2025-02-19T16:52:18,benign
log_4270,doc_0,read_phi,phi_rec_142,1,1,0,research,2025-08-02T13:03:41,benign
log_4271,doc_1,read_phi,phi_rec_93,1,0,0,diagnosis,2025-04-06T02:59:17,benign
log_4272,doc_2,read_phi,phi_rec_22,0,0,0,marketing,2025-06-08T04:44:29,benign
log_4273,doc_4,read_phi,phi_rec_159,0,0,0,billing,2025-06-06T11:27:21,benign
log_4274,doc_0,read_phi,phi_rec_24,0,0,0,billing,2025-03-07T23:01:29,benign
log_4275,doc_1,read_phi,phi_rec_21,0,0,0,marketing,2025-07-01T13:09:40,benign
log_4276,doc_0,read_phi,phi_rec_59,0,0,0,billing,2025-02-28T22:23:44,benign
log_4277,doc_0,read_phi,phi_rec_169,0,0,0,marketing,2025-08-19T15:07:40,benign
log_4278,doc_0,read_phi,phi_rec_41,0,0,0,billing,2025-01-27T04:16:24,benign
log_4279,doc_2,read_phi,phi_rec_14,0,0,0,billing,2025-08-22T23:03:17,benign
log_4280,doc_2,read_phi,phi_rec_7,1,1,0,diagnosis,2025-03-28T01:56:11,benign
log_4281,doc_3,read_phi,phi_rec_108,0,0,0,diagnosis,2025-07-13T17:47:14,benign
log_4282,doc_2,read_phi,phi_rec_199,1,1,0,diagnosis,2025-08-05T18:39:24,benign
log_4283,doc_1,read_phi,phi_rec_151,1,1,0,diagnosis,2025-04-30T11:44:44,benign
log_4284,doc_2,read_phi,phi_rec_69,1,0,0,research,2025-06-20T15:07:50,benign
log_4285,doc_3,read_phi,phi_rec_90,1,1,0,diagnosis,2025-04-02T17:18:11,benign
log_4286,doc_2,read_phi,phi_rec_177,0,1,0,diagnosis,2025-06-15T04:40:50,benign
log_4287,doc_2,read_phi,phi_rec_100,1,1,0,diagnosis,2025-04-09T20:55:54,benign
log_4288,doc_2,read_phi,phi_rec_198,0,0,0,billing,2025-05-16T02:04:31,benign
log_4289,doc_1,read_phi,phi_rec_131,1,1,0,research,2025-07-23T10:08:06,benign
log_4290,doc_0,read_phi,phi_rec_174,1,1,0,diagnosis,2025-08-04T02:08:07,benign
log_4291,doc_0,read_phi,phi_rec_39,1,1,0,research,2025-03-25T08:17:31,benign
log_4292,doc_0,read_phi,phi_rec_79,0,1,0,diagnosis,2025-01-12T17:49:41,violation_hipaa_auth
log_4293,doc_2,read_phi,phi_rec_66,0,1,0,diagnosis,2025-06-24T01:30:08,benign
log_4294,doc_0,read_phi,phi_rec_16,0,0,0,billing,2025-03-14T17:26:04,benign
log_4295,doc_0,read_phi,phi_rec_142,0,0,0,billing,2025-08-05T15:36:59,benign
log_4296,doc_4,read_phi,phi_rec_81,1,1,0,diagnosis,2025-08-10T06:47:53,benign
log_4297,bclerk_0,read_phi,phi_rec_198,0,0,1,billing,2025-05-04T08:51:57,benign
log_4298,doc_3,read_phi,phi_rec_105,0,0,0,marketing,2025-04-21T12:06:10,benign
log_4299,doc_0,read_phi,phi_rec_2,0,0,0,marketing,2025-04-30T02:41:42,benign
log_4300,doc_1,read_phi,phi_rec_86,0,0,0,billing,2025-01-24T02:30:47,benign
log_4301,doc_4,read_phi,phi_rec_104,0,1,0,diagnosis,2025-01-21T16:17:10,benign
log_4302,doc_1,read_phi,phi_rec_184,0,0,0,billing,2025-07-21T23:52:32,benign
log_4303,doc_0,read_phi,phi_rec_111,0,0,0,marketing,2025-07-11T09:53:57,benign
log_4304,bclerk_0,read_phi,phi_rec_13,0,0,1,billing,2025-07-25T14:54:21,benign
log_4305,bclerk_0,read_phi,phi_rec_48,0,0,1,billing,2025-03-08T23:29:43,benign
log_4306,doc_0,read_phi,phi_rec_169,0,0,0,diagnosis,2025-02-22T15:58:57,benign
log_4307,doc_4,read_phi,phi_rec_106,0,0,0,billing,2025-05-30T00:14:32,benign
log_4308,bclerk_0,read_phi,phi_rec_176,0,0,1,billing,2025-02-21T17:01:16,benign
log_4309,doc_1,read_phi,phi_rec_184,1,1,0,diagnosis,2025-02-13T21:19:01,benign
log_4310,doc_4,read_phi,phi_rec_148,1,0,0,research,2025-01-17T10:24:15,benign
log_4311,doc_2,read_phi,phi_rec_107,0,0,0,billing,2025-08-06T09:45:46,benign
log_4312,doc_0,read_phi,phi_rec_87,0,0,0,billing,2025-05-19T00:30:19,benign
log_4313,doc_4,read_phi,phi_rec_180,0,0,0,marketing,2025-05-26T10:15:24,benign
log_4314,doc_4,read_phi,phi_rec_170,1,1,0,research,2025-01-15T08:34:07,benign
log_4315,doc_4,read_phi,phi_rec_116,0,0,0,marketing,2025-01-01T18:01:14,benign
log_4316,doc_1,read_phi,phi_rec_102,0,0,0,marketing,2025-03-27T05:47:21,benign
log_4317,doc_4,read_phi,phi_rec_4,1,0,0,research,2025-02-23T14:04:54,benign
log_4318,doc_3,read_phi,phi_rec_76,0,0,0,billing,2025-01-23T16:22:27,benign
log_4319,doc_0,read_phi,phi_rec_42,0,0,0,marketing,2025-03-19T14:20:37,benign
log_4320,doc_0,read_phi,phi_rec_128,0,0,0,billing,2025-06-15T19:16:14,benign
log_4321,doc_3,read_phi,phi_rec_79,0,1,0,diagnosis,2025-07-23T01:31:50,benign
log_4322,bclerk_0,read_phi,phi_rec_89,0,0,1,billing,2025-07-20T22:53:41,benign
log_4323,doc_3,read_phi,phi_rec_158,0,0,0,marketing,2025-07-05T12:26:43,benign
log_4324,doc_1,read_phi,phi_rec_48,1,1,0,research,2025-07-15T03:23:03,benign
log_4325,doc_2,read_phi,phi_rec_22,1,1,0,diagnosis,2025-06-20T23:50:29,benign
log_4326,doc_3,read_phi,phi_rec_26,1,0,0,diagnosis,2025-06-11T08:41:02,benign
log_4327,doc_3,read_phi,phi_rec_153,1,1,0,diagnosis,2025-01-18T12:12:14,benign
log_4328,bclerk_0,read_phi,phi_rec_142,0,0,1,billing,2025-07-03T19:05:47,benign
log_4329,doc_4,read_phi,phi_rec_135,1,0,0,research,2025-05-04T12:55:47,benign
log_4330,doc_1,read_phi,phi_rec_82,1,1,0,diagnosis,2025-03-18T17:07:58,benign
log_4331,doc_4,read_phi,phi_rec_19,0,0,0,billing,2025-01-30T03:47:36,benign
log_4332,doc_2,read_phi,phi_rec_110,1,0,0,research,2025-08-18T23:31:34,benign
log_4333,doc_0,read_phi,phi_rec_42,0,0,0,billing,2025-01-26T04:07:00,benign
log_4334,doc_3,read_phi,phi_rec_171,1,1,0,research,2025-01-30T10:55:30,benign
log_4335,doc_2,read_phi,phi_rec_64,0,0,0,billing,2025-08-29T22:31:27,benign
log_4336,doc_1,read_phi,phi_rec_85,0,0,0,marketing,2025-04-16T16:18:32,benign
log_4337,doc_0,read_phi,phi_rec_147,0,0,0,billing,2025-06-12T15:41:45,benign
log_4338,doc_3,read_phi,phi_rec_171,1,1,0,research,2025-06-08T07:27:41,benign
log_4339,doc_3,read_phi,phi_rec_1,1,1,0,research,2025-01-22T05:17:57,benign
log_4340,doc_1,read_phi,phi_rec_82,1,1,0,diagnosis,2025-02-08T20:35:37,benign
log_4341,doc_4,read_phi,phi_rec_196,0,0,0,marketing,2025-01-24T18:45:08,benign
log_4342,doc_1,read_phi,phi_rec_54,0,0,0,marketing,2025-02-02T14:16:49,benign
log_4343,doc_2,read_phi,phi_rec_145,1,1,0,diagnosis,2025-06-14T13:10:25,benign
log_4344,bclerk_0,read_phi,phi_rec_123,0,0,1,billing,2025-04-26T22:43:02,benign
log_4345,bclerk_0,read_phi,phi_rec_84,0,0,1,billing,2025-01-06T02:37:16,benign
log_4346,doc_2,read_phi,phi_rec_25,0,0,0,billing,2025-02-12T12:33:24,benign
log_4347,doc_0,read_phi,phi_rec_32,0,1,0,billing,2025-01-18T03:59:40,violation_hipaa_auth
log_4348,doc_1,read_phi,phi_rec_71,0,0,0,marketing,2025-03-29T01:59:42,benign
log_4349,doc_2,read_phi,phi_rec_188,1,1,0,research,2025-08-15T06:37:33,benign
log_4350,bclerk_0,read_phi,phi_rec_18,0,0,1,billing,2025-04-18T01:17:53,benign
log_4351,bclerk_0,read_phi,phi_rec_117,0,0,1,billing,2025-06-19T16:28:56,benign
log_4352,doc_3,read_phi,phi_rec_6,0,0,0,marketing,2025-03-26T02:31:50,benign
log_4353,doc_4,read_phi,phi_rec_56,0,0,0,billing,2025-07-02T08:41:13,benign
log_4354,bclerk_0,read_phi,phi_rec_116,0,1,0,billing,2025-04-11T15:22:27,violation_hipaa_min_necessary
log_4355,doc_1,read_phi,phi_rec_192,1,1,0,research,2025-08-22T02:10:51,benign
log_4356,doc_0,read_phi,phi_rec_149,0,0,0,billing,2025-03-15T07:13:07,benign
log_4357,doc_0,read_phi,phi_rec_91,0,0,0,billing,2025-03-04T11:10:55,benign
log_4358,doc_3,read_phi,phi_rec_191,1,1,0,diagnosis,2025-01-12T18:35:32,benign
log_4359,doc_3,read_phi,phi_rec_158,0,0,0,billing,2025-03-14T05:44:10,benign
log_4360,doc_0,read_phi,phi_rec_24,0,1,0,diagnosis,2025-04-28T19:06:26,benign
log_4361,doc_1,read_phi,phi_rec_55,0,0,0,billing,2025-07-29T09:31:44,benign
log_4362,doc_2,read_phi,phi_rec_161,1,1,0,research,2025-08-06T15:48:48,benign
log_4363,doc_1,read_phi,phi_rec_131,0,0,0,marketing,2025-08-27T12:05:46,benign
log_4364,bclerk_0,read_phi,phi_rec_39,0,0,1,marketing,2025-08-16T09:13:13,violation_gdpr_art18
log_4365,doc_0,read_phi,phi_rec_114,0,0,0,billing,2025-03-21T08:12:20,benign
log_4366,doc_4,read_phi,phi_rec_52,0,0,0,marketing,2025-08-29T22:52:50,benign
log_4367,doc_1,read_phi,phi_rec_71,0,0,0,billing,2025-03-15T08:12:47,benign
log_4368,doc_0,read_phi,phi_rec_120,0,0,0,billing,2025-01-02T14:09:45,benign
log_4369,doc_4,read_phi,phi_rec_148,0,1,0,diagnosis,2025-02-03T16:00:21,benign
log_4370,doc_3,read_phi,phi_rec_158,1,1,0,diagnosis,2025-05-25T17:10:52,benign
log_4371,doc_3,read_phi,phi_rec_46,0,0,0,billing,2025-04-02T08:49:51,benign
log_4372,doc_0,read_phi,phi_rec_58,1,1,0,diagnosis,2025-01-22T21:46:58,benign
log_4373,doc_3,read_phi,phi_rec_1,0,0,0,marketing,2025-04-30T15:28:13,benign
log_4374,doc_2,read_phi,phi_rec_14,0,0,0,billing,2025-01-21T19:27:03,benign
log_4375,doc_0,read_phi,phi_rec_128,1,1,0,diagnosis,2025-08-08T07:04:47,benign
log_4376,doc_1,read_phi,phi_rec_163,0,0,0,billing,2025-04-07T19:06:09,benign
log_4377,doc_3,read_phi,phi_rec_194,0,0,0,marketing,2025-05-11T11:03:16,benign
log_4378,doc_0,read_phi,phi_rec_172,1,0,0,research,2025-08-09T16:07:03,benign
log_4379,doc_4,read_phi,phi_rec_72,0,0,0,marketing,2025-02-03T18:43:21,benign
log_4380,doc_2,read_phi,phi_rec_124,1,1,0,research,2025-02-28T00:52:30,benign
log_4381,doc_4,read_phi,phi_rec_65,1,0,0,research,2025-06-11T01:39:39,benign
log_4382,doc_2,read_phi,phi_rec_100,0,1,0,diagnosis,2025-01-08T21:27:06,benign
log_4383,bclerk_0,read_phi,phi_rec_126,0,0,1,marketing,2025-05-11T16:14:35,violation_gdpr_art18
log_4384,doc_0,read_phi,phi_rec_137,1,1,0,diagnosis,2025-07-06T22:16:40,benign
log_4385,doc_3,read_phi,phi_rec_26,0,0,0,billing,2025-03-08T17:47:38,benign
log_4386,doc_2,read_phi,phi_rec_25,0,1,0,diagnosis,2025-03-02T15:44:57,benign
log_4387,doc_4,read_phi,phi_rec_73,1,1,0,research,2025-02-19T01:39:19,benign
log_4388,bclerk_0,read_phi,phi_rec_122,0,0,1,billing,2025-08-06T12:57:02,benign
log_4389,doc_4,read_phi,phi_rec_173,1,0,0,diagnosis,2025-08-15T09:23:52,benign
log_4390,bclerk_0,read_phi,phi_rec_10,0,0,1,billing,2025-06-05T07:07:09,benign
log_4391,bclerk_0,read_phi,phi_rec_195,1,0,0,billing,2025-08-02T22:46:36,violation_hipaa_min_necessary
log_4392,bclerk_0,read_phi,phi_rec_93,0,0,1,billing,2025-08-07T14:21:37,benign
log_4393,doc_0,read_phi,phi_rec_155,0,1,0,diagnosis,2025-05-31T10:35:24,benign
log_4394,doc_0,read_phi,phi_rec_2,1,1,0,diagnosis,2025-02-19T15:49:08,benign
log_4395,doc_4,read_phi,phi_rec_20,0,0,0,billing,2025-03-22T00:56:05,benign
log_4396,doc_0,read_phi,phi_rec_162,0,0,0,billing,2025-04-13T02:51:00,benign
log_4397,bclerk_0,read_phi,phi_rec_57,0,0,1,billing,2025-01-01T15:22:49,benign
log_4398,doc_2,read_phi,phi_rec_199,1,1,0,research,2025-08-12T19:17:30,benign
log_4399,bclerk_0,read_phi,phi_rec_198,0,0,1,billing,2025-04-30T12:31:43,benign
log_4400,doc_0,read_phi,phi_rec_144,0,0,0,billing,2025-08-08T09:58:33,benign
log_4401,doc_0,read_phi,phi_rec_77,0,0,0,billing,2025-05-01T05:04:57,benign
log_4402,bclerk_0,read_phi,phi_rec_160,0,0,1,billing,2025-08-04T18:46:21,benign
log_4403,doc_0,read_phi,phi_rec_39,1,1,0,diagnosis,2025-04-11T16:51:23,benign
log_4404,bclerk_0,read_phi,phi_rec_70,0,0,1,billing,2025-05-30T20:32:49,benign
log_4405,doc_2,read_phi,phi_rec_29,1,1,0,research,2025-08-19T11:07:58,benign
log_4406,doc_4,read_phi,phi_rec_88,1,1,0,research,2025-07-15T20:30:25,benign
log_4407,doc_3,read_phi,phi_rec_57,0,0,0,marketing,2025-01-11T22:00:38,benign
log_4408,bclerk_0,read_phi,phi_rec_76,0,0,1,billing,2025-03-30T09:23:42,benign
log_4409,bclerk_0,read_phi,phi_rec_93,0,0,1,billing,2025-05-30T05:33:34,benign
log_4410,bclerk_0,read_phi,phi_rec_168,0,0,1,billing,2025-04-14T09:58:38,benign
log_4411,doc_1,read_phi,phi_rec_48,0,0,0,marketing,2025-02-10T23:08:26,benign
log_4412,doc_4,read_phi,phi_rec_81,0,0,0,marketing,2025-07-02T17:07:35,benign
log_4413,doc_0,read_phi,phi_rec_120,0,1,0,research,2025-08-21T02:58:35,benign
log_4414,bclerk_0,read_phi,phi_rec_103,0,0,1,billing,2025-07-24T17:23:53,benign
log_4415,doc_0,read_phi,phi_rec_164,1,1,0,research,2025-02-04T13:19:38,benign
log_4416,doc_3,read_phi,phi_rec_10,0,1,0,research,2025-05-07T23:26:07,violation_hipaa_auth
log_4417,doc_3,read_phi,phi_rec_0,0,0,0,billing,2025-08-21T21:08:38,benign
log_4418,doc_4,read_phi,phi_rec_197,1,1,0,research,2025-07-25T18:14:49,benign
log_4419,doc_2,read_phi,phi_rec_69,0,0,0,billing,2025-05-27T13:23:22,benign
log_4420,doc_1,read_phi,phi_rec_119,0,0,0,marketing,2025-01-31T05:21:07,benign
log_4421,doc_0,read_phi,phi_rec_129,0,0,0,marketing,2025-07-01T22:52:48,benign
log_4422,doc_3,read_phi,phi_rec_46,0,0,0,marketing,2025-04-26T08:17:07,benign
log_4423,bclerk_0,read_phi,phi_rec_102,0,1,0,billing,2025-03-29T04:09:10,violation_hipaa_min_necessary
log_4424,doc_2,read_phi,phi_rec_198,0,0,0,marketing,2025-07-14T12:59:49,benign
log_4425,doc_2,read_phi,phi_rec_165,0,0,0,marketing,2025-06-24T13:57:34,benign
log_4426,doc_2,read_phi,phi_rec_145,0,0,0,billing,2025-05-03T17:39:33,benign
log_4427,doc_0,read_phi,phi_rec_166,0,1,0,billing,2025-05-02T14:30:27,violation_hipaa_auth
log_4428,doc_4,read_phi,phi_rec_106,1,1,0,diagnosis,2025-06-09T10:54:34,benign
log_4429,doc_2,read_phi,phi_rec_25,0,1,0,diagnosis,2025-07-11T10:56:10,benign
log_4430,bclerk_0,read_phi,phi_rec_84,0,0,1,billing,2025-02-26T00:46:35,benign
log_4431,doc_0,read_phi,phi_rec_58,1,1,0,diagnosis,2025-01-10T09:50:38,benign
log_4432,doc_3,read_phi,phi_rec_109,1,1,0,research,2025-08-28T05:50:29,benign
log_4433,bclerk_0,read_phi,phi_rec_188,0,0,1,billing,2025-03-07T12:18:05,benign
log_4434,doc_3,read_phi,phi_rec_5,1,1,0,research,2025-07-02T22:22:35,benign
log_4435,doc_3,read_phi,phi_rec_179,0,0,0,billing,2025-02-13T23:35:28,benign
log_4436,doc_3,read_phi,phi_rec_0,1,1,0,diagnosis,2025-07-31T21:58:31,benign
log_4437,doc_1,read_phi,phi_rec_130,0,0,0,billing,2025-01-25T21:48:12,benign
log_4438,bclerk_0,read_phi,phi_rec_66,0,0,1,billing,2025-07-09T00:21:09,benign
log_4439,bclerk_0,read_phi,phi_rec_43,0,0,1,billing,2025-07-09T18:00:54,benign
log_4440,bclerk_0,read_phi,phi_rec_193,0,0,1,billing,2025-07-12T11:59:05,benign
log_4441,bclerk_0,read_phi,phi_rec_59,0,0,1,billing,2025-03-03T22:27:40,benign
log_4442,doc_3,read_phi,phi_rec_0,0,0,0,marketing,2025-01-18T15:35:18,benign
log_4443,bclerk_0,read_phi,phi_rec_55,1,0,0,billing,2025-07-23T04:49:09,violation_hipaa_min_necessary
log_4444,doc_4,read_phi,phi_rec_72,0,1,0,diagnosis,2025-05-13T18:13:10,benign
log_4445,bclerk_0,read_phi,phi_rec_189,0,0,1,billing,2025-02-08T15:12:31,benign
log_4446,doc_4,read_phi,phi_rec_190,1,1,0,diagnosis,2025-07-18T11:19:13,benign
log_4447,doc_3,read_phi,phi_rec_76,0,0,0,marketing,2025-07-21T09:51:44,benign
log_4448,doc_3,read_phi,phi_rec_143,0,1,0,research,2025-06-28T21:53:45,violation_gdpr_art18
log_4449,bclerk_0,read_phi,phi_rec_69,0,0,1,billing,2025-05-11T19:48:23,benign
log_4450,bclerk_0,read_phi,phi_rec_103,0,0,1,billing,2025-05-07T19:30:29,benign
log_4451,doc_4,read_phi,phi_rec_180,0,0,0,billing,2025-01-27T06:50:26,benign
log_4452,bclerk_0,read_phi,phi_rec_8,0,0,1,billing,2025-03-25T10:24:44,benign
log_4453,doc_2,read_phi,phi_rec_117,0,0,0,diagnosis,2025-08-03T06:05:41,benign
log_4454,doc_1,read_phi,phi_rec_55,0,0,0,billing,2025-03-16T23:57:51,benign
log_4455,doc_3,read_phi,phi_rec_171,1,1,0,diagnosis,2025-03-22T00:08:08,benign
log_4456,bclerk_0,read_phi,phi_rec_123,0,0,1,billing,2025-02-10T20:53:23,benign
log_4457,doc_0,read_phi,phi_rec_146,1,1,0,diagnosis,2025-05-18T07:53:21,benign
log_4458,doc_3,read_phi,phi_rec_76,0,0,0,billing,2025-02-12T08:39:11,benign
log_4459,doc_3,read_phi,phi_rec_79,0,0,0,marketing,2025-07-10T23:51:05,benign
log_4460,doc_0,read_phi,phi_rec_91,0,0,0,billing,2025-06-30T22:50:03,benign
log_4461,doc_4,read_phi,phi_rec_78,1,1,0,diagnosis,2025-05-30T22:12:46,benign
log_4462,bclerk_0,read_phi,phi_rec_175,0,0,1,billing,2025-06-07T23:08:26,benign
log_4463,doc_2,read_phi,phi_rec_22,0,0,0,marketing,2025-01-24T19:25:03,benign
log_4464,doc_0,read_phi,phi_rec_23,1,0,0,diagnosis,2025-03-14T17:40:06,benign
log_4465,doc_4,read_phi,phi_rec_104,1,1,0,research,2025-02-14T05:42:37,benign
log_4466,doc_0,read_phi,phi_rec_156,0,0,0,billing,2025-03-31T11:29:13,benign
log_4467,doc_3,read_phi,phi_rec_26,1,1,0,diagnosis,2025-08-13T23:15:43,benign
log_4468,doc_0,read_phi,phi_rec_96,1,1,0,diagnosis,2025-04-11T09:02:18,benign
log_4469,doc_0,read_phi,phi_rec_155,0,0,0,billing,2025-03-01T20:43:10,benign
log_4470,doc_2,read_phi,phi_rec_50,0,1,0,diagnosis,2025-02-12T07:09:02,violation_hipaa_auth
log_4471,doc_0,read_phi,phi_rec_92,0,1,0,diagnosis,2025-05-10T02:13:29,benign
log_4472,doc_4,read_phi,phi_rec_19,1,1,0,diagnosis,2025-02-01T11:14:28,benign
log_4473,doc_4,read_phi,phi_rec_10,1,1,0,diagnosis,2025-04-24T23:32:38,benign
log_4474,bclerk_0,read_phi,phi_rec_19,0,0,1,billing,2025-05-12T18:17:58,benign
log_4475,doc_2,read_phi,phi_rec_69,0,0,0,billing,2025-08-18T17:10:41,benign
log_4476,doc_1,read_phi,phi_rec_51,0,0,0,billing,2025-06-14T20:19:53,benign
log_4477,doc_0,read_phi,phi_rec_2,0,0,0,billing,2025-06-26T20:33:16,benign
log_4478,doc_2,read_phi,phi_rec_112,0,0,0,billing,2025-01-15T12:49:43,benign
log_4479,doc_0,read_phi,phi_rec_63,1,1,0,research,2025-02-27T13:49:34,benign
log_4480,doc_4,read_phi,phi_rec_10,1,0,0,diagnosis,2025-07-16T10:11:23,benign
log_4481,doc_0,read_phi,phi_rec_138,0,0,0,marketing,2025-02-16T07:48:05,benign
log_4482,doc_1,read_phi,phi_rec_54,0,0,0,billing,2025-04-28T10:27:49,benign
log_4483,doc_4,read_phi,phi_rec_133,0,0,0,billing,2025-03-09T20:35:26,benign
log_4484,doc_1,read_phi,phi_rec_181,0,0,0,marketing,2025-05-01T04:52:03,benign
log_4485,doc_4,read_phi,phi_rec_134,1,1,0,diagnosis,2025-06-29T03:31:59,benign
log_4486,doc_4,read_phi,phi_rec_11,0,1,0,billing,2025-05-24T05:35:36,violation_hipaa_auth
log_4487,doc_0,read_phi,phi_rec_50,1,1,0,diagnosis,2025-05-24T01:26:32,benign
log_4488,doc_4,read_phi,phi_rec_74,0,1,0,research,2025-04-04T19:05:47,benign
log_4489,doc_4,read_phi,phi_rec_81,0,1,0,diagnosis,2025-06-09T02:43:45,benign
log_4490,doc_3,read_phi,phi_rec_1,1,1,0,research,2025-06-10T17:38:40,benign
log_4491,doc_2,read_phi,phi_rec_3,0,0,0,billing,2025-06-20T12:20:05,benign
log_4492,doc_0,read_phi,phi_rec_174,0,0,0,marketing,2025-04-26T04:26:50,benign
log_4493,doc_4,read_phi,phi_rec_140,0,0,0,marketing,2025-07-20T05:51:52,benign
log_4494,bclerk_0,read_phi,phi_rec_65,0,0,1,billing,2025-05-15T07:56:01,benign
log_4495,doc_1,read_phi,phi_rec_94,0,0,0,billing,2025-07-21T17:28:36,benign
log_4496,doc_2,read_phi,phi_rec_89,0,1,0,research,2025-02-27T01:22:57,benign
log_4497,doc_2,read_phi,phi_rec_39,0,1,0,diagnosis,2025-06-27T01:00:51,violation_hipaa_auth
log_4498,doc_3,read_phi,phi_rec_158,0,0,0,billing,2025-05-15T04:51:54,benign
log_4499,doc_2,read_phi,phi_rec_50,0,1,0,billing,2025-02-20T02:19:54,violation_hipaa_auth
log_4500,bclerk_0,read_phi,phi_rec_95,0,0,1,billing,2025-01-14T10:09:02,benign
log_4501,doc_0,read_phi,phi_rec_67,1,1,0,diagnosis,2025-07-19T03:41:21,benign
log_4502,doc_0,read_phi,phi_rec_42,0,0,0,marketing,2025-06-26T11:08:01,benign
log_4503,doc_0,read_phi,phi_rec_160,0,0,0,billing,2025-08-11T22:21:26,benign
log_4504,doc_0,read_phi,phi_rec_138,1,1,0,research,2025-03-30T01:37:29,benign
log_4505,doc_0,read_phi,phi_rec_92,1,0,0,diagnosis,2025-06-22T07:44:02,benign
log_4506,doc_0,read_phi,phi_rec_67,0,0,0,research,2025-07-16T05:55:32,benign
log_4507,doc_2,read_phi,phi_rec_9,0,1,0,diagnosis,2025-02-06T22:02:21,benign
log_4508,doc_1,read_phi,phi_rec_192,1,1,0,diagnosis,2025-07-17T22:50:05,benign
log_4509,doc_1,read_phi,phi_rec_13,0,0,0,billing,2025-02-04T14:51:09,benign
log_4510,bclerk_0,read_phi,phi_rec_147,0,0,1,billing,2025-07-14T00:27:34,benign
log_4511,doc_3,read_phi,phi_rec_1,1,1,0,diagnosis,2025-07-13T05:37:18,benign
log_4512,bclerk_0,read_phi,phi_rec_135,0,0,1,billing,2025-04-29T20:41:44,benign
log_4513,doc_2,read_phi,phi_rec_60,1,1,0,diagnosis,2025-01-26T12:05:49,benign
log_4514,doc_2,read_phi,phi_rec_89,0,0,0,billing,2025-07-26T04:05:19,benign
log_4515,doc_3,read_phi,phi_rec_90,0,0,0,billing,2025-07-17T10:58:48,benign
log_4516,doc_4,read_phi,phi_rec_56,0,0,0,billing,2025-07-30T06:43:04,benign
log_4517,doc_2,read_phi,phi_rec_60,0,0,0,marketing,2025-01-24T05:13:29,benign
log_4518,doc_3,read_phi,phi_rec_191,0,0,0,billing,2025-04-05T13:15:27,benign
log_4519,doc_4,read_phi,phi_rec_56,1,1,0,research,2025-01-23T10:42:56,benign
log_4520,doc_3,read_phi,phi_rec_90,0,0,0,marketing,2025-03-07T13:06:44,benign
log_4521,bclerk_0,read_phi,phi_rec_132,0,0,1,billing,2025-01-09T23:40:00,benign
log_4522,bclerk_0,read_phi,phi_rec_165,0,0,1,billing,2025-03-23T15:55:41,benign
log_4523,doc_0,read_phi,phi_rec_160,0,0,0,billing,2025-06-09T22:58:00,benign
log_4524,doc_2,read_phi,phi_rec_22,0,0,0,marketing,2025-07-01T20:32:32,benign
log_4525,doc_0,read_phi,phi_rec_155,0,1,0,diagnosis,2025-07-29T22:49:28,benign
log_4526,doc_2,read_phi,phi_rec_64,1,1,0,diagnosis,2025-02-27T16:06:26,benign
log_4527,doc_0,read_phi,phi_rec_128,0,0,0,billing,2025-04-29T10:45:13,benign
log_4528,doc_0,read_phi,phi_rec_193,0,0,0,diagnosis,2025-03-22T22:55:06,benign
log_4529,doc_3,read_phi,phi_rec_46,0,0,0,marketing,2025-05-19T10:58:30,benign
log_4530,doc_0,read_phi,phi_rec_39,0,0,0,billing,2025-07-13T07:33:14,benign
log_4531,doc_3,read_phi,phi_rec_0,0,0,0,billing,2025-07-02T04:44:09,benign
log_4532,bclerk_0,read_phi,phi_rec_177,0,0,1,billing,2025-01-24T14:08:35,benign
log_4533,doc_4,read_phi,phi_rec_106,1,1,0,diagnosis,2025-05-28T10:31:51,benign
log_4534,doc_0,read_phi,phi_rec_142,1,1,0,diagnosis,2025-04-17T09:11:29,benign
log_4535,bclerk_0,read_phi,phi_rec_74,0,0,1,billing,2025-06-10T21:22:15,benign
log_4536,doc_1,read_phi,phi_rec_55,1,1,0,diagnosis,2025-06-22T23:17:26,benign
log_4537,doc_1,read_phi,phi_rec_13,0,0,0,marketing,2025-08-16T04:44:47,benign
log_4538,doc_0,read_phi,phi_rec_91,1,1,0,diagnosis,2025-04-29T23:19:06,benign
log_4539,bclerk_0,read_phi,phi_rec_51,0,0,1,billing,2025-02-06T08:37:17,benign
log_4540,doc_4,read_phi,phi_rec_190,0,0,0,billing,2025-05-24T02:38:28,benign
log_4541,doc_2,read_phi,phi_rec_121,0,0,0,marketing,2025-07-05T05:04:45,benign
log_4542,doc_4,read_phi,phi_rec_159,0,0,0,marketing,2025-07-01T04:53:09,benign
log_4543,doc_0,read_phi,phi_rec_136,0,0,0,marketing,2025-08-07T07:45:55,benign
log_4544,doc_4,read_phi,phi_rec_81,0,0,0,marketing,2025-07-27T08:58:55,benign
log_4545,doc_1,read_phi,phi_rec_21,0,1,0,research,2025-05-22T21:32:01,benign
log_4546,doc_4,read_phi,phi_rec_40,1,0,0,diagnosis,2025-06-07T07:00:48,benign
log_4547,doc_3,read_phi,phi_rec_153,1,1,0,diagnosis,2025-07-15T03:22:54,benign
log_4548,doc_2,read_phi,phi_rec_69,1,0,0,research,2025-05-27T14:51:10,benign
log_4549,doc_0,read_phi,phi_rec_132,1,1,0,diagnosis,2025-03-12T03:10:07,benign
log_4550,doc_3,read_phi,phi_rec_115,0,0,0,billing,2025-08-01T01:12:31,benign
log_4551,doc_3,read_phi,phi_rec_0,1,1,0,diagnosis,2025-04-27T08:27:12,benign
log_4552,doc_4,read_phi,phi_rec_17,1,1,0,diagnosis,2025-05-27T11:07:35,benign
log_4553,doc_4,read_phi,phi_rec_40,0,1,0,diagnosis,2025-02-10T03:22:24,benign
log_4554,doc_0,read_phi,phi_rec_149,1,1,0,diagnosis,2025-08-05T00:03:23,benign
log_4555,doc_0,read_phi,phi_rec_96,1,1,0,diagnosis,2025-08-12T22:09:13,benign
log_4556,doc_2,read_phi,phi_rec_178,0,0,0,marketing,2025-01-23T23:00:50,benign
log_4557,bclerk_0,read_phi,phi_rec_105,0,0,1,billing,2025-02-06T13:57:06,benign
log_4558,doc_2,read_phi,phi_rec_161,1,1,0,diagnosis,2025-02-16T20:42:35,benign
log_4559,doc_0,read_phi,phi_rec_156,0,0,0,billing,2025-06-28T01:58:37,benign
log_4560,doc_2,read_phi,phi_rec_38,1,0,0,diagnosis,2025-04-24T17:42:52,benign
log_4561,doc_1,read_phi,phi_rec_181,1,1,0,diagnosis,2025-01-01T17:18:55,benign
log_4562,bclerk_0,read_phi,phi_rec_79,0,0,1,billing,2025-05-22T22:35:46,benign
log_4563,doc_0,read_phi,phi_rec_156,1,1,0,research,2025-08-26T18:04:16,benign
log_4564,doc_0,read_phi,phi_rec_44,1,1,0,diagnosis,2025-01-04T10:17:38,benign
log_4565,doc_2,read_phi,phi_rec_126,1,1,0,research,2025-03-26T14:46:58,benign
log_4566,doc_4,read_phi,phi_rec_56,0,0,0,billing,2025-05-24T18:22:51,benign
log_4567,bclerk_0,read_phi,phi_rec_138,0,0,1,billing,2025-07-10T11:28:13,benign
log_4568,doc_2,read_phi,phi_rec_188,0,0,0,marketing,2025-06-12T08:52:29,benign
log_4569,doc_2,read_phi,phi_rec_89,1,1,0,diagnosis,2025-02-17T15:39:28,benign
log_4570,doc_4,read_phi,phi_rec_70,0,0,0,billing,2025-01-19T15:20:00,benign
log_4571,doc_3,read_phi,phi_rec_30,1,0,0,research,2025-06-06T04:34:23,violation_gdpr_art18
log_4572,doc_0,read_phi,phi_rec_50,1,1,0,research,2025-05-03T15:46:53,benign
log_4573,doc_2,read_phi,phi_rec_75,0,0,0,billing,2025-08-22T02:14:52,benign
log_4574,doc_4,read_phi,phi_rec_40,0,0,0,marketing,2025-04-25T00:38:55,benign
log_4575,doc_1,read_phi,phi_rec_86,1,1,0,diagnosis,2025-01-26T01:02:33,benign
log_4576,doc_2,read_phi,phi_rec_94,0,1,0,marketing,2025-04-21T13:05:27,violation_hipaa_auth
log_4577,doc_2,read_phi,phi_rec_36,0,1,0,research,2025-08-17T22:40:08,violation_hipaa_auth
log_4578,doc_2,read_phi,phi_rec_126,1,1,0,diagnosis,2025-02-18T03:01:24,benign
log_4579,doc_0,read_phi,phi_rec_146,1,1,0,research,2025-02-25T09:25:23,benign
log_4580,doc_2,read_phi,phi_rec_145,0,0,0,billing,2025-02-01T13:27:23,benign
log_4581,doc_4,read_phi,phi_rec_65,0,0,0,diagnosis,2025-06-09T14:05:39,benign
log_4582,doc_1,read_phi,phi_rec_182,0,0,0,billing,2025-01-12T20:44:11,benign
log_4583,bclerk_0,read_phi,phi_rec_106,0,0,1,billing,2025-02-23T05:09:03,benign
log_4584,bclerk_0,read_phi,phi_rec_122,0,0,1,billing,2025-05-20T18:36:02,benign
log_4585,doc_0,read_phi,phi_rec_136,0,0,0,billing,2025-06-21T17:01:36,benign
log_4586,bclerk_0,read_phi,phi_rec_97,0,0,1,billing,2025-04-17T05:03:24,benign
log_4587,doc_3,read_phi,phi_rec_26,0,0,0,billing,2025-06-22T08:46:05,benign
log_4588,bclerk_0,read_phi,phi_rec_81,0,0,1,billing,2025-03-20T09:49:20,benign
log_4589,doc_2,read_phi,phi_rec_9,0,0,0,billing,2025-06-13T02:26:41,benign
log_4590,doc_2,read_phi,phi_rec_22,1,0,0,diagnosis,2025-07-06T03:23:14,benign
log_4591,bclerk_0,read_phi,phi_rec_135,0,0,1,marketing,2025-01-19T16:53:37,violation_gdpr_art18
log_4592,bclerk_0,read_phi,phi_rec_130,0,0,1,billing,2025-07-30T16:21:35,benign
log_4593,bclerk_0,read_phi,phi_rec_17,0,0,1,billing,2025-02-17T02:39:11,benign
log_4594,doc_4,read_phi,phi_rec_20,0,1,0,diagnosis,2025-05-28T16:25:22,benign
log_4595,doc_1,read_phi,phi_rec_123,0,1,0,research,2025-03-07T11:58:26,benign
log_4596,doc_1,read_phi,phi_rec_93,0,0,0,marketing,2025-03-02T01:46:17,benign
log_4597,doc_2,read_phi,phi_rec_100,1,1,0,diagnosis,2025-01-13T20:46:01,benign
log_4598,doc_2,read_phi,phi_rec_189,0,1,0,marketing,2025-01-08T14:44:47,violation_hipaa_auth
log_4599,bclerk_0,read_phi,phi_rec_30,0,0,1,billing,2025-06-11T21:30:10,benign
log_4600,doc_3,read_phi,phi_rec_57,0,0,0,marketing,2025-06-25T00:00:35,benign
log_4601,doc_4,read_phi,phi_rec_141,1,1,0,diagnosis,2025-06-23T13:56:06,benign
log_4602,doc_0,read_phi,phi_rec_136,0,0,0,billing,2025-08-25T16:41:51,benign
log_4603,bclerk_0,read_phi,phi_rec_28,0,0,1,billing,2025-07-16T09:10:36,benign
log_4604,bclerk_0,read_phi,phi_rec_135,0,0,1,billing,2025-03-25T03:29:28,benign
log_4605,doc_0,read_phi,phi_rec_91,1,1,0,diagnosis,2025-05-06T16:56:57,benign
log_4606,doc_3,read_phi,phi_rec_30,0,0,0,billing,2025-03-24T15:16:23,benign
log_4607,doc_3,read_phi,phi_rec_26,0,0,0,billing,2025-01-22T13:22:10,benign
log_4608,bclerk_0,read_phi,phi_rec_7,0,0,1,billing,2025-02-11T17:01:20,benign
log_4609,bclerk_0,read_phi,phi_rec_55,0,0,1,billing,2025-08-28T20:45:04,benign
log_4610,doc_0,read_phi,phi_rec_92,0,1,0,diagnosis,2025-01-23T00:04:07,benign
log_4611,bclerk_0,read_phi,phi_rec_157,0,0,1,billing,2025-05-12T07:32:18,benign
log_4612,bclerk_0,read_phi,phi_rec_163,0,0,1,billing,2025-03-23T09:41:36,benign
log_4613,doc_2,read_phi,phi_rec_177,0,0,0,billing,2025-06-18T08:48:05,benign
log_4614,doc_3,read_phi,phi_rec_26,0,0,0,billing,2025-05-29T16:24:54,benign
log_4615,bclerk_0,read_phi,phi_rec_123,0,0,1,billing,2025-01-30T21:01:47,benign
log_4616,bclerk_0,read_phi,phi_rec_166,0,0,1,billing,2025-05-25T07:15:55,benign
log_4617,doc_4,read_phi,phi_rec_104,1,1,0,research,2025-01-20T04:01:30,benign
log_4618,doc_1,read_phi,phi_rec_102,0,0,0,marketing,2025-04-22T05:05:30,benign
log_4619,doc_2,read_phi,phi_rec_199,1,1,0,diagnosis,2025-06-03T10:55:41,benign
log_4620,doc_4,read_phi,phi_rec_190,0,0,0,billing,2025-04-12T18:35:17,benign
log_4621,doc_2,read_phi,phi_rec_161,0,0,0,billing,2025-08-01T22:12:39,benign
log_4622,doc_4,read_phi,phi_rec_45,0,0,0,billing,2025-06-10T21:37:30,benign
log_4623,doc_0,read_phi,phi_rec_164,0,0,0,marketing,2025-01-31T17:00:48,benign
log_4624,doc_2,read_phi,phi_rec_186,1,1,0,diagnosis,2025-02-14T11:38:43,benign
log_4625,doc_4,read_phi,phi_rec_159,0,0,0,marketing,2025-07-05T12:27:02,benign
log_4626,doc_1,read_phi,phi_rec_48,0,1,0,diagnosis,2025-08-08T18:10:19,benign
log_4627,doc_4,read_phi,phi_rec_17,0,0,0,billing,2025-03-19T07:59:53,benign
log_4628,doc_3,read_phi,phi_rec_0,0,0,0,billing,2025-07-09T02:51:41,benign
log_4629,bclerk_0,read_phi,phi_rec_97,0,0,1,billing,2025-04-20T01:55:44,benign
log_4630,doc_1,read_phi,phi_rec_125,1,1,0,diagnosis,2025-02-28T20:31:21,benign
log_4631,bclerk_0,read_phi,phi_rec_99,0,0,1,billing,2025-04-18T10:23:15,benign
log_4632,doc_4,read_phi,phi_rec_133,1,0,0,diagnosis,2025-05-20T15:03:23,benign
log_4633,doc_1,read_phi,phi_rec_119,0,0,0,marketing,2025-03-05T03:12:59,benign
log_4634,doc_4,read_phi,phi_rec_81,0,0,0,billing,2025-05-29T01:41:58,benign
log_4635,doc_4,read_phi,phi_rec_56,1,1,0,research,2025-07-13T07:24:00,benign
log_4636,doc_2,read_phi,phi_rec_47,1,1,0,research,2025-07-08T08:36:37,benign
log_4637,doc_2,read_phi,phi_rec_60,1,1,0,diagnosis,2025-08-11T01:35:10,benign
log_4638,doc_2,read_phi,phi_rec_9,1,1,0,diagnosis,2025-01-20T01:50:14,benign
log_4639,doc_4,read_phi,phi_rec_170,0,0,0,marketing,2025-07-31T11:42:38,benign
log_4640,doc_4,read_phi,phi_rec_196,1,1,0,diagnosis,2025-05-15T20:17:43,benign
log_4641,doc_2,read_phi,phi_rec_89,0,0,0,research,2025-03-26T12:27:03,benign
log_4642,doc_2,read_phi,phi_rec_83,0,0,0,marketing,2025-08-29T16:23:21,benign
log_4643,bclerk_0,read_phi,phi_rec_93,0,0,1,billing,2025-01-16T01:19:13,benign
log_4644,doc_4,read_phi,phi_rec_187,0,0,0,marketing,2025-04-03T02:11:48,benign
log_4645,bclerk_0,read_phi,phi_rec_82,0,0,1,billing,2025-05-03T14:07:21,benign
log_4646,bclerk_0,read_phi,phi_rec_172,1,0,0,billing,2025-06-23T19:48:10,violation_hipaa_min_necessary
log_4647,doc_1,read_phi,phi_rec_93,1,1,0,diagnosis,2025-02-01T05:09:56,benign
log_4648,doc_3,read_phi,phi_rec_76,0,0,0,marketing,2025-03-02T20:50:32,benign
log_4649,doc_4,read_phi,phi_rec_116,0,0,0,billing,2025-03-05T04:08:28,benign
log_4650,doc_0,read_phi,phi_rec_137,0,0,0,billing,2025-05-15T12:42:48,benign
log_4651,doc_3,read_phi,phi_rec_46,0,0,0,billing,2025-02-05T21:25:21,benign
log_4652,doc_1,read_phi,phi_rec_55,0,0,0,marketing,2025-03-16T20:27:16,benign
log_4653,doc_2,read_phi,phi_rec_75,0,0,0,billing,2025-05-25T00:33:10,benign
log_4654,doc_0,read_phi,phi_rec_174,1,0,0,research,2025-01-10T03:49:18,benign
log_4655,doc_1,read_phi,phi_rec_118,1,1,0,research,2025-07-11T08:31:58,benign
log_4656,doc_0,read_phi,phi_rec_44,0,0,0,marketing,2025-02-02T19:23:52,benign
log_4657,doc_1,read_phi,phi_rec_48,1,1,0,research,2025-03-03T13:50:24,benign
log_4658,bclerk_0,read_phi,phi_rec_35,0,0,1,billing,2025-04-27T05:27:31,benign
log_4659,doc_2,read_phi,phi_rec_38,1,1,0,research,2025-05-09T14:58:10,benign
log_4660,bclerk_0,read_phi,phi_rec_135,0,0,1,billing,2025-02-10T01:02:39,benign
log_4661,doc_3,read_phi,phi_rec_143,0,0,0,billing,2025-02-17T10:51:25,benign
log_4662,bclerk_0,read_phi,phi_rec_106,0,0,1,billing,2025-02-19T05:10:10,benign
log_4663,doc_1,read_phi,phi_rec_125,1,1,0,diagnosis,2025-04-16T23:15:08,benign
log_4664,bclerk_0,read_phi,phi_rec_29,0,0,1,billing,2025-04-06T19:00:23,benign
log_4665,doc_0,read_phi,phi_rec_137,1,0,0,diagnosis,2025-04-25T18:30:06,benign
log_4666,bclerk_0,read_phi,phi_rec_70,0,0,1,billing,2025-02-06T23:12:43,benign
log_4667,doc_2,read_phi,phi_rec_100,1,0,0,diagnosis,2025-03-04T00:26:52,benign
log_4668,doc_2,read_phi,phi_rec_121,1,1,0,research,2025-04-23T10:20:22,benign
log_4669,doc_2,read_phi,phi_rec_121,0,0,0,marketing,2025-04-14T14:28:07,benign
log_4670,doc_1,read_phi,phi_rec_180,0,1,0,marketing,2025-02-17T16:14:39,violation_hipaa_auth
log_4671,doc_1,read_phi,phi_rec_71,0,0,0,billing,2025-01-04T18:49:27,benign
log_4672,doc_0,read_phi,phi_rec_149,1,1,0,diagnosis,2025-02-20T02:43:34,benign
log_4673,doc_2,read_phi,phi_rec_64,0,0,0,billing,2025-01-03T19:02:45,benign
log_4674,doc_0,read_phi,phi_rec_77,0,0,0,billing,2025-01-05T23:41:28,benign
log_4675,doc_4,read_phi,phi_rec_135,0,0,0,billing,2025-07-12T21:23:33,benign
log_4676,bclerk_0,read_phi,phi_rec_162,0,0,1,marketing,2025-08-21T15:10:05,violation_gdpr_art18
log_4677,doc_4,read_phi,phi_rec_10,0,0,0,marketing,2025-03-13T07:22:53,benign
log_4678,bclerk_0,read_phi,phi_rec_138,0,0,1,billing,2025-07-09T16:43:32,benign
log_4679,doc_0,read_phi,phi_rec_24,0,0,0,billing,2025-06-28T07:18:44,benign
log_4680,doc_3,read_phi,phi_rec_36,1,1,0,diagnosis,2025-06-28T13:54:20,benign
log_4681,doc_0,read_phi,phi_rec_77,0,0,0,billing,2025-06-20T12:35:28,benign
log_4682,doc_0,read_phi,phi_rec_78,0,1,0,marketing,2025-04-21T03:44:20,violation_hipaa_auth
log_4683,doc_3,read_phi,phi_rec_76,0,1,0,diagnosis,2025-06-17T21:13:11,benign
log_4684,doc_4,read_phi,phi_rec_10,0,0,0,marketing,2025-08-19T20:36:27,benign
log_4685,doc_0,read_phi,phi_rec_114,0,0,0,marketing,2025-06-14T01:40:36,benign
log_4686,bclerk_0,read_phi,phi_rec_107,0,0,1,billing,2025-02-27T18:34:56,benign
log_4687,bclerk_0,read_phi,phi_rec_165,0,0,1,billing,2025-02-21T19:18:37,benign
log_4688,doc_2,read_phi,phi_rec_83,1,1,0,diagnosis,2025-03-21T01:53:37,benign
log_4689,doc_2,read_phi,phi_rec_49,0,0,0,billing,2025-04-29T18:14:04,benign
log_4690,doc_3,read_phi,phi_rec_108,0,0,0,marketing,2025-07-02T22:03:36,benign
log_4691,doc_0,read_phi,phi_rec_2,0,0,0,marketing,2025-05-19T16:44:07,benign
log_4692,bclerk_0,read_phi,phi_rec_99,0,0,1,billing,2025-07-27T05:11:25,benign
log_4693,doc_0,read_phi,phi_rec_128,1,1,0,diagnosis,2025-03-26T21:12:19,benign
log_4694,doc_3,read_phi,phi_rec_108,0,0,0,billing,2025-05-31T18:54:02,benign
log_4695,doc_4,read_phi,phi_rec_133,0,0,0,billing,2025-08-28T00:43:30,benign
log_4696,doc_1,read_phi,phi_rec_21,1,1,0,research,2025-06-28T12:29:59,benign
log_4697,doc_2,read_phi,phi_rec_177,0,0,0,billing,2025-04-18T13:41:33,benign
log_4698,doc_4,read_phi,phi_rec_196,0,1,0,research,2025-05-29T15:08:42,benign
log_4699,doc_0,read_phi,phi_rec_169,0,0,0,billing,2025-04-25T16:33:11,benign
log_4700,doc_1,read_phi,phi_rec_103,0,0,0,marketing,2025-06-06T04:16:02,benign
log_4701,doc_3,read_phi,phi_rec_0,0,0,0,marketing,2025-08-22T12:12:18,benign
log_4702,doc_1,read_phi,phi_rec_185,0,0,0,billing,2025-07-22T10:12:40,benign
log_4703,doc_2,read_phi,phi_rec_145,1,1,0,diagnosis,2025-08-19T07:06:06,benign
log_4704,doc_4,read_phi,phi_rec_4,0,0,0,billing,2025-04-17T04:45:43,benign
log_4705,doc_0,read_phi,phi_rec_137,0,0,0,billing,2025-05-21T04:08:07,benign
log_4706,doc_1,read_phi,phi_rec_11,1,1,0,diagnosis,2025-04-08T18:54:33,benign
log_4707,bclerk_0,read_phi,phi_rec_85,0,0,1,billing,2025-06-04T14:19:21,benign
log_4708,doc_2,read_phi,phi_rec_9,0,1,0,diagnosis,2025-01-09T00:37:02,benign
log_4709,bclerk_0,read_phi,phi_rec_180,0,0,1,billing,2025-05-01T12:44:58,benign
log_4710,doc_1,read_phi,phi_rec_182,1,1,0,research,2025-07-21T15:56:59,benign
log_4711,doc_0,read_phi,phi_rec_67,0,1,0,research,2025-06-24T12:20:00,benign
log_4712,doc_4,read_phi,phi_rec_73,1,0,0,research,2025-07-14T09:28:49,benign
log_4713,doc_3,read_phi,phi_rec_191,1,1,0,diagnosis,2025-03-15T16:37:20,benign
log_4714,doc_1,read_phi,phi_rec_192,0,0,0,billing,2025-02-26T18:20:45,benign
log_4715,bclerk_0,read_phi,phi_rec_161,0,0,1,billing,2025-06-22T20:35:42,benign
log_4716,doc_4,read_phi,phi_rec_196,0,0,0,billing,2025-06-07T15:14:11,benign
log_4717,doc_3,read_phi,phi_rec_57,0,0,0,marketing,2025-03-03T22:12:22,benign
log_4718,doc_4,read_phi,phi_rec_170,1,1,0,diagnosis,2025-08-29T01:22:14,benign
log_4719,doc_1,read_phi,phi_rec_163,0,0,0,marketing,2025-05-05T01:21:21,benign
log_4720,doc_0,read_phi,phi_rec_146,1,1,0,diagnosis,2025-06-07T23:02:53,benign
log_4721,doc_3,read_phi,phi_rec_36,0,1,0,diagnosis,2025-06-18T11:32:50,benign
log_4722,doc_1,read_phi,phi_rec_150,0,0,0,billing,2025-06-03T04:41:48,benign
log_4723,doc_3,read_phi,phi_rec_171,0,0,0,marketing,2025-07-07T01:32:27,benign
log_4724,bclerk_0,read_phi,phi_rec_77,0,0,1,billing,2025-04-16T12:18:32,benign
log_4725,doc_0,read_phi,phi_rec_172,1,1,0,diagnosis,2025-08-10T15:31:13,benign
log_4726,doc_3,read_phi,phi_rec_109,0,0,0,marketing,2025-02-08T15:40:52,benign
log_4727,doc_1,read_phi,phi_rec_151,0,0,0,billing,2025-08-15T18:51:38,benign
log_4728,doc_0,read_phi,phi_rec_58,0,0,0,billing,2025-06-27T04:05:05,benign
log_4729,doc_0,read_phi,phi_rec_16,0,0,0,billing,2025-04-16T03:12:43,benign
log_4730,doc_4,read_phi,phi_rec_68,0,0,0,billing,2025-03-12T00:32:08,benign
log_4731,doc_1,read_phi,phi_rec_181,0,0,0,billing,2025-08-19T15:21:25,benign
log_4732,doc_1,read_phi,phi_rec_71,0,1,0,research,2025-06-14T05:16:07,violation_gdpr_art18
log_4733,doc_4,read_phi,phi_rec_45,1,1,0,diagnosis,2025-03-29T14:02:56,benign
log_4734,bclerk_0,read_phi,phi_rec_191,0,0,1,billing,2025-05-20T02:25:41,benign
log_4735,doc_2,read_phi,phi_rec_165,0,0,0,billing,2025-01-10T23:45:09,benign
log_4736,doc_4,read_phi,phi_rec_141,0,0,0,billing,2025-03-13T19:10:41,benign
log_4737,doc_0,read_phi,phi_rec_42,0,0,0,billing,2025-03-12T06:32:07,benign
log_4738,doc_4,read_phi,phi_rec_73,0,0,0,marketing,2025-06-02T14:45:51,benign
log_4739,doc_1,read_phi,phi_rec_71,0,0,0,billing,2025-04-23T16:45:45,benign
log_4740,doc_0,read_phi,phi_rec_91,1,1,0,research,2025-02-20T04:33:48,benign
log_4741,doc_4,read_phi,phi_rec_170,1,1,0,research,2025-05-29T16:50:28,benign
log_4742,doc_1,read_phi,phi_rec_118,0,0,0,billing,2025-04-04T16:06:09,benign
log_4743,bclerk_0,read_phi,phi_rec_130,0,0,1,billing,2025-05-30T04:46:03,benign
log_4744,bclerk_0,read_phi,phi_rec_131,0,0,1,billing,2025-06-27T16:59:11,benign
log_4745,doc_3,read_phi,phi_rec_191,0,0,0,billing,2025-06-03T22:41:37,benign
log_4746,doc_4,read_phi,phi_rec_20,1,1,0,research,2025-04-13T16:08:00,benign
log_4747,doc_4,read_phi,phi_rec_135,0,0,0,billing,2025-04-18T03:30:32,benign
log_4748,doc_4,read_phi,phi_rec_56,0,0,0,research,2025-02-08T19:55:25,benign
log_4749,doc_0,read_phi,phi_rec_59,0,0,0,billing,2025-02-16T22:35:04,benign
log_4750,doc_4,read_phi,phi_rec_140,0,0,0,billing,2025-05-10T21:59:28,benign
log_4751,doc_2,read_phi,phi_rec_188,0,0,0,marketing,2025-08-03T18:14:29,benign
log_4752,bclerk_0,read_phi,phi_rec_199,0,0,1,billing,2025-02-21T15:17:12,benign
log_4753,doc_0,read_phi,phi_rec_152,0,0,0,marketing,2025-03-03T03:36:18,benign
log_4754,doc_3,read_phi,phi_rec_5,1,1,0,diagnosis,2025-03-27T20:29:29,benign
log_4755,doc_2,read_phi,phi_rec_145,0,0,0,billing,2025-01-14T23:10:30,benign
log_4756,bclerk_0,read_phi,phi_rec_190,0,0,1,billing,2025-07-22T12:05:28,benign
log_4757,doc_3,read_phi,phi_rec_35,0,0,0,billing,2025-03-16T19:16:07,benign
log_4758,bclerk_0,read_phi,phi_rec_110,0,0,1,marketing,2025-07-31T13:01:13,violation_gdpr_art18
log_4759,bclerk_0,read_phi,phi_rec_74,0,0,1,billing,2025-08-08T14:49:16,benign
log_4760,doc_0,read_phi,phi_rec_144,0,0,0,billing,2025-08-14T12:17:36,benign
log_4761,doc_2,read_phi,phi_rec_25,1,1,0,diagnosis,2025-03-28T09:38:25,benign
log_4762,bclerk_0,read_phi,phi_rec_187,0,1,0,billing,2025-08-21T16:38:05,violation_hipaa_min_necessary
log_4763,doc_4,read_phi,phi_rec_88,1,0,0,diagnosis,2025-03-31T05:54:03,benign
log_4764,bclerk_0,read_phi,phi_rec_160,1,0,0,billing,2025-08-02T19:39:20,violation_hipaa_min_necessary
log_4765,doc_4,read_phi,phi_rec_141,1,1,0,diagnosis,2025-02-18T13:24:58,benign
log_4766,bclerk_0,read_phi,phi_rec_22,0,0,1,billing,2025-04-12T21:44:57,benign
log_4767,bclerk_0,read_phi,phi_rec_74,1,0,0,billing,2025-01-27T22:55:04,violation_hipaa_min_necessary
log_4768,doc_3,read_phi,phi_rec_76,0,0,0,marketing,2025-08-29T01:43:31,benign
log_4769,bclerk_0,read_phi,phi_rec_92,0,0,1,billing,2025-02-05T02:33:24,benign
log_4770,doc_0,read_phi,phi_rec_120,0,0,0,marketing,2025-08-15T05:42:12,benign
log_4771,doc_3,read_phi,phi_rec_90,0,0,0,billing,2025-08-09T20:42:35,benign
log_4772,doc_4,read_phi,phi_rec_101,1,0,0,diagnosis,2025-08-20T20:41:50,benign
log_4773,doc_3,read_phi,phi_rec_90,0,0,0,marketing,2025-02-17T15:10:56,benign
log_4774,bclerk_0,read_phi,phi_rec_20,0,1,0,billing,2025-05-09T22:36:54,violation_hipaa_min_necessary
log_4775,doc_0,read_phi,phi_rec_142,1,1,0,diagnosis,2025-03-27T04:02:03,benign
log_4776,doc_4,read_phi,phi_rec_104,1,1,0,diagnosis,2025-03-08T14:53:33,benign
log_4777,doc_2,read_phi,phi_rec_29,0,0,0,marketing,2025-02-21T01:33:58,benign
log_4778,doc_0,read_phi,phi_rec_23,0,1,0,diagnosis,2025-03-04T09:56:24,benign
log_4779,doc_1,read_phi,phi_rec_53,0,0,0,billing,2025-02-27T15:39:15,benign
log_4780,doc_0,read_phi,phi_rec_39,1,1,0,research,2025-03-29T02:08:52,benign
log_4781,doc_4,read_phi,phi_rec_32,0,0,0,marketing,2025-07-07T18:33:26,benign
log_4782,doc_3,read_phi,phi_rec_30,1,1,0,diagnosis,2025-03-24T14:51:44,benign
log_4783,doc_0,read_phi,phi_rec_138,0,0,0,marketing,2025-07-10T10:56:43,benign
log_4784,bclerk_0,read_phi,phi_rec_40,0,0,1,billing,2025-02-25T14:18:43,benign
log_4785,doc_3,read_phi,phi_rec_30,1,1,0,diagnosis,2025-02-22T05:01:55,benign
log_4786,bclerk_0,read_phi,phi_rec_81,0,0,1,billing,2025-04-29T01:03:28,benign
log_4787,doc_0,read_phi,phi_rec_156,1,1,0,diagnosis,2025-04-17T21:11:54,benign
log_4788,bclerk_0,read_phi,phi_rec_192,0,0,1,billing,2025-03-03T01:20:21,benign
log_4789,doc_4,read_phi,phi_rec_134,0,1,0,diagnosis,2025-05-29T19:17:50,benign
log_4790,bclerk_0,read_phi,phi_rec_154,0,0,1,billing,2025-06-02T14:50:17,benign
log_4791,doc_0,read_phi,phi_rec_111,0,0,0,marketing,2025-02-19T11:29:00,benign
log_4792,doc_2,read_phi,phi_rec_60,1,1,0,diagnosis,2025-01-15T12:03:03,benign
log_4793,doc_3,read_phi,phi_rec_115,1,1,0,diagnosis,2025-07-24T01:38:30,benign
log_4794,doc_0,read_phi,phi_rec_58,0,0,0,billing,2025-04-08T10:29:41,benign
log_4795,doc_0,read_phi,phi_rec_95,0,0,0,marketing,2025-07-08T15:40:51,benign
log_4796,doc_4,read_phi,phi_rec_106,0,0,0,billing,2025-02-25T20:16:45,benign
log_4797,bclerk_0,read_phi,phi_rec_75,0,0,1,billing,2025-03-31T15:43:17,benign
log_4798,bclerk_0,read_phi,phi_rec_33,0,0,1,billing,2025-05-01T07:31:59,benign
log_4799,doc_4,read_phi,phi_rec_101,1,1,0,diagnosis,2025-06-16T10:30:12,benign
log_4800,bclerk_0,read_phi,phi_rec_122,0,0,1,billing,2025-04-15T17:58:04,benign
log_4801,doc_0,read_phi,phi_rec_92,1,1,0,diagnosis,2025-05-12T06:54:08,benign
log_4802,bclerk_0,read_phi,phi_rec_88,0,0,1,billing,2025-05-13T09:43:09,benign
log_4803,doc_0,read_phi,phi_rec_152,1,0,0,research,2025-06-17T05:14:26,benign
log_4804,doc_1,read_phi,phi_rec_112,0,1,0,marketing,2025-03-08T03:24:57,violation_hipaa_auth
log_4805,doc_4,read_phi,phi_rec_104,0,0,0,marketing,2025-05-12T18:38:58,benign
log_4806,bclerk_0,read_phi,phi_rec_163,1,0,0,billing,2025-02-21T10:17:21,violation_hipaa_min_necessary
log_4807,bclerk_0,read_phi,phi_rec_105,0,0,1,billing,2025-07-11T18:46:55,benign
log_4808,bclerk_0,read_phi,phi_rec_175,0,0,1,billing,2025-03-05T09:48:36,benign
log_4809,doc_3,read_phi,phi_rec_30,1,0,0,research,2025-02-11T15:34:29,violation_gdpr_art18
log_4810,doc_4,read_phi,phi_rec_37,0,0,0,billing,2025-06-26T22:44:42,benign
log_4811,doc_4,read_phi,phi_rec_101,0,1,0,diagnosis,2025-01-18T01:24:59,benign
log_4812,doc_0,read_phi,phi_rec_111,1,1,0,diagnosis,2025-04-27T04:28:24,benign
log_4813,doc_0,read_phi,phi_rec_92,1,1,0,diagnosis,2025-08-20T16:23:34,benign
log_4814,doc_2,read_phi,phi_rec_60,0,1,0,research,2025-04-01T12:17:07,violation_gdpr_art18
log_4815,bclerk_0,read_phi,phi_rec_142,0,0,1,marketing,2025-01-07T04:06:24,violation_gdpr_art18
log_4816,doc_4,read_phi,phi_rec_104,0,0,0,marketing,2025-06-09T08:38:23,benign
log_4817,doc_2,read_phi,phi_rec_166,1,1,0,diagnosis,2025-06-27T13:04:10,benign
log_4818,bclerk_0,read_phi,phi_rec_87,0,0,1,billing,2025-07-17T07:11:56,benign
log_4819,doc_2,read_phi,phi_rec_150,0,1,0,research,2025-01-04T23:47:54,violation_hipaa_auth
log_4820,doc_1,read_phi,phi_rec_139,0,1,0,research,2025-06-19T22:43:10,violation_gdpr_art18
log_4821,doc_4,read_phi,phi_rec_116,1,1,0,diagnosis,2025-05-13T00:22:56,benign
log_4822,doc_0,read_phi,phi_rec_77,1,1,0,diagnosis,2025-02-26T10:29:28,benign
log_4823,bclerk_0,read_phi,phi_rec_71,0,0,1,billing,2025-02-08T16:30:11,benign
log_4824,bclerk_0,read_phi,phi_rec_55,0,0,1,billing,2025-05-18T15:18:16,benign
log_4825,doc_0,read_phi,phi_rec_128,0,0,0,marketing,2025-08-25T16:20:14,benign
log_4826,doc_4,read_phi,phi_rec_68,0,0,0,billing,2025-02-07T15:44:31,benign
log_4827,doc_2,read_phi,phi_rec_64,1,0,0,research,2025-01-09T03:25:47,violation_gdpr_art18
log_4828,doc_3,read_phi,phi_rec_30,0,1,0,diagnosis,2025-04-01T15:39:08,benign
log_4829,doc_3,read_phi,phi_rec_153,1,1,0,research,2025-02-10T03:00:45,benign
log_4830,doc_0,read_phi,phi_rec_136,0,0,0,billing,2025-04-01T14:18:03,benign
log_4831,doc_1,read_phi,phi_rec_139,1,1,0,diagnosis,2025-08-19T09:45:40,benign
log_4832,bclerk_0,read_phi,phi_rec_196,0,0,1,billing,2025-01-16T19:31:29,benign
log_4833,doc_3,read_phi,phi_rec_76,1,1,0,research,2025-03-12T04:29:03,benign
log_4834,doc_0,read_phi,phi_rec_129,0,0,0,research,2025-03-16T16:20:36,benign
log_4835,doc_0,read_phi,phi_rec_77,1,1,0,research,2025-08-12T15:29:57,benign
log_4836,doc_0,read_phi,phi_rec_172,0,0,0,billing,2025-03-05T11:30:10,benign
log_4837,bclerk_0,read_phi,phi_rec_41,0,0,1,billing,2025-04-16T12:55:09,benign
log_4838,bclerk_0,read_phi,phi_rec_91,0,0,1,billing,2025-06-08T12:41:10,benign
log_4839,doc_0,read_phi,phi_rec_63,0,0,0,billing,2025-07-29T12:59:52,benign
log_4840,doc_3,read_phi,phi_rec_1,0,0,0,research,2025-03-27T14:14:43,benign
log_4841,bclerk_0,read_phi,phi_rec_78,0,0,1,billing,2025-04-15T07:33:54,benign
log_4842,bclerk_0,read_phi,phi_rec_95,0,0,1,billing,2025-07-09T09:46:18,benign
log_4843,doc_1,read_phi,phi_rec_99,0,1,0,billing,2025-01-15T04:59:58,violation_hipaa_auth
log_4844,doc_4,read_phi,phi_rec_113,0,0,0,billing,2025-05-28T23:26:45,benign
log_4845,doc_2,read_phi,phi_rec_80,0,0,0,billing,2025-06-29T17:19:54,benign
log_4846,doc_0,read_phi,phi_rec_24,1,0,0,diagnosis,2025-08-18T17:55:47,benign
log_4847,doc_0,read_phi,phi_rec_149,1,1,0,research,2025-07-03T21:16:13,benign
log_4848,doc_4,read_phi,phi_rec_173,1,1,0,diagnosis,2025-02-05T11:53:20,benign
log_4849,doc_3,read_phi,phi_rec_109,1,0,0,diagnosis,2025-02-05T09:00:58,benign
log_4850,doc_0,read_phi,phi_rec_147,0,0,0,billing,2025-01-11T02:37:26,benign
log_4851,doc_4,read_phi,phi_rec_157,1,0,0,diagnosis,2025-05-14T08:46:25,benign
log_4852,doc_1,read_phi,phi_rec_139,0,0,0,billing,2025-02-28T11:15:16,benign
log_4853,bclerk_0,read_phi,phi_rec_4,0,0,1,billing,2025-05-02T01:18:58,benign
log_4854,doc_3,read_phi,phi_rec_98,1,1,0,research,2025-01-30T16:17:46,benign
log_4855,doc_2,read_phi,phi_rec_14,0,0,0,billing,2025-07-04T21:55:48,benign
log_4856,bclerk_0,read_phi,phi_rec_42,0,0,1,billing,2025-01-14T05:44:07,benign
log_4857,doc_0,read_phi,phi_rec_136,1,0,0,research,2025-04-17T15:35:02,benign
log_4858,doc_2,read_phi,phi_rec_145,1,1,0,diagnosis,2025-04-14T18:46:43,benign
log_4859,doc_3,read_phi,phi_rec_194,1,1,0,diagnosis,2025-02-26T10:04:53,benign
log_4860,doc_3,read_phi,phi_rec_46,0,0,0,billing,2025-01-12T20:28:27,benign
log_4861,doc_1,read_phi,phi_rec_181,0,0,0,billing,2025-08-15T15:44:02,benign
log_4862,doc_3,read_phi,phi_rec_1,1,1,0,diagnosis,2025-07-13T08:21:58,benign
log_4863,doc_0,read_phi,phi_rec_132,0,1,0,research,2025-01-20T17:01:05,benign
log_4864,doc_1,read_phi,phi_rec_13,0,0,0,billing,2025-03-30T05:32:39,benign
log_4865,doc_2,read_phi,phi_rec_188,1,1,0,research,2025-07-25T18:41:42,benign
log_4866,bclerk_0,read_phi,phi_rec_131,0,0,1,billing,2025-04-27T13:59:04,benign
log_4867,doc_4,read_phi,phi_rec_173,1,0,0,diagnosis,2025-06-29T08:39:10,benign
log_4868,bclerk_0,read_phi,phi_rec_90,0,0,1,billing,2025-07-09T15:40:06,benign
log_4869,bclerk_0,read_phi,phi_rec_101,0,0,1,billing,2025-04-07T06:39:58,benign
log_4870,doc_1,read_phi,phi_rec_82,0,0,0,marketing,2025-05-07T11:57:47,benign
log_4871,doc_4,read_phi,phi_rec_32,1,1,0,research,2025-06-13T13:46:30,benign
log_4872,doc_2,read_phi,phi_rec_83,0,1,0,diagnosis,2025-01-20T09:22:24,benign
log_4873,bclerk_0,read_phi,phi_rec_89,0,0,1,billing,2025-01-12T21:07:17,benign
log_4874,doc_0,read_phi,phi_rec_120,1,1,0,diagnosis,2025-07-15T22:17:12,benign
log_4875,doc_4,read_phi,phi_rec_70,0,0,0,billing,2025-01-20T12:21:55,benign
log_4876,doc_4,read_phi,phi_rec_73,0,0,0,billing,2025-05-04T13:39:12,benign
log_4877,doc_4,read_phi,phi_rec_90,0,1,0,marketing,2025-06-26T16:41:41,violation_hipaa_auth
log_4878,doc_0,read_phi,phi_rec_183,1,1,0,diagnosis,2025-08-21T15:58:37,benign
log_4879,doc_2,read_phi,phi_rec_126,0,0,0,billing,2025-04-03T08:43:18,benign
log_4880,doc_4,read_phi,phi_rec_99,0,0,0,marketing,2025-06-19T06:12:52,benign
log_4881,bclerk_0,read_phi,phi_rec_91,0,1,0,billing,2025-01-12T17:11:50,violation_hipaa_min_necessary
log_4882,doc_0,read_phi,phi_rec_160,0,0,0,marketing,2025-05-08T21:38:42,benign
log_4883,doc_2,read_phi,phi_rec_117,1,1,0,research,2025-02-12T14:11:30,benign
log_4884,doc_4,read_phi,phi_rec_52,0,0,0,marketing,2025-08-18T03:19:40,benign
log_4885,doc_0,read_phi,phi_rec_183,0,0,0,marketing,2025-02-22T13:56:11,benign
log_4886,doc_2,read_phi,phi_rec_64,0,0,0,billing,2025-01-06T02:39:27,benign
log_4887,bclerk_0,read_phi,phi_rec_74,0,0,1,billing,2025-07-13T19:24:17,benign
log_4888,doc_2,read_phi,phi_rec_14,0,0,0,marketing,2025-06-16T00:50:12,benign
log_4889,doc_2,read_phi,phi_rec_124,0,0,0,billing,2025-07-02T23:27:47,benign
log_4890,doc_3,read_phi,phi_rec_5,0,0,0,marketing,2025-08-08T15:39:09,benign
log_4891,doc_4,read_phi,phi_rec_196,0,0,0,marketing,2025-07-09T17:29:20,benign
log_4892,doc_3,read_phi,phi_rec_195,0,0,0,marketing,2025-04-02T05:44:52,benign
log_4893,doc_4,read_phi,phi_rec_70,0,0,0,billing,2025-03-06T14:40:00,benign
log_4894,doc_0,read_phi,phi_rec_77,1,0,0,diagnosis,2025-07-25T12:01:05,benign
log_4895,doc_4,read_phi,phi_rec_61,1,1,0,diagnosis,2025-06-18T10:59:37,benign
log_4896,doc_4,read_phi,phi_rec_140,1,1,0,diagnosis,2025-07-21T04:46:05,benign
log_4897,doc_2,read_phi,phi_rec_80,1,0,0,research,2025-01-07T02:59:28,violation_gdpr_art18
log_4898,doc_1,read_phi,phi_rec_163,0,1,0,diagnosis,2025-07-07T05:07:31,benign
log_4899,doc_0,read_phi,phi_rec_42,1,1,0,research,2025-06-02T15:48:33,benign
log_4900,doc_2,read_phi,phi_rec_198,0,0,0,billing,2025-05-31T18:24:26,benign
log_4901,doc_4,read_phi,phi_rec_12,0,0,0,marketing,2025-08-27T18:47:15,benign
log_4902,doc_0,read_phi,phi_rec_95,1,0,0,diagnosis,2025-05-18T17:00:09,benign
log_4903,doc_1,read_phi,phi_rec_55,1,1,0,diagnosis,2025-08-22T01:00:59,benign
log_4904,doc_1,read_phi,phi_rec_82,0,0,0,marketing,2025-06-19T18:20:31,benign
log_4905,doc_1,read_phi,phi_rec_176,0,0,0,marketing,2025-04-09T15:25:14,benign
log_4906,doc_0,read_phi,phi_rec_152,0,0,0,marketing,2025-01-10T03:36:14,benign
log_4907,doc_2,read_phi,phi_rec_86,0,1,0,research,2025-07-03T04:23:50,violation_hipaa_auth
log_4908,doc_2,read_phi,phi_rec_177,0,0,0,billing,2025-07-13T14:05:29,benign
log_4909,bclerk_0,read_phi,phi_rec_29,0,0,1,billing,2025-07-30T00:30:42,benign
log_4910,doc_4,read_phi,phi_rec_56,1,1,0,diagnosis,2025-07-19T05:38:01,benign
log_4911,doc_3,read_phi,phi_rec_8,1,0,0,diagnosis,2025-07-03T15:33:06,benign
log_4912,doc_4,read_phi,phi_rec_81,1,1,0,research,2025-03-21T01:52:02,benign
log_4913,doc_0,read_phi,phi_rec_122,0,0,0,diagnosis,2025-05-17T06:04:11,benign
log_4914,doc_3,read_phi,phi_rec_57,0,1,0,research,2025-07-15T12:05:45,benign
log_4915,doc_2,read_phi,phi_rec_49,0,1,0,diagnosis,2025-07-05T12:14:21,benign
log_4916,doc_3,read_phi,phi_rec_43,0,1,0,research,2025-07-23T21:21:17,benign
log_4917,doc_1,read_phi,phi_rec_182,0,0,0,marketing,2025-03-13T14:05:48,benign
log_4918,doc_1,read_phi,phi_rec_185,0,1,0,diagnosis,2025-04-29T22:30:46,benign
log_4919,doc_4,read_phi,phi_rec_65,0,0,0,marketing,2025-02-17T21:27:38,benign
log_4920,doc_4,read_phi,phi_rec_45,1,1,0,diagnosis,2025-04-24T11:58:54,benign
log_4921,doc_2,read_phi,phi_rec_161,0,0,0,marketing,2025-03-03T01:50:37,benign
log_4922,bclerk_0,read_phi,phi_rec_40,0,0,1,billing,2025-08-02T20:42:46,benign
log_4923,doc_4,read_phi,phi_rec_70,1,1,0,diagnosis,2025-03-20T01:22:51,benign
log_4924,bclerk_0,read_phi,phi_rec_127,0,0,1,billing,2025-07-26T07:10:09,benign
log_4925,bclerk_0,read_phi,phi_rec_57,0,0,1,billing,2025-08-20T01:54:20,benign
log_4926,doc_4,read_phi,phi_rec_141,0,1,0,diagnosis,2025-07-26T19:28:04,benign
log_4927,doc_4,read_phi,phi_rec_61,1,1,0,diagnosis,2025-01-31T18:21:49,benign
log_4928,bclerk_0,read_phi,phi_rec_121,0,0,1,billing,2025-04-26T19:53:36,benign
log_4929,doc_4,read_phi,phi_rec_65,0,0,0,billing,2025-07-02T08:55:10,benign
log_4930,doc_2,read_phi,phi_rec_49,0,0,0,billing,2025-01-24T15:05:19,benign
log_4931,bclerk_0,read_phi,phi_rec_2,0,0,1,billing,2025-05-29T17:59:20,benign
log_4932,doc_0,read_phi,phi_rec_122,0,0,0,billing,2025-06-27T03:03:59,benign
log_4933,doc_0,read_phi,phi_rec_155,1,1,0,diagnosis,2025-03-01T16:45:49,benign
log_4934,doc_0,read_phi,phi_rec_149,0,0,0,marketing,2025-02-18T05:50:48,benign
log_4935,doc_4,read_phi,phi_rec_10,1,1,0,research,2025-03-04T15:41:23,benign
log_4936,doc_4,read_phi,phi_rec_37,1,1,0,diagnosis,2025-04-24T06:12:17,benign
log_4937,doc_0,read_phi,phi_rec_146,0,0,0,billing,2025-08-11T11:20:52,benign
log_4938,doc_4,read_phi,phi_rec_61,0,0,0,billing,2025-04-17T12:47:24,benign
log_4939,doc_0,read_phi,phi_rec_16,0,0,0,billing,2025-02-25T08:20:37,benign
log_4940,doc_1,read_phi,phi_rec_151,1,1,0,diagnosis,2025-07-31T10:30:38,benign
log_4941,doc_1,read_phi,phi_rec_55,0,0,0,billing,2025-08-19T13:12:57,benign
log_4942,doc_0,read_phi,phi_rec_162,0,0,0,billing,2025-02-09T12:14:27,benign
log_4943,doc_2,read_phi,phi_rec_3,0,0,0,billing,2025-04-10T04:57:56,benign
log_4944,doc_1,read_phi,phi_rec_71,0,1,0,diagnosis,2025-06-09T11:03:13,benign
log_4945,doc_0,read_phi,phi_rec_28,0,0,0,marketing,2025-03-23T01:25:35,benign
log_4946,doc_3,read_phi,phi_rec_194,1,1,0,research,2025-08-24T15:19:26,benign
log_4947,doc_0,read_phi,phi_rec_164,1,1,0,research,2025-06-13T02:39:00,benign
log_4948,doc_3,read_phi,phi_rec_127,0,0,0,marketing,2025-07-10T14:55:54,benign
log_4949,bclerk_0,read_phi,phi_rec_86,0,0,1,billing,2025-06-06T12:16:29,benign
log_4950,doc_2,read_phi,phi_rec_188,0,1,0,diagnosis,2025-03-16T13:14:30,benign
log_4951,doc_2,read_phi,phi_rec_166,1,1,0,research,2025-08-20T10:16:02,benign
log_4952,doc_4,read_phi,phi_rec_19,0,0,0,billing,2025-03-21T17:20:02,benign
log_4953,doc_4,read_phi,phi_rec_27,1,1,0,diagnosis,2025-02-09T07:37:40,benign
log_4954,doc_2,read_phi,phi_rec_3,0,0,0,billing,2025-03-25T09:13:45,benign
log_4955,doc_4,read_phi,phi_rec_99,0,0,0,marketing,2025-08-28T05:12:00,benign
log_4956,doc_1,read_phi,phi_rec_168,1,1,0,diagnosis,2025-03-06T19:47:59,benign
log_4957,doc_4,read_phi,phi_rec_17,0,1,0,diagnosis,2025-05-03T17:53:32,benign
log_4958,doc_1,read_phi,phi_rec_94,0,0,0,marketing,2025-07-26T02:36:43,benign
log_4959,bclerk_0,read_phi,phi_rec_106,1,0,0,billing,2025-05-21T16:08:57,violation_hipaa_min_necessary
log_4960,doc_2,read_phi,phi_rec_186,0,1,0,diagnosis,2025-05-02T09:19:58,benign
log_4961,doc_2,read_phi,phi_rec_3,1,1,0,diagnosis,2025-07-02T14:47:11,benign
log_4962,doc_4,read_phi,phi_rec_45,1,1,0,diagnosis,2025-02-24T12:18:29,benign
log_4963,bclerk_0,read_phi,phi_rec_199,0,0,1,billing,2025-07-23T02:34:20,benign
log_4964,doc_1,read_phi,phi_rec_131,0,0,0,billing,2025-02-22T22:56:08,benign
log_4965,doc_0,read_phi,phi_rec_138,0,0,0,marketing,2025-04-07T02:45:55,benign
log_4966,doc_4,read_phi,phi_rec_74,1,0,0,diagnosis,2025-04-16T12:27:02,benign
log_4967,bclerk_0,read_phi,phi_rec_121,0,0,1,billing,2025-07-27T10:29:02,benign
log_4968,doc_2,read_phi,phi_rec_29,0,0,0,billing,2025-04-22T04:57:01,benign
log_4969,doc_4,read_phi,phi_rec_141,0,0,0,billing,2025-07-10T05:40:33,benign
log_4970,doc_1,read_phi,phi_rec_85,0,0,0,billing,2025-05-26T19:50:23,benign
log_4971,doc_3,read_phi,phi_rec_79,0,0,0,marketing,2025-05-11T23:01:07,benign
log_4972,bclerk_0,read_phi,phi_rec_129,0,0,1,billing,2025-05-23T04:08:54,benign
log_4973,doc_4,read_phi,phi_rec_196,0,1,0,diagnosis,2025-06-06T09:28:26,benign
log_4974,bclerk_0,read_phi,phi_rec_51,0,1,0,billing,2025-08-20T22:18:19,violation_hipaa_min_necessary
log_4975,bclerk_0,read_phi,phi_rec_123,0,0,1,billing,2025-03-19T17:03:47,benign
log_4976,doc_1,read_phi,phi_rec_82,0,0,0,billing,2025-05-19T22:37:54,benign
log_4977,doc_0,read_phi,phi_rec_144,1,1,0,research,2025-05-28T00:26:04,benign
log_4978,doc_2,read_phi,phi_rec_198,1,0,0,diagnosis,2025-06-22T10:28:04,benign
log_4979,doc_4,read_phi,phi_rec_159,0,0,0,billing,2025-03-20T12:25:55,benign
log_4980,bclerk_0,read_phi,phi_rec_27,0,0,1,billing,2025-05-13T02:08:58,benign
log_4981,doc_3,read_phi,phi_rec_109,0,0,0,billing,2025-04-07T12:09:12,benign
log_4982,doc_2,read_phi,phi_rec_47,0,0,0,billing,2025-01-17T00:10:15,benign
log_4983,doc_3,read_phi,phi_rec_105,0,1,0,research,2025-06-18T05:33:55,violation_gdpr_art18
log_4984,bclerk_0,read_phi,phi_rec_95,0,0,1,billing,2025-03-25T09:27:37,benign
log_4985,bclerk_0,read_phi,phi_rec_51,0,0,1,billing,2025-05-06T16:40:41,benign
log_4986,doc_4,read_phi,phi_rec_106,0,0,0,billing,2025-08-01T19:27:21,benign
log_4987,doc_1,read_phi,phi_rec_182,1,1,0,diagnosis,2025-08-02T02:59:53,benign
log_4988,doc_4,read_phi,phi_rec_187,0,1,0,research,2025-03-09T18:32:08,benign
log_4989,doc_3,read_phi,phi_rec_26,0,0,0,billing,2025-02-15T08:00:10,benign
log_4990,doc_4,read_phi,phi_rec_173,1,0,0,research,2025-08-10T04:32:21,violation_gdpr_art18
log_4991,doc_0,read_phi,phi_rec_138,1,1,0,research,2025-07-15T06:30:26,benign
log_4992,doc_2,read_phi,phi_rec_38,0,0,0,billing,2025-05-15T22:44:07,benign
log_4993,doc_1,read_phi,phi_rec_150,1,1,0,diagnosis,2025-06-15T00:05:59,benign
log_4994,doc_0,read_phi,phi_rec_41,0,0,0,billing,2025-05-23T21:28:29,benign
log_4995,doc_1,read_phi,phi_rec_139,0,0,0,marketing,2025-07-05T18:52:33,benign
log_4996,bclerk_0,read_phi,phi_rec_153,0,0,1,billing,2025-02-05T23:26:09,benign
log_4997,doc_1,read_phi,phi_rec_185,0,0,0,marketing,2025-02-15T10:06:24,benign
log_4998,doc_1,read_phi,phi_rec_84,1,1,0,research,2025-05-23T05:52:35,benign
log_4999,doc_0,read_phi,phi_rec_152,1,1,0,diagnosis,2025-08-02T22:08:17,benign
